# vtk DataFile Version 3.0
NiCr evolving metal grains; coordinates in metres
ASCII
DATASET STRUCTURED_POINTS
DIMENSIONS 61 61 1
ORIGIN 5e-09 5e-09 0
SPACING 1e-08 1e-08 1
POINT_DATA 3721
SCALARS phi double 1
LOOKUP_TABLE default
0 0 0 0 0 0 0 0 0 0 0 0 0 0 0 0 0 0 0 0 0 0 0 0 0 0 0 0 0 0 0 0 0 0 0 0 0 0 0 0 0 0 0 0 0 0 0 0 0 0 0 0 0 0 0 0 0 0 0 0 0 
0 0 0 0 0 0 0 0 0 0 0 0 0 0 0 0 0 0 0 0 0 0 0 0 0 0 0 0 0 0 0 0 0 0 0 0 0 0 0 0 0 0 0 0 0 0 0 0 0 0 0 0 0 0 0 0 0 0 0 0 0 
0 0 0 0 0 0 0 0 0 0 0 0 0 0 0 0 0 0 0 0 0 0 0 0 0 0 0 0 0 0 0 0 0 0 0 0 0 0 0 0 0 0 0 0 0 0 0 0 0 0 0 0 0 0 0 0 0 0 0 0 0 
0 0 0 0 0 0 0 0 0 0 0 0 0 0 0 0 0 0 0 0 0 0 0 0 0 0 0 0 0 0 0 0 0 0 0 0 0 0 0 0 0 0 0 0 0 0 0 0 0 0 0 0 0 0 0 0 0 0 0 0 0 
0 0 0 0 0 0 0 0 0 0 0 0 0 0 0 0 0 0 0 0 0 0 0 0 0 0 0 0 0 0 0 0 0 0 0 0 0 0 0 0 0 0 0 0 0 0 0 0 0 0 0 0 0 0 0 0 0 0 0 0 0 
0 0 0 0 0 0 0 0 0 0 0 0 0 0 0 0 0 0 0 0 0 0 0 0 0 0 0 0 0 0 0 0 0 0 0 0 0 0 0 0 0 0 0 0 0 0 0 0 0 0 0 0 0 0 0 0 0 0 0 0 0 
0 0 0 0 0 0 0 0 0 0 0 0 0 0 0 0 0 0 0 0 0 0 0 0 0 0 0 0 0 0 0 0 0 0 0 0 0 0 0 0 0 0 0 0 0 0 0 0 0 0 0 0 0 0 0 0 0 0 0 0 0 
0 0 0 0 0 0 0 0 0 0 0 0 0 0 0 0 0 0 0 0 0 0 0 0 0 0 0 0 0 0 0 0 0 0 0 0 0 0 0 0 0 0 0 0 0 0 0 0 0 0 0 0 0 0 0 0 0 0 0 0 0 
0 0 0 0 0 0 0 0 0 0 0 0 0 0 0 0 0 0 0 0 0 0 0 0 0 0 0 0 0 0 0 0 0 0 0 0 0 0 0 0 0 0 0 0 0 0 0 0 0 0 0 0 0 0 0 0 0 0 0 0 0 
0 0 0 0 0 0 0 0 0 0 0 0 0 0 0 0 0 0 0 0 0 0 0 0 0 0 0 0 0 0 0 0 0 0 0 0 0 0 0 0 0 0 0 0 0 0 0 0 0 0 0 0 0 0 0 0 0 0 0 0 0 
0 0 0 0 0 0 0 0 0 0 0 0 0 0 0 0 0 0 0 0 0 0 0 0 0 0 0 0 0 0 0 0 0 0 0 0 0 0 0 0 0 0 0 0 0 0 0 0 0 0 0 0 0 0 0 0 0 0 0 0 0 
0 0 0 0 0 0 0 0 0 0 0 0 0 0 0 0 0 0 0 0 0 0 0 0 0 0 0 0 0 0 0 0 0 0 0 0 0 0 0 0 0 0 0 0 0 0 0 0 0 0 0 0 0 0 0 0 0 0 0 0 0 
0 0 0 0 0 0 0 0 0 0 0 0 0 0 0 0 0 0 0 0 0 0 0 0 0 0 0 0 0 0 0 0 0 0 0 0 0 0 0 0 0 0 0 0 0 0 0 0 0 0 0 0 0 0 0 0 0 0 0 0 0 
0 0 0 0 0 0 0 0 0 0 0 0 0 0 0 0 0 0 0 0 0 0 0 0 0 0 0 0 0 0 0 0 0 0 0 0 0 0 0 0 0 0 0 0 0 0 0 0 0 0 0 0 0 0 0 0 0 0 0 0 0 
0 0 0 0 0 0 0 0 0 0 0 0 0 0 0 0 0 0 0 0 0 0 0 0 0 0 0 0 0 0 0 0 0 0 0 0 0 0 0 0 0 0 0 0 0 0 0 0 0 0 0 0 0 0 0 0 0 0 0 0 0 
0 0 0 0 0 0 0 0 0 0 0 0 0 0 0 0 0 0 0 0 0 0 0 0 0 0 0 0 0 0 0 0 0 0 0 0 0 0 0 0 0 0 0 0 0 0 0 0 0 0 0 0 0 0 0 0 0 0 0 0 0 
0 0 0 0 0 0 0 0 0 0 0 0 0 0 0 0 0 0 0 0 0 0 0 0 0 0 0 0 0 0 0 0 0 0 0 0 0 0 0 0 0 0 0 0 0 0 0 0 0 0 0 0 0 0 0 0 0 0 0 0 0 
0 0 0 0 0 0 0 0 0 0 0 0 0 0 0 0 0 0 0 0 0 0 0 0 0 0 0 0 0 0 0 0 0 0 0 0 0 0 0 0 0 0 0 0 0 0 0 0 0 0 0 0 0 0 0 0 0 0 0 0 0 
0 0 0 0 0 0 0 0 0 0 0 0 0 0 0 0 0 0 0 0 0 0 0 0 0 0 0 0 0 0 0 0 0 0 0 0 0 0 0 0 0 0 0 0 0 0 0 0 0 0 0 0 0 0 0 0 0 0 0 0 0 
0 0 0 0 0 0 0 0 0 0 0 0 0 0 0 0 0 0 0 0 0 0 0 0 0 0 0 0 0 0 0 0 0 0 0 0 0 0 0 0 0 0 0 0 0 0 0 0 0 0 0 0 0 0 0 0 0 0 0 0 0 
0 0 0 0 0 0 0 0 0 0 0 0 0 0 0 0 0 0 0 0 0 0 0 0 0 0 0 0 0 0 0 0 0 0 0 0 0 0 0 0 0 0 0 0 0 0 0 0 0 0 0 0 0 0 0 0 0 0 0 0 0 
0 0 0 0 0 0 0 0 0 0 0 0 0 0 0 0 0 0 0 0 0 0 0 0 0 0 0 0 0 0 0 0 0 0 0 0 0 0 0 0 0 0 0 0 0 0 0 0 0 0 0 0 0 0 0 0 0 0 0 0 0 
0 0 0 0 0 0 0 0 0 0 0 0 0 0 0 0 0 0 0 0 0 0 0 0 0 0 0 0 0 0 0 0 0 0 0 0 0 0 0 0 0 0 0 0 0 0 0 0 0 0 0 0 0 0 0 0 0 0 0 0 0 
0 0 0 0 0 0 0 0 0 0 0 0 0 0 0 0 0 0 0 0 0 0 0 0 0 0 0 0 0 0 0 0 0 0 0 0 0 0 0 0 0 0 0 0 0 0 0 0 0 0 0 0 0 0 0 0 0 0 0 0 0 
0 0 0 0 0 0 0 0 0 0 0 0 0 0 0 0 0 0 0 0 0 0 0 0 0 0 0 0 0 0 0 0 0 0 0 0 0 0 0 0 0 0 0 0 0 0 0 0 0 0 0 0 0 0 0 0 0 0 0 0 0 
0 0 0 0 0 0 0 0 0 0 0 0 0 0 0 0 0 0 0 0 0 0 0 0 0 0 0 0 1 1 1 1 1 0 0 0 0 0 0 0 0 0 0 0 0 0 0 0 0 0 0 0 0 0 0 0 0 0 0 0 0 
0 0 0 0 0 0 0 0 0 0 0 0 0 0 0 0 0 0 0 0 0 0 0 0 0 0 0 1 1 1 1 1 1 1 0 0 0 0 0 0 0 0 0 0 0 0 0 0 0 0 0 0 0 0 0 0 0 0 0 0 0 
0 0 0 0 0 0 0 0 0 0 0 0 0 0 0 0 0 0 0 0 0 0 0 0 0 0 1 1 1 1 1 1 1 1 1 0 0 0 0 0 0 0 0 0 0 0 0 0 0 0 0 0 0 0 0 0 0 0 0 0 0 
0 0 0 0 0 0 0 0 0 0 0 0 0 0 0 0 0 0 0 0 0 0 0 0 0 1 1 1 1 1 1 1 1 1 1 1 0 0 0 0 0 0 0 0 0 0 0 0 0 0 0 0 0 0 0 0 0 0 0 0 0 
0 0 0 0 0 0 0 0 0 0 0 0 0 0 0 0 0 0 0 0 0 0 0 0 0 1 1 1 1 1 1 1 1 1 1 1 0 0 0 0 0 0 0 0 0 0 0 0 0 0 0 0 0 0 0 0 0 0 0 0 0 
0 0 0 0 0 0 0 0 0 0 0 0 0 0 0 0 0 0 0 0 0 0 0 0 0 1 1 1 1 1 1 1 1 1 1 1 0 0 0 0 0 0 0 0 0 0 0 0 0 0 0 0 0 0 0 0 0 0 0 0 0 
0 0 0 0 0 0 0 0 0 0 0 0 0 0 0 0 0 0 0 0 0 0 0 0 0 1 1 1 1 1 1 1 1 1 1 1 0 0 0 0 0 0 0 0 0 0 0 0 0 0 0 0 0 0 0 0 0 0 0 0 0 
0 0 0 0 0 0 0 0 0 0 0 0 0 0 0 0 0 0 0 0 0 0 0 0 0 1 1 1 1 1 1 1 1 1 1 1 0 0 0 0 0 0 0 0 0 0 0 0 0 0 0 0 0 0 0 0 0 0 0 0 0 
0 0 0 0 0 0 0 0 0 0 0 0 0 0 0 0 0 0 0 0 0 0 0 0 0 0 1 1 1 1 1 1 1 1 1 0 0 0 0 0 0 0 0 0 0 0 0 0 0 0 0 0 0 0 0 0 0 0 0 0 0 
0 0 0 0 0 0 0 0 0 0 0 0 0 0 0 0 0 0 0 0 0 0 0 0 0 0 0 1 1 1 1 1 1 1 0 0 0 0 0 0 0 0 0 0 0 0 0 0 0 0 0 0 0 0 0 0 0 0 0 0 0 
0 0 0 0 0 0 0 0 0 0 0 0 0 0 0 0 0 0 0 0 0 0 0 0 0 0 0 0 1 1 1 1 1 0 0 0 0 0 0 0 0 0 0 0 0 0 0 0 0 0 0 0 0 0 0 0 0 0 0 0 0 
0 0 0 0 0 0 0 0 0 0 0 0 0 0 0 0 0 0 0 0 0 0 0 0 0 0 0 0 0 0 0 0 0 0 0 0 0 0 0 0 0 0 0 0 0 0 0 0 0 0 0 0 0 0 0 0 0 0 0 0 0 
0 0 0 0 0 0 0 0 0 0 0 0 0 0 0 0 0 0 0 0 0 0 0 0 0 0 0 0 0 0 0 0 0 0 0 0 0 0 0 0 0 0 0 0 0 0 0 0 0 0 0 0 0 0 0 0 0 0 0 0 0 
0 0 0 0 0 0 0 0 0 0 0 0 0 0 0 0 0 0 0 0 0 0 0 0 0 0 0 0 0 0 0 0 0 0 0 0 0 0 0 0 0 0 0 0 0 0 0 0 0 0 0 0 0 0 0 0 0 0 0 0 0 
0 0 0 0 0 0 0 0 0 0 0 0 0 0 0 0 0 0 0 0 0 0 0 0 0 0 0 0 0 0 0 0 0 0 0 0 0 0 0 0 0 0 0 0 0 0 0 0 0 0 0 0 0 0 0 0 0 0 0 0 0 
0 0 0 0 0 0 0 0 0 0 0 0 0 0 0 0 0 0 0 0 0 0 0 0 0 0 0 0 0 0 0 0 0 0 0 0 0 0 0 0 0 0 0 0 0 0 0 0 0 0 0 0 0 0 0 0 0 0 0 0 0 
0 0 0 0 0 0 0 0 0 0 0 0 0 0 0 0 0 0 0 0 0 0 0 0 0 0 0 0 0 0 0 0 0 0 0 0 0 0 0 0 0 0 0 0 0 0 0 0 0 0 0 0 0 0 0 0 0 0 0 0 0 
0 0 0 0 0 0 0 0 0 0 0 0 0 0 0 0 0 0 0 0 0 0 0 0 0 0 0 0 0 0 0 0 0 0 0 0 0 0 0 0 0 0 0 0 0 0 0 0 0 0 0 0 0 0 0 0 0 0 0 0 0 
0 0 0 0 0 0 0 0 0 0 0 0 0 0 0 0 0 0 0 0 0 0 0 0 0 0 0 0 0 0 0 0 0 0 0 0 0 0 0 0 0 0 0 0 0 0 0 0 0 0 0 0 0 0 0 0 0 0 0 0 0 
0 0 0 0 0 0 0 0 0 0 0 0 0 0 0 0 0 0 0 0 0 0 0 0 0 0 0 0 0 0 0 0 0 0 0 0 0 0 0 0 0 0 0 0 0 0 0 0 0 0 0 0 0 0 0 0 0 0 0 0 0 
0 0 0 0 0 0 0 0 0 0 0 0 0 0 0 0 0 0 0 0 0 0 0 0 0 0 0 0 0 0 0 0 0 0 0 0 0 0 0 0 0 0 0 0 0 0 0 0 0 0 0 0 0 0 0 0 0 0 0 0 0 
0 0 0 0 0 0 0 0 0 0 0 0 0 0 0 0 0 0 0 0 0 0 0 0 0 0 0 0 0 0 0 0 0 0 0 0 0 0 0 0 0 0 0 0 0 0 0 0 0 0 0 0 0 0 0 0 0 0 0 0 0 
0 0 0 0 0 0 0 0 0 0 0 0 0 0 0 0 0 0 0 0 0 0 0 0 0 0 0 0 0 0 0 0 0 0 0 0 0 0 0 0 0 0 0 0 0 0 0 0 0 0 0 0 0 0 0 0 0 0 0 0 0 
0 0 0 0 0 0 0 0 0 0 0 0 0 0 0 0 0 0 0 0 0 0 0 0 0 0 0 0 0 0 0 0 0 0 0 0 0 0 0 0 0 0 0 0 0 0 0 0 0 0 0 0 0 0 0 0 0 0 0 0 0 
0 0 0 0 0 0 0 0 0 0 0 0 0 0 0 0 0 0 0 0 0 0 0 0 0 0 0 0 0 0 0 0 0 0 0 0 0 0 0 0 0 0 0 0 0 0 0 0 0 0 0 0 0 0 0 0 0 0 0 0 0 
0 0 0 0 0 0 0 0 0 0 0 0 0 0 0 0 0 0 0 0 0 0 0 0 0 0 0 0 0 0 0 0 0 0 0 0 0 0 0 0 0 0 0 0 0 0 0 0 0 0 0 0 0 0 0 0 0 0 0 0 0 
0 0 0 0 0 0 0 0 0 0 0 0 0 0 0 0 0 0 0 0 0 0 0 0 0 0 0 0 0 0 0 0 0 0 0 0 0 0 0 0 0 0 0 0 0 0 0 0 0 0 0 0 0 0 0 0 0 0 0 0 0 
0 0 0 0 0 0 0 0 0 0 0 0 0 0 0 0 0 0 0 0 0 0 0 0 0 0 0 0 0 0 0 0 0 0 0 0 0 0 0 0 0 0 0 0 0 0 0 0 0 0 0 0 0 0 0 0 0 0 0 0 0 
0 0 0 0 0 0 0 0 0 0 0 0 0 0 0 0 0 0 0 0 0 0 0 0 0 0 0 0 0 0 0 0 0 0 0 0 0 0 0 0 0 0 0 0 0 0 0 0 0 0 0 0 0 0 0 0 0 0 0 0 0 
0 0 0 0 0 0 0 0 0 0 0 0 0 0 0 0 0 0 0 0 0 0 0 0 0 0 0 0 0 0 0 0 0 0 0 0 0 0 0 0 0 0 0 0 0 0 0 0 0 0 0 0 0 0 0 0 0 0 0 0 0 
0 0 0 0 0 0 0 0 0 0 0 0 0 0 0 0 0 0 0 0 0 0 0 0 0 0 0 0 0 0 0 0 0 0 0 0 0 0 0 0 0 0 0 0 0 0 0 0 0 0 0 0 0 0 0 0 0 0 0 0 0 
0 0 0 0 0 0 0 0 0 0 0 0 0 0 0 0 0 0 0 0 0 0 0 0 0 0 0 0 0 0 0 0 0 0 0 0 0 0 0 0 0 0 0 0 0 0 0 0 0 0 0 0 0 0 0 0 0 0 0 0 0 
0 0 0 0 0 0 0 0 0 0 0 0 0 0 0 0 0 0 0 0 0 0 0 0 0 0 0 0 0 0 0 0 0 0 0 0 0 0 0 0 0 0 0 0 0 0 0 0 0 0 0 0 0 0 0 0 0 0 0 0 0 
0 0 0 0 0 0 0 0 0 0 0 0 0 0 0 0 0 0 0 0 0 0 0 0 0 0 0 0 0 0 0 0 0 0 0 0 0 0 0 0 0 0 0 0 0 0 0 0 0 0 0 0 0 0 0 0 0 0 0 0 0 
0 0 0 0 0 0 0 0 0 0 0 0 0 0 0 0 0 0 0 0 0 0 0 0 0 0 0 0 0 0 0 0 0 0 0 0 0 0 0 0 0 0 0 0 0 0 0 0 0 0 0 0 0 0 0 0 0 0 0 0 0 
0 0 0 0 0 0 0 0 0 0 0 0 0 0 0 0 0 0 0 0 0 0 0 0 0 0 0 0 0 0 0 0 0 0 0 0 0 0 0 0 0 0 0 0 0 0 0 0 0 0 0 0 0 0 0 0 0 0 0 0 0 
SCALARS conc_O double 1
LOOKUP_TABLE default
0 0 0 0 0 0 0 0 0 0 0 0 0 0 0 0 0 0 0 0 0 0 0 0 0 0 0 0 0 0 0 0 0 0 0 0 0 0 0 0 0 0 0 0 0 0 0 0 0 0 0 0 0 0 0 0 0 0 0 0 0 
0 0 0 0 0 0 0 0 0 0 0 0 0 0 0 0 0 0 0 0 0 0 0 0 0 0 0 0 0 0 0 0 0 0 0 0 0 0 0 0 0 0 0 0 0 0 0 0 0 0 0 0 0 0 0 0 0 0 0 0 0 
0 0 0 0 0 0 0 0 0 0 0 0 0 0 0 0 0 0 0 0 0 0 0 0 0 0 0 0 0 0 0 0 0 0 0 0 0 0 0 0 0 0 0 0 0 0 0 0 0 0 0 0 0 0 0 0 0 0 0 0 0 
0 0 0 0 0 0 0 0 0 0 0 0 0 0 0 0 0 0 0 0 0 0 0 0 0 0 0 0 0 0 0 0 0 0 0 0 0 0 0 0 0 0 0 0 0 0 0 0 0 0 0 0 0 0 0 0 0 0 0 0 0 
0 0 0 0 0 0 0 0 0 0 0 0 0 0 0 0 0 0 0 0 0 0 0 0 0 0 0 0 0 0 0 0 0 0 0 0 0 0 0 0 0 0 0 0 0 0 0 0 0 0 0 0 0 0 0 0 0 0 0 0 0 
0 0 0 0 0 0 0 0 0 0 0 0 0 0 0 0 0 0 0 0 0 0 0 0 0 0 0 0 0 0 0 0 0 0 0 0 0 0 0 0 0 0 0 0 0 0 0 0 0 0 0 0 0 0 0 0 0 0 0 0 0 
0 0 0 0 0 0 0 0 0 0 0 0 0 0 0 0 0 0 0 0 0 0 0 0 0 0 0 0 0 0 0 0 0 0 0 0 0 0 0 0 0 0 0 0 0 0 0 0 0 0 0 0 0 0 0 0 0 0 0 0 0 
0 0 0 0 0 0 0 0 0 0 0 0 0 0 0 0 0 0 0 0 0 0 0 0 0 0 0 0 0 0 0 0 0 0 0 0 0 0 0 0 0 0 0 0 0 0 0 0 0 0 0 0 0 0 0 0 0 0 0 0 0 
0 0 0 0 0 0 0 0 0 0 0 0 0 0 0 0 0 0 0 0 0 0 0 0 0 0 0 0 0 0 0 0 0 0 0 0 0 0 0 0 0 0 0 0 0 0 0 0 0 0 0 0 0 0 0 0 0 0 0 0 0 
0 0 0 0 0 0 0 0 0 0 0 0 0 0 0 0 0 0 0 0 0 0 0 0 0 0 0 0 0 0 0 0 0 0 0 0 0 0 0 0 0 0 0 0 0 0 0 0 0 0 0 0 0 0 0 0 0 0 0 0 0 
0 0 0 0 0 0 0 0 0 0 0 0 0 0 0 0 0 0 0 0 0 0 0 0 0 0 0 0 0 0 0 0 0 0 0 0 0 0 0 0 0 0 0 0 0 0 0 0 0 0 0 0 0 0 0 0 0 0 0 0 0 
0 0 0 0 0 0 0 0 0 0 0 0 0 0 0 0 0 0 0 0 0 0 0 0 0 0 0 0 0 0 0 0 0 0 0 0 0 0 0 0 0 0 0 0 0 0 0 0 0 0 0 0 0 0 0 0 0 0 0 0 0 
0 0 0 0 0 0 0 0 0 0 0 0 0 0 0 0 0 0 0 0 0 0 0 0 0 0 0 0 0 0 0 0 0 0 0 0 0 0 0 0 0 0 0 0 0 0 0 0 0 0 0 0 0 0 0 0 0 0 0 0 0 
0 0 0 0 0 0 0 0 0 0 0 0 0 0 0 0 0 0 0 0 0 0 0 0 0 0 0 0 0 0 0 0 0 0 0 0 0 0 0 0 0 0 0 0 0 0 0 0 0 0 0 0 0 0 0 0 0 0 0 0 0 
0 0 0 0 0 0 0 0 0 0 0 0 0 0 0 0 0 0 0 0 0 0 0 0 0 0 0 0 0 0 0 0 0 0 0 0 0 0 0 0 0 0 0 0 0 0 0 0 0 0 0 0 0 0 0 0 0 0 0 0 0 
0 0 0 0 0 0 0 0 0 0 0 0 0 0 0 0 0 0 0 0 0 0 0 0 0 0 0 0 0 0 0 0 0 0 0 0 0 0 0 0 0 0 0 0 0 0 0 0 0 0 0 0 0 0 0 0 0 0 0 0 0 
0 0 0 0 0 0 0 0 0 0 0 0 0 0 0 0 0 0 0 0 0 0 0 0 0 0 0 0 0 0 0 0 0 0 0 0 0 0 0 0 0 0 0 0 0 0 0 0 0 0 0 0 0 0 0 0 0 0 0 0 0 
0 0 0 0 0 0 0 0 0 0 0 0 0 0 0 0 0 0 0 0 0 0 0 0 0 0 0 0 0 0 0 0 0 0 0 0 0 0 0 0 0 0 0 0 0 0 0 0 0 0 0 0 0 0 0 0 0 0 0 0 0 
0 0 0 0 0 0 0 0 0 0 0 0 0 0 0 0 0 0 0 0 0 0 0 0 0 0 0 0 0 0 0 0 0 0 0 0 0 0 0 0 0 0 0 0 0 0 0 0 0 0 0 0 0 0 0 0 0 0 0 0 0 
0 0 0 0 0 0 0 0 0 0 0 0 0 0 0 0 0 0 0 0 0 0 0 0 0 0 0 0 0 0 0 0 0 0 0 0 0 0 0 0 0 0 0 0 0 0 0 0 0 0 0 0 0 0 0 0 0 0 0 0 0 
0 0 0 0 0 0 0 0 0 0 0 0 0 0 0 0 0 0 0 0 0 0 0 0 0 0 0 0 0 0 0 0 0 0 0 0 0 0 0 0 0 0 0 0 0 0 0 0 0 0 0 0 0 0 0 0 0 0 0 0 0 
0 0 0 0 0 0 0 0 0 0 0 0 0 0 0 0 0 0 0 0 0 0 0 0 0 0 0 0 0 0 0 0 0 0 0 0 0 0 0 0 0 0 0 0 0 0 0 0 0 0 0 0 0 0 0 0 0 0 0 0 0 
0 0 0 0 0 0 0 0 0 0 0 0 0 0 0 0 0 0 0 0 0 0 0 0 0 0 0 0 0 0 0 0 0 0 0 0 0 0 0 0 0 0 0 0 0 0 0 0 0 0 0 0 0 0 0 0 0 0 0 0 0 
0 0 0 0 0 0 0 0 0 0 0 0 0 0 0 0 0 0 0 0 0 0 0 0 0 0 0 0 0 0 0 0 0 0 0 0 0 0 0 0 0 0 0 0 0 0 0 0 0 0 0 0 0 0 0 0 0 0 0 0 0 
0 0 0 0 0 0 0 0 0 0 0 0 0 0 0 0 0 0 0 0 0 0 0 0 0 0 0 0 0 0 0 0 0 0 0 0 0 0 0 0 0 0 0 0 0 0 0 0 0 0 0 0 0 0 0 0 0 0 0 0 0 
0 0 0 0 0 0 0 0 0 0 0 0 0 0 0 0 0 0 0 0 0 0 0 0 0 0 0 0 0.56300203 0.56300203 0.56300203 0.56300203 0.56300203 0 0 0 0 0 0 0 0 0 0 0 0 0 0 0 0 0 0 0 0 0 0 0 0 0 0 0 0 
0 0 0 0 0 0 0 0 0 0 0 0 0 0 0 0 0 0 0 0 0 0 0 0 0 0 0 0.56300203 0.56300203 0.56300203 0.56300203 0.56300203 0.56300203 0.56300203 0 0 0 0 0 0 0 0 0 0 0 0 0 0 0 0 0 0 0 0 0 0 0 0 0 0 0 
0 0 0 0 0 0 0 0 0 0 0 0 0 0 0 0 0 0 0 0 0 0 0 0 0 0 0.56300203 0.56300203 0.56300203 0.56300203 0.56300203 0.56300203 0.56300203 0.56300203 0.56300203 0 0 0 0 0 0 0 0 0 0 0 0 0 0 0 0 0 0 0 0 0 0 0 0 0 0 
0 0 0 0 0 0 0 0 0 0 0 0 0 0 0 0 0 0 0 0 0 0 0 0 0 0.56300203 0.56300203 0.56300203 0.56300203 0.56300203 0.56300203 0.56300203 0.56300203 0.56300203 0.56300203 0.56300203 0 0 0 0 0 0 0 0 0 0 0 0 0 0 0 0 0 0 0 0 0 0 0 0 0 
0 0 0 0 0 0 0 0 0 0 0 0 0 0 0 0 0 0 0 0 0 0 0 0 0 0.56300203 0.56300203 0.56300203 0.56300203 0.56300203 0.56300203 0.56300203 0.56300203 0.56300203 0.56300203 0.56300203 0 0 0 0 0 0 0 0 0 0 0 0 0 0 0 0 0 0 0 0 0 0 0 0 0 
0 0 0 0 0 0 0 0 0 0 0 0 0 0 0 0 0 0 0 0 0 0 0 0 0 0.56300203 0.56300203 0.56300203 0.56300203 0.56300203 0.56300203 0.56300203 0.56300203 0.56300203 0.56300203 0.56300203 0 0 0 0 0 0 0 0 0 0 0 0 0 0 0 0 0 0 0 0 0 0 0 0 0 
0 0 0 0 0 0 0 0 0 0 0 0 0 0 0 0 0 0 0 0 0 0 0 0 0 0.56300203 0.56300203 0.56300203 0.56300203 0.56300203 0.56300203 0.56300203 0.56300203 0.56300203 0.56300203 0.56300203 0 0 0 0 0 0 0 0 0 0 0 0 0 0 0 0 0 0 0 0 0 0 0 0 0 
0 0 0 0 0 0 0 0 0 0 0 0 0 0 0 0 0 0 0 0 0 0 0 0 0 0.56300203 0.56300203 0.56300203 0.56300203 0.56300203 0.56300203 0.56300203 0.56300203 0.56300203 0.56300203 0.56300203 0 0 0 0 0 0 0 0 0 0 0 0 0 0 0 0 0 0 0 0 0 0 0 0 0 
0 0 0 0 0 0 0 0 0 0 0 0 0 0 0 0 0 0 0 0 0 0 0 0 0 0 0.56300203 0.56300203 0.56300203 0.56300203 0.56300203 0.56300203 0.56300203 0.56300203 0.56300203 0 0 0 0 0 0 0 0 0 0 0 0 0 0 0 0 0 0 0 0 0 0 0 0 0 0 
0 0 0 0 0 0 0 0 0 0 0 0 0 0 0 0 0 0 0 0 0 0 0 0 0 0 0 0.56300203 0.56300203 0.56300203 0.56300203 0.56300203 0.56300203 0.56300203 0 0 0 0 0 0 0 0 0 0 0 0 0 0 0 0 0 0 0 0 0 0 0 0 0 0 0 
0 0 0 0 0 0 0 0 0 0 0 0 0 0 0 0 0 0 0 0 0 0 0 0 0 0 0 0 0.56300203 0.56300203 0.56300203 0.56300203 0.56300203 0 0 0 0 0 0 0 0 0 0 0 0 0 0 0 0 0 0 0 0 0 0 0 0 0 0 0 0 
0 0 0 0 0 0 0 0 0 0 0 0 0 0 0 0 0 0 0 0 0 0 0 0 0 0 0 0 0 0 0 0 0 0 0 0 0 0 0 0 0 0 0 0 0 0 0 0 0 0 0 0 0 0 0 0 0 0 0 0 0 
0 0 0 0 0 0 0 0 0 0 0 0 0 0 0 0 0 0 0 0 0 0 0 0 0 0 0 0 0 0 0 0 0 0 0 0 0 0 0 0 0 0 0 0 0 0 0 0 0 0 0 0 0 0 0 0 0 0 0 0 0 
0 0 0 0 0 0 0 0 0 0 0 0 0 0 0 0 0 0 0 0 0 0 0 0 0 0 0 0 0 0 0 0 0 0 0 0 0 0 0 0 0 0 0 0 0 0 0 0 0 0 0 0 0 0 0 0 0 0 0 0 0 
0 0 0 0 0 0 0 0 0 0 0 0 0 0 0 0 0 0 0 0 0 0 0 0 0 0 0 0 0 0 0 0 0 0 0 0 0 0 0 0 0 0 0 0 0 0 0 0 0 0 0 0 0 0 0 0 0 0 0 0 0 
0 0 0 0 0 0 0 0 0 0 0 0 0 0 0 0 0 0 0 0 0 0 0 0 0 0 0 0 0 0 0 0 0 0 0 0 0 0 0 0 0 0 0 0 0 0 0 0 0 0 0 0 0 0 0 0 0 0 0 0 0 
0 0 0 0 0 0 0 0 0 0 0 0 0 0 0 0 0 0 0 0 0 0 0 0 0 0 0 0 0 0 0 0 0 0 0 0 0 0 0 0 0 0 0 0 0 0 0 0 0 0 0 0 0 0 0 0 0 0 0 0 0 
0 0 0 0 0 0 0 0 0 0 0 0 0 0 0 0 0 0 0 0 0 0 0 0 0 0 0 0 0 0 0 0 0 0 0 0 0 0 0 0 0 0 0 0 0 0 0 0 0 0 0 0 0 0 0 0 0 0 0 0 0 
0 0 0 0 0 0 0 0 0 0 0 0 0 0 0 0 0 0 0 0 0 0 0 0 0 0 0 0 0 0 0 0 0 0 0 0 0 0 0 0 0 0 0 0 0 0 0 0 0 0 0 0 0 0 0 0 0 0 0 0 0 
0 0 0 0 0 0 0 0 0 0 0 0 0 0 0 0 0 0 0 0 0 0 0 0 0 0 0 0 0 0 0 0 0 0 0 0 0 0 0 0 0 0 0 0 0 0 0 0 0 0 0 0 0 0 0 0 0 0 0 0 0 
0 0 0 0 0 0 0 0 0 0 0 0 0 0 0 0 0 0 0 0 0 0 0 0 0 0 0 0 0 0 0 0 0 0 0 0 0 0 0 0 0 0 0 0 0 0 0 0 0 0 0 0 0 0 0 0 0 0 0 0 0 
0 0 0 0 0 0 0 0 0 0 0 0 0 0 0 0 0 0 0 0 0 0 0 0 0 0 0 0 0 0 0 0 0 0 0 0 0 0 0 0 0 0 0 0 0 0 0 0 0 0 0 0 0 0 0 0 0 0 0 0 0 
0 0 0 0 0 0 0 0 0 0 0 0 0 0 0 0 0 0 0 0 0 0 0 0 0 0 0 0 0 0 0 0 0 0 0 0 0 0 0 0 0 0 0 0 0 0 0 0 0 0 0 0 0 0 0 0 0 0 0 0 0 
0 0 0 0 0 0 0 0 0 0 0 0 0 0 0 0 0 0 0 0 0 0 0 0 0 0 0 0 0 0 0 0 0 0 0 0 0 0 0 0 0 0 0 0 0 0 0 0 0 0 0 0 0 0 0 0 0 0 0 0 0 
0 0 0 0 0 0 0 0 0 0 0 0 0 0 0 0 0 0 0 0 0 0 0 0 0 0 0 0 0 0 0 0 0 0 0 0 0 0 0 0 0 0 0 0 0 0 0 0 0 0 0 0 0 0 0 0 0 0 0 0 0 
0 0 0 0 0 0 0 0 0 0 0 0 0 0 0 0 0 0 0 0 0 0 0 0 0 0 0 0 0 0 0 0 0 0 0 0 0 0 0 0 0 0 0 0 0 0 0 0 0 0 0 0 0 0 0 0 0 0 0 0 0 
0 0 0 0 0 0 0 0 0 0 0 0 0 0 0 0 0 0 0 0 0 0 0 0 0 0 0 0 0 0 0 0 0 0 0 0 0 0 0 0 0 0 0 0 0 0 0 0 0 0 0 0 0 0 0 0 0 0 0 0 0 
0 0 0 0 0 0 0 0 0 0 0 0 0 0 0 0 0 0 0 0 0 0 0 0 0 0 0 0 0 0 0 0 0 0 0 0 0 0 0 0 0 0 0 0 0 0 0 0 0 0 0 0 0 0 0 0 0 0 0 0 0 
0 0 0 0 0 0 0 0 0 0 0 0 0 0 0 0 0 0 0 0 0 0 0 0 0 0 0 0 0 0 0 0 0 0 0 0 0 0 0 0 0 0 0 0 0 0 0 0 0 0 0 0 0 0 0 0 0 0 0 0 0 
0 0 0 0 0 0 0 0 0 0 0 0 0 0 0 0 0 0 0 0 0 0 0 0 0 0 0 0 0 0 0 0 0 0 0 0 0 0 0 0 0 0 0 0 0 0 0 0 0 0 0 0 0 0 0 0 0 0 0 0 0 
0 0 0 0 0 0 0 0 0 0 0 0 0 0 0 0 0 0 0 0 0 0 0 0 0 0 0 0 0 0 0 0 0 0 0 0 0 0 0 0 0 0 0 0 0 0 0 0 0 0 0 0 0 0 0 0 0 0 0 0 0 
0 0 0 0 0 0 0 0 0 0 0 0 0 0 0 0 0 0 0 0 0 0 0 0 0 0 0 0 0 0 0 0 0 0 0 0 0 0 0 0 0 0 0 0 0 0 0 0 0 0 0 0 0 0 0 0 0 0 0 0 0 
0 0 0 0 0 0 0 0 0 0 0 0 0 0 0 0 0 0 0 0 0 0 0 0 0 0 0 0 0 0 0 0 0 0 0 0 0 0 0 0 0 0 0 0 0 0 0 0 0 0 0 0 0 0 0 0 0 0 0 0 0 
0 0 0 0 0 0 0 0 0 0 0 0 0 0 0 0 0 0 0 0 0 0 0 0 0 0 0 0 0 0 0 0 0 0 0 0 0 0 0 0 0 0 0 0 0 0 0 0 0 0 0 0 0 0 0 0 0 0 0 0 0 
0 0 0 0 0 0 0 0 0 0 0 0 0 0 0 0 0 0 0 0 0 0 0 0 0 0 0 0 0 0 0 0 0 0 0 0 0 0 0 0 0 0 0 0 0 0 0 0 0 0 0 0 0 0 0 0 0 0 0 0 0 
0 0 0 0 0 0 0 0 0 0 0 0 0 0 0 0 0 0 0 0 0 0 0 0 0 0 0 0 0 0 0 0 0 0 0 0 0 0 0 0 0 0 0 0 0 0 0 0 0 0 0 0 0 0 0 0 0 0 0 0 0 
SCALARS conc_Cr double 1
LOOKUP_TABLE default
0.1986 0.1986 0.1986 0.1986 0.1986 0.1986 0.1986 0.1986 0.1986 0.1986 0.1986 0.1986 0.1986 0.1986 0.1986 0.1986 0.1986 0.1986 0.1986 0.1986 0.1986 0.1986 0.1986 0.1986 0.1986 0.1986 0.1986 0.1986 0.1986 0.1986 0.1986 0.1986 0.1986 0.1986 0.1986 0.1986 0.1986 0.1986 0.1986 0.1986 0.1986 0.1986 0.1986 0.1986 0.1986 0.1986 0.1986 0.1986 0.1986 0.1986 0.1986 0.1986 0.1986 0.1986 0.1986 0.1986 0.1986 0.1986 0.1986 0.1986 0.1986 
0.1986 0.1986 0.1986 0.1986 0.1986 0.1986 0.1986 0.1986 0.1986 0.1986 0.1986 0.1986 0.1986 0.1986 0.1986 0.1986 0.1986 0.1986 0.1986 0.1986 0.1986 0.1986 0.1986 0.1986 0.1986 0.1986 0.1986 0.1986 0.1986 0.1986 0.1986 0.1986 0.1986 0.1986 0.1986 0.1986 0.1986 0.1986 0.1986 0.1986 0.1986 0.1986 0.1986 0.1986 0.1986 0.1986 0.1986 0.1986 0.1986 0.1986 0.1986 0.1986 0.1986 0.1986 0.1986 0.1986 0.1986 0.1986 0.1986 0.1986 0.1986 
0.1986 0.1986 0.1986 0.1986 0.1986 0.1986 0.1986 0.1986 0.1986 0.1986 0.1986 0.1986 0.1986 0.1986 0.1986 0.1986 0.1986 0.1986 0.1986 0.1986 0.1986 0.1986 0.1986 0.1986 0.1986 0.1986 0.1986 0.1986 0.1986 0.1986 0.1986 0.1986 0.1986 0.1986 0.1986 0.1986 0.1986 0.1986 0.1986 0.1986 0.1986 0.1986 0.1986 0.1986 0.1986 0.1986 0.1986 0.1986 0.1986 0.1986 0.1986 0.1986 0.1986 0.1986 0.1986 0.1986 0.1986 0.1986 0.1986 0.1986 0.1986 
0.1986 0.1986 0.1986 0.1986 0.1986 0.1986 0.1986 0.1986 0.1986 0.1986 0.1986 0.1986 0.1986 0.1986 0.1986 0.1986 0.1986 0.1986 0.1986 0.1986 0.1986 0.1986 0.1986 0.1986 0.1986 0.1986 0.1986 0.1986 0.1986 0.1986 0.1986 0.1986 0.1986 0.1986 0.1986 0.1986 0.1986 0.1986 0.1986 0.1986 0.1986 0.1986 0.1986 0.1986 0.1986 0.1986 0.1986 0.1986 0.1986 0.1986 0.1986 0.1986 0.1986 0.1986 0.1986 0.1986 0.1986 0.1986 0.1986 0.1986 0.1986 
0.1986 0.1986 0.1986 0.1986 0.1986 0.1986 0.1986 0.1986 0.1986 0.1986 0.1986 0.1986 0.1986 0.1986 0.1986 0.1986 0.1986 0.1986 0.1986 0.1986 0.1986 0.1986 0.1986 0.1986 0.1986 0.1986 0.1986 0.1986 0.1986 0.1986 0.1986 0.1986 0.1986 0.1986 0.1986 0.1986 0.1986 0.1986 0.1986 0.1986 0.1986 0.1986 0.1986 0.1986 0.1986 0.1986 0.1986 0.1986 0.1986 0.1986 0.1986 0.1986 0.1986 0.1986 0.1986 0.1986 0.1986 0.1986 0.1986 0.1986 0.1986 
0.1986 0.1986 0.1986 0.1986 0.1986 0.1986 0.1986 0.1986 0.1986 0.1986 0.1986 0.1986 0.1986 0.1986 0.1986 0.1986 0.1986 0.1986 0.1986 0.1986 0.1986 0.1986 0.1986 0.1986 0.1986 0.1986 0.1986 0.1986 0.1986 0.1986 0.1986 0.1986 0.1986 0.1986 0.1986 0.1986 0.1986 0.1986 0.1986 0.1986 0.1986 0.1986 0.1986 0.1986 0.1986 0.1986 0.1986 0.1986 0.1986 0.1986 0.1986 0.1986 0.1986 0.1986 0.1986 0.1986 0.1986 0.1986 0.1986 0.1986 0.1986 
0.1986 0.1986 0.1986 0.1986 0.1986 0.1986 0.1986 0.1986 0.1986 0.1986 0.1986 0.1986 0.1986 0.1986 0.1986 0.1986 0.1986 0.1986 0.1986 0.1986 0.1986 0.1986 0.1986 0.1986 0.1986 0.1986 0.1986 0.1986 0.1986 0.1986 0.1986 0.1986 0.1986 0.1986 0.1986 0.1986 0.1986 0.1986 0.1986 0.1986 0.1986 0.1986 0.1986 0.1986 0.1986 0.1986 0.1986 0.1986 0.1986 0.1986 0.1986 0.1986 0.1986 0.1986 0.1986 0.1986 0.1986 0.1986 0.1986 0.1986 0.1986 
0.1986 0.1986 0.1986 0.1986 0.1986 0.1986 0.1986 0.1986 0.1986 0.1986 0.1986 0.1986 0.1986 0.1986 0.1986 0.1986 0.1986 0.1986 0.1986 0.1986 0.1986 0.1986 0.1986 0.1986 0.1986 0.1986 0.1986 0.1986 0.1986 0.1986 0.1986 0.1986 0.1986 0.1986 0.1986 0.1986 0.1986 0.1986 0.1986 0.1986 0.1986 0.1986 0.1986 0.1986 0.1986 0.1986 0.1986 0.1986 0.1986 0.1986 0.1986 0.1986 0.1986 0.1986 0.1986 0.1986 0.1986 0.1986 0.1986 0.1986 0.1986 
0.1986 0.1986 0.1986 0.1986 0.1986 0.1986 0.1986 0.1986 0.1986 0.1986 0.1986 0.1986 0.1986 0.1986 0.1986 0.1986 0.1986 0.1986 0.1986 0.1986 0.1986 0.1986 0.1986 0.1986 0.1986 0.1986 0.1986 0.1986 0.1986 0.1986 0.1986 0.1986 0.1986 0.1986 0.1986 0.1986 0.1986 0.1986 0.1986 0.1986 0.1986 0.1986 0.1986 0.1986 0.1986 0.1986 0.1986 0.1986 0.1986 0.1986 0.1986 0.1986 0.1986 0.1986 0.1986 0.1986 0.1986 0.1986 0.1986 0.1986 0.1986 
0.1986 0.1986 0.1986 0.1986 0.1986 0.1986 0.1986 0.1986 0.1986 0.1986 0.1986 0.1986 0.1986 0.1986 0.1986 0.1986 0.1986 0.1986 0.1986 0.1986 0.1986 0.1986 0.1986 0.1986 0.1986 0.1986 0.1986 0.1986 0.1986 0.1986 0.1986 0.1986 0.1986 0.1986 0.1986 0.1986 0.1986 0.1986 0.1986 0.1986 0.1986 0.1986 0.1986 0.1986 0.1986 0.1986 0.1986 0.1986 0.1986 0.1986 0.1986 0.1986 0.1986 0.1986 0.1986 0.1986 0.1986 0.1986 0.1986 0.1986 0.1986 
0.1986 0.1986 0.1986 0.1986 0.1986 0.1986 0.1986 0.1986 0.1986 0.1986 0.1986 0.1986 0.1986 0.1986 0.1986 0.1986 0.1986 0.1986 0.1986 0.1986 0.1986 0.1986 0.1986 0.1986 0.1986 0.1986 0.1986 0.1986 0.1986 0.1986 0.1986 0.1986 0.1986 0.1986 0.1986 0.1986 0.1986 0.1986 0.1986 0.1986 0.1986 0.1986 0.1986 0.1986 0.1986 0.1986 0.1986 0.1986 0.1986 0.1986 0.1986 0.1986 0.1986 0.1986 0.1986 0.1986 0.1986 0.1986 0.1986 0.1986 0.1986 
0.1986 0.1986 0.1986 0.1986 0.1986 0.1986 0.1986 0.1986 0.1986 0.1986 0.1986 0.1986 0.1986 0.1986 0.1986 0.1986 0.1986 0.1986 0.1986 0.1986 0.1986 0.1986 0.1986 0.1986 0.1986 0.1986 0.1986 0.1986 0.1986 0.1986 0.1986 0.1986 0.1986 0.1986 0.1986 0.1986 0.1986 0.1986 0.1986 0.1986 0.1986 0.1986 0.1986 0.1986 0.1986 0.1986 0.1986 0.1986 0.1986 0.1986 0.1986 0.1986 0.1986 0.1986 0.1986 0.1986 0.1986 0.1986 0.1986 0.1986 0.1986 
0.1986 0.1986 0.1986 0.1986 0.1986 0.1986 0.1986 0.1986 0.1986 0.1986 0.1986 0.1986 0.1986 0.1986 0.1986 0.1986 0.1986 0.1986 0.1986 0.1986 0.1986 0.1986 0.1986 0.1986 0.1986 0.1986 0.1986 0.1986 0.1986 0.1986 0.1986 0.1986 0.1986 0.1986 0.1986 0.1986 0.1986 0.1986 0.1986 0.1986 0.1986 0.1986 0.1986 0.1986 0.1986 0.1986 0.1986 0.1986 0.1986 0.1986 0.1986 0.1986 0.1986 0.1986 0.1986 0.1986 0.1986 0.1986 0.1986 0.1986 0.1986 
0.1986 0.1986 0.1986 0.1986 0.1986 0.1986 0.1986 0.1986 0.1986 0.1986 0.1986 0.1986 0.1986 0.1986 0.1986 0.1986 0.1986 0.1986 0.1986 0.1986 0.1986 0.1986 0.1986 0.1986 0.1986 0.1986 0.1986 0.1986 0.1986 0.1986 0.1986 0.1986 0.1986 0.1986 0.1986 0.1986 0.1986 0.1986 0.1986 0.1986 0.1986 0.1986 0.1986 0.1986 0.1986 0.1986 0.1986 0.1986 0.1986 0.1986 0.1986 0.1986 0.1986 0.1986 0.1986 0.1986 0.1986 0.1986 0.1986 0.1986 0.1986 
0.1986 0.1986 0.1986 0.1986 0.1986 0.1986 0.1986 0.1986 0.1986 0.1986 0.1986 0.1986 0.1986 0.1986 0.1986 0.1986 0.1986 0.1986 0.1986 0.1986 0.1986 0.1986 0.1986 0.1986 0.1986 0.1986 0.1986 0.1986 0.1986 0.1986 0.1986 0.1986 0.1986 0.1986 0.1986 0.1986 0.1986 0.1986 0.1986 0.1986 0.1986 0.1986 0.1986 0.1986 0.1986 0.1986 0.1986 0.1986 0.1986 0.1986 0.1986 0.1986 0.1986 0.1986 0.1986 0.1986 0.1986 0.1986 0.1986 0.1986 0.1986 
0.1986 0.1986 0.1986 0.1986 0.1986 0.1986 0.1986 0.1986 0.1986 0.1986 0.1986 0.1986 0.1986 0.1986 0.1986 0.1986 0.1986 0.1986 0.1986 0.1986 0.1986 0.1986 0.1986 0.1986 0.1986 0.1986 0.1986 0.1986 0.1986 0.1986 0.1986 0.1986 0.1986 0.1986 0.1986 0.1986 0.1986 0.1986 0.1986 0.1986 0.1986 0.1986 0.1986 0.1986 0.1986 0.1986 0.1986 0.1986 0.1986 0.1986 0.1986 0.1986 0.1986 0.1986 0.1986 0.1986 0.1986 0.1986 0.1986 0.1986 0.1986 
0.1986 0.1986 0.1986 0.1986 0.1986 0.1986 0.1986 0.1986 0.1986 0.1986 0.1986 0.1986 0.1986 0.1986 0.1986 0.1986 0.1986 0.1986 0.1986 0.1986 0.1986 0.1986 0.1986 0.1986 0.1986 0.1986 0.1986 0.1986 0.1986 0.1986 0.1986 0.1986 0.1986 0.1986 0.1986 0.1986 0.1986 0.1986 0.1986 0.1986 0.1986 0.1986 0.1986 0.1986 0.1986 0.1986 0.1986 0.1986 0.1986 0.1986 0.1986 0.1986 0.1986 0.1986 0.1986 0.1986 0.1986 0.1986 0.1986 0.1986 0.1986 
0.1986 0.1986 0.1986 0.1986 0.1986 0.1986 0.1986 0.1986 0.1986 0.1986 0.1986 0.1986 0.1986 0.1986 0.1986 0.1986 0.1986 0.1986 0.1986 0.1986 0.1986 0.1986 0.1986 0.1986 0.1986 0.1986 0.1986 0.1986 0.1986 0.1986 0.1986 0.1986 0.1986 0.1986 0.1986 0.1986 0.1986 0.1986 0.1986 0.1986 0.1986 0.1986 0.1986 0.1986 0.1986 0.1986 0.1986 0.1986 0.1986 0.1986 0.1986 0.1986 0.1986 0.1986 0.1986 0.1986 0.1986 0.1986 0.1986 0.1986 0.1986 
0.1986 0.1986 0.1986 0.1986 0.1986 0.1986 0.1986 0.1986 0.1986 0.1986 0.1986 0.1986 0.1986 0.1986 0.1986 0.1986 0.1986 0.1986 0.1986 0.1986 0.1986 0.1986 0.1986 0.1986 0.1986 0.1986 0.1986 0.1986 0.1986 0.1986 0.1986 0.1986 0.1986 0.1986 0.1986 0.1986 0.1986 0.1986 0.1986 0.1986 0.1986 0.1986 0.1986 0.1986 0.1986 0.1986 0.1986 0.1986 0.1986 0.1986 0.1986 0.1986 0.1986 0.1986 0.1986 0.1986 0.1986 0.1986 0.1986 0.1986 0.1986 
0.1986 0.1986 0.1986 0.1986 0.1986 0.1986 0.1986 0.1986 0.1986 0.1986 0.1986 0.1986 0.1986 0.1986 0.1986 0.1986 0.1986 0.1986 0.1986 0.1986 0.1986 0.1986 0.1986 0.1986 0.1986 0.1986 0.1986 0.1986 0.1986 0.1986 0.1986 0.1986 0.1986 0.1986 0.1986 0.1986 0.1986 0.1986 0.1986 0.1986 0.1986 0.1986 0.1986 0.1986 0.1986 0.1986 0.1986 0.1986 0.1986 0.1986 0.1986 0.1986 0.1986 0.1986 0.1986 0.1986 0.1986 0.1986 0.1986 0.1986 0.1986 
0.1986 0.1986 0.1986 0.1986 0.1986 0.1986 0.1986 0.1986 0.1986 0.1986 0.1986 0.1986 0.1986 0.1986 0.1986 0.1986 0.1986 0.1986 0.1986 0.1986 0.1986 0.1986 0.1986 0.1986 0.1986 0.1986 0.1986 0.1986 0.1986 0.1986 0.1986 0.1986 0.1986 0.1986 0.1986 0.1986 0.1986 0.1986 0.1986 0.1986 0.1986 0.1986 0.1986 0.1986 0.1986 0.1986 0.1986 0.1986 0.1986 0.1986 0.1986 0.1986 0.1986 0.1986 0.1986 0.1986 0.1986 0.1986 0.1986 0.1986 0.1986 
0.1986 0.1986 0.1986 0.1986 0.1986 0.1986 0.1986 0.1986 0.1986 0.1986 0.1986 0.1986 0.1986 0.1986 0.1986 0.1986 0.1986 0.1986 0.1986 0.1986 0.1986 0.1986 0.1986 0.1986 0.1986 0.1986 0.1986 0.1986 0.1986 0.1986 0.1986 0.1986 0.1986 0.1986 0.1986 0.1986 0.1986 0.1986 0.1986 0.1986 0.1986 0.1986 0.1986 0.1986 0.1986 0.1986 0.1986 0.1986 0.1986 0.1986 0.1986 0.1986 0.1986 0.1986 0.1986 0.1986 0.1986 0.1986 0.1986 0.1986 0.1986 
0.1986 0.1986 0.1986 0.1986 0.1986 0.1986 0.1986 0.1986 0.1986 0.1986 0.1986 0.1986 0.1986 0.1986 0.1986 0.1986 0.1986 0.1986 0.1986 0.1986 0.1986 0.1986 0.1986 0.1986 0.1986 0.1986 0.1986 0.1986 0.1986 0.1986 0.1986 0.1986 0.1986 0.1986 0.1986 0.1986 0.1986 0.1986 0.1986 0.1986 0.1986 0.1986 0.1986 0.1986 0.1986 0.1986 0.1986 0.1986 0.1986 0.1986 0.1986 0.1986 0.1986 0.1986 0.1986 0.1986 0.1986 0.1986 0.1986 0.1986 0.1986 
0.1986 0.1986 0.1986 0.1986 0.1986 0.1986 0.1986 0.1986 0.1986 0.1986 0.1986 0.1986 0.1986 0.1986 0.1986 0.1986 0.1986 0.1986 0.1986 0.1986 0.1986 0.1986 0.1986 0.1986 0.1986 0.1986 0.1986 0.1986 0.1986 0.1986 0.1986 0.1986 0.1986 0.1986 0.1986 0.1986 0.1986 0.1986 0.1986 0.1986 0.1986 0.1986 0.1986 0.1986 0.1986 0.1986 0.1986 0.1986 0.1986 0.1986 0.1986 0.1986 0.1986 0.1986 0.1986 0.1986 0.1986 0.1986 0.1986 0.1986 0.1986 
0.1986 0.1986 0.1986 0.1986 0.1986 0.1986 0.1986 0.1986 0.1986 0.1986 0.1986 0.1986 0.1986 0.1986 0.1986 0.1986 0.1986 0.1986 0.1986 0.1986 0.1986 0.1986 0.1986 0.1986 0.1986 0.1986 0.1986 0.1986 0.1986 0.1986 0.1986 0.1986 0.1986 0.1986 0.1986 0.1986 0.1986 0.1986 0.1986 0.1986 0.1986 0.1986 0.1986 0.1986 0.1986 0.1986 0.1986 0.1986 0.1986 0.1986 0.1986 0.1986 0.1986 0.1986 0.1986 0.1986 0.1986 0.1986 0.1986 0.1986 0.1986 
0.1986 0.1986 0.1986 0.1986 0.1986 0.1986 0.1986 0.1986 0.1986 0.1986 0.1986 0.1986 0.1986 0.1986 0.1986 0.1986 0.1986 0.1986 0.1986 0.1986 0.1986 0.1986 0.1986 0.1986 0.1986 0.1986 0.1986 0.1986 0.35677915 0.35677915 0.35677915 0.35677915 0.35677915 0.1986 0.1986 0.1986 0.1986 0.1986 0.1986 0.1986 0.1986 0.1986 0.1986 0.1986 0.1986 0.1986 0.1986 0.1986 0.1986 0.1986 0.1986 0.1986 0.1986 0.1986 0.1986 0.1986 0.1986 0.1986 0.1986 0.1986 0.1986 
0.1986 0.1986 0.1986 0.1986 0.1986 0.1986 0.1986 0.1986 0.1986 0.1986 0.1986 0.1986 0.1986 0.1986 0.1986 0.1986 0.1986 0.1986 0.1986 0.1986 0.1986 0.1986 0.1986 0.1986 0.1986 0.1986 0.1986 0.35677915 0.35677915 0.35677915 0.35677915 0.35677915 0.35677915 0.35677915 0.1986 0.1986 0.1986 0.1986 0.1986 0.1986 0.1986 0.1986 0.1986 0.1986 0.1986 0.1986 0.1986 0.1986 0.1986 0.1986 0.1986 0.1986 0.1986 0.1986 0.1986 0.1986 0.1986 0.1986 0.1986 0.1986 0.1986 
0.1986 0.1986 0.1986 0.1986 0.1986 0.1986 0.1986 0.1986 0.1986 0.1986 0.1986 0.1986 0.1986 0.1986 0.1986 0.1986 0.1986 0.1986 0.1986 0.1986 0.1986 0.1986 0.1986 0.1986 0.1986 0.1986 0.35677915 0.35677915 0.35677915 0.35677915 0.35677915 0.35677915 0.35677915 0.35677915 0.35677915 0.1986 0.1986 0.1986 0.1986 0.1986 0.1986 0.1986 0.1986 0.1986 0.1986 0.1986 0.1986 0.1986 0.1986 0.1986 0.1986 0.1986 0.1986 0.1986 0.1986 0.1986 0.1986 0.1986 0.1986 0.1986 0.1986 
0.1986 0.1986 0.1986 0.1986 0.1986 0.1986 0.1986 0.1986 0.1986 0.1986 0.1986 0.1986 0.1986 0.1986 0.1986 0.1986 0.1986 0.1986 0.1986 0.1986 0.1986 0.1986 0.1986 0.1986 0.1986 0.35677915 0.35677915 0.35677915 0.35677915 0.35677915 0.35677915 0.35677915 0.35677915 0.35677915 0.35677915 0.35677915 0.1986 0.1986 0.1986 0.1986 0.1986 0.1986 0.1986 0.1986 0.1986 0.1986 0.1986 0.1986 0.1986 0.1986 0.1986 0.1986 0.1986 0.1986 0.1986 0.1986 0.1986 0.1986 0.1986 0.1986 0.1986 
0.1986 0.1986 0.1986 0.1986 0.1986 0.1986 0.1986 0.1986 0.1986 0.1986 0.1986 0.1986 0.1986 0.1986 0.1986 0.1986 0.1986 0.1986 0.1986 0.1986 0.1986 0.1986 0.1986 0.1986 0.1986 0.35677915 0.35677915 0.35677915 0.35677915 0.35677915 0.35677915 0.35677915 0.35677915 0.35677915 0.35677915 0.35677915 0.1986 0.1986 0.1986 0.1986 0.1986 0.1986 0.1986 0.1986 0.1986 0.1986 0.1986 0.1986 0.1986 0.1986 0.1986 0.1986 0.1986 0.1986 0.1986 0.1986 0.1986 0.1986 0.1986 0.1986 0.1986 
0.1986 0.1986 0.1986 0.1986 0.1986 0.1986 0.1986 0.1986 0.1986 0.1986 0.1986 0.1986 0.1986 0.1986 0.1986 0.1986 0.1986 0.1986 0.1986 0.1986 0.1986 0.1986 0.1986 0.1986 0.1986 0.35677915 0.35677915 0.35677915 0.35677915 0.35677915 0.35677915 0.35677915 0.35677915 0.35677915 0.35677915 0.35677915 0.1986 0.1986 0.1986 0.1986 0.1986 0.1986 0.1986 0.1986 0.1986 0.1986 0.1986 0.1986 0.1986 0.1986 0.1986 0.1986 0.1986 0.1986 0.1986 0.1986 0.1986 0.1986 0.1986 0.1986 0.1986 
0.1986 0.1986 0.1986 0.1986 0.1986 0.1986 0.1986 0.1986 0.1986 0.1986 0.1986 0.1986 0.1986 0.1986 0.1986 0.1986 0.1986 0.1986 0.1986 0.1986 0.1986 0.1986 0.1986 0.1986 0.1986 0.35677915 0.35677915 0.35677915 0.35677915 0.35677915 0.35677915 0.35677915 0.35677915 0.35677915 0.35677915 0.35677915 0.1986 0.1986 0.1986 0.1986 0.1986 0.1986 0.1986 0.1986 0.1986 0.1986 0.1986 0.1986 0.1986 0.1986 0.1986 0.1986 0.1986 0.1986 0.1986 0.1986 0.1986 0.1986 0.1986 0.1986 0.1986 
0.1986 0.1986 0.1986 0.1986 0.1986 0.1986 0.1986 0.1986 0.1986 0.1986 0.1986 0.1986 0.1986 0.1986 0.1986 0.1986 0.1986 0.1986 0.1986 0.1986 0.1986 0.1986 0.1986 0.1986 0.1986 0.35677915 0.35677915 0.35677915 0.35677915 0.35677915 0.35677915 0.35677915 0.35677915 0.35677915 0.35677915 0.35677915 0.1986 0.1986 0.1986 0.1986 0.1986 0.1986 0.1986 0.1986 0.1986 0.1986 0.1986 0.1986 0.1986 0.1986 0.1986 0.1986 0.1986 0.1986 0.1986 0.1986 0.1986 0.1986 0.1986 0.1986 0.1986 
0.1986 0.1986 0.1986 0.1986 0.1986 0.1986 0.1986 0.1986 0.1986 0.1986 0.1986 0.1986 0.1986 0.1986 0.1986 0.1986 0.1986 0.1986 0.1986 0.1986 0.1986 0.1986 0.1986 0.1986 0.1986 0.1986 0.35677915 0.35677915 0.35677915 0.35677915 0.35677915 0.35677915 0.35677915 0.35677915 0.35677915 0.1986 0.1986 0.1986 0.1986 0.1986 0.1986 0.1986 0.1986 0.1986 0.1986 0.1986 0.1986 0.1986 0.1986 0.1986 0.1986 0.1986 0.1986 0.1986 0.1986 0.1986 0.1986 0.1986 0.1986 0.1986 0.1986 
0.1986 0.1986 0.1986 0.1986 0.1986 0.1986 0.1986 0.1986 0.1986 0.1986 0.1986 0.1986 0.1986 0.1986 0.1986 0.1986 0.1986 0.1986 0.1986 0.1986 0.1986 0.1986 0.1986 0.1986 0.1986 0.1986 0.1986 0.35677915 0.35677915 0.35677915 0.35677915 0.35677915 0.35677915 0.35677915 0.1986 0.1986 0.1986 0.1986 0.1986 0.1986 0.1986 0.1986 0.1986 0.1986 0.1986 0.1986 0.1986 0.1986 0.1986 0.1986 0.1986 0.1986 0.1986 0.1986 0.1986 0.1986 0.1986 0.1986 0.1986 0.1986 0.1986 
0.1986 0.1986 0.1986 0.1986 0.1986 0.1986 0.1986 0.1986 0.1986 0.1986 0.1986 0.1986 0.1986 0.1986 0.1986 0.1986 0.1986 0.1986 0.1986 0.1986 0.1986 0.1986 0.1986 0.1986 0.1986 0.1986 0.1986 0.1986 0.35677915 0.35677915 0.35677915 0.35677915 0.35677915 0.1986 0.1986 0.1986 0.1986 0.1986 0.1986 0.1986 0.1986 0.1986 0.1986 0.1986 0.1986 0.1986 0.1986 0.1986 0.1986 0.1986 0.1986 0.1986 0.1986 0.1986 0.1986 0.1986 0.1986 0.1986 0.1986 0.1986 0.1986 
0.1986 0.1986 0.1986 0.1986 0.1986 0.1986 0.1986 0.1986 0.1986 0.1986 0.1986 0.1986 0.1986 0.1986 0.1986 0.1986 0.1986 0.1986 0.1986 0.1986 0.1986 0.1986 0.1986 0.1986 0.1986 0.1986 0.1986 0.1986 0.1986 0.1986 0.1986 0.1986 0.1986 0.1986 0.1986 0.1986 0.1986 0.1986 0.1986 0.1986 0.1986 0.1986 0.1986 0.1986 0.1986 0.1986 0.1986 0.1986 0.1986 0.1986 0.1986 0.1986 0.1986 0.1986 0.1986 0.1986 0.1986 0.1986 0.1986 0.1986 0.1986 
0.1986 0.1986 0.1986 0.1986 0.1986 0.1986 0.1986 0.1986 0.1986 0.1986 0.1986 0.1986 0.1986 0.1986 0.1986 0.1986 0.1986 0.1986 0.1986 0.1986 0.1986 0.1986 0.1986 0.1986 0.1986 0.1986 0.1986 0.1986 0.1986 0.1986 0.1986 0.1986 0.1986 0.1986 0.1986 0.1986 0.1986 0.1986 0.1986 0.1986 0.1986 0.1986 0.1986 0.1986 0.1986 0.1986 0.1986 0.1986 0.1986 0.1986 0.1986 0.1986 0.1986 0.1986 0.1986 0.1986 0.1986 0.1986 0.1986 0.1986 0.1986 
0.1986 0.1986 0.1986 0.1986 0.1986 0.1986 0.1986 0.1986 0.1986 0.1986 0.1986 0.1986 0.1986 0.1986 0.1986 0.1986 0.1986 0.1986 0.1986 0.1986 0.1986 0.1986 0.1986 0.1986 0.1986 0.1986 0.1986 0.1986 0.1986 0.1986 0.1986 0.1986 0.1986 0.1986 0.1986 0.1986 0.1986 0.1986 0.1986 0.1986 0.1986 0.1986 0.1986 0.1986 0.1986 0.1986 0.1986 0.1986 0.1986 0.1986 0.1986 0.1986 0.1986 0.1986 0.1986 0.1986 0.1986 0.1986 0.1986 0.1986 0.1986 
0.1986 0.1986 0.1986 0.1986 0.1986 0.1986 0.1986 0.1986 0.1986 0.1986 0.1986 0.1986 0.1986 0.1986 0.1986 0.1986 0.1986 0.1986 0.1986 0.1986 0.1986 0.1986 0.1986 0.1986 0.1986 0.1986 0.1986 0.1986 0.1986 0.1986 0.1986 0.1986 0.1986 0.1986 0.1986 0.1986 0.1986 0.1986 0.1986 0.1986 0.1986 0.1986 0.1986 0.1986 0.1986 0.1986 0.1986 0.1986 0.1986 0.1986 0.1986 0.1986 0.1986 0.1986 0.1986 0.1986 0.1986 0.1986 0.1986 0.1986 0.1986 
0.1986 0.1986 0.1986 0.1986 0.1986 0.1986 0.1986 0.1986 0.1986 0.1986 0.1986 0.1986 0.1986 0.1986 0.1986 0.1986 0.1986 0.1986 0.1986 0.1986 0.1986 0.1986 0.1986 0.1986 0.1986 0.1986 0.1986 0.1986 0.1986 0.1986 0.1986 0.1986 0.1986 0.1986 0.1986 0.1986 0.1986 0.1986 0.1986 0.1986 0.1986 0.1986 0.1986 0.1986 0.1986 0.1986 0.1986 0.1986 0.1986 0.1986 0.1986 0.1986 0.1986 0.1986 0.1986 0.1986 0.1986 0.1986 0.1986 0.1986 0.1986 
0.1986 0.1986 0.1986 0.1986 0.1986 0.1986 0.1986 0.1986 0.1986 0.1986 0.1986 0.1986 0.1986 0.1986 0.1986 0.1986 0.1986 0.1986 0.1986 0.1986 0.1986 0.1986 0.1986 0.1986 0.1986 0.1986 0.1986 0.1986 0.1986 0.1986 0.1986 0.1986 0.1986 0.1986 0.1986 0.1986 0.1986 0.1986 0.1986 0.1986 0.1986 0.1986 0.1986 0.1986 0.1986 0.1986 0.1986 0.1986 0.1986 0.1986 0.1986 0.1986 0.1986 0.1986 0.1986 0.1986 0.1986 0.1986 0.1986 0.1986 0.1986 
0.1986 0.1986 0.1986 0.1986 0.1986 0.1986 0.1986 0.1986 0.1986 0.1986 0.1986 0.1986 0.1986 0.1986 0.1986 0.1986 0.1986 0.1986 0.1986 0.1986 0.1986 0.1986 0.1986 0.1986 0.1986 0.1986 0.1986 0.1986 0.1986 0.1986 0.1986 0.1986 0.1986 0.1986 0.1986 0.1986 0.1986 0.1986 0.1986 0.1986 0.1986 0.1986 0.1986 0.1986 0.1986 0.1986 0.1986 0.1986 0.1986 0.1986 0.1986 0.1986 0.1986 0.1986 0.1986 0.1986 0.1986 0.1986 0.1986 0.1986 0.1986 
0.1986 0.1986 0.1986 0.1986 0.1986 0.1986 0.1986 0.1986 0.1986 0.1986 0.1986 0.1986 0.1986 0.1986 0.1986 0.1986 0.1986 0.1986 0.1986 0.1986 0.1986 0.1986 0.1986 0.1986 0.1986 0.1986 0.1986 0.1986 0.1986 0.1986 0.1986 0.1986 0.1986 0.1986 0.1986 0.1986 0.1986 0.1986 0.1986 0.1986 0.1986 0.1986 0.1986 0.1986 0.1986 0.1986 0.1986 0.1986 0.1986 0.1986 0.1986 0.1986 0.1986 0.1986 0.1986 0.1986 0.1986 0.1986 0.1986 0.1986 0.1986 
0.1986 0.1986 0.1986 0.1986 0.1986 0.1986 0.1986 0.1986 0.1986 0.1986 0.1986 0.1986 0.1986 0.1986 0.1986 0.1986 0.1986 0.1986 0.1986 0.1986 0.1986 0.1986 0.1986 0.1986 0.1986 0.1986 0.1986 0.1986 0.1986 0.1986 0.1986 0.1986 0.1986 0.1986 0.1986 0.1986 0.1986 0.1986 0.1986 0.1986 0.1986 0.1986 0.1986 0.1986 0.1986 0.1986 0.1986 0.1986 0.1986 0.1986 0.1986 0.1986 0.1986 0.1986 0.1986 0.1986 0.1986 0.1986 0.1986 0.1986 0.1986 
0.1986 0.1986 0.1986 0.1986 0.1986 0.1986 0.1986 0.1986 0.1986 0.1986 0.1986 0.1986 0.1986 0.1986 0.1986 0.1986 0.1986 0.1986 0.1986 0.1986 0.1986 0.1986 0.1986 0.1986 0.1986 0.1986 0.1986 0.1986 0.1986 0.1986 0.1986 0.1986 0.1986 0.1986 0.1986 0.1986 0.1986 0.1986 0.1986 0.1986 0.1986 0.1986 0.1986 0.1986 0.1986 0.1986 0.1986 0.1986 0.1986 0.1986 0.1986 0.1986 0.1986 0.1986 0.1986 0.1986 0.1986 0.1986 0.1986 0.1986 0.1986 
0.1986 0.1986 0.1986 0.1986 0.1986 0.1986 0.1986 0.1986 0.1986 0.1986 0.1986 0.1986 0.1986 0.1986 0.1986 0.1986 0.1986 0.1986 0.1986 0.1986 0.1986 0.1986 0.1986 0.1986 0.1986 0.1986 0.1986 0.1986 0.1986 0.1986 0.1986 0.1986 0.1986 0.1986 0.1986 0.1986 0.1986 0.1986 0.1986 0.1986 0.1986 0.1986 0.1986 0.1986 0.1986 0.1986 0.1986 0.1986 0.1986 0.1986 0.1986 0.1986 0.1986 0.1986 0.1986 0.1986 0.1986 0.1986 0.1986 0.1986 0.1986 
0.1986 0.1986 0.1986 0.1986 0.1986 0.1986 0.1986 0.1986 0.1986 0.1986 0.1986 0.1986 0.1986 0.1986 0.1986 0.1986 0.1986 0.1986 0.1986 0.1986 0.1986 0.1986 0.1986 0.1986 0.1986 0.1986 0.1986 0.1986 0.1986 0.1986 0.1986 0.1986 0.1986 0.1986 0.1986 0.1986 0.1986 0.1986 0.1986 0.1986 0.1986 0.1986 0.1986 0.1986 0.1986 0.1986 0.1986 0.1986 0.1986 0.1986 0.1986 0.1986 0.1986 0.1986 0.1986 0.1986 0.1986 0.1986 0.1986 0.1986 0.1986 
0.1986 0.1986 0.1986 0.1986 0.1986 0.1986 0.1986 0.1986 0.1986 0.1986 0.1986 0.1986 0.1986 0.1986 0.1986 0.1986 0.1986 0.1986 0.1986 0.1986 0.1986 0.1986 0.1986 0.1986 0.1986 0.1986 0.1986 0.1986 0.1986 0.1986 0.1986 0.1986 0.1986 0.1986 0.1986 0.1986 0.1986 0.1986 0.1986 0.1986 0.1986 0.1986 0.1986 0.1986 0.1986 0.1986 0.1986 0.1986 0.1986 0.1986 0.1986 0.1986 0.1986 0.1986 0.1986 0.1986 0.1986 0.1986 0.1986 0.1986 0.1986 
0.1986 0.1986 0.1986 0.1986 0.1986 0.1986 0.1986 0.1986 0.1986 0.1986 0.1986 0.1986 0.1986 0.1986 0.1986 0.1986 0.1986 0.1986 0.1986 0.1986 0.1986 0.1986 0.1986 0.1986 0.1986 0.1986 0.1986 0.1986 0.1986 0.1986 0.1986 0.1986 0.1986 0.1986 0.1986 0.1986 0.1986 0.1986 0.1986 0.1986 0.1986 0.1986 0.1986 0.1986 0.1986 0.1986 0.1986 0.1986 0.1986 0.1986 0.1986 0.1986 0.1986 0.1986 0.1986 0.1986 0.1986 0.1986 0.1986 0.1986 0.1986 
0.1986 0.1986 0.1986 0.1986 0.1986 0.1986 0.1986 0.1986 0.1986 0.1986 0.1986 0.1986 0.1986 0.1986 0.1986 0.1986 0.1986 0.1986 0.1986 0.1986 0.1986 0.1986 0.1986 0.1986 0.1986 0.1986 0.1986 0.1986 0.1986 0.1986 0.1986 0.1986 0.1986 0.1986 0.1986 0.1986 0.1986 0.1986 0.1986 0.1986 0.1986 0.1986 0.1986 0.1986 0.1986 0.1986 0.1986 0.1986 0.1986 0.1986 0.1986 0.1986 0.1986 0.1986 0.1986 0.1986 0.1986 0.1986 0.1986 0.1986 0.1986 
0.1986 0.1986 0.1986 0.1986 0.1986 0.1986 0.1986 0.1986 0.1986 0.1986 0.1986 0.1986 0.1986 0.1986 0.1986 0.1986 0.1986 0.1986 0.1986 0.1986 0.1986 0.1986 0.1986 0.1986 0.1986 0.1986 0.1986 0.1986 0.1986 0.1986 0.1986 0.1986 0.1986 0.1986 0.1986 0.1986 0.1986 0.1986 0.1986 0.1986 0.1986 0.1986 0.1986 0.1986 0.1986 0.1986 0.1986 0.1986 0.1986 0.1986 0.1986 0.1986 0.1986 0.1986 0.1986 0.1986 0.1986 0.1986 0.1986 0.1986 0.1986 
0.1986 0.1986 0.1986 0.1986 0.1986 0.1986 0.1986 0.1986 0.1986 0.1986 0.1986 0.1986 0.1986 0.1986 0.1986 0.1986 0.1986 0.1986 0.1986 0.1986 0.1986 0.1986 0.1986 0.1986 0.1986 0.1986 0.1986 0.1986 0.1986 0.1986 0.1986 0.1986 0.1986 0.1986 0.1986 0.1986 0.1986 0.1986 0.1986 0.1986 0.1986 0.1986 0.1986 0.1986 0.1986 0.1986 0.1986 0.1986 0.1986 0.1986 0.1986 0.1986 0.1986 0.1986 0.1986 0.1986 0.1986 0.1986 0.1986 0.1986 0.1986 
0.1986 0.1986 0.1986 0.1986 0.1986 0.1986 0.1986 0.1986 0.1986 0.1986 0.1986 0.1986 0.1986 0.1986 0.1986 0.1986 0.1986 0.1986 0.1986 0.1986 0.1986 0.1986 0.1986 0.1986 0.1986 0.1986 0.1986 0.1986 0.1986 0.1986 0.1986 0.1986 0.1986 0.1986 0.1986 0.1986 0.1986 0.1986 0.1986 0.1986 0.1986 0.1986 0.1986 0.1986 0.1986 0.1986 0.1986 0.1986 0.1986 0.1986 0.1986 0.1986 0.1986 0.1986 0.1986 0.1986 0.1986 0.1986 0.1986 0.1986 0.1986 
0.1986 0.1986 0.1986 0.1986 0.1986 0.1986 0.1986 0.1986 0.1986 0.1986 0.1986 0.1986 0.1986 0.1986 0.1986 0.1986 0.1986 0.1986 0.1986 0.1986 0.1986 0.1986 0.1986 0.1986 0.1986 0.1986 0.1986 0.1986 0.1986 0.1986 0.1986 0.1986 0.1986 0.1986 0.1986 0.1986 0.1986 0.1986 0.1986 0.1986 0.1986 0.1986 0.1986 0.1986 0.1986 0.1986 0.1986 0.1986 0.1986 0.1986 0.1986 0.1986 0.1986 0.1986 0.1986 0.1986 0.1986 0.1986 0.1986 0.1986 0.1986 
0.1986 0.1986 0.1986 0.1986 0.1986 0.1986 0.1986 0.1986 0.1986 0.1986 0.1986 0.1986 0.1986 0.1986 0.1986 0.1986 0.1986 0.1986 0.1986 0.1986 0.1986 0.1986 0.1986 0.1986 0.1986 0.1986 0.1986 0.1986 0.1986 0.1986 0.1986 0.1986 0.1986 0.1986 0.1986 0.1986 0.1986 0.1986 0.1986 0.1986 0.1986 0.1986 0.1986 0.1986 0.1986 0.1986 0.1986 0.1986 0.1986 0.1986 0.1986 0.1986 0.1986 0.1986 0.1986 0.1986 0.1986 0.1986 0.1986 0.1986 0.1986 
0.1986 0.1986 0.1986 0.1986 0.1986 0.1986 0.1986 0.1986 0.1986 0.1986 0.1986 0.1986 0.1986 0.1986 0.1986 0.1986 0.1986 0.1986 0.1986 0.1986 0.1986 0.1986 0.1986 0.1986 0.1986 0.1986 0.1986 0.1986 0.1986 0.1986 0.1986 0.1986 0.1986 0.1986 0.1986 0.1986 0.1986 0.1986 0.1986 0.1986 0.1986 0.1986 0.1986 0.1986 0.1986 0.1986 0.1986 0.1986 0.1986 0.1986 0.1986 0.1986 0.1986 0.1986 0.1986 0.1986 0.1986 0.1986 0.1986 0.1986 0.1986 
0.1986 0.1986 0.1986 0.1986 0.1986 0.1986 0.1986 0.1986 0.1986 0.1986 0.1986 0.1986 0.1986 0.1986 0.1986 0.1986 0.1986 0.1986 0.1986 0.1986 0.1986 0.1986 0.1986 0.1986 0.1986 0.1986 0.1986 0.1986 0.1986 0.1986 0.1986 0.1986 0.1986 0.1986 0.1986 0.1986 0.1986 0.1986 0.1986 0.1986 0.1986 0.1986 0.1986 0.1986 0.1986 0.1986 0.1986 0.1986 0.1986 0.1986 0.1986 0.1986 0.1986 0.1986 0.1986 0.1986 0.1986 0.1986 0.1986 0.1986 0.1986 
0.1986 0.1986 0.1986 0.1986 0.1986 0.1986 0.1986 0.1986 0.1986 0.1986 0.1986 0.1986 0.1986 0.1986 0.1986 0.1986 0.1986 0.1986 0.1986 0.1986 0.1986 0.1986 0.1986 0.1986 0.1986 0.1986 0.1986 0.1986 0.1986 0.1986 0.1986 0.1986 0.1986 0.1986 0.1986 0.1986 0.1986 0.1986 0.1986 0.1986 0.1986 0.1986 0.1986 0.1986 0.1986 0.1986 0.1986 0.1986 0.1986 0.1986 0.1986 0.1986 0.1986 0.1986 0.1986 0.1986 0.1986 0.1986 0.1986 0.1986 0.1986 
0.1986 0.1986 0.1986 0.1986 0.1986 0.1986 0.1986 0.1986 0.1986 0.1986 0.1986 0.1986 0.1986 0.1986 0.1986 0.1986 0.1986 0.1986 0.1986 0.1986 0.1986 0.1986 0.1986 0.1986 0.1986 0.1986 0.1986 0.1986 0.1986 0.1986 0.1986 0.1986 0.1986 0.1986 0.1986 0.1986 0.1986 0.1986 0.1986 0.1986 0.1986 0.1986 0.1986 0.1986 0.1986 0.1986 0.1986 0.1986 0.1986 0.1986 0.1986 0.1986 0.1986 0.1986 0.1986 0.1986 0.1986 0.1986 0.1986 0.1986 0.1986 
0.1986 0.1986 0.1986 0.1986 0.1986 0.1986 0.1986 0.1986 0.1986 0.1986 0.1986 0.1986 0.1986 0.1986 0.1986 0.1986 0.1986 0.1986 0.1986 0.1986 0.1986 0.1986 0.1986 0.1986 0.1986 0.1986 0.1986 0.1986 0.1986 0.1986 0.1986 0.1986 0.1986 0.1986 0.1986 0.1986 0.1986 0.1986 0.1986 0.1986 0.1986 0.1986 0.1986 0.1986 0.1986 0.1986 0.1986 0.1986 0.1986 0.1986 0.1986 0.1986 0.1986 0.1986 0.1986 0.1986 0.1986 0.1986 0.1986 0.1986 0.1986 
SCALARS conc_Ni double 1
LOOKUP_TABLE default
0.8014 0.8014 0.8014 0.8014 0.8014 0.8014 0.8014 0.8014 0.8014 0.8014 0.8014 0.8014 0.8014 0.8014 0.8014 0.8014 0.8014 0.8014 0.8014 0.8014 0.8014 0.8014 0.8014 0.8014 0.8014 0.8014 0.8014 0.8014 0.8014 0.8014 0.8014 0.8014 0.8014 0.8014 0.8014 0.8014 0.8014 0.8014 0.8014 0.8014 0.8014 0.8014 0.8014 0.8014 0.8014 0.8014 0.8014 0.8014 0.8014 0.8014 0.8014 0.8014 0.8014 0.8014 0.8014 0.8014 0.8014 0.8014 0.8014 0.8014 0.8014 
0.8014 0.8014 0.8014 0.8014 0.8014 0.8014 0.8014 0.8014 0.8014 0.8014 0.8014 0.8014 0.8014 0.8014 0.8014 0.8014 0.8014 0.8014 0.8014 0.8014 0.8014 0.8014 0.8014 0.8014 0.8014 0.8014 0.8014 0.8014 0.8014 0.8014 0.8014 0.8014 0.8014 0.8014 0.8014 0.8014 0.8014 0.8014 0.8014 0.8014 0.8014 0.8014 0.8014 0.8014 0.8014 0.8014 0.8014 0.8014 0.8014 0.8014 0.8014 0.8014 0.8014 0.8014 0.8014 0.8014 0.8014 0.8014 0.8014 0.8014 0.8014 
0.8014 0.8014 0.8014 0.8014 0.8014 0.8014 0.8014 0.8014 0.8014 0.8014 0.8014 0.8014 0.8014 0.8014 0.8014 0.8014 0.8014 0.8014 0.8014 0.8014 0.8014 0.8014 0.8014 0.8014 0.8014 0.8014 0.8014 0.8014 0.8014 0.8014 0.8014 0.8014 0.8014 0.8014 0.8014 0.8014 0.8014 0.8014 0.8014 0.8014 0.8014 0.8014 0.8014 0.8014 0.8014 0.8014 0.8014 0.8014 0.8014 0.8014 0.8014 0.8014 0.8014 0.8014 0.8014 0.8014 0.8014 0.8014 0.8014 0.8014 0.8014 
0.8014 0.8014 0.8014 0.8014 0.8014 0.8014 0.8014 0.8014 0.8014 0.8014 0.8014 0.8014 0.8014 0.8014 0.8014 0.8014 0.8014 0.8014 0.8014 0.8014 0.8014 0.8014 0.8014 0.8014 0.8014 0.8014 0.8014 0.8014 0.8014 0.8014 0.8014 0.8014 0.8014 0.8014 0.8014 0.8014 0.8014 0.8014 0.8014 0.8014 0.8014 0.8014 0.8014 0.8014 0.8014 0.8014 0.8014 0.8014 0.8014 0.8014 0.8014 0.8014 0.8014 0.8014 0.8014 0.8014 0.8014 0.8014 0.8014 0.8014 0.8014 
0.8014 0.8014 0.8014 0.8014 0.8014 0.8014 0.8014 0.8014 0.8014 0.8014 0.8014 0.8014 0.8014 0.8014 0.8014 0.8014 0.8014 0.8014 0.8014 0.8014 0.8014 0.8014 0.8014 0.8014 0.8014 0.8014 0.8014 0.8014 0.8014 0.8014 0.8014 0.8014 0.8014 0.8014 0.8014 0.8014 0.8014 0.8014 0.8014 0.8014 0.8014 0.8014 0.8014 0.8014 0.8014 0.8014 0.8014 0.8014 0.8014 0.8014 0.8014 0.8014 0.8014 0.8014 0.8014 0.8014 0.8014 0.8014 0.8014 0.8014 0.8014 
0.8014 0.8014 0.8014 0.8014 0.8014 0.8014 0.8014 0.8014 0.8014 0.8014 0.8014 0.8014 0.8014 0.8014 0.8014 0.8014 0.8014 0.8014 0.8014 0.8014 0.8014 0.8014 0.8014 0.8014 0.8014 0.8014 0.8014 0.8014 0.8014 0.8014 0.8014 0.8014 0.8014 0.8014 0.8014 0.8014 0.8014 0.8014 0.8014 0.8014 0.8014 0.8014 0.8014 0.8014 0.8014 0.8014 0.8014 0.8014 0.8014 0.8014 0.8014 0.8014 0.8014 0.8014 0.8014 0.8014 0.8014 0.8014 0.8014 0.8014 0.8014 
0.8014 0.8014 0.8014 0.8014 0.8014 0.8014 0.8014 0.8014 0.8014 0.8014 0.8014 0.8014 0.8014 0.8014 0.8014 0.8014 0.8014 0.8014 0.8014 0.8014 0.8014 0.8014 0.8014 0.8014 0.8014 0.8014 0.8014 0.8014 0.8014 0.8014 0.8014 0.8014 0.8014 0.8014 0.8014 0.8014 0.8014 0.8014 0.8014 0.8014 0.8014 0.8014 0.8014 0.8014 0.8014 0.8014 0.8014 0.8014 0.8014 0.8014 0.8014 0.8014 0.8014 0.8014 0.8014 0.8014 0.8014 0.8014 0.8014 0.8014 0.8014 
0.8014 0.8014 0.8014 0.8014 0.8014 0.8014 0.8014 0.8014 0.8014 0.8014 0.8014 0.8014 0.8014 0.8014 0.8014 0.8014 0.8014 0.8014 0.8014 0.8014 0.8014 0.8014 0.8014 0.8014 0.8014 0.8014 0.8014 0.8014 0.8014 0.8014 0.8014 0.8014 0.8014 0.8014 0.8014 0.8014 0.8014 0.8014 0.8014 0.8014 0.8014 0.8014 0.8014 0.8014 0.8014 0.8014 0.8014 0.8014 0.8014 0.8014 0.8014 0.8014 0.8014 0.8014 0.8014 0.8014 0.8014 0.8014 0.8014 0.8014 0.8014 
0.8014 0.8014 0.8014 0.8014 0.8014 0.8014 0.8014 0.8014 0.8014 0.8014 0.8014 0.8014 0.8014 0.8014 0.8014 0.8014 0.8014 0.8014 0.8014 0.8014 0.8014 0.8014 0.8014 0.8014 0.8014 0.8014 0.8014 0.8014 0.8014 0.8014 0.8014 0.8014 0.8014 0.8014 0.8014 0.8014 0.8014 0.8014 0.8014 0.8014 0.8014 0.8014 0.8014 0.8014 0.8014 0.8014 0.8014 0.8014 0.8014 0.8014 0.8014 0.8014 0.8014 0.8014 0.8014 0.8014 0.8014 0.8014 0.8014 0.8014 0.8014 
0.8014 0.8014 0.8014 0.8014 0.8014 0.8014 0.8014 0.8014 0.8014 0.8014 0.8014 0.8014 0.8014 0.8014 0.8014 0.8014 0.8014 0.8014 0.8014 0.8014 0.8014 0.8014 0.8014 0.8014 0.8014 0.8014 0.8014 0.8014 0.8014 0.8014 0.8014 0.8014 0.8014 0.8014 0.8014 0.8014 0.8014 0.8014 0.8014 0.8014 0.8014 0.8014 0.8014 0.8014 0.8014 0.8014 0.8014 0.8014 0.8014 0.8014 0.8014 0.8014 0.8014 0.8014 0.8014 0.8014 0.8014 0.8014 0.8014 0.8014 0.8014 
0.8014 0.8014 0.8014 0.8014 0.8014 0.8014 0.8014 0.8014 0.8014 0.8014 0.8014 0.8014 0.8014 0.8014 0.8014 0.8014 0.8014 0.8014 0.8014 0.8014 0.8014 0.8014 0.8014 0.8014 0.8014 0.8014 0.8014 0.8014 0.8014 0.8014 0.8014 0.8014 0.8014 0.8014 0.8014 0.8014 0.8014 0.8014 0.8014 0.8014 0.8014 0.8014 0.8014 0.8014 0.8014 0.8014 0.8014 0.8014 0.8014 0.8014 0.8014 0.8014 0.8014 0.8014 0.8014 0.8014 0.8014 0.8014 0.8014 0.8014 0.8014 
0.8014 0.8014 0.8014 0.8014 0.8014 0.8014 0.8014 0.8014 0.8014 0.8014 0.8014 0.8014 0.8014 0.8014 0.8014 0.8014 0.8014 0.8014 0.8014 0.8014 0.8014 0.8014 0.8014 0.8014 0.8014 0.8014 0.8014 0.8014 0.8014 0.8014 0.8014 0.8014 0.8014 0.8014 0.8014 0.8014 0.8014 0.8014 0.8014 0.8014 0.8014 0.8014 0.8014 0.8014 0.8014 0.8014 0.8014 0.8014 0.8014 0.8014 0.8014 0.8014 0.8014 0.8014 0.8014 0.8014 0.8014 0.8014 0.8014 0.8014 0.8014 
0.8014 0.8014 0.8014 0.8014 0.8014 0.8014 0.8014 0.8014 0.8014 0.8014 0.8014 0.8014 0.8014 0.8014 0.8014 0.8014 0.8014 0.8014 0.8014 0.8014 0.8014 0.8014 0.8014 0.8014 0.8014 0.8014 0.8014 0.8014 0.8014 0.8014 0.8014 0.8014 0.8014 0.8014 0.8014 0.8014 0.8014 0.8014 0.8014 0.8014 0.8014 0.8014 0.8014 0.8014 0.8014 0.8014 0.8014 0.8014 0.8014 0.8014 0.8014 0.8014 0.8014 0.8014 0.8014 0.8014 0.8014 0.8014 0.8014 0.8014 0.8014 
0.8014 0.8014 0.8014 0.8014 0.8014 0.8014 0.8014 0.8014 0.8014 0.8014 0.8014 0.8014 0.8014 0.8014 0.8014 0.8014 0.8014 0.8014 0.8014 0.8014 0.8014 0.8014 0.8014 0.8014 0.8014 0.8014 0.8014 0.8014 0.8014 0.8014 0.8014 0.8014 0.8014 0.8014 0.8014 0.8014 0.8014 0.8014 0.8014 0.8014 0.8014 0.8014 0.8014 0.8014 0.8014 0.8014 0.8014 0.8014 0.8014 0.8014 0.8014 0.8014 0.8014 0.8014 0.8014 0.8014 0.8014 0.8014 0.8014 0.8014 0.8014 
0.8014 0.8014 0.8014 0.8014 0.8014 0.8014 0.8014 0.8014 0.8014 0.8014 0.8014 0.8014 0.8014 0.8014 0.8014 0.8014 0.8014 0.8014 0.8014 0.8014 0.8014 0.8014 0.8014 0.8014 0.8014 0.8014 0.8014 0.8014 0.8014 0.8014 0.8014 0.8014 0.8014 0.8014 0.8014 0.8014 0.8014 0.8014 0.8014 0.8014 0.8014 0.8014 0.8014 0.8014 0.8014 0.8014 0.8014 0.8014 0.8014 0.8014 0.8014 0.8014 0.8014 0.8014 0.8014 0.8014 0.8014 0.8014 0.8014 0.8014 0.8014 
0.8014 0.8014 0.8014 0.8014 0.8014 0.8014 0.8014 0.8014 0.8014 0.8014 0.8014 0.8014 0.8014 0.8014 0.8014 0.8014 0.8014 0.8014 0.8014 0.8014 0.8014 0.8014 0.8014 0.8014 0.8014 0.8014 0.8014 0.8014 0.8014 0.8014 0.8014 0.8014 0.8014 0.8014 0.8014 0.8014 0.8014 0.8014 0.8014 0.8014 0.8014 0.8014 0.8014 0.8014 0.8014 0.8014 0.8014 0.8014 0.8014 0.8014 0.8014 0.8014 0.8014 0.8014 0.8014 0.8014 0.8014 0.8014 0.8014 0.8014 0.8014 
0.8014 0.8014 0.8014 0.8014 0.8014 0.8014 0.8014 0.8014 0.8014 0.8014 0.8014 0.8014 0.8014 0.8014 0.8014 0.8014 0.8014 0.8014 0.8014 0.8014 0.8014 0.8014 0.8014 0.8014 0.8014 0.8014 0.8014 0.8014 0.8014 0.8014 0.8014 0.8014 0.8014 0.8014 0.8014 0.8014 0.8014 0.8014 0.8014 0.8014 0.8014 0.8014 0.8014 0.8014 0.8014 0.8014 0.8014 0.8014 0.8014 0.8014 0.8014 0.8014 0.8014 0.8014 0.8014 0.8014 0.8014 0.8014 0.8014 0.8014 0.8014 
0.8014 0.8014 0.8014 0.8014 0.8014 0.8014 0.8014 0.8014 0.8014 0.8014 0.8014 0.8014 0.8014 0.8014 0.8014 0.8014 0.8014 0.8014 0.8014 0.8014 0.8014 0.8014 0.8014 0.8014 0.8014 0.8014 0.8014 0.8014 0.8014 0.8014 0.8014 0.8014 0.8014 0.8014 0.8014 0.8014 0.8014 0.8014 0.8014 0.8014 0.8014 0.8014 0.8014 0.8014 0.8014 0.8014 0.8014 0.8014 0.8014 0.8014 0.8014 0.8014 0.8014 0.8014 0.8014 0.8014 0.8014 0.8014 0.8014 0.8014 0.8014 
0.8014 0.8014 0.8014 0.8014 0.8014 0.8014 0.8014 0.8014 0.8014 0.8014 0.8014 0.8014 0.8014 0.8014 0.8014 0.8014 0.8014 0.8014 0.8014 0.8014 0.8014 0.8014 0.8014 0.8014 0.8014 0.8014 0.8014 0.8014 0.8014 0.8014 0.8014 0.8014 0.8014 0.8014 0.8014 0.8014 0.8014 0.8014 0.8014 0.8014 0.8014 0.8014 0.8014 0.8014 0.8014 0.8014 0.8014 0.8014 0.8014 0.8014 0.8014 0.8014 0.8014 0.8014 0.8014 0.8014 0.8014 0.8014 0.8014 0.8014 0.8014 
0.8014 0.8014 0.8014 0.8014 0.8014 0.8014 0.8014 0.8014 0.8014 0.8014 0.8014 0.8014 0.8014 0.8014 0.8014 0.8014 0.8014 0.8014 0.8014 0.8014 0.8014 0.8014 0.8014 0.8014 0.8014 0.8014 0.8014 0.8014 0.8014 0.8014 0.8014 0.8014 0.8014 0.8014 0.8014 0.8014 0.8014 0.8014 0.8014 0.8014 0.8014 0.8014 0.8014 0.8014 0.8014 0.8014 0.8014 0.8014 0.8014 0.8014 0.8014 0.8014 0.8014 0.8014 0.8014 0.8014 0.8014 0.8014 0.8014 0.8014 0.8014 
0.8014 0.8014 0.8014 0.8014 0.8014 0.8014 0.8014 0.8014 0.8014 0.8014 0.8014 0.8014 0.8014 0.8014 0.8014 0.8014 0.8014 0.8014 0.8014 0.8014 0.8014 0.8014 0.8014 0.8014 0.8014 0.8014 0.8014 0.8014 0.8014 0.8014 0.8014 0.8014 0.8014 0.8014 0.8014 0.8014 0.8014 0.8014 0.8014 0.8014 0.8014 0.8014 0.8014 0.8014 0.8014 0.8014 0.8014 0.8014 0.8014 0.8014 0.8014 0.8014 0.8014 0.8014 0.8014 0.8014 0.8014 0.8014 0.8014 0.8014 0.8014 
0.8014 0.8014 0.8014 0.8014 0.8014 0.8014 0.8014 0.8014 0.8014 0.8014 0.8014 0.8014 0.8014 0.8014 0.8014 0.8014 0.8014 0.8014 0.8014 0.8014 0.8014 0.8014 0.8014 0.8014 0.8014 0.8014 0.8014 0.8014 0.8014 0.8014 0.8014 0.8014 0.8014 0.8014 0.8014 0.8014 0.8014 0.8014 0.8014 0.8014 0.8014 0.8014 0.8014 0.8014 0.8014 0.8014 0.8014 0.8014 0.8014 0.8014 0.8014 0.8014 0.8014 0.8014 0.8014 0.8014 0.8014 0.8014 0.8014 0.8014 0.8014 
0.8014 0.8014 0.8014 0.8014 0.8014 0.8014 0.8014 0.8014 0.8014 0.8014 0.8014 0.8014 0.8014 0.8014 0.8014 0.8014 0.8014 0.8014 0.8014 0.8014 0.8014 0.8014 0.8014 0.8014 0.8014 0.8014 0.8014 0.8014 0.8014 0.8014 0.8014 0.8014 0.8014 0.8014 0.8014 0.8014 0.8014 0.8014 0.8014 0.8014 0.8014 0.8014 0.8014 0.8014 0.8014 0.8014 0.8014 0.8014 0.8014 0.8014 0.8014 0.8014 0.8014 0.8014 0.8014 0.8014 0.8014 0.8014 0.8014 0.8014 0.8014 
0.8014 0.8014 0.8014 0.8014 0.8014 0.8014 0.8014 0.8014 0.8014 0.8014 0.8014 0.8014 0.8014 0.8014 0.8014 0.8014 0.8014 0.8014 0.8014 0.8014 0.8014 0.8014 0.8014 0.8014 0.8014 0.8014 0.8014 0.8014 0.8014 0.8014 0.8014 0.8014 0.8014 0.8014 0.8014 0.8014 0.8014 0.8014 0.8014 0.8014 0.8014 0.8014 0.8014 0.8014 0.8014 0.8014 0.8014 0.8014 0.8014 0.8014 0.8014 0.8014 0.8014 0.8014 0.8014 0.8014 0.8014 0.8014 0.8014 0.8014 0.8014 
0.8014 0.8014 0.8014 0.8014 0.8014 0.8014 0.8014 0.8014 0.8014 0.8014 0.8014 0.8014 0.8014 0.8014 0.8014 0.8014 0.8014 0.8014 0.8014 0.8014 0.8014 0.8014 0.8014 0.8014 0.8014 0.8014 0.8014 0.8014 0.8014 0.8014 0.8014 0.8014 0.8014 0.8014 0.8014 0.8014 0.8014 0.8014 0.8014 0.8014 0.8014 0.8014 0.8014 0.8014 0.8014 0.8014 0.8014 0.8014 0.8014 0.8014 0.8014 0.8014 0.8014 0.8014 0.8014 0.8014 0.8014 0.8014 0.8014 0.8014 0.8014 
0.8014 0.8014 0.8014 0.8014 0.8014 0.8014 0.8014 0.8014 0.8014 0.8014 0.8014 0.8014 0.8014 0.8014 0.8014 0.8014 0.8014 0.8014 0.8014 0.8014 0.8014 0.8014 0.8014 0.8014 0.8014 0.8014 0.8014 0.8014 0.08021881999999997 0.08021881999999997 0.08021881999999997 0.08021881999999997 0.08021881999999997 0.8014 0.8014 0.8014 0.8014 0.8014 0.8014 0.8014 0.8014 0.8014 0.8014 0.8014 0.8014 0.8014 0.8014 0.8014 0.8014 0.8014 0.8014 0.8014 0.8014 0.8014 0.8014 0.8014 0.8014 0.8014 0.8014 0.8014 0.8014 
0.8014 0.8014 0.8014 0.8014 0.8014 0.8014 0.8014 0.8014 0.8014 0.8014 0.8014 0.8014 0.8014 0.8014 0.8014 0.8014 0.8014 0.8014 0.8014 0.8014 0.8014 0.8014 0.8014 0.8014 0.8014 0.8014 0.8014 0.08021881999999997 0.08021881999999997 0.08021881999999997 0.08021881999999997 0.08021881999999997 0.08021881999999997 0.08021881999999997 0.8014 0.8014 0.8014 0.8014 0.8014 0.8014 0.8014 0.8014 0.8014 0.8014 0.8014 0.8014 0.8014 0.8014 0.8014 0.8014 0.8014 0.8014 0.8014 0.8014 0.8014 0.8014 0.8014 0.8014 0.8014 0.8014 0.8014 
0.8014 0.8014 0.8014 0.8014 0.8014 0.8014 0.8014 0.8014 0.8014 0.8014 0.8014 0.8014 0.8014 0.8014 0.8014 0.8014 0.8014 0.8014 0.8014 0.8014 0.8014 0.8014 0.8014 0.8014 0.8014 0.8014 0.08021881999999997 0.08021881999999997 0.08021881999999997 0.08021881999999997 0.08021881999999997 0.08021881999999997 0.08021881999999997 0.08021881999999997 0.08021881999999997 0.8014 0.8014 0.8014 0.8014 0.8014 0.8014 0.8014 0.8014 0.8014 0.8014 0.8014 0.8014 0.8014 0.8014 0.8014 0.8014 0.8014 0.8014 0.8014 0.8014 0.8014 0.8014 0.8014 0.8014 0.8014 0.8014 
0.8014 0.8014 0.8014 0.8014 0.8014 0.8014 0.8014 0.8014 0.8014 0.8014 0.8014 0.8014 0.8014 0.8014 0.8014 0.8014 0.8014 0.8014 0.8014 0.8014 0.8014 0.8014 0.8014 0.8014 0.8014 0.08021881999999997 0.08021881999999997 0.08021881999999997 0.08021881999999997 0.08021881999999997 0.08021881999999997 0.08021881999999997 0.08021881999999997 0.08021881999999997 0.08021881999999997 0.08021881999999997 0.8014 0.8014 0.8014 0.8014 0.8014 0.8014 0.8014 0.8014 0.8014 0.8014 0.8014 0.8014 0.8014 0.8014 0.8014 0.8014 0.8014 0.8014 0.8014 0.8014 0.8014 0.8014 0.8014 0.8014 0.8014 
0.8014 0.8014 0.8014 0.8014 0.8014 0.8014 0.8014 0.8014 0.8014 0.8014 0.8014 0.8014 0.8014 0.8014 0.8014 0.8014 0.8014 0.8014 0.8014 0.8014 0.8014 0.8014 0.8014 0.8014 0.8014 0.08021881999999997 0.08021881999999997 0.08021881999999997 0.08021881999999997 0.08021881999999997 0.08021881999999997 0.08021881999999997 0.08021881999999997 0.08021881999999997 0.08021881999999997 0.08021881999999997 0.8014 0.8014 0.8014 0.8014 0.8014 0.8014 0.8014 0.8014 0.8014 0.8014 0.8014 0.8014 0.8014 0.8014 0.8014 0.8014 0.8014 0.8014 0.8014 0.8014 0.8014 0.8014 0.8014 0.8014 0.8014 
0.8014 0.8014 0.8014 0.8014 0.8014 0.8014 0.8014 0.8014 0.8014 0.8014 0.8014 0.8014 0.8014 0.8014 0.8014 0.8014 0.8014 0.8014 0.8014 0.8014 0.8014 0.8014 0.8014 0.8014 0.8014 0.08021881999999997 0.08021881999999997 0.08021881999999997 0.08021881999999997 0.08021881999999997 0.08021881999999997 0.08021881999999997 0.08021881999999997 0.08021881999999997 0.08021881999999997 0.08021881999999997 0.8014 0.8014 0.8014 0.8014 0.8014 0.8014 0.8014 0.8014 0.8014 0.8014 0.8014 0.8014 0.8014 0.8014 0.8014 0.8014 0.8014 0.8014 0.8014 0.8014 0.8014 0.8014 0.8014 0.8014 0.8014 
0.8014 0.8014 0.8014 0.8014 0.8014 0.8014 0.8014 0.8014 0.8014 0.8014 0.8014 0.8014 0.8014 0.8014 0.8014 0.8014 0.8014 0.8014 0.8014 0.8014 0.8014 0.8014 0.8014 0.8014 0.8014 0.08021881999999997 0.08021881999999997 0.08021881999999997 0.08021881999999997 0.08021881999999997 0.08021881999999997 0.08021881999999997 0.08021881999999997 0.08021881999999997 0.08021881999999997 0.08021881999999997 0.8014 0.8014 0.8014 0.8014 0.8014 0.8014 0.8014 0.8014 0.8014 0.8014 0.8014 0.8014 0.8014 0.8014 0.8014 0.8014 0.8014 0.8014 0.8014 0.8014 0.8014 0.8014 0.8014 0.8014 0.8014 
0.8014 0.8014 0.8014 0.8014 0.8014 0.8014 0.8014 0.8014 0.8014 0.8014 0.8014 0.8014 0.8014 0.8014 0.8014 0.8014 0.8014 0.8014 0.8014 0.8014 0.8014 0.8014 0.8014 0.8014 0.8014 0.08021881999999997 0.08021881999999997 0.08021881999999997 0.08021881999999997 0.08021881999999997 0.08021881999999997 0.08021881999999997 0.08021881999999997 0.08021881999999997 0.08021881999999997 0.08021881999999997 0.8014 0.8014 0.8014 0.8014 0.8014 0.8014 0.8014 0.8014 0.8014 0.8014 0.8014 0.8014 0.8014 0.8014 0.8014 0.8014 0.8014 0.8014 0.8014 0.8014 0.8014 0.8014 0.8014 0.8014 0.8014 
0.8014 0.8014 0.8014 0.8014 0.8014 0.8014 0.8014 0.8014 0.8014 0.8014 0.8014 0.8014 0.8014 0.8014 0.8014 0.8014 0.8014 0.8014 0.8014 0.8014 0.8014 0.8014 0.8014 0.8014 0.8014 0.8014 0.08021881999999997 0.08021881999999997 0.08021881999999997 0.08021881999999997 0.08021881999999997 0.08021881999999997 0.08021881999999997 0.08021881999999997 0.08021881999999997 0.8014 0.8014 0.8014 0.8014 0.8014 0.8014 0.8014 0.8014 0.8014 0.8014 0.8014 0.8014 0.8014 0.8014 0.8014 0.8014 0.8014 0.8014 0.8014 0.8014 0.8014 0.8014 0.8014 0.8014 0.8014 0.8014 
0.8014 0.8014 0.8014 0.8014 0.8014 0.8014 0.8014 0.8014 0.8014 0.8014 0.8014 0.8014 0.8014 0.8014 0.8014 0.8014 0.8014 0.8014 0.8014 0.8014 0.8014 0.8014 0.8014 0.8014 0.8014 0.8014 0.8014 0.08021881999999997 0.08021881999999997 0.08021881999999997 0.08021881999999997 0.08021881999999997 0.08021881999999997 0.08021881999999997 0.8014 0.8014 0.8014 0.8014 0.8014 0.8014 0.8014 0.8014 0.8014 0.8014 0.8014 0.8014 0.8014 0.8014 0.8014 0.8014 0.8014 0.8014 0.8014 0.8014 0.8014 0.8014 0.8014 0.8014 0.8014 0.8014 0.8014 
0.8014 0.8014 0.8014 0.8014 0.8014 0.8014 0.8014 0.8014 0.8014 0.8014 0.8014 0.8014 0.8014 0.8014 0.8014 0.8014 0.8014 0.8014 0.8014 0.8014 0.8014 0.8014 0.8014 0.8014 0.8014 0.8014 0.8014 0.8014 0.08021881999999997 0.08021881999999997 0.08021881999999997 0.08021881999999997 0.08021881999999997 0.8014 0.8014 0.8014 0.8014 0.8014 0.8014 0.8014 0.8014 0.8014 0.8014 0.8014 0.8014 0.8014 0.8014 0.8014 0.8014 0.8014 0.8014 0.8014 0.8014 0.8014 0.8014 0.8014 0.8014 0.8014 0.8014 0.8014 0.8014 
0.8014 0.8014 0.8014 0.8014 0.8014 0.8014 0.8014 0.8014 0.8014 0.8014 0.8014 0.8014 0.8014 0.8014 0.8014 0.8014 0.8014 0.8014 0.8014 0.8014 0.8014 0.8014 0.8014 0.8014 0.8014 0.8014 0.8014 0.8014 0.8014 0.8014 0.8014 0.8014 0.8014 0.8014 0.8014 0.8014 0.8014 0.8014 0.8014 0.8014 0.8014 0.8014 0.8014 0.8014 0.8014 0.8014 0.8014 0.8014 0.8014 0.8014 0.8014 0.8014 0.8014 0.8014 0.8014 0.8014 0.8014 0.8014 0.8014 0.8014 0.8014 
0.8014 0.8014 0.8014 0.8014 0.8014 0.8014 0.8014 0.8014 0.8014 0.8014 0.8014 0.8014 0.8014 0.8014 0.8014 0.8014 0.8014 0.8014 0.8014 0.8014 0.8014 0.8014 0.8014 0.8014 0.8014 0.8014 0.8014 0.8014 0.8014 0.8014 0.8014 0.8014 0.8014 0.8014 0.8014 0.8014 0.8014 0.8014 0.8014 0.8014 0.8014 0.8014 0.8014 0.8014 0.8014 0.8014 0.8014 0.8014 0.8014 0.8014 0.8014 0.8014 0.8014 0.8014 0.8014 0.8014 0.8014 0.8014 0.8014 0.8014 0.8014 
0.8014 0.8014 0.8014 0.8014 0.8014 0.8014 0.8014 0.8014 0.8014 0.8014 0.8014 0.8014 0.8014 0.8014 0.8014 0.8014 0.8014 0.8014 0.8014 0.8014 0.8014 0.8014 0.8014 0.8014 0.8014 0.8014 0.8014 0.8014 0.8014 0.8014 0.8014 0.8014 0.8014 0.8014 0.8014 0.8014 0.8014 0.8014 0.8014 0.8014 0.8014 0.8014 0.8014 0.8014 0.8014 0.8014 0.8014 0.8014 0.8014 0.8014 0.8014 0.8014 0.8014 0.8014 0.8014 0.8014 0.8014 0.8014 0.8014 0.8014 0.8014 
0.8014 0.8014 0.8014 0.8014 0.8014 0.8014 0.8014 0.8014 0.8014 0.8014 0.8014 0.8014 0.8014 0.8014 0.8014 0.8014 0.8014 0.8014 0.8014 0.8014 0.8014 0.8014 0.8014 0.8014 0.8014 0.8014 0.8014 0.8014 0.8014 0.8014 0.8014 0.8014 0.8014 0.8014 0.8014 0.8014 0.8014 0.8014 0.8014 0.8014 0.8014 0.8014 0.8014 0.8014 0.8014 0.8014 0.8014 0.8014 0.8014 0.8014 0.8014 0.8014 0.8014 0.8014 0.8014 0.8014 0.8014 0.8014 0.8014 0.8014 0.8014 
0.8014 0.8014 0.8014 0.8014 0.8014 0.8014 0.8014 0.8014 0.8014 0.8014 0.8014 0.8014 0.8014 0.8014 0.8014 0.8014 0.8014 0.8014 0.8014 0.8014 0.8014 0.8014 0.8014 0.8014 0.8014 0.8014 0.8014 0.8014 0.8014 0.8014 0.8014 0.8014 0.8014 0.8014 0.8014 0.8014 0.8014 0.8014 0.8014 0.8014 0.8014 0.8014 0.8014 0.8014 0.8014 0.8014 0.8014 0.8014 0.8014 0.8014 0.8014 0.8014 0.8014 0.8014 0.8014 0.8014 0.8014 0.8014 0.8014 0.8014 0.8014 
0.8014 0.8014 0.8014 0.8014 0.8014 0.8014 0.8014 0.8014 0.8014 0.8014 0.8014 0.8014 0.8014 0.8014 0.8014 0.8014 0.8014 0.8014 0.8014 0.8014 0.8014 0.8014 0.8014 0.8014 0.8014 0.8014 0.8014 0.8014 0.8014 0.8014 0.8014 0.8014 0.8014 0.8014 0.8014 0.8014 0.8014 0.8014 0.8014 0.8014 0.8014 0.8014 0.8014 0.8014 0.8014 0.8014 0.8014 0.8014 0.8014 0.8014 0.8014 0.8014 0.8014 0.8014 0.8014 0.8014 0.8014 0.8014 0.8014 0.8014 0.8014 
0.8014 0.8014 0.8014 0.8014 0.8014 0.8014 0.8014 0.8014 0.8014 0.8014 0.8014 0.8014 0.8014 0.8014 0.8014 0.8014 0.8014 0.8014 0.8014 0.8014 0.8014 0.8014 0.8014 0.8014 0.8014 0.8014 0.8014 0.8014 0.8014 0.8014 0.8014 0.8014 0.8014 0.8014 0.8014 0.8014 0.8014 0.8014 0.8014 0.8014 0.8014 0.8014 0.8014 0.8014 0.8014 0.8014 0.8014 0.8014 0.8014 0.8014 0.8014 0.8014 0.8014 0.8014 0.8014 0.8014 0.8014 0.8014 0.8014 0.8014 0.8014 
0.8014 0.8014 0.8014 0.8014 0.8014 0.8014 0.8014 0.8014 0.8014 0.8014 0.8014 0.8014 0.8014 0.8014 0.8014 0.8014 0.8014 0.8014 0.8014 0.8014 0.8014 0.8014 0.8014 0.8014 0.8014 0.8014 0.8014 0.8014 0.8014 0.8014 0.8014 0.8014 0.8014 0.8014 0.8014 0.8014 0.8014 0.8014 0.8014 0.8014 0.8014 0.8014 0.8014 0.8014 0.8014 0.8014 0.8014 0.8014 0.8014 0.8014 0.8014 0.8014 0.8014 0.8014 0.8014 0.8014 0.8014 0.8014 0.8014 0.8014 0.8014 
0.8014 0.8014 0.8014 0.8014 0.8014 0.8014 0.8014 0.8014 0.8014 0.8014 0.8014 0.8014 0.8014 0.8014 0.8014 0.8014 0.8014 0.8014 0.8014 0.8014 0.8014 0.8014 0.8014 0.8014 0.8014 0.8014 0.8014 0.8014 0.8014 0.8014 0.8014 0.8014 0.8014 0.8014 0.8014 0.8014 0.8014 0.8014 0.8014 0.8014 0.8014 0.8014 0.8014 0.8014 0.8014 0.8014 0.8014 0.8014 0.8014 0.8014 0.8014 0.8014 0.8014 0.8014 0.8014 0.8014 0.8014 0.8014 0.8014 0.8014 0.8014 
0.8014 0.8014 0.8014 0.8014 0.8014 0.8014 0.8014 0.8014 0.8014 0.8014 0.8014 0.8014 0.8014 0.8014 0.8014 0.8014 0.8014 0.8014 0.8014 0.8014 0.8014 0.8014 0.8014 0.8014 0.8014 0.8014 0.8014 0.8014 0.8014 0.8014 0.8014 0.8014 0.8014 0.8014 0.8014 0.8014 0.8014 0.8014 0.8014 0.8014 0.8014 0.8014 0.8014 0.8014 0.8014 0.8014 0.8014 0.8014 0.8014 0.8014 0.8014 0.8014 0.8014 0.8014 0.8014 0.8014 0.8014 0.8014 0.8014 0.8014 0.8014 
0.8014 0.8014 0.8014 0.8014 0.8014 0.8014 0.8014 0.8014 0.8014 0.8014 0.8014 0.8014 0.8014 0.8014 0.8014 0.8014 0.8014 0.8014 0.8014 0.8014 0.8014 0.8014 0.8014 0.8014 0.8014 0.8014 0.8014 0.8014 0.8014 0.8014 0.8014 0.8014 0.8014 0.8014 0.8014 0.8014 0.8014 0.8014 0.8014 0.8014 0.8014 0.8014 0.8014 0.8014 0.8014 0.8014 0.8014 0.8014 0.8014 0.8014 0.8014 0.8014 0.8014 0.8014 0.8014 0.8014 0.8014 0.8014 0.8014 0.8014 0.8014 
0.8014 0.8014 0.8014 0.8014 0.8014 0.8014 0.8014 0.8014 0.8014 0.8014 0.8014 0.8014 0.8014 0.8014 0.8014 0.8014 0.8014 0.8014 0.8014 0.8014 0.8014 0.8014 0.8014 0.8014 0.8014 0.8014 0.8014 0.8014 0.8014 0.8014 0.8014 0.8014 0.8014 0.8014 0.8014 0.8014 0.8014 0.8014 0.8014 0.8014 0.8014 0.8014 0.8014 0.8014 0.8014 0.8014 0.8014 0.8014 0.8014 0.8014 0.8014 0.8014 0.8014 0.8014 0.8014 0.8014 0.8014 0.8014 0.8014 0.8014 0.8014 
0.8014 0.8014 0.8014 0.8014 0.8014 0.8014 0.8014 0.8014 0.8014 0.8014 0.8014 0.8014 0.8014 0.8014 0.8014 0.8014 0.8014 0.8014 0.8014 0.8014 0.8014 0.8014 0.8014 0.8014 0.8014 0.8014 0.8014 0.8014 0.8014 0.8014 0.8014 0.8014 0.8014 0.8014 0.8014 0.8014 0.8014 0.8014 0.8014 0.8014 0.8014 0.8014 0.8014 0.8014 0.8014 0.8014 0.8014 0.8014 0.8014 0.8014 0.8014 0.8014 0.8014 0.8014 0.8014 0.8014 0.8014 0.8014 0.8014 0.8014 0.8014 
0.8014 0.8014 0.8014 0.8014 0.8014 0.8014 0.8014 0.8014 0.8014 0.8014 0.8014 0.8014 0.8014 0.8014 0.8014 0.8014 0.8014 0.8014 0.8014 0.8014 0.8014 0.8014 0.8014 0.8014 0.8014 0.8014 0.8014 0.8014 0.8014 0.8014 0.8014 0.8014 0.8014 0.8014 0.8014 0.8014 0.8014 0.8014 0.8014 0.8014 0.8014 0.8014 0.8014 0.8014 0.8014 0.8014 0.8014 0.8014 0.8014 0.8014 0.8014 0.8014 0.8014 0.8014 0.8014 0.8014 0.8014 0.8014 0.8014 0.8014 0.8014 
0.8014 0.8014 0.8014 0.8014 0.8014 0.8014 0.8014 0.8014 0.8014 0.8014 0.8014 0.8014 0.8014 0.8014 0.8014 0.8014 0.8014 0.8014 0.8014 0.8014 0.8014 0.8014 0.8014 0.8014 0.8014 0.8014 0.8014 0.8014 0.8014 0.8014 0.8014 0.8014 0.8014 0.8014 0.8014 0.8014 0.8014 0.8014 0.8014 0.8014 0.8014 0.8014 0.8014 0.8014 0.8014 0.8014 0.8014 0.8014 0.8014 0.8014 0.8014 0.8014 0.8014 0.8014 0.8014 0.8014 0.8014 0.8014 0.8014 0.8014 0.8014 
0.8014 0.8014 0.8014 0.8014 0.8014 0.8014 0.8014 0.8014 0.8014 0.8014 0.8014 0.8014 0.8014 0.8014 0.8014 0.8014 0.8014 0.8014 0.8014 0.8014 0.8014 0.8014 0.8014 0.8014 0.8014 0.8014 0.8014 0.8014 0.8014 0.8014 0.8014 0.8014 0.8014 0.8014 0.8014 0.8014 0.8014 0.8014 0.8014 0.8014 0.8014 0.8014 0.8014 0.8014 0.8014 0.8014 0.8014 0.8014 0.8014 0.8014 0.8014 0.8014 0.8014 0.8014 0.8014 0.8014 0.8014 0.8014 0.8014 0.8014 0.8014 
0.8014 0.8014 0.8014 0.8014 0.8014 0.8014 0.8014 0.8014 0.8014 0.8014 0.8014 0.8014 0.8014 0.8014 0.8014 0.8014 0.8014 0.8014 0.8014 0.8014 0.8014 0.8014 0.8014 0.8014 0.8014 0.8014 0.8014 0.8014 0.8014 0.8014 0.8014 0.8014 0.8014 0.8014 0.8014 0.8014 0.8014 0.8014 0.8014 0.8014 0.8014 0.8014 0.8014 0.8014 0.8014 0.8014 0.8014 0.8014 0.8014 0.8014 0.8014 0.8014 0.8014 0.8014 0.8014 0.8014 0.8014 0.8014 0.8014 0.8014 0.8014 
0.8014 0.8014 0.8014 0.8014 0.8014 0.8014 0.8014 0.8014 0.8014 0.8014 0.8014 0.8014 0.8014 0.8014 0.8014 0.8014 0.8014 0.8014 0.8014 0.8014 0.8014 0.8014 0.8014 0.8014 0.8014 0.8014 0.8014 0.8014 0.8014 0.8014 0.8014 0.8014 0.8014 0.8014 0.8014 0.8014 0.8014 0.8014 0.8014 0.8014 0.8014 0.8014 0.8014 0.8014 0.8014 0.8014 0.8014 0.8014 0.8014 0.8014 0.8014 0.8014 0.8014 0.8014 0.8014 0.8014 0.8014 0.8014 0.8014 0.8014 0.8014 
0.8014 0.8014 0.8014 0.8014 0.8014 0.8014 0.8014 0.8014 0.8014 0.8014 0.8014 0.8014 0.8014 0.8014 0.8014 0.8014 0.8014 0.8014 0.8014 0.8014 0.8014 0.8014 0.8014 0.8014 0.8014 0.8014 0.8014 0.8014 0.8014 0.8014 0.8014 0.8014 0.8014 0.8014 0.8014 0.8014 0.8014 0.8014 0.8014 0.8014 0.8014 0.8014 0.8014 0.8014 0.8014 0.8014 0.8014 0.8014 0.8014 0.8014 0.8014 0.8014 0.8014 0.8014 0.8014 0.8014 0.8014 0.8014 0.8014 0.8014 0.8014 
0.8014 0.8014 0.8014 0.8014 0.8014 0.8014 0.8014 0.8014 0.8014 0.8014 0.8014 0.8014 0.8014 0.8014 0.8014 0.8014 0.8014 0.8014 0.8014 0.8014 0.8014 0.8014 0.8014 0.8014 0.8014 0.8014 0.8014 0.8014 0.8014 0.8014 0.8014 0.8014 0.8014 0.8014 0.8014 0.8014 0.8014 0.8014 0.8014 0.8014 0.8014 0.8014 0.8014 0.8014 0.8014 0.8014 0.8014 0.8014 0.8014 0.8014 0.8014 0.8014 0.8014 0.8014 0.8014 0.8014 0.8014 0.8014 0.8014 0.8014 0.8014 
0.8014 0.8014 0.8014 0.8014 0.8014 0.8014 0.8014 0.8014 0.8014 0.8014 0.8014 0.8014 0.8014 0.8014 0.8014 0.8014 0.8014 0.8014 0.8014 0.8014 0.8014 0.8014 0.8014 0.8014 0.8014 0.8014 0.8014 0.8014 0.8014 0.8014 0.8014 0.8014 0.8014 0.8014 0.8014 0.8014 0.8014 0.8014 0.8014 0.8014 0.8014 0.8014 0.8014 0.8014 0.8014 0.8014 0.8014 0.8014 0.8014 0.8014 0.8014 0.8014 0.8014 0.8014 0.8014 0.8014 0.8014 0.8014 0.8014 0.8014 0.8014 
0.8014 0.8014 0.8014 0.8014 0.8014 0.8014 0.8014 0.8014 0.8014 0.8014 0.8014 0.8014 0.8014 0.8014 0.8014 0.8014 0.8014 0.8014 0.8014 0.8014 0.8014 0.8014 0.8014 0.8014 0.8014 0.8014 0.8014 0.8014 0.8014 0.8014 0.8014 0.8014 0.8014 0.8014 0.8014 0.8014 0.8014 0.8014 0.8014 0.8014 0.8014 0.8014 0.8014 0.8014 0.8014 0.8014 0.8014 0.8014 0.8014 0.8014 0.8014 0.8014 0.8014 0.8014 0.8014 0.8014 0.8014 0.8014 0.8014 0.8014 0.8014 
0.8014 0.8014 0.8014 0.8014 0.8014 0.8014 0.8014 0.8014 0.8014 0.8014 0.8014 0.8014 0.8014 0.8014 0.8014 0.8014 0.8014 0.8014 0.8014 0.8014 0.8014 0.8014 0.8014 0.8014 0.8014 0.8014 0.8014 0.8014 0.8014 0.8014 0.8014 0.8014 0.8014 0.8014 0.8014 0.8014 0.8014 0.8014 0.8014 0.8014 0.8014 0.8014 0.8014 0.8014 0.8014 0.8014 0.8014 0.8014 0.8014 0.8014 0.8014 0.8014 0.8014 0.8014 0.8014 0.8014 0.8014 0.8014 0.8014 0.8014 0.8014 
0.8014 0.8014 0.8014 0.8014 0.8014 0.8014 0.8014 0.8014 0.8014 0.8014 0.8014 0.8014 0.8014 0.8014 0.8014 0.8014 0.8014 0.8014 0.8014 0.8014 0.8014 0.8014 0.8014 0.8014 0.8014 0.8014 0.8014 0.8014 0.8014 0.8014 0.8014 0.8014 0.8014 0.8014 0.8014 0.8014 0.8014 0.8014 0.8014 0.8014 0.8014 0.8014 0.8014 0.8014 0.8014 0.8014 0.8014 0.8014 0.8014 0.8014 0.8014 0.8014 0.8014 0.8014 0.8014 0.8014 0.8014 0.8014 0.8014 0.8014 0.8014 
0.8014 0.8014 0.8014 0.8014 0.8014 0.8014 0.8014 0.8014 0.8014 0.8014 0.8014 0.8014 0.8014 0.8014 0.8014 0.8014 0.8014 0.8014 0.8014 0.8014 0.8014 0.8014 0.8014 0.8014 0.8014 0.8014 0.8014 0.8014 0.8014 0.8014 0.8014 0.8014 0.8014 0.8014 0.8014 0.8014 0.8014 0.8014 0.8014 0.8014 0.8014 0.8014 0.8014 0.8014 0.8014 0.8014 0.8014 0.8014 0.8014 0.8014 0.8014 0.8014 0.8014 0.8014 0.8014 0.8014 0.8014 0.8014 0.8014 0.8014 0.8014 
SCALARS grain_id double 1
LOOKUP_TABLE default
2 2 2 2 2 2 2 2 2 2 2 2 2 2 2 2 2 2 2 2 2 2 2 2 2 2 2 2 2 2 2 2 2 2 2 2 2 2 2 2 2 2 2 2 2 2 2 2 2 2 2 2 2 2 2 2 2 2 2 2 2 
2 2 2 2 2 2 2 2 2 2 2 2 2 2 2 2 2 2 2 2 2 2 2 2 2 2 2 2 2 2 2 2 2 2 2 2 2 2 2 2 2 2 2 2 2 2 2 2 2 2 2 2 2 2 2 2 2 2 2 2 2 
2 2 2 2 2 2 2 2 2 2 2 2 2 2 2 2 2 2 2 2 2 2 2 2 2 2 2 2 2 2 2 2 2 2 2 2 2 2 2 2 2 2 2 2 2 2 2 2 2 2 2 2 2 2 2 2 2 2 2 2 2 
2 2 2 2 2 2 2 2 2 2 2 2 2 2 2 2 2 2 2 2 2 2 2 2 2 2 2 2 2 2 2 2 2 2 2 2 2 2 2 2 2 2 2 2 2 2 2 2 2 2 2 2 2 2 2 2 2 2 2 2 2 
2 2 2 2 2 2 2 2 2 2 2 2 2 2 2 2 2 2 2 2 2 2 2 2 2 2 2 2 2 2 2 2 2 2 2 2 2 2 2 2 2 2 2 2 2 2 2 2 2 2 2 2 2 2 2 2 2 2 2 2 2 
2 2 2 2 2 2 2 2 2 2 2 2 2 2 2 2 2 2 2 2 2 2 2 2 2 2 2 2 2 2 2 2 2 2 2 2 2 2 2 2 2 2 2 2 2 2 2 2 2 2 2 2 2 2 2 2 2 2 2 2 2 
2 2 2 2 2 2 2 2 2 2 2 2 2 2 2 2 2 2 2 2 2 2 2 2 2 2 2 2 2 2 2 2 2 2 2 2 2 2 2 2 2 2 2 2 2 2 2 2 2 2 2 2 2 2 2 2 2 2 2 2 2 
2 2 2 2 2 2 2 2 2 2 2 2 2 2 2 2 2 2 2 2 2 2 2 2 2 2 2 2 2 2 2 2 2 2 2 2 2 2 2 2 2 2 2 2 2 2 2 2 2 2 2 2 2 2 2 2 2 2 2 2 2 
2 2 2 2 2 2 2 2 2 2 2 2 2 2 2 2 2 2 2 2 2 2 2 2 2 2 2 2 2 2 2 2 2 2 2 2 2 2 2 2 2 2 2 2 2 2 2 2 2 2 2 2 2 2 2 2 2 2 2 2 2 
2 2 2 2 2 2 2 2 2 2 2 2 2 2 2 2 2 2 2 2 2 2 2 2 2 2 2 2 2 2 2 2 2 2 2 2 2 2 2 2 2 2 2 2 2 2 2 2 2 2 2 2 2 2 2 2 2 2 2 2 2 
2 2 2 2 2 2 2 2 2 2 2 2 2 2 2 2 2 2 2 2 2 2 2 2 2 2 2 2 2 2 2 2 2 2 2 2 2 2 2 2 2 2 2 2 2 2 2 2 2 2 2 2 2 2 2 2 2 2 2 2 2 
2 2 2 2 2 2 2 2 2 2 2 2 2 2 2 2 2 2 2 2 2 2 2 2 2 2 2 2 2 2 2 2 2 2 2 2 2 2 2 2 2 2 2 2 2 2 2 2 2 2 2 2 2 2 2 2 2 2 2 2 2 
2 2 2 2 2 2 2 2 2 2 2 2 2 2 2 2 2 2 2 2 2 2 2 2 2 2 2 2 2 2 2 2 2 2 2 2 2 2 2 2 2 2 2 2 2 2 2 2 2 2 2 2 2 2 2 2 2 2 2 2 2 
2 2 2 2 2 2 2 2 2 2 2 2 2 2 2 2 2 2 2 2 2 2 2 2 2 2 2 2 2 2 2 2 2 2 2 2 2 2 2 2 2 2 2 2 2 2 2 2 2 2 2 2 2 2 2 2 2 2 2 2 2 
2 2 2 2 2 2 2 2 2 2 2 2 2 2 2 2 2 2 2 2 2 2 2 2 2 2 2 2 2 2 2 2 2 2 2 2 2 2 2 2 2 2 2 2 2 2 2 2 2 2 2 2 2 2 2 2 2 2 2 2 2 
2 2 2 2 2 2 2 2 2 2 2 2 2 2 2 2 2 2 2 2 2 2 2 2 2 2 2 2 2 2 2 2 2 2 2 2 2 2 2 2 2 2 2 2 2 2 2 2 2 2 2 2 2 2 2 2 2 2 2 2 2 
2 2 2 2 2 2 2 2 2 2 2 2 2 2 2 2 2 2 2 2 2 2 2 2 2 2 2 2 2 2 2 2 2 2 2 2 2 2 2 2 2 2 2 2 2 2 2 2 2 2 2 2 2 2 2 2 2 2 2 2 2 
2 2 2 2 2 2 2 2 2 2 2 2 2 2 2 2 2 2 2 2 2 2 2 2 2 2 2 2 2 2 2 2 2 2 2 2 2 2 2 2 2 2 2 2 2 2 2 2 2 2 2 2 2 2 2 2 2 2 2 2 2 
2 2 2 2 2 2 2 2 2 2 2 2 2 2 2 2 2 2 2 2 2 2 2 2 2 2 2 2 2 2 2 2 2 2 2 2 2 2 2 2 2 2 2 2 2 2 2 2 2 2 2 2 2 2 2 2 2 2 2 2 2 
2 2 2 2 2 2 2 2 2 2 2 2 2 2 2 2 2 2 2 2 2 2 2 2 2 2 2 2 2 2 2 2 2 2 2 2 2 2 2 2 2 2 2 2 2 2 2 2 2 2 2 2 2 2 2 2 2 2 2 2 2 
2 2 2 2 2 2 2 2 2 2 2 2 2 2 2 2 2 2 2 2 2 2 2 2 2 2 2 2 2 2 2 2 2 2 2 2 2 2 2 2 2 2 2 2 2 2 2 2 2 2 2 2 2 2 2 2 2 2 2 2 2 
2 2 2 2 2 2 2 2 2 2 2 2 2 2 2 2 2 2 2 2 2 2 2 2 2 2 2 2 2 2 2 2 2 2 2 2 2 2 2 2 2 2 2 2 2 2 2 2 2 2 2 2 2 2 2 2 2 2 2 2 2 
2 2 2 2 2 2 2 2 2 2 2 2 2 2 2 2 2 2 2 2 2 2 2 2 2 2 2 2 2 2 2 2 2 2 2 2 2 2 2 2 2 2 2 2 2 2 2 2 2 2 2 2 2 2 2 2 2 2 2 2 2 
2 2 2 2 2 2 2 2 2 2 2 2 2 2 2 2 2 2 2 2 2 2 2 2 2 2 2 2 2 2 2 2 2 2 2 2 2 2 2 2 2 2 2 2 2 2 2 2 2 2 2 2 2 2 2 2 2 2 2 2 2 
2 2 2 2 2 2 2 2 2 2 2 2 2 2 2 2 2 2 2 2 2 2 2 2 2 2 2 2 2 2 2 2 2 2 2 2 2 2 2 2 2 2 2 2 2 2 2 2 2 2 2 2 2 2 2 2 2 2 2 2 2 
2 2 2 2 2 2 2 2 2 2 2 2 2 2 2 2 2 2 2 2 2 2 2 2 2 2 2 2 0 0 0 0 0 2 2 2 2 2 2 2 2 2 2 2 2 2 2 2 2 2 2 2 2 2 2 2 2 2 2 2 2 
1 1 1 1 1 1 1 1 1 1 1 1 1 1 1 1 1 1 1 1 1 1 1 1 1 1 1 0 0 0 0 0 0 0 1 1 1 1 1 1 1 1 1 1 1 1 1 1 1 1 1 1 1 1 1 1 1 1 1 1 1 
1 1 1 1 1 1 1 1 1 1 1 1 1 1 1 1 1 1 1 1 1 1 1 1 1 1 0 0 0 0 0 0 0 0 0 1 1 1 1 1 1 1 1 1 1 1 1 1 1 1 1 1 1 1 1 1 1 1 1 1 1 
1 1 1 1 1 1 1 1 1 1 1 1 1 1 1 1 1 1 1 1 1 1 1 1 1 0 0 0 0 0 0 0 0 0 0 0 1 1 1 1 1 1 1 1 1 1 1 1 1 1 1 1 1 1 1 1 1 1 1 1 1 
1 1 1 1 1 1 1 1 1 1 1 1 1 1 1 1 1 1 1 1 1 1 1 1 1 0 0 0 0 0 0 0 0 0 0 0 1 1 1 1 1 1 1 1 1 1 1 1 1 1 1 1 1 1 1 1 1 1 1 1 1 
1 1 1 1 1 1 1 1 1 1 1 1 1 1 1 1 1 1 1 1 1 1 1 1 1 0 0 0 0 0 0 0 0 0 0 0 1 1 1 1 1 1 1 1 1 1 1 1 1 1 1 1 1 1 1 1 1 1 1 1 1 
1 1 1 1 1 1 1 1 1 1 1 1 1 1 1 1 1 1 1 1 1 1 1 1 1 0 0 0 0 0 0 0 0 0 0 0 1 1 1 1 1 1 1 1 1 1 1 1 1 1 1 1 1 1 1 1 1 1 1 1 1 
1 1 1 1 1 1 1 1 1 1 1 1 1 1 1 1 1 1 1 1 1 1 1 1 1 0 0 0 0 0 0 0 0 0 0 0 1 1 1 1 1 1 1 1 1 1 1 1 1 1 1 1 1 1 1 1 1 1 1 1 1 
1 1 1 1 1 1 1 1 1 1 1 1 1 1 1 1 1 1 1 1 1 1 1 1 1 1 0 0 0 0 0 0 0 0 0 1 1 1 1 1 1 1 1 1 1 1 1 1 1 1 1 1 1 1 1 1 1 1 1 1 1 
1 1 1 1 1 1 1 1 1 1 1 1 1 1 1 1 1 1 1 1 1 1 1 1 1 1 1 0 0 0 0 0 0 0 1 1 1 1 1 1 1 1 1 1 1 1 1 1 1 1 1 1 1 1 1 1 1 1 1 1 1 
1 1 1 1 1 1 1 1 1 1 1 1 1 1 1 1 1 1 1 1 1 1 1 1 1 1 1 1 0 0 0 0 0 1 1 1 1 1 1 1 1 1 1 1 1 1 1 1 1 1 1 1 1 1 1 1 1 1 1 1 1 
1 1 1 1 1 1 1 1 1 1 1 1 1 1 1 1 1 1 1 1 1 1 1 1 1 1 1 1 1 1 1 1 1 1 1 1 1 1 1 1 1 1 1 1 1 1 1 1 1 1 1 1 1 1 1 1 1 1 1 1 1 
1 1 1 1 1 1 1 1 1 1 1 1 1 1 1 1 1 1 1 1 1 1 1 1 1 1 1 1 1 1 1 1 1 1 1 1 1 1 1 1 1 1 1 1 1 1 1 1 1 1 1 1 1 1 1 1 1 1 1 1 1 
1 1 1 1 1 1 1 1 1 1 1 1 1 1 1 1 1 1 1 1 1 1 1 1 1 1 1 1 1 1 1 1 1 1 1 1 1 1 1 1 1 1 1 1 1 1 1 1 1 1 1 1 1 1 1 1 1 1 1 1 1 
1 1 1 1 1 1 1 1 1 1 1 1 1 1 1 1 1 1 1 1 1 1 1 1 1 1 1 1 1 1 1 1 1 1 1 1 1 1 1 1 1 1 1 1 1 1 1 1 1 1 1 1 1 1 1 1 1 1 1 1 1 
1 1 1 1 1 1 1 1 1 1 1 1 1 1 1 1 1 1 1 1 1 1 1 1 1 1 1 1 1 1 1 1 1 1 1 1 1 1 1 1 1 1 1 1 1 1 1 1 1 1 1 1 1 1 1 1 1 1 1 1 1 
1 1 1 1 1 1 1 1 1 1 1 1 1 1 1 1 1 1 1 1 1 1 1 1 1 1 1 1 1 1 1 1 1 1 1 1 1 1 1 1 1 1 1 1 1 1 1 1 1 1 1 1 1 1 1 1 1 1 1 1 1 
1 1 1 1 1 1 1 1 1 1 1 1 1 1 1 1 1 1 1 1 1 1 1 1 1 1 1 1 1 1 1 1 1 1 1 1 1 1 1 1 1 1 1 1 1 1 1 1 1 1 1 1 1 1 1 1 1 1 1 1 1 
1 1 1 1 1 1 1 1 1 1 1 1 1 1 1 1 1 1 1 1 1 1 1 1 1 1 1 1 1 1 1 1 1 1 1 1 1 1 1 1 1 1 1 1 1 1 1 1 1 1 1 1 1 1 1 1 1 1 1 1 1 
1 1 1 1 1 1 1 1 1 1 1 1 1 1 1 1 1 1 1 1 1 1 1 1 1 1 1 1 1 1 1 1 1 1 1 1 1 1 1 1 1 1 1 1 1 1 1 1 1 1 1 1 1 1 1 1 1 1 1 1 1 
1 1 1 1 1 1 1 1 1 1 1 1 1 1 1 1 1 1 1 1 1 1 1 1 1 1 1 1 1 1 1 1 1 1 1 1 1 1 1 1 1 1 1 1 1 1 1 1 1 1 1 1 1 1 1 1 1 1 1 1 1 
1 1 1 1 1 1 1 1 1 1 1 1 1 1 1 1 1 1 1 1 1 1 1 1 1 1 1 1 1 1 1 1 1 1 1 1 1 1 1 1 1 1 1 1 1 1 1 1 1 1 1 1 1 1 1 1 1 1 1 1 1 
1 1 1 1 1 1 1 1 1 1 1 1 1 1 1 1 1 1 1 1 1 1 1 1 1 1 1 1 1 1 1 1 1 1 1 1 1 1 1 1 1 1 1 1 1 1 1 1 1 1 1 1 1 1 1 1 1 1 1 1 1 
1 1 1 1 1 1 1 1 1 1 1 1 1 1 1 1 1 1 1 1 1 1 1 1 1 1 1 1 1 1 1 1 1 1 1 1 1 1 1 1 1 1 1 1 1 1 1 1 1 1 1 1 1 1 1 1 1 1 1 1 1 
1 1 1 1 1 1 1 1 1 1 1 1 1 1 1 1 1 1 1 1 1 1 1 1 1 1 1 1 1 1 1 1 1 1 1 1 1 1 1 1 1 1 1 1 1 1 1 1 1 1 1 1 1 1 1 1 1 1 1 1 1 
1 1 1 1 1 1 1 1 1 1 1 1 1 1 1 1 1 1 1 1 1 1 1 1 1 1 1 1 1 1 1 1 1 1 1 1 1 1 1 1 1 1 1 1 1 1 1 1 1 1 1 1 1 1 1 1 1 1 1 1 1 
1 1 1 1 1 1 1 1 1 1 1 1 1 1 1 1 1 1 1 1 1 1 1 1 1 1 1 1 1 1 1 1 1 1 1 1 1 1 1 1 1 1 1 1 1 1 1 1 1 1 1 1 1 1 1 1 1 1 1 1 1 
1 1 1 1 1 1 1 1 1 1 1 1 1 1 1 1 1 1 1 1 1 1 1 1 1 1 1 1 1 1 1 1 1 1 1 1 1 1 1 1 1 1 1 1 1 1 1 1 1 1 1 1 1 1 1 1 1 1 1 1 1 
1 1 1 1 1 1 1 1 1 1 1 1 1 1 1 1 1 1 1 1 1 1 1 1 1 1 1 1 1 1 1 1 1 1 1 1 1 1 1 1 1 1 1 1 1 1 1 1 1 1 1 1 1 1 1 1 1 1 1 1 1 
1 1 1 1 1 1 1 1 1 1 1 1 1 1 1 1 1 1 1 1 1 1 1 1 1 1 1 1 1 1 1 1 1 1 1 1 1 1 1 1 1 1 1 1 1 1 1 1 1 1 1 1 1 1 1 1 1 1 1 1 1 
1 1 1 1 1 1 1 1 1 1 1 1 1 1 1 1 1 1 1 1 1 1 1 1 1 1 1 1 1 1 1 1 1 1 1 1 1 1 1 1 1 1 1 1 1 1 1 1 1 1 1 1 1 1 1 1 1 1 1 1 1 
1 1 1 1 1 1 1 1 1 1 1 1 1 1 1 1 1 1 1 1 1 1 1 1 1 1 1 1 1 1 1 1 1 1 1 1 1 1 1 1 1 1 1 1 1 1 1 1 1 1 1 1 1 1 1 1 1 1 1 1 1 
2 2 2 2 2 2 2 2 2 2 2 2 2 2 2 2 2 2 2 2 2 2 2 2 2 2 2 2 2 2 2 2 2 2 2 2 2 2 2 2 2 2 2 2 2 2 2 2 2 2 2 2 2 2 2 2 2 2 2 2 2 
2 2 2 2 2 2 2 2 2 2 2 2 2 2 2 2 2 2 2 2 2 2 2 2 2 2 2 2 2 2 2 2 2 2 2 2 2 2 2 2 2 2 2 2 2 2 2 2 2 2 2 2 2 2 2 2 2 2 2 2 2 
2 2 2 2 2 2 2 2 2 2 2 2 2 2 2 2 2 2 2 2 2 2 2 2 2 2 2 2 2 2 2 2 2 2 2 2 2 2 2 2 2 2 2 2 2 2 2 2 2 2 2 2 2 2 2 2 2 2 2 2 2 
2 2 2 2 2 2 2 2 2 2 2 2 2 2 2 2 2 2 2 2 2 2 2 2 2 2 2 2 2 2 2 2 2 2 2 2 2 2 2 2 2 2 2 2 2 2 2 2 2 2 2 2 2 2 2 2 2 2 2 2 2 
SCALARS GB_mask double 1
LOOKUP_TABLE default
0.02574451510367332 0.02596459789114362 0.02618647102166911 0.02641014785239543 0.02663564182412783 0.02686296646163848 0.02709213537397196 0.02732316225474826 0.02755606088246408 0.02779084512079118 0.02802752891887269 0.02826612631161712 0.0285066514199897 0.02874911845130099 0.02899354169949352 0.02923993554542456 0.02948831445714761 0.02973869299018949 0.0299910857878259 0.03024550758135311 0.03050197319035671 0.03076049752297751 0.03102109557617406 0.03128378243598202 0.03154857327776945 0.03181548336648977 0.03208452805693082 0.03235572279395928 0.03262908311276306 0.03290462463908862 0.03318236308947507 0.0334623142714841 0.0337444940839262 0.03402891851708218 0.03431560365292072 0.03460456566531252 0.0348958208202382 0.03518938547599344 0.03548527608338869 0.03578350918594504 0.03608410142008377 0.03638706951531299 0.03669243029440717 0.0370002006735853 0.03731039766267854 0.03762303836529705 0.03793813997899072 0.03825571979540311 0.03857579520041906 0.0388983836743121 0.03922350279187729 0.03955117022256743 0.03988140373061597 0.04021422117515827 0.04054964051034625 0.04088767978545349 0.0412283571449789 0.04157169082873984 0.04191769917196096 0.0422664006053543 0.04261781365519602 
0.007959629840853147 0.00803052181551585 0.008102029512783436 0.008174158067227417 0.008246912653341 0.008320298485809972 0.008394320819784874 0.008468984951154272 0.008544296216819664 0.0086202599949713 0.008696881705365473 0.00877416680960302 0.008852120811409223 0.00893074925691466 0.009010057734937755 0.009090051877268069 0.009170737358951435 0.009252119898575793 0.009334205258558605 0.009416999245435449 0.009500507710149719 0.009584736548343704 0.009669691700650886 0.0097553791529894 0.009841804936856538 0.009928975129624883 0.01001689585483941 0.01010557328251557 0.01019501362943896 0.01028522315946589 0.01037620818382531 0.01046797506142174 0.01056053019913961 0.01065388005214835 0.01074803112420902 0.010842989967982 0.01093876318533554 0.01103535742765575 0.0111327793961575 0.01123103584219672 0.01133013356758323 0.01143007942489532 0.01153088031779461 0.01163254320134335 0.01173507508232076 0.01183848301954226 0.01194277412417868 0.01204795556007707 0.01215403454408164 0.01226101834635737 0.01236891429071216 0.01247772975492254 0.01258747217105823 0.01269814902580894 0.01280976786081188 0.01292233627297933 0.01303586191482847 0.01315035249481097 0.01326581577764408 0.01338225958464194 0.0134996917940489 
0.00237394812010167 0.002395559667285261 0.002417365404015292 0.002439367039925345 0.002461566299214613 0.002483964920765325 0.00250656465826097 0.002529367280305391 0.002552374570542762 0.00257558832777839 0.002599010366100462 0.002622642515002556 0.002646486619507188 0.002670544540290049 0.002694818153805365 0.002719309352411919 0.002744020044500185 0.002768952154620196 0.002794107623610454 0.002819488408727673 0.002845096483777465 0.002870933839246 0.002897002482432508 0.002923304437582828 0.002949841746023739 0.002976616466298435 0.003003630674302816 0.003030886463422755 0.003058385944672347 0.003086131246833106 0.003114124516594199 0.003142367918693524 0.003170863636059917 0.003199613869956218 0.003228620840123416 0.003257886784925769 0.003287413961496849 0.003317204645886739 0.003347261133210071 0.003377585737795275 0.003408180793334628 0.003439048653035456 0.003470191689772386 0.003501612296240685 0.003533312885110293 0.003565295889181376 0.003597563761540613 0.003630118975718715 0.003662964025848709 0.003696101426825858 0.003729533714467849 0.003763263445676868 0.003797293198602102 0.00383162557280373 0.003866263189417937 0.003901208691322708 0.003936464743305229 0.00397203403222996 0.004007919267208054 0.00404412317976764 0.004080648524025676 
0.0006942188194204419 0.0007006131381398746 0.0007070659497308342 0.0007135777836453566 0.0007201491740497533 0.0007267806598654851 0.0007334727848104066 0.0007402260974403253 0.0007470411511909305 0.0007539185044200451 0.0007608587204502513 0.000767862367611844 0.0007749300192861667 0.0007820622539492812 0.0007892596552160171 0.0007965228118843656 0.0008038523179802622 0.0008112487728027176 0.0008187127809693358 0.0008262449524621998 0.0008338459026741345 0.0008415162524553491 0.0008492566281604689 0.0008570676616959577 0.0008649499905679002 0.0008729042579302058 0.0008809311126332248 0.0008890312092726959 0.0008972052082391536 0.0009054537757677309 0.0009137775839883422 0.0009221773109763009 0.0009306536408033455 0.000939207263589073 0.0009478388755527922 0.0009565491790658176 0.0009653388827041633 0.0009742087013016782 0.0009831593560036091 0.0009921915743206244 0.001001306090183204 0.00101050364399657 0.001019784982695966 0.001029150859802492 0.001038602035479237 0.001048139276588034 0.001057763356746549 0.001067475056385916 0.001077275162808725 0.00108716447024767 0.001097143779924399 0.00110721390010911 0.001117375646180431 0.001127629840685862 0.001137977313402737 0.001148418901399552 0.001158955449097932 0.001169587808334982 0.001180316838426202 0.001191143406228822 0.001202068386205812 
0.0002008588644543332 0.0002027205496068728 0.0002045994271355346 0.0002064956549309425 0.0002084093923214864 0.0002103408000862423 0.0002122900404680107 0.0002142572771864615 0.0002162426754514035 0.0002182464019761621 0.0002202686249910843 0.000222309514257151 0.0002243692410797203 0.0002264479783223808 0.0002285459004209377 0.00023066318339751 0.0002328000048747602 0.0002349565440902449 0.0002371329819108953 0.0002393295008476163 0.0002415462850700218 0.0002437835204212957 0.000246041394433183 0.0002483200963411152 0.0002506198170994595 0.0002529407493969128 0.0002552830876720261 0.0002576470281288558 0.0002600327687527694 0.0002624405093263712 0.0002648704514455806 0.000267322798535843 0.0002697977558684879 0.0002722955305772233 0.0002748163316747773 0.0002773603700696909 0.0002799278585832433 0.000282519011966537 0.0002851340469177261 0.0002877731820994017 0.0002904366381561111 0.0002931246377320519 0.0002958374054889025 0.0002985751681238273 0.0003013381543876054 0.000304126595102954 0.0003069407231829845 0.0003097807736498429 0.0003126469836534691 0.000315539592490591 0.0003184588416237915 0.0003214049747008316 0.0003243782375740664 0.0003273788783200796 0.0003304071472594739 0.000333463296976809 0.0003365475823407539 0.000339660260524381 0.0003428015910256485 0.0003459718356880512 0.0003491712587214782 
5.778210341429785e-05 5.831945831683728e-05 5.886180074324118e-05 5.94091768499703e-05 5.996163321873451e-05 6.051921686038274e-05 6.108197521883062e-05 6.164995617502149e-05 6.222320805092579e-05 6.280177961357305e-05 6.338572007912476e-05 6.397507911698016e-05 6.456990685392217e-05 6.517025387829806e-05 6.577617124424069e-05 6.638771047592596e-05 6.700492357186932e-05 6.762786300926123e-05 6.82565817483424e-05 6.889113323681722e-05 6.953157141430792e-05 7.017795071684875e-05 7.083032608142125e-05 7.148875295053037e-05 7.21532872768201e-05 7.282398552773332e-05 7.350090469021395e-05 7.418410227544754e-05 7.487363632364928e-05 7.556956540889296e-05 7.627194864398328e-05 7.698084568537317e-05 7.769631673812513e-05 7.841842256091637e-05 7.914722447109034e-05 7.988278434975353e-05 8.062516464691727e-05 8.137442838668683e-05 8.213063917249698e-05 8.289386119239461e-05 8.366415922436934e-05 8.444159864173129e-05 8.522624541853754e-05 8.601816613507063e-05 8.681742798335755e-05 8.762409877274962e-05 8.843824693554406e-05 8.925994153266244e-05 9.008925225937104e-05 9.092624945106807e-05 9.177100408910263e-05 9.262358780666552e-05 9.348407289471889e-05 9.435253230798641e-05 9.522903967099741e-05 9.611366928417832e-05 9.700649613000938e-05 9.790759587922743e-05 9.881704489708934e-05 9.97349202496869e-05 0.0001006612997103326 
1.657137348228959e-05 1.672575770963386e-05 1.688157873960373e-05 1.70388499231541e-05 1.719758473500607e-05 1.735779677478996e-05 1.751949976819916e-05 1.768270756815426e-05 1.78474341559785e-05 1.801369364258298e-05 1.818150026966399e-05 1.835086841091021e-05 1.852181257322199e-05 1.869434739794077e-05 1.886848766209087e-05 1.904424827963182e-05 1.922164430272262e-05 1.940069092299766e-05 1.958140347285398e-05 1.976379742675081e-05 1.994788840252047e-05 2.01336921626919e-05 2.032122461582577e-05 2.051050181786275e-05 2.070153997348259e-05 2.08943554374772e-05 2.108896471613595e-05 2.12853844686427e-05 2.148363150848696e-05 2.168372280488718e-05 2.188567548422744e-05 2.20895068315072e-05 2.22952342918043e-05 2.250287547175134e-05 2.271244814102564e-05 2.292397023385338e-05 2.313745985052617e-05 2.335293525893309e-05 2.357041489610567e-05 2.378991736977752e-05 2.401146145995819e-05 2.423506612052117e-05 2.446075048080668e-05 2.468853384724022e-05 2.491843570496248e-05 2.515047571947863e-05 2.538467373831977e-05 2.562104979272076e-05 2.585962409931199e-05 2.610041706183035e-05 2.634344927283945e-05 2.658874151547291e-05 2.683631476518779e-05 2.708619019153698e-05 2.733838915995813e-05 2.75929332335761e-05 2.784984417502549e-05 2.810914394828725e-05 2.837085472054341e-05 2.863499886404708e-05 2.890159895801385e-05 
4.744685543141338e-06 4.788930827459952e-06 4.833588480904073e-06 4.878662343580187e-06 4.924156291310121e-06 4.970074235962527e-06 5.016420125787618e-06 5.063197945754713e-06 5.11041171789324e-06 5.15806550163656e-06 5.206163394169318e-06 5.254709530777678e-06 5.303708085203039e-06 5.353163269998914e-06 5.40307933689114e-06 5.453460577141382e-06 5.504311321914073e-06 5.555635942646704e-06 5.607438851423542e-06 5.659724501352802e-06 5.712497386947329e-06 5.765762044508754e-06 5.819523052515249e-06 5.873785032012969e-06 5.928552647010779e-06 5.983830604879012e-06 6.039623656751805e-06 6.095936597932967e-06 6.15277426830577e-06 6.210141552746605e-06 6.268043381542265e-06 6.326484730811181e-06 6.385470622928665e-06 6.445006126955818e-06 6.505096359072615e-06 6.56574648301505e-06 6.626961710516026e-06 6.68874730175061e-06 6.751108565785271e-06 6.814050861031334e-06 6.877579595702526e-06 6.94170022827685e-06 7.006418267962645e-06 7.071739275169218e-06 7.137668861981184e-06 7.20421269263798e-06 7.271376484017264e-06 7.33916600612313e-06 7.407587082578254e-06 7.476645591121729e-06 7.54634746410983e-06 7.61669868902318e-06 7.687705308977188e-06 7.759373423237954e-06 7.831709187743063e-06 7.904718815626233e-06 7.978408577748114e-06 8.052784803230984e-06 8.12785387999897e-06 8.203622255322167e-06 8.280096436368562e-06 
1.357291352143356e-06 1.369954875617219e-06 1.382736514784386e-06 1.395637370847837e-06 1.40865855527031e-06 1.421801189869747e-06 1.43506640691572e-06 1.448455349226658e-06 1.461969170268086e-06 1.475609034251627e-06 1.489376116235118e-06 1.503271602223474e-06 1.517296689270612e-06 1.53145258558224e-06 1.545740510619683e-06 1.560161695204578e-06 1.574717381624636e-06 1.589408823740313e-06 1.604237287092526e-06 1.619204049011341e-06 1.634310398725655e-06 1.64955763747394e-06 1.66494707861598e-06 1.680480047745687e-06 1.696157882804897e-06 1.711981934198286e-06 1.727953564909348e-06 1.74407415061739e-06 1.760345079815703e-06 1.776767753930747e-06 1.793343587442504e-06 1.810074008005933e-06 1.826960456573523e-06 1.844004387519007e-06 1.861207268762242e-06 1.878570581895245e-06 1.896095822309339e-06 1.913784499323565e-06 1.931638136314237e-06 1.94965827084571e-06 1.967846454802367e-06 1.986204254521839e-06 2.004733250929405e-06 2.023435039673806e-06 2.042311231264019e-06 2.061363451207628e-06 2.080593340150273e-06 2.100002554016511e-06 2.119592764151785e-06 2.139365657466107e-06 2.159322936578532e-06 2.179466319963491e-06 2.199797542098123e-06 2.220318353611144e-06 2.241030521433138e-06 2.261935828947996e-06 2.283036076146113e-06 2.304333079778715e-06 2.325828673513795e-06 2.347524708093226e-06 2.369423051492022e-06 
3.880911331332748e-07 3.917130112663387e-07 3.953686854001685e-07 3.99058470812676e-07 4.027826857219077e-07 4.065416513134386e-07 4.1033569176804e-07 4.141651342895872e-07 4.180303091332402e-07 4.219315496338818e-07 4.258691922348229e-07 4.298435765167692e-07 4.338550452270642e-07 4.379039443091998e-07 4.419906229326115e-07 4.461154335227317e-07 4.502787317913424e-07 4.54480876767203e-07 4.587222308269619e-07 4.630031597263524e-07 4.673240326316908e-07 4.716852221516565e-07 4.760871043693704e-07 4.805300588747917e-07 4.850144687973607e-07 4.895407208390236e-07 4.941092053075046e-07 4.987203161499071e-07 5.033744509866334e-07 5.080720111456134e-07 5.128134016968551e-07 5.175990314873103e-07 5.224293131760824e-07 5.273046632699335e-07 5.322255021591447e-07 5.371922541537173e-07 5.422053475198723e-07 5.472652145169318e-07 5.523722914345223e-07 5.575270186301301e-07 5.627298405670032e-07 5.679812058524088e-07 5.7328156727624e-07 5.786313818500126e-07 5.840311108461588e-07 5.894812198377607e-07 5.949821787386078e-07 6.005344618436516e-07 6.061385478697956e-07 6.117949199971536e-07 6.175040659105604e-07 6.232664778416017e-07 6.290826526109421e-07 6.349530916710806e-07 6.408783011495425e-07 6.468587918923701e-07 6.528950795081487e-07 6.589876844123214e-07 6.651371318720457e-07 6.713439520512453e-07 6.776086800564534e-07 
1.109391239873779e-07 1.119746196050608e-07 1.1301977962758e-07 1.140746942425283e-07 1.151394544789628e-07 1.162141522152522e-07 1.172988801870005e-07 1.183937319950413e-07 1.1949880211351e-07 1.206141858979873e-07 1.217399795937217e-07 1.228762803439271e-07 1.240231861981602e-07 1.251807961207711e-07 1.263492099994374e-07 1.275285286537774e-07 1.287188538440395e-07 1.299202882798763e-07 1.311329356292035e-07 1.323569005271311e-07 1.335922885849885e-07 1.34839206399429e-07 1.360977615616187e-07 1.373680626665138e-07 1.386502193222209e-07 1.399443421594464e-07 1.412505428410361e-07 1.425689340715986e-07 1.438996296072245e-07 1.452427442652895e-07 1.465983939343555e-07 1.479666955841588e-07 1.493477672756964e-07 1.507417281714001e-07 1.521486985454102e-07 1.535687997939454e-07 1.550021544457646e-07 1.564488861727306e-07 1.579091198004711e-07 1.593829813191384e-07 1.6087059789427e-07 1.623720978777501e-07 1.638876108188718e-07 1.654172674755113e-07 1.669611998253872e-07 1.685195410774453e-07 1.700924256833377e-07 1.71679989349015e-07 1.732823690464145e-07 1.74899703025284e-07 1.765321308250757e-07 1.781797932869922e-07 1.798428325661147e-07 1.815213921436593e-07 1.832156168393478e-07 1.849256528238804e-07 1.866516476315431e-07 1.883937501729189e-07 1.901521107477299e-07 1.919268810577629e-07 1.937182142199985e-07 
2.074825512198857e-07 2.093563091682646e-07 2.11246986917386e-07 2.131547372244092e-07 2.150797142252738e-07 2.170220734471357e-07 2.189819718209236e-07 2.209595676939985e-07 2.229550208429403e-07 2.249684924864353e-07 2.270001452982912e-07 2.290501434205653e-07 2.311186524768104e-07 2.332058395854414e-07 2.353118733732194e-07 2.374369239888626e-07 2.395811631167783e-07 2.417447639909126e-07 2.439279014087357e-07 2.461307517453449e-07 2.483534929676957e-07 2.505963046489649e-07 2.528593679830428e-07 2.551428657991526e-07 2.574469825766021e-07 2.597719044596704e-07 2.621178192726323e-07 2.644849165349095e-07 2.668733874763636e-07 2.692834250527262e-07 2.717152239611718e-07 2.741689806560213e-07 2.766448933646004e-07 2.791431621032271e-07 2.816639886933524e-07 2.842075767778504e-07 2.867741318374379e-07 2.893638612072591e-07 2.919769740936173e-07 2.946136815908464e-07 2.972741966983469e-07 2.999587343377711e-07 3.026675113703563e-07 3.054007466144363e-07 3.081586608630721e-07 3.109414769018821e-07 3.137494195270112e-07 3.165827155632663e-07 3.194415938824043e-07 3.223262854216244e-07 3.252370232021589e-07 3.281740423481084e-07 3.311375801053828e-07 3.341278758608468e-07 3.371451711616472e-07 3.401897097346714e-07 3.432617375062271e-07 3.463615026218733e-07 3.494892554664522e-07 3.526452486842309e-07 3.558297371993806e-07 
7.257469532706198e-07 7.322998060781962e-07 7.389118125653154e-07 7.455835065484174e-07 7.523154266588804e-07 7.591081163863972e-07 7.65962124122784e-07 7.728780032061416e-07 7.798563119654593e-07 7.868976137655707e-07 7.940024770525702e-07 8.011714753995761e-07 8.084051875529681e-07 8.157041974789869e-07 8.23069094410795e-07 8.305004728959388e-07 8.379989328442324e-07 8.45565079576089e-07 8.531995238713009e-07 8.609028820182024e-07 8.686757758633382e-07 8.765188328615376e-07 8.844326861264703e-07 8.924179744816293e-07 9.00475342511782e-07 9.086054406148868e-07 9.168089250545018e-07 9.250864580126006e-07 9.334387076429258e-07 9.418663481248083e-07 9.503700597174396e-07 9.589505288146688e-07 9.676084480002895e-07 9.763445161037878e-07 9.851594382566469e-07 9.940539259491137e-07 1.00302869708749e-06 1.01208447605196e-06 1.021221993754896e-06 1.030441987699727e-06 1.039745202040331e-06 1.049132387640932e-06 1.058604302136557e-06 1.068161709994094e-06 1.077805382573746e-06 1.087536098191212e-06 1.097354642180312e-06 1.107261806956253e-06 1.117258392079348e-06 1.127345204319506e-06 1.137523057721037e-06 1.147792773668318e-06 1.15815518095181e-06 1.168611115834829e-06 1.179161422120891e-06 1.189806951221548e-06 1.200548562225013e-06 1.21138712196524e-06 1.222323505091807e-06 1.233358594140068e-06 1.244493279602576e-06 
2.537692234476585e-06 2.560596793069067e-06 2.583707998745617e-06 2.607027714761256e-06 2.630557821155864e-06 2.654300214905114e-06 2.678256810072905e-06 2.702429537965004e-06 2.726820347284195e-06 2.751431204286732e-06 2.776264092940252e-06 2.801321015083111e-06 2.826603990585072e-06 2.852115057509509e-06 2.877856272277103e-06 2.903829709830852e-06 2.93003746380273e-06 2.956481646681744e-06 2.983164389983574e-06 3.010087844421622e-06 3.03725418007969e-06 3.064665586586187e-06 3.092324273289899e-06 3.120232469437337e-06 3.148392424351596e-06 3.176806407613001e-06 3.205476709241201e-06 3.234405639878936e-06 3.263595530977558e-06 3.293048734984053e-06 3.322767625529864e-06 3.352754597621353e-06 3.383012067832022e-06 3.413542474496365e-06 3.444348277905514e-06 3.475431960504732e-06 3.506796027092477e-06 3.538443005021409e-06 3.570375444401128e-06 3.60259591830282e-06 3.635107022965588e-06 3.667911378004741e-06 3.701011626621944e-06 3.734410435817303e-06 3.768110496603089e-06 3.802114524219762e-06 3.836425258353632e-06 3.871045463356715e-06 3.905977928468152e-06 3.941225468038361e-06 3.976790921754134e-06 4.012677154866859e-06 4.048887058421963e-06 4.085423549490793e-06 4.122289571404647e-06 4.15948809399052e-06 4.197022113809395e-06 4.234894654396397e-06 4.273108766503285e-06 4.31166752834255e-06 4.350574045835173e-06 
8.867728006934714e-06 8.947709939789877e-06 9.028412718856323e-06 9.109842833435296e-06 9.192006831146523e-06 9.274911318450919e-06 9.358562961177908e-06 9.442968485057512e-06 9.528134676257455e-06 9.614068381924436e-06 9.700776510731002e-06 9.788266033426588e-06 9.876543983394071e-06 9.965617457210861e-06 1.00554936152152e-05 1.014617968207747e-05 1.02376829473767e-05 1.033001076618191e-05 1.042317055963907e-05 1.051716981556309e-05 1.06120160890348e-05 1.070771700300386e-05 1.080428024889647e-05 1.09017135872291e-05 1.10000248482269e-05 1.109922193244834e-05 1.119931281141526e-05 1.130030552824819e-05 1.140220819830763e-05 1.15050290098412e-05 1.160877622463607e-05 1.171345817867766e-05 1.181908328281407e-05 1.192566002342637e-05 1.203319696310474e-05 1.214170274133124e-05 1.225118607516768e-05 1.236165575995051e-05 1.247312066999154e-05 1.258558975928473e-05 1.269907206221981e-05 1.281357669430152e-05 1.292911285287581e-05 1.304568981786287e-05 1.316331695249511e-05 1.328200370406367e-05 1.340175960467036e-05 1.352259427198688e-05 1.364451741001973e-05 1.376753880988437e-05 1.389166835058265e-05 1.401691599979095e-05 1.41432918146522e-05 1.427080594257705e-05 1.439946862205165e-05 1.452929018345139e-05 1.466028104986399e-05 1.479245173791829e-05 1.492581285862112e-05 1.506037511820039e-05 1.519614931895972e-05 
3.095008238022123e-05 3.122887014505321e-05 3.151016557500516e-05 3.179399117799713e-05 3.208036966331899e-05 3.236932394342204e-05 3.266087713572846e-05 3.295505256445548e-05 3.325187376245594e-05 3.355136447307526e-05 3.385354865202505e-05 3.415845046927224e-05 3.446609431094652e-05 3.477650478126295e-05 3.508970670446272e-05 3.540572512677045e-05 3.572458531836898e-05 3.60463127753914e-05 3.63709332219314e-05 3.66984726120699e-05 3.702895713192123e-05 3.736241320169581e-05 3.769886747778206e-05 3.80383468548473e-05 3.838087846795445e-05 3.872648969470031e-05 3.907520815737223e-05 3.942706172512159e-05 3.978207851615907e-05 4.014028689996782e-05 4.050171549953648e-05 4.086639319361241e-05 4.123434911897361e-05 4.16056126727215e-05 4.19802135145938e-05 4.235818156929821e-05 4.27395470288648e-05 4.312434035502194e-05 4.351259228159038e-05 4.390433381690061e-05 4.429959624623003e-05 4.469841113426214e-05 4.510081032756752e-05 4.550682595710734e-05 4.591649044075517e-05 4.632983648584735e-05 4.674689709174959e-05 4.716770555245071e-05 4.759229545917492e-05 4.802070070302347e-05 4.845295547763054e-05 4.888909428185129e-05 4.932915192246731e-05 4.977316351691941e-05 5.02211644960637e-05 5.067319060694925e-05 5.112927791562527e-05 5.158946280996742e-05 5.205378200253364e-05 5.25222725334398e-05 5.299497177326965e-05 
0.0001077785914217383 0.0001087470534171543 0.000109724194553087 0.0001107100922970446 0.0001117048248037543 0.000112708470921199 0.0001137211101967122 0.0001147428228831181 0.0001157736899449337 0.0001168137930646142 0.0001178632146488622 0.000118922037834986 0.0001199903464973136 0.000121068225253662 0.0001221557594718667 0.0001232530352763593 0.0001243601395548091 0.0001254771599648207 0.0001266041849406864 0.0001277413037002007 0.0001288886062515298 0.000130046183400144 0.0001312141267558089 0.000132392528739636 0.0001335814825911918 0.0001347810823756762 0.0001359914229911536 0.0001372126001758523 0.0001384447105155231 0.0001396878514508643 0.0001409421212850101 0.0001422076191910804 0.0001434844452198012 0.0001447727003071855 0.0001460724862822807 0.0001473839058749892 0.0001487070627239467 0.0001500420613844735 0.0001513890073365962 0.0001527480069931334 0.0001541191677078532 0.0001555025977837032 0.0001568984064811041 0.0001583067040263279 0.0001597276016199283 0.0001611612114452629 0.0001626076466770756 0.0001640670214901641 0.0001655394510681018 0.000167025051612068 0.0001685239403497091 0.0001700362355441211 0.0001715620565028764 0.0001731015235871406 0.0001746547582208746 0.0001762218829000962 0.0001778030212022402 0.0001793982977955887 0.0001810078384487837 0.0001826317700404142 0.0001842702205687151 
0.0003737465506317238 0.0003770895862809019 0.0003804623748874358 0.0003838651792372309 0.0003872982644100229 0.0003907618977990318 0.0003942563491307806 0.0003977818904850793 0.0004013387963151792 0.0004049273434680803 0.0004085478112050365 0.0004122004812221916 0.0004158856376714238 0.0004196035671813367 0.0004233545588784367 0.0004271389044084877 0.0004309568979580309 0.0004348088362760929 0.0004386950186960754 0.0004426157471578179 0.0004465713262298417 0.0004505620631317902 0.0004545882677570383 0.0004586502526955101 0.0004627483332566541 0.0004668828274926358 0.0004710540562217173 0.0004752623430518086 0.0004795080144042349 0.0004837913995376998 0.0004881128305724259 0.0004924726425145129 0.0004968711732804941 0.0005013087637220802 0.0005057857576511238 0.0005103025018647846 0.0005148593461708883 0.0005194566434135113 0.0005240947494987611 0.0005287740234207879 0.0005334948272879727 0.0005382575263493753 0.0005430624890213584 0.0005479100869144745 0.0005528006948605041 0.0005577346909397892 0.0005627124565087455 0.0005677343762276174 0.0005728008380884298 0.0005779122334432376 0.0005830689570324972 0.0005882714070137891 0.0005935199849906701 0.0005988150960418281 0.0006041571487504664 0.0006095465552338684 0.0006149837311732947 0.0006204690958440477 0.0006260030721458146 0.0006315860866332362 0.0006372185695467762 
0.00128594699560476 0.001297351365346149 0.00130885592123541 0.001320461530613553 0.00133216906815912 0.001343979415947933 0.00135589346351336 0.001367912107906975 0.001380036253759737 0.001392266813343587 0.001404604706633563 0.00141705086137032 0.001429606213123208 0.001442271705353743 0.001455048289479628 0.001467936924939212 0.001480938579256467 0.001494054228106419 0.001507284855381121 0.001520631453256089 0.001534095022257234 0.001547676571328324 0.001561377117898935 0.001575197687952923 0.001589139316097374 0.001603203045632115 0.001617389928619766 0.001631701025956205 0.001646137407441679 0.001660700151852386 0.001675390347012612 0.001690209089867367 0.001705157486555626 0.001720236652484051 0.001735447712401278 0.001750791800472806 0.001766270060356344 0.001781883645277786 0.001797633718107735 0.001813521451438602 0.001829548027662187 0.001845714639047982 0.001862022487821893 0.001878472786245718 0.001895066756696953 0.001911805631749463 0.001928690654254535 0.001945723077422673 0.001962904164905801 0.001980235190880361 0.001997717440130627 0.002015352208133014 0.002033140801140698 0.002051084536269016 0.002069184741581495 0.00208744275617632 0.002105859930273696 0.002124437625303605 0.002143177213994337 0.002162080080461542 0.002181147620298129 
0.004360835549852225 0.004398895386503125 0.004437281446447416 0.004475996446891625 0.004515043126628176 0.004554424246192999 0.004594142588024037 0.004634200956620744 0.004674602178704627 0.00471534910338058 0.004756444602299429 0.004797891569821231 0.004839692923179714 0.004881851602647632 0.004924370571703141 0.004967252817197087 0.005010501349521419 0.005054119202778492 0.005098109434951403 0.005142475128075352 0.005187219388409972 0.005232345346612688 0.005277856157913093 0.005323755002288335 0.005370045084639455 0.005416729634968846 0.005463811908558773 0.005511295186150642 0.005559182774125633 0.00560747800468618 0.005656184236038483 0.005705304852576102 0.00575484326506462 0.005804802910827222 0.005855187253931364 0.005905999785376652 0.005957244023283432 0.006008923513082719 0.006061041827706989 0.006113602567782243 0.006166609361820805 0.006220065866415343 0.006273975766434031 0.006328342775216812 0.006383170634772156 0.006438463115975689 0.006494224018769328 0.006550457172361752 0.006607166435429516 0.006664355696320153 0.006722028873254911 0.006780189914534104 0.006838842798742279 0.006897991534955135 0.006957640162947557 0.007017792753402014 0.007078453408118956 0.007139626260227581 0.007201315474398023 0.007263525247054292 0.007326259806588861 
0.01439905234265852 0.01452101415114898 0.01464397331758108 0.01476793753364233 0.01489291454430293 0.0150189121481055 0.01514593819745552 0.01527400059891185 0.01540310731347829 0.01553326635689494 0.01566448579993038 0.01579677376867403 0.01593013844482923 0.01606458806600607 0.01620013092601534 0.01633677537516188 0.01647452982053927 0.01661340272632378 0.01675340261406933 0.01689453806300242 0.01703681771031706 0.01718025025147025 0.01732484444047742 0.01747060909020817 0.01761755307268176 0.01776568531936318 0.01791501482145926 0.0180655506302142 0.01821730185720593 0.01837027767464199 0.0185244873156555 0.01867994007460112 0.0188366453073511 0.01899461243159055 0.01915385092711345 0.01931437033611817 0.01947618026350238 0.01963929037715823 0.01980371040826729 0.01996945015159507 0.02013651946578501 0.02030492827365262 0.02047468656247835 0.02064580438430221 0.02081829185621454 0.02099215916064932 0.02116741654567589 0.02134407432529008 0.02152214287970377 0.02170163265563714 0.02188255416660549 0.02206491799320995 0.02224873478342414 0.02243401525288202 0.02262077018516487 0.02280901043208551 0.02299874691397465 0.02318999061996381 0.02338275260826887 0.02357704400647112 0.02377287601179961 
0.04530107397353106 0.04566384542117489 0.04602932310008695 0.04639752469915658 0.04676846799138144 0.04714217083385076 0.04751865116772273 0.04789792701819386 0.04828001649446228 0.04866493778968311 0.04905270918091614 0.04944334902906735 0.04983687577882188 0.05023330795856912 0.05063266418032144 0.05103496313962325 0.05144022361545381 0.0518484644701203 0.05225970464914422 0.05267396318113882 0.05309125917767742 0.05351161183315434 0.05393504042463716 0.05436156431170924 0.05479120293630372 0.05522397582252933 0.05565990257648674 0.05609900288607449 0.05654129652078751 0.05698680333150464 0.05743554325026771 0.0578875362900497 0.05834280254451495 0.05880136218776692 0.05926323547408808 0.05972844273766915 0.06019700439232637 0.06066894093121102 0.06114427292650581 0.06162302102911354 0.06210520596833124 0.0625908485515167 0.0630799696637412 0.06357259026743588 0.06406873140201851 0.0645684141835168 0.06507165980417726 0.06557848953206118 0.06608892471062798 0.06660298675831373 0.06712069716808533 0.06764207750699495 0.06816714941571302 0.06869593460805307 0.06922845487048558 0.06976473206163181 0.07030478811175386 0.07084864502222529 0.07139632486499112 0.07194784978201224 0.07250324198470212 
0.1308655866164357 0.1318086390023604 0.1327575128972285 0.1337122327046474 0.1346728227895057 0.1356393074757876 0.1366117110443642 0.1375900577307609 0.1385743717229005 0.139564677158821 0.1405609981243706 0.141563358650877 0.1425717827127931 0.1435862942253176 0.1446069170419919 0.1456336749522702 0.1466665916790689 0.1477056908762864 0.1487509961263022 0.1498025309374497 0.1508603187414629 0.1519243828909001 0.152994746656543 0.1540714332247692 0.1551544656948993 0.1562438670765226 0.1573396602867948 0.1584418681477111 0.1595505133833548 0.1606656186171213 0.1617872063689166 0.1629152990523295 0.1640499189717846 0.1651910883196608 0.1663388291733927 0.1674931634925464 0.1686541131158645 0.1698216997582933 0.1709959450079807 0.1721768703232533 0.1733644970295629 0.1745588463164144 0.1757599392342648 0.1769677966914021 0.1781824394507924 0.179403888126909 0.1806321631825383 0.1818672849255556 0.1831092735056744 0.1843581489111903 0.1856139309656698 0.1868766393246469 0.1881462934722719 0.1894229127179496 0.1907065161929548 0.1919971228470093 0.1932947514448563 0.1945994205627962 0.1959111485852063 0.1972299537010296 0.1985558539002587 
0.3273555490388044 0.3292848139199571 0.3312216065001589 0.3331659146384078 0.3351177256495932 0.3370770263002722 0.3390438028044621 0.3410180408194484 0.3429997254416131 0.3449888412022763 0.3469853720635592 0.3489893014142687 0.3510006120657981 0.3530192862480506 0.3550453056053895 0.357078651192601 0.3591193034708937 0.3611672423039111 0.3632224469537766 0.3652848960771635 0.3673545677213895 0.3694314393205421 0.3715154876916328 0.3736066890307825 0.3757050189094279 0.3778104522705765 0.3799229634250802 0.3820425260479468 0.3841691131746892 0.3863026971977027 0.3884432498626883 0.3905907422650974 0.3927451448466392 0.3949064273918007 0.3970745590244223 0.3992495082043142 0.4014312427239051 0.4036197297049439 0.4058149355952382 0.4080168261654453 0.4102253665058972 0.4124405210234835 0.4146622534385755 0.4168905267820059 0.4191253033920841 0.4213665449116757 0.4236142122853337 0.4258682657564749 0.4281286648646001 0.4303953684426099 0.4326683346141122 0.4349475207908521 0.4372328836701487 0.4395243792324163 0.4418219627387485 0.4441255887285357 0.4464352110171792 0.4487507826938409 0.4510722561192697 0.4533995829236821 0.4557327140047294 
0.6536371792665245 0.6562091900227802 0.658780532963783 0.661351099891513 0.6639207820233383 0.6664894699984153 0.6690570538842129 0.6716234231831454 0.6741884668393429 0.6767520732455193 0.6793141302499763 0.6818745251637184 0.6844331447676845 0.6869898753201044 0.6895446025639673 0.692097211734609 0.6946475875674212 0.6971956143056698 0.6997411757084353 0.7022841550586707 0.7048244351713678 0.7073618984018455 0.7098964266541505 0.7124279013895767 0.714956203635283 0.7174812139930447 0.7200028126481083 0.7225208793781511 0.7250352935623653 0.7275459341906413 0.7300526798728717 0.7325554088483482 0.7350539989952926 0.7375483278404651 0.7400382725689011 0.7425237100337514 0.7450045167662115 0.7474805689855785 0.7499517426093878 0.7524179132636785 0.7548789562933285 0.7573347467725179 0.7597851595152745 0.7622300690861301 0.7646693498108551 0.7671028757873068 0.7695305208963712 0.7719521588129887 0.7743676630172677 0.7767769068057223 0.7791797633025459 0.781576105471028 0.7839658061250175 0.7863487379404946 0.7887247734672246 0.7910937851404775 0.7934556452928569 0.7958102261661854 0.7981573999234824 0.8004970386610045 0.8028290144203881 
0.9525857807320832 0.9539042032476677 0.955205590249851 0.9564898541943878 0.957756908560112 0.9590066678599866 0.9602390476520326 0.9614539645501436 0.9626513362347933 0.9638310814636154 0.9649931200818692 0.9661373730327792 0.9672637623677524 0.9683722112564696 0.9694626439968458 0.9705349860248628 0.9715891639242643 0.9726251054361256 0.9736427394682748 0.9746419961045856 0.9756228066141229 0.9765851034601527 0.9775288203089986 0.9784538920387639 0.9793602547478932 0.9802478457635958 0.9811166036501106 0.9819664682168192 0 0 0 0 0 0.9866656840873896 0.9873817163019299 0.9880784194187514 0.9887557447925877 0.9894136450956764 0.9900520743240879 0.9906709878038795 0.9912703421970711 0.9918500955074565 0.9924102070862361 0.9929506376374693 0.9934713492233531 0.9939723052693239 0.994453470568975 0.9949148112887973 0.9953562949727317 0.9957778905465512 0.9961795683220434 0.9965613000010231 0.9969230586791481 0.9972648188495563 0.9975865564063101 0.9978882486476596 0.9981698742791104 0.9984314134163066 0.9986728475877232 0.9988941597371648 0.999095334226079 
0.9521023603134567 0.9507608531500843 0.9494025213839463 0.9480274559179526 0.9466357486286588 0.945227492354667 0.9438027808849199 0.9423617089469096 0.9409043721947864 0.9394308671973849 0.9379412914261518 0.9364357432430002 0.9349143218880718 0.9333771274674219 0.9318242609406224 0.930255824108299 0.9286719195995782 0.9270726508594794 0.9254581221362269 0.9238284384685003 0.9221837056726215 0.9205240303296772 0.9188495197725853 0.9171602820730992 0.9154564260287675 0.9137380611498301 0.9120052976460757 0 0 0 0 0 0 0 0.8976382846579697 0.8957810018320442 0.8939104580312729 0.8920267702810062 0.8901300561453962 0.8882204337138303 0.8862980215873444 0.8843629388650228 0.8824153051303941 0.8804552404378027 0.8784828652987977 0.8764983006685008 0.8745016679319678 0.8724930888905694 0.8704726857483707 0.8684405810984894 0.8663968979095116 0.8643417595118651 0.8622752895842463 0.860197612140035 0.8581088515137323 0.8560091323474319 0.8538985795772882 0.8517773184200259 0.8496454743594668 0.8475031731330931 0.8453505407186209 
0.652702167905612 0.6501294198667049 0.6475562573763095 0.6449827866207041 0.6424091131750206 0.6398353419974829 0.6372615774237642 0.6346879231614682 0.6321144822847248 0.6295413572289059 0.6269686497854632 0.6243964610968813 0.621824891651751 0.6192540412799616 0.6166840091480098 0.6141148937544287 0.611546792925332 0.6089798038100767 0.6064140228770442 0.6038495459095359 0.6012864680017879 0.5987248835550983 0.5961648862740714 0.5936065691629767 0.5910500245222305 0.5884953439449765 0 0 0 0 0 0 0 0 0 0.5630707001960152 0.5605423641104555 0.5580169349513296 0.5554944948579644 0.5529751252263678 0.5504589067074784 0.5479459192055014 0.5454362418763601 0.542929953126239 0.5404271306102512 0.5379278512311858 0.5354321911383594 0.532940225726581 0.5304520296352169 0.5279676767473186 0.5254872401889147 0.5230107923283284 0.5205384047756474 0.5180701483822594 0.5156060932404811 0.5131463086833089 0.5106908632842257 0.5082398248571278 0.5057932604563278 0.5033512363766637 0.5009138181536699 
0.3266561731321162 0.3247371906838172 0.3228257624913773 0.3209218988968794 0.3190256097168895 0.3171369042467497 0.3152557912648831 0.3133822790371104 0.3115163753209709 0.3096580873700588 0.3078074219383609 0.3059643852846073 0.3041289831766248 0.3023012208956974 0.3004811032409313 0.2986686345336289 0.2968638186216567 0.2950666588838284 0.2932771582342821 0.2914953191268623 0.2897211435595038 0.2879546330786172 0.2861957887834689 0.2844446113305677 0.2827011009380487 0 0 0 0 0 0 0 0 0 0 0 0.2623765070666276 0.260732496807153 0.2590961130792383 0.2574673500488179 0.2558462015129718 0.2542326609042038 0.252626721294712 0.2510283754006457 0.2494376155863612 0.2478544338686534 0.2462788219209778 0.2447107710776659 0.2431502723381305 0.2415973163710333 0.2400518935184811 0.2385139938001616 0.2369836069175028 0.2354607222577946 0.2339453288982984 0.2324374156103559 0.23093697086346 0.2294439828293271 0.2279584393859425 0.2264803281215998 0.2250096363389047 
0.1305242464874477 0.129589092208838 0.1286597016203487 0.1277360502038576 0.1268181134117757 0.1259058666691045 0.1249992853754688 0.1240983449071279 0.1232030206189596 0.1223132878464254 0.1214291219075093 0.1205504981046351 0.1196773917265596 0.1188097780502445 0.1179476323427022 0.117090929862825 0.1162396458631834 0.1153937555918092 0.1145532342939526 0.1137180572138174 0.1128881995962749 0.1120636366885546 0.1112443437419144 0.110430296013287 0.1096214687669074 0 0 0 0 0 0 0 0 0 0 0 0.1003137524101282 0.09957054662732899 0.09883221665253536 0.09809873804021052 0.09737008637528131 0.09664623727441218 0.09592716638726104 0.09521284939771756 0.09450326202512112 0.09379838002545975 0.09309817919254779 0.09240263535918934 0.09171172439832317 0.09102542222413948 0.09034370479319538 0.08966654810549451 0.08899392820556193 0.08832582118349386 0.08766220317598973 0.08700305036737299 0.08634833899058544 0.08569804532817137 0.08505214571324066 0.08441061653041822 0.08377343421677008 
0.04516988202951723 0.04481077211644423 0.04445432696170441 0.04410052915933368 0.04374936138746823 0.04340080640832552 0.04305484706817794 0.04271146629732218 0.04237064711004056 0.0420323726045579 0.04169662596299117 0.04136339045129451 0.04103264941919765 0.04070438630013932 0.04037858461119429 0.04005522795299632 0.0397343000096541 0.03941578454866315 0.03909966542081197 0.03878592656008326 0.03847455198355021 0.03816552579126752 0.03785883216615783 0.03755445537389321 0.03725237976277272 0 0 0 0 0 0 0 0 0 0 0 0.03380137953152511 0.03352783231404698 0.0332563757502979 0.03298699541026404 0.0327196769440164 0.03245440608152008 0.03219116863243931 0.03192995048594108 0.031670737610494 0.03141351605366482 0.03115827194191101 0.03090499148037131 0.03065366095265402 0.03040426672061887 0.03015679522416183 0.02991123298099121 0.02966756658640553 0.02942578271306672 0.02918586811077004 0.02894780960621437 0.02871159410276666 0.02847720858022643 0.02824464009458676 0.0280138757777942 0.02778490283750398 
0.01435496767200324 0.0142343534404589 0.01411471859784302 0.01399605562956311 0.01387835707305086 0.01376161551747527 0.01364582360345607 0.01353097402277827 0.01341705951810688 0.01330407288270238 0.01319200696013697 0.01308085464401125 0.0129706088776718 0.01286126265392936 0.01275280901477744 0.01264524105111232 0.01253855190245285 0.01243273475666179 0.01232778284966747 0.0122236894651863 0.01212044793444608 0.01201805163591002 0.01191649399500163 0.01181576848383034 0.01171586862091803 0 0 0 0 0 0 0 0 0 0 0 0.0105791737405435 0.01048943811546755 0.010400442120082 0.01031217993684822 0.01022464579038088 0.01013783394718934 0.01005173871542006 0.009966354444600173 0.009881675525381915 0.009797696389288055 0.009714411508457943 0.00963181539539508 0.009549902602715795 0.009468667722897586 0.009388105388030673 0.009308210269568249 0.009228977078079476 0.009150400563002597 0.009072475512398981 0.008995196752709059 0.008918559148508167 0.008842557602264212 0.008767187054095982 0.008692442481532859 0.008618318899274821 
0.004347081982373293 0.004309462604222703 0.004272163112205293 0.004235180860574496 0.004198513224493281 0.004162157599881661 0.004126111403265166 0.004090372071624319 0.00405493706224486 0.00401980385256917 0.003984969940048367 0.003950432841995478 0.003916190095439501 0.003882239256980349 0.003848577902644726 0.00381520362774299 0.003782114046726727 0.00374930679304745 0.003716779519016067 0.003684529895663265 0.003652555612600787 0.003620854377883636 0.003589423917873116 0.003558261977100734 0.00352736631813305 0 0 0 0 0 0 0 0 0 0 0 0.003176598003578947 0.003148968366885248 0.003121575507955516 0.003094417444243568 0.003067492209191371 0.003040797852108098 0.003014332438050003 0.00298809404770125 0.002962080777255416 0.002936290738297801 0.002910722057688504 0.002885372877446355 0.002860241354633725 0.002835325661241707 0.002810623984076682 0.002786134524647079 0.002761855499051315 0.002737785137866284 0.002713921686036581 0.002690263402764735 0.00266680856140184 0.002643555449339222 0.002620502367900696 0.002597647632235686 0.002574989571212855 
0.001281826426467829 0.001270557273855504 0.00125938628627319 0.001248312620626716 0.001237335440903862 0.001226453918116969 0.001215667230246002 0.001204974562182035 0.001194375105671163 0.001183868059258869 0.001173452628234778 0.001163128024577865 0.001152893466902057 0.001142748180402286 0.001132691396800902 0.001122722354294571 0.001112840297501497 0.001103044477409118 0.001093334151322172 0.001083708582811162 0.001074167041661235 0.001064708803821438 0.001055333151354377 0.001046039372386252 0.001036826761057287 0.00102769461747258 0 0 0 0 0 0 0 0 0 0.0009406490989521195 0.0009323575653271941 0.0009241385485726263 0.000915991422030037 0.0009079155643560283 0.0008999103594784978 0.0008919751965531614 0.0008841094699205285 0.0008763125790631629 0.0008685839285633004 0.0008609229280607775 0.0008533289922112806 0.0008458015406449695 0.000838339997925422 0.0008309437935087948 0.0008236123617035026 0.0008163451416300112 0.0008091415771810955 0.0008020011169823375 0.0007949232143529307 0.0007879073272668664 0.0007809529183143296 0.0007740594546634754 0.000767226408022468 0.0007604532546018621 0.0007537394750772035 
0.000372538755613017 0.00036923586812407 0.0003659621215090196 0.0003627172605550741 0.0003595010322593731 0.0003563131858102032 0.0003531534725683376 0.0003500216460485569 0.0003469174619012999 0.0003438406778944865 0.0003407910538954757 0.0003377683518531843 0.000334772335780341 0.0003318027717359062 0.0003288594278076137 0.0003259420740946879 0.0003230504826906677 0.0003201844276664061 0.0003173436850531913 0.0003145280328260144 0.0003117372508869779 0.0003089711210488398 0.0003062294270186921 0.0003035119543817791 0.000300818490585451 0.0002981488249232531 0.0002955027485191273 0 0 0 0 0 0 0 0.0002751588772100414 0.0002727159990790777 0.0002702947187388053 0.0002678948464429311 0.0002655161940961514 0.0002631585752399941 0.0002608218050387988 0.0002585057002657879 0.0002562100792892701 0.0002539347620589617 0.0002516795700924158 0.0002494443264615644 0.0002472288557793759 0.0002450329841866234 0.0002428565393387769 0.0002406993503929716 0.0002385612479951328 0.0002364420642671634 0.0002343416327942754 0.0002322597886124033 0.000230196368195729 0.0002281512094443294 0.0002261241516718952 0.0002241150355935843 0.0002221237033139555 0.0002201499983150254 0.0002181937654443955 
0.0001074287133520539 0.0001064719615739518 0.0001055237085406972 0.0001045838790525855 0.0001036523985713803 0.0001027291932145478 0.0001018141897495391 0.0001009073155881245 0.0001000084987807728 9.911766801108467e-05 9.823475259026587e-05 9.735968245165571e-05 9.64923881452983e-05 9.563280083256131e-05 9.478085228080131e-05 9.393647485807703e-05 9.309960152790195e-05 9.227016584405092e-05 9.144810194540424e-05 9.063334455083847e-05 8.98258289541639e-05 8.902549101910206e-05 8.8232267174307e-05 8.744609440843165e-05 8.666691026523468e-05 8.589465283873244e-05 8.51292607683857e-05 8.437067323433943e-05 0 0 0 0 0 7.995870432378478e-05 7.924609002283202e-05 7.853981260522312e-05 7.783981590939404e-05 7.714604426899805e-05 7.645844250857428e-05 7.577695593925035e-05 7.510153035448723e-05 7.443211202585336e-05 7.376864769884252e-05 7.311108458872409e-05 7.245937037643115e-05 7.181345320448223e-05 7.117328167293743e-05 7.053880483539364e-05 6.990997219501431e-05 6.928673370058374e-05 6.866903974261289e-05 6.805684114946161e-05 6.745008918350689e-05 6.684873553733782e-05 6.625273232998303e-05 6.566203210317839e-05 6.507658781765628e-05 6.449635284947512e-05 6.392128098637787e-05 6.335132642418351e-05 6.278644376320486e-05 
3.084936645246509e-05 3.057396192535491e-05 3.03010126565614e-05 3.003049680251518e-05 2.976239271337521e-05 2.94966789313196e-05 2.923333418885004e-05 2.89723374071115e-05 2.871366769422696e-05 2.845730434364693e-05 2.820322683251174e-05 2.795141482003105e-05 2.770184814587476e-05 2.745450682858014e-05 2.720937106397123e-05 2.696642122359381e-05 2.672563785316245e-05 2.648700167102264e-05 2.625049356662487e-05 2.601609459901382e-05 2.578378599532967e-05 2.555354914932235e-05 2.532536561988011e-05 2.509921712956943e-05 2.487508556318908e-05 2.465295296633672e-05 2.443280154398595e-05 2.421461365907998e-05 2.399837183113303e-05 2.378405873484821e-05 2.357165719874364e-05 2.336115020379471e-05 2.315252088208401e-05 2.294575251546681e-05 2.274082853424596e-05 2.253773251585916e-05 2.233644818357827e-05 2.213695940521914e-05 2.193925019186302e-05 2.174330469659004e-05 2.154910721322279e-05 2.135664217508122e-05 2.116589415374847e-05 2.097684785784828e-05 2.078948813183218e-05 2.060379995477776e-05 2.041976843919715e-05 2.023737882985662e-05 2.005661650260675e-05 1.987746696322068e-05 1.969991584624673e-05 1.952394891386629e-05 1.934955205476581e-05 1.917671128301654e-05 1.900541273696378e-05 1.883564267812838e-05 1.866738749011468e-05 1.850063367753082e-05 1.833536786491666e-05 1.817157679568254e-05 1.800924733105604e-05 
8.838833774931141e-06 8.759824347640822e-06 8.681520658061802e-06 8.603916409269833e-06 8.527005360431752e-06 8.450781326307044e-06 8.375238176753844e-06 8.300369836239458e-06 8.226170283354866e-06 8.152633550333976e-06 8.079753722576719e-06 8.007524938176655e-06 7.935941387452574e-06 7.864997312484442e-06 7.794687006653142e-06 7.725004814184807e-06 7.655945129698514e-06 7.587502397758586e-06 7.519671112430524e-06 7.452445816840944e-06 7.385821102741502e-06 7.319791610076605e-06 7.25435202655481e-06 7.189497087224376e-06 7.125221574052247e-06 7.061520315506993e-06 6.998388186145061e-06 6.935820106201468e-06 6.87381104118297e-06 6.812356001466244e-06 6.751450041898118e-06 6.691088261400746e-06 6.631265802579253e-06 6.571977851333317e-06 6.513219636472267e-06 6.454986429333262e-06 6.397273543403131e-06 6.340076333943541e-06 6.283390197619245e-06 6.227210572129921e-06 6.171532935845305e-06 6.116352807443031e-06 6.061665745550346e-06 6.007467348388708e-06 5.953753253421452e-06 5.900519137004808e-06 5.847760714041665e-06 5.795473737638702e-06 5.743653998766793e-06 5.692297325923443e-06 5.641399584799665e-06 5.590956677948386e-06 5.540964544456862e-06 5.491419159621428e-06 5.442316534625148e-06 5.393652716218747e-06 5.345423786403843e-06 5.297625862119366e-06 5.250255094930446e-06 5.203307670720799e-06 5.156779809386333e-06 
2.529417798265828e-06 2.506792026045472e-06 2.484368563001652e-06 2.462145601244272e-06 2.440121349024758e-06 2.418294030592161e-06 2.396661886050478e-06 2.375223171217333e-06 2.353976157483778e-06 2.332919131675524e-06 2.312050395915181e-06 2.291368267485965e-06 2.270871078696431e-06 2.250557176746491e-06 2.230424923594625e-06 2.210472695826282e-06 2.190698884523365e-06 2.171101895135026e-06 2.151680147349483e-06 2.132432074967015e-06 2.113356125774155e-06 2.094450761418886e-06 2.075714457287047e-06 2.05714570237977e-06 2.03874299919206e-06 2.020504863592466e-06 2.002429824703683e-06 1.984516424784484e-06 1.966763219112375e-06 1.949168775867638e-06 1.931731676018057e-06 1.914450513205018e-06 1.897323893630318e-06 1.880350435944195e-06 1.863528771134254e-06 1.846857542415371e-06 1.830335405120679e-06 1.813961026593412e-06 1.79773308607974e-06 1.781650274622623e-06 1.765711294956558e-06 1.749914861403228e-06 1.734259699768129e-06 1.718744547238155e-06 1.703368152280017e-06 1.688129274539617e-06 1.67302668474224e-06 1.65805916459377e-06 1.643225506682727e-06 1.628524514383017e-06 1.613955001757912e-06 1.599515793464458e-06 1.585205724659099e-06 1.571023640903913e-06 1.55696839807372e-06 1.543038862264163e-06 1.529233909700397e-06 1.515552426646734e-06 1.501993309317035e-06 1.488555463786033e-06 1.475237805901075e-06 
7.233796962430176e-07 7.169066466096248e-07 7.104915078830757e-07 7.041337621284166e-07 6.978328960407301e-07 6.915884009037952e-07 6.853997725490804e-07 6.792665113151258e-07 6.731881220072729e-07 6.67164113857774e-07 6.611940004862299e-07 6.552772998604058e-07 6.494135342573679e-07 6.4360223022501e-07 6.37842918543883e-07 6.321351341893848e-07 6.264784162942763e-07 6.208723081115534e-07 6.153163569776219e-07 6.098101142758205e-07 6.043531354002652e-07 5.989449797200156e-07 5.935852105435646e-07 5.882733950836198e-07 5.830091044222503e-07 5.777919134763046e-07 5.726214009631264e-07 5.67497149366639e-07 5.624187449036366e-07 5.573857774904962e-07 5.523978407100571e-07 5.474545317789055e-07 5.425554515148862e-07 5.377002043049286e-07 5.328883980731513e-07 5.281196442492571e-07 5.233935577372222e-07 5.187097568842228e-07 5.140678634498933e-07 5.094675025758174e-07 5.049083027553247e-07 5.003898958035199e-07 4.959119168276036e-07 4.914740041974654e-07 4.870757995165207e-07 4.827169475928186e-07 4.783970964103872e-07 4.741158971008722e-07 4.698730039154129e-07 4.656680741967275e-07 4.615007683515336e-07 4.573707498231291e-07 4.532776850642781e-07 4.492212435103072e-07 4.452010975524356e-07 4.412169225113957e-07 4.372683966112112e-07 4.333552009532771e-07 4.294770194906139e-07 4.256335390024522e-07 4.218244490688728e-07 
2.068056462598528e-07 2.049547144045504e-07 2.031203467211873e-07 2.013023950002556e-07 1.995007123580339e-07 1.977151532247321e-07 1.959455733327359e-07 1.941918297049729e-07 1.924537806433628e-07 1.907312857173894e-07 1.890242057527578e-07 1.873324028201644e-07 1.856557402241652e-07 1.839940824921409e-07 1.8234729536336e-07 1.807152457781457e-07 1.79097801867131e-07 1.774948329406186e-07 1.759062094780285e-07 1.743318031174442e-07 1.727714866452509e-07 1.712251339858685e-07 1.69692620191571e-07 1.681738214324025e-07 1.666686149861814e-07 1.651768792285955e-07 1.63698493623376e-07 1.622333387125796e-07 1.607812961069316e-07 1.59342248476283e-07 1.579160795401218e-07 1.56502674058205e-07 1.5510191782124e-07 1.537136976416707e-07 1.523379013445421e-07 1.509744177584389e-07 1.496231367065157e-07 1.482839489975991e-07 1.469567464173718e-07 1.456414217196394e-07 1.443378686176724e-07 1.430459817756187e-07 1.417656568000058e-07 1.404967902313112e-07 1.392392795356091e-07 1.379930230962927e-07 1.367579202058665e-07 1.355338710578194e-07 1.3432077673857e-07 1.331185392194654e-07 1.319270613488887e-07 1.307462468443949e-07 1.295760002849493e-07 1.284162271032194e-07 1.272668335779366e-07 1.26127726826334e-07 1.249988147966434e-07 1.238800062606638e-07 1.227712108063902e-07 1.216723388307321e-07 1.205833015322493e-07 
1.105651224205588e-07 1.095426601850741e-07 1.085296524979145e-07 1.075260119450812e-07 1.065316519206327e-07 1.055464866192153e-07 1.045704310286644e-07 1.036034009226754e-07 1.026453128535389e-07 1.016960841449497e-07 1.007556328848713e-07 9.982387791847869e-08 9.890073884115697e-08 9.798613599156971e-08 9.70799904447881e-08 9.618222400548761e-08 9.529275920120236e-08 9.441151927564733e-08 9.353842818209662e-08 9.267341057682865e-08 9.181639181262615e-08 9.096729793234159e-08 9.012605566251816e-08 8.929259240707053e-08 8.846683624102559e-08 8.764871590432135e-08 8.683816079565633e-08 8.603510096640871e-08 8.523946711459629e-08 8.445119057890874e-08 8.367020333277573e-08 8.289643797851172e-08 8.21298277414945e-08 8.137030646441177e-08 8.061780860155406e-08 7.987226921316079e-08 7.913362395982328e-08 7.84018090969323e-08 7.767676146918151e-08 7.695841850512242e-08 7.624671821176752e-08 7.55415991692419e-08 7.484300052548764e-08 7.415086199101575e-08 7.346512383370643e-08 7.278572687365756e-08 7.211261247807946e-08 7.144572255623805e-08 7.078499955444877e-08 7.013038645110449e-08 6.948182675176791e-08 6.883926448428929e-08 6.82026441939855e-08 6.757191093885563e-08 6.694701028483838e-08 6.632788830112332e-08 6.571449155549438e-08 6.510676710972436e-08 6.45046625150038e-08 6.390812580742949e-08 6.331710550350442e-08 
3.867829769774663e-07 3.83206676175063e-07 3.796634377511137e-07 3.7615295611897e-07 3.726749285154623e-07 3.692290549748352e-07 3.658150383029036e-07 3.624325840514668e-07 3.590814004929435e-07 3.557611985952499e-07 3.524716919969014e-07 3.49212596982356e-07 3.459836324575747e-07 3.427845199258122e-07 3.396149834636235e-07 3.364747496971144e-07 3.333635477783748e-07 3.302811093621662e-07 3.272271685827969e-07 3.242014620312301e-07 3.212037287323891e-07 3.182337101226815e-07 3.15291150027722e-07 3.123757946402701e-07 3.094873924983664e-07 3.06625694463675e-07 3.037904537000088e-07 3.009814256520875e-07 2.981983680244468e-07 2.954410407605901e-07 2.927092060222865e-07 2.900026281691011e-07 2.873210737380791e-07 2.846643114236442e-07 2.820321120576691e-07 2.79424248589724e-07 2.768404960675376e-07 2.74280631617589e-07 2.717444344259269e-07 2.692316857191382e-07 2.667421687455046e-07 2.642756687563193e-07 2.618319729873888e-07 2.594108706407063e-07 2.570121528662885e-07 2.54635612744178e-07 2.522810452666136e-07 2.499482473203666e-07 2.476370176692572e-07 2.453471569367793e-07 2.430784675889649e-07 2.408307539173268e-07 2.38603822022022e-07 2.363974797951306e-07 2.342115369040977e-07 2.320458047753525e-07 2.299000965780366e-07 2.277742272079231e-07 2.256680132714444e-07 2.235812730699303e-07 2.21513826583894e-07 
1.352717507206758e-06 1.340213275779736e-06 1.327824597612629e-06 1.315550405321573e-06 1.30338964137593e-06 1.291341258007444e-06 1.2794042171202e-06 1.267577490201422e-06 1.255860058233077e-06 1.244250911604331e-06 1.23274905002477e-06 1.221353482438449e-06 1.210063226938702e-06 1.198877310683785e-06 1.187794769813229e-06 1.176814649365051e-06 1.165936003193625e-06 1.155157893888401e-06 1.144479392693308e-06 1.133899579426941e-06 1.123417542403466e-06 1.113032378354254e-06 1.102743192350224e-06 1.092549097724938e-06 1.082449215998364e-06 1.072442676801387e-06 1.062528617800921e-06 1.052706184625888e-06 1.042974530793626e-06 1.033332817637271e-06 1.023780214233519e-06 1.014315897331288e-06 1.004939051280872e-06 9.956488679638544e-07 9.864445467236154e-07 9.773252942964747e-07 9.68290324743513e-07 9.593388593829702e-07 9.504701267233002e-07 9.416833623968326e-07 9.329778090940582e-07 9.243527164984778e-07 9.158073412220908e-07 9.073409467414901e-07 8.989528033345018e-07 8.906421880174569e-07 8.824083844829656e-07 8.742506830383558e-07 8.661683805446565e-07 8.581607803560434e-07 8.502271922600307e-07 8.423669324180194e-07 8.345793233065398e-07 8.268636936589515e-07 8.192193784076915e-07 8.116457186271247e-07 8.041420614767984e-07 7.967077601453301e-07 7.893421737947525e-07 7.820446675054439e-07 7.748146122213911e-07 
4.72870483703975e-06 4.685015684974667e-06 4.641729966097768e-06 4.598843958036997e-06 4.556353972724096e-06 4.514256356079191e-06 4.472547487697959e-06 4.431223780542006e-06 4.390281680631764e-06 4.349717666742517e-06 4.30952825010288e-06 4.269709974096355e-06 4.230259413965409e-06 4.191173176518424e-06 4.152447899839162e-06 4.114080252999129e-06 4.076066935772305e-06 4.038404678352737e-06 4.001090241074548e-06 3.964120414134633e-06 3.927492017317845e-06 3.891201899724717e-06 3.855246939501633e-06 3.81962404357358e-06 3.78433014737925e-06 3.749362214608733e-06 3.714717236943254e-06 3.680392233797879e-06 3.646384252065911e-06 3.612690365866327e-06 3.579307676292829e-06 3.546233311165865e-06 3.513464424786389e-06 3.480998197692233e-06 3.448831836416557e-06 3.416962573248499e-06 3.385387665996175e-06 3.3541043977517e-06 3.323110076658376e-06 3.292402035680146e-06 3.261977632373131e-06 3.231834248659014e-06 3.201969290600883e-06 3.172380188180935e-06 3.14306439508024e-06 3.114019388460543e-06 3.085242668747978e-06 3.056731759418927e-06 3.028484206787891e-06 3.000497579796864e-06 2.972769469807368e-06 2.945297490393696e-06 2.91807927713853e-06 2.891112487430228e-06 2.864394800261908e-06 2.837923916032693e-06 2.811697556350361e-06 2.785713463836134e-06 2.759969401931095e-06 2.734463154704622e-06 2.709192526663994e-06 
1.651561180561573e-05 1.636316533500241e-05 1.621212459774899e-05 1.60624766509313e-05 1.59142086705232e-05 1.576730795030822e-05 1.562176190080086e-05 1.547755804817812e-05 1.533468403321988e-05 1.519312761026033e-05 1.505287664614736e-05 1.491391911921284e-05 1.477624311825111e-05 1.463983684150783e-05 1.450468859567715e-05 1.437078679490877e-05 1.423811995982325e-05 1.410667671653713e-05 1.397644579569637e-05 1.384741603151866e-05 1.371957636084485e-05 1.359291582219855e-05 1.346742355485449e-05 1.334308879791545e-05 1.321990088939756e-05 1.309784926532415e-05 1.297692345882686e-05 1.285711309925692e-05 1.273840791130206e-05 1.262079771411401e-05 1.250427242044153e-05 1.238882203577359e-05 1.227443665748854e-05 1.21611064740122e-05 1.204882176398311e-05 1.193757289542552e-05 1.182735032493008e-05 1.17181445968417e-05 1.160994634245499e-05 1.150274627921716e-05 1.139653520993822e-05 1.129130402200774e-05 1.118704368661966e-05 1.108374525800378e-05 1.098139987266424e-05 1.087999874862496e-05 1.077953318468185e-05 1.067999455966205e-05 1.058137433169047e-05 1.048366403746116e-05 1.038685529151806e-05 1.029093978553982e-05 1.019590928763275e-05 1.010175564162967e-05 1.000847076639466e-05 9.916046655135475e-06 9.824475374720739e-06 9.733749065004583e-06 9.643859938156562e-06 9.554800277998668e-06 9.466562439347155e-06 
5.75880141835174e-05 5.705738604528307e-05 5.653163800920566e-05 5.601072532103806e-05 5.549460363520638e-05 5.498322901110322e-05 5.447655790941183e-05 5.397454718846711e-05 5.347715410064493e-05 5.298433628878806e-05 5.249605178265989e-05 5.201225899543461e-05 5.153291672021511e-05 5.105798412658443e-05 5.058742075718717e-05 5.012118652434265e-05 4.965924170668693e-05 4.92015469458467e-05 4.874806324314216e-05 4.829875195631949e-05 4.785357479631367e-05 4.74124938240394e-05 4.697547144721122e-05 4.654247041719213e-05 4.611345382587136e-05 4.568838510257009e-05 4.526722801097205e-05 4.484994664608855e-05 4.443650543124209e-05 4.402686911508585e-05 4.362100276864207e-05 4.321887178237445e-05 4.282044186328067e-05 4.242567903201541e-05 4.203454962003737e-05 4.164702026678179e-05 4.126305791685998e-05 4.088262981728299e-05 4.050570351471041e-05 4.013224685272302e-05 3.976222796912389e-05 3.939561529325802e-05 3.903237754336086e-05 3.867248372392901e-05 3.831590312311461e-05 3.796260531014355e-05 3.761256013275614e-05 3.726573771467195e-05 3.692210845307861e-05 3.658164301613831e-05 3.624431234052497e-05 3.591008762897502e-05 3.557894034786693e-05 3.525084222481932e-05 3.492576524631009e-05 3.460368165532091e-05 3.428456394899856e-05 3.396838487634006e-05 3.365511743589796e-05 3.334473487350737e-05 3.303721068003084e-05 
0.0002001864142292543 0.0001983479186542726 0.0001965262479254794 0.0001947212488947974 0.0001929327697968412 0.0001911606602365914 0.0001894047711771707 0.0001876649549277366 0.0001859410651314695 0.0001842329567536759 0.0001825404860699849 0.0001808635106546593 0.0001792018893689991 0.0001775554823498552 0.0001759241509982345 0.0001743077579680159 0.0001727061671547532 0.000171119243684587 0.0001695468539032449 0.0001679888653651444 0.000166445146822591 0.0001649155682150653 0.0001634000006586108 0.000161898316435312 0.0001604103889828634 0.000158936092884238 0.0001574753038574287 0.0001560278987453066 0.0001545937555055387 0.0001531727532006229 0.0001517647719879835 0.0001503696931101806 0.0001489873988851806 0.0001476177726967311 0.000146260698984812 0.0001449160632361689 0.0001435837519749377 0.0001422636527533452 0.0001409556541424939 0.0001396596457232251 0.000138375518077072 0.0001371031627772792 0.0001358424723799101 0.0001345933404150324 0.0001333556613779789 0.000132129330720688 0.0001309142448431128 0.0001297103010847173 0.0001285173977160476 0.0001273354339303569 0.0001261643098353394 0.0001250039264449026 0.0001238541856710384 0.0001227149903157506 0.000121586244063056 0.0001204678514710676 0.0001193597179641301 0.0001182617498250391 0.0001171738541873234 0.0001160959390275984 0.0001150279131579797 
0.0006919090229869482 0.0006855936133003827 0.0006793354636418432 0.00067313406011996 0.0006669888933831166 0.00066089945858034 0.0006548652553225067 0.0006488857876438783 0.0006429605639639426 0.0006370890970495927 0.000631270903977597 0.0006255055060973876 0.0006197924289941663 0.0006141312024523087 0.000608521360419062 0.0006029624409685794 0.0005974539862662008 0.0005919955425330849 0.0005865866600110911 0.0005812268929279895 0.0005759157994629321 0.0005706529417122352 0.0005654378856554225 0.0005602702011215797 0.0005551494617559657 0.0005500752449869276 0.0005450471319930481 0.0005400647076706376 0.0005351275606014146 0.0005302352830205454 0.0005253874707848582 0.0005205837233414183 0.00051582364369628 0.0005111068383835727 0.0005064329174347924 0.0005018014943483804 0.0004972121860595542 0.0004926646129103862 0.0004881583986201356 0.0004836931702558208 0.0004792685582030767 0.0004748841961371957 0.0004705397209944672 0.0004662347729437364 0.0004619689953582038 0.0004577420347874693 0.0004535535409297901 0.0004494031666046013 0.0004452905677252757 0.0004412154032720484 0.0004371773352652722 0.000433176028738803 0.000429211151713677 0.0004252823751719788 0.000421389373030925 0.0004175318221172086 0.0004137094021415055 0.0004099217956732402 0.0004061686881155454 0.0004024497676804509 0.0003987647253642472 
0.002366140606573115 0.002344791103777258 0.002323631807070799 0.002302661054960998 0.002281877200018405 0.002261278608763924 0.002240863661556768 0.002220630752483197 0.00220057828924604 0.002180704693055119 0.002161008398518361 0.00214148785353377 0.002122141519182203 0.002102967869620907 0.002083965391977824 0.002065132586246753 0.002046467965183172 0.002027970054200929 0.002009637391269643 0.001991468526812892 0.001973462023607147 0.001955616456681441 0.00193793041321782 0.001920402492452504 0.001903031305577795 0.001885815475644772 0.001868753637466538 0.001851844437522496 0.001835086533862968 0.001818478596014908 0.001802019304887977 0.001785707352681637 0.001769541442792686 0.001753520289723653 0.00173764261899184 0.001721907167038996 0.001706312681141792 0.00169085791932285 0.001675541650262559 0.001660362653211437 0.001645319717903282 0.001630411644468942 0.001615637243350656 0.001600995335217214 0.001586484750879621 0.0015721043312075 0.001557852927046034 0.001543729399133645 0.001529732618020317 0.001515861463986359 0.001502114826962096 0.001488491606447865 0.00147499071143488 0.001461611060326562 0.001448351580860469 0.001435211210030973 0.001422188894012344 0.001409283588082592 0.001396494256547777 0.001383819872667044 0.001371259418578048 
0.007934013812360306 0.007863953159732798 0.007794496251391272 0.007725638085069346 0.007657373697255606 0.007589698162929672 0.007522606595299493 0.007456094145540159 0.007390156002533714 0.007324787392610469 0.007259983579291591 0.007195739863032889 0.007132051580970032 0.007068914106665011 0.007006322849853797 0.006944273256195578 0.006882760807022915 0.006821781019093556 0.006761329444343302 0.006701401669640319 0.006641993316540675 0.006583100041045175 0.006524717533357551 0.006466841517643855 0.006409467751793287 0.006352592027180228 0.006296210168427318 0.006240318033170577 0.006184911511824734 0.006129986527350995 0.006075539035024987 0.00602156502220704 0.005968060508112835 0.005915021543585979 0.005862444210871562 0.005810324623390961 0.005758658925518149 0.005707443292357089 0.00565667392952041 0.00560634707290935 0.005556458988495138 0.005507005972101422 0.00545798434918795 0.005409390474635754 0.005361220732533357 0.005313471535964363 0.005266139326796049 0.005219220575469558 0.005172711780791282 0.005126609469724932 0.005080910197185879 0.005035610545835578 0.004990707125878176 0.004946196574857774 0.004902075557456973 0.004858340765297035 0.004814988916738663 0.004772016756684537 0.00472942105638265 0.004687198613231234 0.0046453462505844 
0.02566496110595345 0.02544729803867327 0.02523139407587384 0.02501723613951412 0.02480481123384796 0.02459410644510661 0.02438510894117886 0.02417780597129057 0.0239721848656815 0.0237682330352814 0.02356593797138404 0.0233652872453203 0.02316626850812948 0.02296886949022949 0.02277307800108551 0.02257888192887803 0.02238626924016875 0.0221952279795662 0.02200574626938999 0.02181781230933378 0.02163141437612771 0.02144654082319959 0.02126318008033522 0.02108132065333793 0.02090095112368755 0.02072206014819816 0.02054463645867518 0.02036866886157272 0.02019414623764838 0.02002105754162011 0.01984939180181949 0.01967913811984762 0.01951028567022777 0.01934282370005956 0.01917674152867195 0.01901202854727555 0.01884867421861578 0.01868666807662442 0.01852599972607194 0.01836665884221876 0.01820863517046745 0.01805191852601385 0.01789649879349809 0.01774236592665645 0.01758950994797236 0.01743792094832785 0.0172875890866543 0.01713850458958415 0.01699065775110306 0.01684403893219971 0.01669863856051974 0.01655444713001582 0.01641145520060115 0.01626965339780108 0.01612903241240574 0.0159895830001237 0.01585129598123442 0.01571416224024245 0.01557817272553105 0.01544331844901731 0.01530959048580588 
0.07784346434803434 0.07723145484871068 0.07662379734103386 0.07602046664296197 0.07542143764493178 0.0748266853106804 0.07423618467804873 0.07364991085976723 0.0730678390442242 0.07248994449621685 0.07191620255768473 0.07134658864842656 0.07078107826679984 0.07021964699040452 0.06966227047674854 0.06910892446389964 0.06855958477111761 0.06801422729947385 0.06747282803245308 0.06693536303653982 0.06640180846178971 0.06587214054238547 0.06534633559717705 0.06482437003020744 0.06430622033122425 0.0637918630761752 0.06328127492768926 0.06277443263554607 0.06227131303712592 0.06177189305785336 0.06127614971161753 0.06078406010118942 0.06029560141861467 0.0598107509456027 0.05932948605389635 0.05885178420563036 0.05837762295367861 0.05790697994198617 0.05743983290589004 0.05697615967242681 0.05651593816062974 0.05605914638181168 0.05560576243983655 0.05515576453138019 0.0547091309461788 0.05426584006726586 0.05382587037119638 0.05338920042826227 0.05295580890269765 0.05252567455286613 0.05209877623144886 0.0516750928856101 0.05125460355716181 0.05083728738271203 0.05042312359380403 0.05001209151704924 0.04960417057424459 0.04919934028248425 0.0487975802542599 0.04839887019755335 0.04800318991591578 
0.2111959960900646 0.2097571726985874 0.2083260920571106 0.206902736529417 0.2054870882142157 0.2040791289495352 0.2026788403170931 0.201286203646638 0.1999012000202667 0.1985238102767125 0.1971540150156098 0.1957917946017286 0.1944371291691841 0.1930899986256187 0.1917503826563523 0.1904182607285139 0.1890936120951333 0.1877764157992148 0.1864666506777771 0.1851642953658664 0.1838693283005406 0.1825817277248253 0.1813014716916385 0.1800285380676892 0.1787629045373469 0.1775045486064785 0.1762534476062576 0.1750095786969465 0.1737729188716433 0.1725434449600087 0.171321133631946 0.1701059614012764 0.1688979046293562 0.1676969395286858 0.1665030421664797 0.1653161884682033 0.1641363542210885 0.1629635150776103 0.1617976465589397 0.1606387240583587 0.1594867228446558 0.1583416180654805 0.1572033847506744 0.156071997815566 0.1549474320642438 0.1538296621927912 0.1527186627924903 0.1516144083530026 0.1505168732655177 0.1494260318258587 0.1483418582375824 0.1472643266150215 0.1461934109863191 0.1451290852964188 0.1440713234100276 0.1430200991145569 0.1419753861230198 0.1409371580769093 0.1399053885490405 0.1388800510463699 0.1378611190127711 
0.4776413998677055 0.4751775149803146 0.4727193057964992 0.4702668340443072 0.467820160598767 0.4653793454835339 0.4629444478726285 0.460515526092265 0.4580926376227666 0.45567583910057 0.453265186320314 0.450860734237012 0.4484625369683122 0.446070647796835 0.443685119172591 0.4413060027154868 0.4389333492178953 0.4365672086473173 0.434207630149109 0.4318546620492885 0.4295083518574139 0.4271687462695364 0.4248358911712193 0.4225098316406298 0.4201906119517017 0.4178782755773582 0.4155728651928058 0.413274422678893 0.4109829891255236 0.4086986048351546 0.4064213093263176 0.4041511413372457 0.4018881388295132 0.3996323389917685 0.3973837782435042 0.3951424922388814 0.3929085158706213 0.390681883273933 0.388462627830505 0.3862507821725337 0.3840463781868159 0.3818494470188771 0.3796600190771525 0.3774781240372027 0.3753037908459938 0.3731370477262024 0.3709779221805615 0.368826440996259 0.3666826302493779 0.3645465153093439 0.3624181208434614 0.3602974708214318 0.3581845885199497 0.3560794965273073 0.3539822167480338 0.3518927704075856 0.3498111780570399 0.3477374595778369 0.3456716341865427 0.3436137204396483 0.3415637362383734 
0.824070902572876 0.8217407957268903 0.8194012433805442 0.8170523866296924 0.8146943666389468 0.8123273246266649 0.8099514018500037 0.8075667395900576 0.8051734791370682 0.8027717617757174 0.8003617287705006 0.7979435213511858 0.7955172806983594 0.793083147929057 0.790641264082489 0.7881917701058563 0.7857348068402574 0.7832705150066991 0.7807990351921982 0.7783205078359842 0.7758350732158078 0.7733428714343495 0.7708440424057313 0.7683387258421378 0.7658270612405517 0.7633091878695843 0.7607852447564318 0.7582553706739382 0.7557197041277735 0.753178383343732 0.7506315462551364 0.7480793304903844 0.7455218733605821 0.7429593118473327 0.7403917825906261 0.7378194218768579 0.7352423656269825 0.7326607493847793 0.730074708305259 0.7274843771431834 0.7248898902417371 0.722291381521309 0.7196889844684202 0.7170828321247684 0.714473057076433 0.7118597914431912 0.7092431668679682 0.7066233145064437 0.7040003650167916 0.7013744485495236 0.6987456947375341 0.6961142326862179 0.6934801909637794 0.690843697591655 0.6882048800350742 0.68556386519379 0.6829207793929152 0.6802757483739279 0.6776288972858079 0.6749803506763283 0.6723302324834652 
0.999999643517649 0.9999849275768707 0.9999486268148829 0.999890743974126 0.9998112834272964 0.999710251176714 0.9995876548534514 0.9994435037162285 0.999277808650072 0.999090582164737 0.9988818383928985 0.9986515930881021 0.9983998636224851 0.9981266689842641 0.9978320297749871 0.997515968206554 0.9971785080980075 0.9968196748720906 0.9964394955515752 0.9960379987553616 0.9956152146943484 0.9951711751670773 0.994705913555148 0.9942194648184104 0.9937118654899336 0.9931831536707467 0.9926333690243644 0.9920625527710857 0.9914707476820769 0.9908579980732364 0.9902243497988413 0.9895698502449816 0.9888945483227733 0.9881984944613714 0.9874817406007631 0.9867443401843525 0.9859863481513439 0.9852078209289132 0.98440881642418 0.9835893940159737 0.9827496145464054 0.9818895403122336 0.981009235056042 0.9801087639572155 0.9791881936227308 0.9782475920777525 0.9772870287560378 0.9763065744901654 0.975306301501574 0.9742862833904126 0.97324659512523 0.9721873130324671 0.971108514785787 0.9700102793952328 0.9688926871961996 0.9677558198382682 0.9665997602738418 0.9654245927466422 0.9642304027800381 0.9630172771652169 0.9617853039491968 
0.8249154748639314 0.8272324757968266 0.8295396981131965 0.8318370010595549 0.8341242440174935 0.8364012865190558 0.8386679882621597 0.8409242091260886 0.8431698091870251 0.8454046487336437 0.8476285882827467 0.84984148859495 0.8520432106904126 0.8542336158646016 0.856412565704105 0.8585799221024677 0.860735547276077 0.8628793037800613 0.8650110545242264 0.8671306627890183 0.8692379922414977 0.8713329069513465 0.8734152714068819 0.875484950531089 0.8775418096976587 0.8795857147470444 0.8816165320025107 0.8836341282861925 0.8856383709351549 0.8876291278174405 0.8896062673481235 0.8915696585053372 0.8935191708463105 0.895454674523368 0.8973760402999257 0.8992831395664624 0.9011758443564599 0.9030540273623258 0.9049175619512811 0.9067663221812133 0.908600182816496 0.9104190193437641 0.9122227079876553 0.9140111257264996 0.9157841503079548 0.9175416602646035 0.919283534929489 0.9210096544515918 0.9227198998112377 0.9244141528354733 0.9260922962133229 0.9277542135110287 0.9293997891871792 0.9310289086077805 0.9326414580612495 0.9342373247733067 0.9358163969218085 0.937378563651473 0.9389237150885227 0.9404517423552224 0.9419625375843453 
0.4785383597268809 0.4810098823010961 0.483486931286706 0.4859694420756725 0.4884573492008423 0.4909505863348042 0.4934490862888518 0.495952781012037 0.4984616015903361 0.5009754782459049 0.5034943403364488 0.5060181163546897 0.5085467339279421 0.5110801198177939 0.5136181999198993 0.5161608992638723 0.5187081420133025 0.5212598514658706 0.5238159500535827 0.5263763593431179 0.5289410000362873 0.531509791970611 0.5340826541200134 0.5366595045956348 0.5392402606467543 0.5418248386618481 0.5444131541697576 0.547005121840978 0.5496006554890807 0.5521996680722434 0.5548020716949247 0.5574077776096386 0.5600166962188877 0.5626287370771951 0.5652438088932773 0.567861819532351 0.570482676018559 0.5731062845375317 0.5757325504390841 0.578361378240045 0.5809926716272051 0.583626333460423 0.5862622657758453 0.5889003697892784 0.5915405458996786 0.5941826936927931 0.5968267119449403 0.5994724986269196 0.6021199509080476 0.6047689651603806 0.6074194369630095 0.6100712611065583 0.6127243315977779 0.6153785416643063 0.6180337837595723 0.6206899495678121 0.6233469300092714 0.6260046152455154 0.6286628946849017 0.6313216569881787 0.6339807900742626 
0.2117208974079454 0.2131703057906148 0.2146274975268693 0.2160924893287719 0.2175652976238399 0.2190459385505164 0.2205344279536191 0.2220307813797608 0.2235350140727543 0.2250471409689862 0.2265671766927731 0.228095135551694 0.2296310315318995 0.2311748782934018 0.2327266891653417 0.2342864771412332 0.2358542548741936 0.2374300346721444 0.2390138284930018 0.2406056479398418 0.2422055042560484 0.2438134083204433 0.2454293706423991 0.247053401356934 0.2486855102197855 0.2503257066024761 0.2519739994873573 0.2536303974626367 0.2552949087173962 0.2569675410365891 0.2586483017960278 0.2603371979573543 0.2620342360630064 0.2637394222311575 0.2654527621506567 0.2671742610759558 0.2689039238220179 0.2706417547592267 0.2723877578082791 0.2741419364350747 0.27590429364559 0.2776748319807517 0.2794535535113011 0.2812404598326549 0.2830355520597513 0.284838830821901 0.2866502962576369 0.2884699480095505 0.2902977852191215 0.2921338065215769 0.2939780100406978 0.2958303933836786 0.2976909536359458 0.2995596873560011 0.3014365905702653 0.3033216587679049 0.3052148868956922 0.3071162693528448 0.3090257999858846 0.31094347208349 0.3128692783713765 
0.07806699909599295 0.07868498314051481 0.07930737897705659 0.07993421202517416 0.08056550777310338 0.08120129177684007 0.08184158965920049 0.08248642710886174 0.08313582987938502 0.08378982378821694 0.08444843471567207 0.08511168860389616 0.08577961145580809 0.08645222933402225 0.08712956835975104 0.08781165471168455 0.08849851462485286 0.08919017438946374 0.08988666034972195 0.09058799890262588 0.09129421649674241 0.09200533963096146 0.09272139485322713 0.0934424087592486 0.0941684079911856 0.09489941923631567 0.0956354692256761 0.09637658473268391 0.09712279257173229 0.09787411959676497 0.09863059269982717 0.0993922388095915 0.1001590848898644 0.1009311579380626 0.101708484983671 0.1024910930866751 0.1032790093359668 0.1040722608477284 0.104870874763791 0.1056748782499699 0.1064842984943703 0.1072991627056737 0.1081194981113952 0.1089453319561182 0.1097766914996994 0.1106136040154515 0.1114560967883019 0.1123041971129205 0.1131579322918201 0.1140173296334432 0.1148824164502016 0.1157532200565104 0.1166297677667792 0.1175120868933852 0.1184002047446192 0.1192941486225968 0.120193945821153 0.1210996236237005 0.1220112093010658 0.1229287301092921 0.1238522132874233 
SCALARS GB_active double 1
LOOKUP_TABLE default
0.02574451510367332 0.02596459789114362 0.02618647102166911 0.02641014785239543 0.02663564182412783 0.02686296646163848 0.02709213537397196 0.02732316225474826 0.02755606088246408 0.02779084512079118 0.02802752891887269 0.02826612631161712 0.0285066514199897 0.02874911845130099 0.02899354169949352 0.02923993554542456 0.02948831445714761 0.02973869299018949 0.0299910857878259 0.03024550758135311 0.03050197319035671 0.03076049752297751 0.03102109557617406 0.03128378243598202 0.03154857327776945 0.03181548336648977 0.03208452805693082 0.03235572279395928 0.03262908311276306 0.03290462463908862 0.03318236308947507 0.0334623142714841 0.0337444940839262 0.03402891851708218 0.03431560365292072 0.03460456566531252 0.0348958208202382 0.03518938547599344 0.03548527608338869 0.03578350918594504 0.03608410142008377 0.03638706951531299 0.03669243029440717 0.0370002006735853 0.03731039766267854 0.03762303836529705 0.03793813997899072 0.03825571979540311 0.03857579520041906 0.0388983836743121 0.03922350279187729 0.03955117022256743 0.03988140373061597 0.04021422117515827 0.04054964051034625 0.04088767978545349 0.0412283571449789 0.04157169082873984 0.04191769917196096 0.0422664006053543 0.04261781365519602 
0.007959629840853147 0.00803052181551585 0.008102029512783436 0.008174158067227417 0.008246912653341 0.008320298485809972 0.008394320819784874 0.008468984951154272 0.008544296216819664 0.0086202599949713 0.008696881705365473 0.00877416680960302 0.008852120811409223 0.00893074925691466 0.009010057734937755 0.009090051877268069 0.009170737358951435 0.009252119898575793 0.009334205258558605 0.009416999245435449 0.009500507710149719 0.009584736548343704 0.009669691700650886 0.0097553791529894 0.009841804936856538 0.009928975129624883 0.01001689585483941 0.01010557328251557 0.01019501362943896 0.01028522315946589 0.01037620818382531 0.01046797506142174 0.01056053019913961 0.01065388005214835 0.01074803112420902 0.010842989967982 0.01093876318533554 0.01103535742765575 0.0111327793961575 0.01123103584219672 0.01133013356758323 0.01143007942489532 0.01153088031779461 0.01163254320134335 0.01173507508232076 0.01183848301954226 0.01194277412417868 0.01204795556007707 0.01215403454408164 0.01226101834635737 0.01236891429071216 0.01247772975492254 0.01258747217105823 0.01269814902580894 0.01280976786081188 0.01292233627297933 0.01303586191482847 0.01315035249481097 0.01326581577764408 0.01338225958464194 0.0134996917940489 
0.00237394812010167 0.002395559667285261 0.002417365404015292 0.002439367039925345 0.002461566299214613 0.002483964920765325 0.00250656465826097 0.002529367280305391 0.002552374570542762 0.00257558832777839 0.002599010366100462 0.002622642515002556 0.002646486619507188 0.002670544540290049 0.002694818153805365 0.002719309352411919 0.002744020044500185 0.002768952154620196 0.002794107623610454 0.002819488408727673 0.002845096483777465 0.002870933839246 0.002897002482432508 0.002923304437582828 0.002949841746023739 0.002976616466298435 0.003003630674302816 0.003030886463422755 0.003058385944672347 0.003086131246833106 0.003114124516594199 0.003142367918693524 0.003170863636059917 0.003199613869956218 0.003228620840123416 0.003257886784925769 0.003287413961496849 0.003317204645886739 0.003347261133210071 0.003377585737795275 0.003408180793334628 0.003439048653035456 0.003470191689772386 0.003501612296240685 0.003533312885110293 0.003565295889181376 0.003597563761540613 0.003630118975718715 0.003662964025848709 0.003696101426825858 0.003729533714467849 0.003763263445676868 0.003797293198602102 0.00383162557280373 0.003866263189417937 0.003901208691322708 0.003936464743305229 0.00397203403222996 0.004007919267208054 0.00404412317976764 0.004080648524025676 
0.0006942188194204419 0.0007006131381398746 0.0007070659497308342 0.0007135777836453566 0.0007201491740497533 0.0007267806598654851 0.0007334727848104066 0.0007402260974403253 0.0007470411511909305 0.0007539185044200451 0.0007608587204502513 0.000767862367611844 0.0007749300192861667 0.0007820622539492812 0.0007892596552160171 0.0007965228118843656 0.0008038523179802622 0.0008112487728027176 0.0008187127809693358 0.0008262449524621998 0.0008338459026741345 0.0008415162524553491 0.0008492566281604689 0.0008570676616959577 0.0008649499905679002 0.0008729042579302058 0.0008809311126332248 0.0008890312092726959 0.0008972052082391536 0.0009054537757677309 0.0009137775839883422 0.0009221773109763009 0.0009306536408033455 0.000939207263589073 0.0009478388755527922 0.0009565491790658176 0.0009653388827041633 0.0009742087013016782 0.0009831593560036091 0.0009921915743206244 0.001001306090183204 0.00101050364399657 0.001019784982695966 0.001029150859802492 0.001038602035479237 0.001048139276588034 0.001057763356746549 0.001067475056385916 0.001077275162808725 0.00108716447024767 0.001097143779924399 0.00110721390010911 0.001117375646180431 0.001127629840685862 0.001137977313402737 0.001148418901399552 0.001158955449097932 0.001169587808334982 0.001180316838426202 0.001191143406228822 0.001202068386205812 
0.0002008588644543332 0.0002027205496068728 0.0002045994271355346 0.0002064956549309425 0.0002084093923214864 0.0002103408000862423 0.0002122900404680107 0.0002142572771864615 0.0002162426754514035 0.0002182464019761621 0.0002202686249910843 0.000222309514257151 0.0002243692410797203 0.0002264479783223808 0.0002285459004209377 0.00023066318339751 0.0002328000048747602 0.0002349565440902449 0.0002371329819108953 0.0002393295008476163 0.0002415462850700218 0.0002437835204212957 0.000246041394433183 0.0002483200963411152 0.0002506198170994595 0.0002529407493969128 0.0002552830876720261 0.0002576470281288558 0.0002600327687527694 0.0002624405093263712 0.0002648704514455806 0.000267322798535843 0.0002697977558684879 0.0002722955305772233 0.0002748163316747773 0.0002773603700696909 0.0002799278585832433 0.000282519011966537 0.0002851340469177261 0.0002877731820994017 0.0002904366381561111 0.0002931246377320519 0.0002958374054889025 0.0002985751681238273 0.0003013381543876054 0.000304126595102954 0.0003069407231829845 0.0003097807736498429 0.0003126469836534691 0.000315539592490591 0.0003184588416237915 0.0003214049747008316 0.0003243782375740664 0.0003273788783200796 0.0003304071472594739 0.000333463296976809 0.0003365475823407539 0.000339660260524381 0.0003428015910256485 0.0003459718356880512 0.0003491712587214782 
5.778210341429785e-05 5.831945831683728e-05 5.886180074324118e-05 5.94091768499703e-05 5.996163321873451e-05 6.051921686038274e-05 6.108197521883062e-05 6.164995617502149e-05 6.222320805092579e-05 6.280177961357305e-05 6.338572007912476e-05 6.397507911698016e-05 6.456990685392217e-05 6.517025387829806e-05 6.577617124424069e-05 6.638771047592596e-05 6.700492357186932e-05 6.762786300926123e-05 6.82565817483424e-05 6.889113323681722e-05 6.953157141430792e-05 7.017795071684875e-05 7.083032608142125e-05 7.148875295053037e-05 7.21532872768201e-05 7.282398552773332e-05 7.350090469021395e-05 7.418410227544754e-05 7.487363632364928e-05 7.556956540889296e-05 7.627194864398328e-05 7.698084568537317e-05 7.769631673812513e-05 7.841842256091637e-05 7.914722447109034e-05 7.988278434975353e-05 8.062516464691727e-05 8.137442838668683e-05 8.213063917249698e-05 8.289386119239461e-05 8.366415922436934e-05 8.444159864173129e-05 8.522624541853754e-05 8.601816613507063e-05 8.681742798335755e-05 8.762409877274962e-05 8.843824693554406e-05 8.925994153266244e-05 9.008925225937104e-05 9.092624945106807e-05 9.177100408910263e-05 9.262358780666552e-05 9.348407289471889e-05 9.435253230798641e-05 9.522903967099741e-05 9.611366928417832e-05 9.700649613000938e-05 9.790759587922743e-05 9.881704489708934e-05 9.97349202496869e-05 0.0001006612997103326 
1.657137348228959e-05 1.672575770963386e-05 1.688157873960373e-05 1.70388499231541e-05 1.719758473500607e-05 1.735779677478996e-05 1.751949976819916e-05 1.768270756815426e-05 1.78474341559785e-05 1.801369364258298e-05 1.818150026966399e-05 1.835086841091021e-05 1.852181257322199e-05 1.869434739794077e-05 1.886848766209087e-05 1.904424827963182e-05 1.922164430272262e-05 1.940069092299766e-05 1.958140347285398e-05 1.976379742675081e-05 1.994788840252047e-05 2.01336921626919e-05 2.032122461582577e-05 2.051050181786275e-05 2.070153997348259e-05 2.08943554374772e-05 2.108896471613595e-05 2.12853844686427e-05 2.148363150848696e-05 2.168372280488718e-05 2.188567548422744e-05 2.20895068315072e-05 2.22952342918043e-05 2.250287547175134e-05 2.271244814102564e-05 2.292397023385338e-05 2.313745985052617e-05 2.335293525893309e-05 2.357041489610567e-05 2.378991736977752e-05 2.401146145995819e-05 2.423506612052117e-05 2.446075048080668e-05 2.468853384724022e-05 2.491843570496248e-05 2.515047571947863e-05 2.538467373831977e-05 2.562104979272076e-05 2.585962409931199e-05 2.610041706183035e-05 2.634344927283945e-05 2.658874151547291e-05 2.683631476518779e-05 2.708619019153698e-05 2.733838915995813e-05 2.75929332335761e-05 2.784984417502549e-05 2.810914394828725e-05 2.837085472054341e-05 2.863499886404708e-05 2.890159895801385e-05 
4.744685543141338e-06 4.788930827459952e-06 4.833588480904073e-06 4.878662343580187e-06 4.924156291310121e-06 4.970074235962527e-06 5.016420125787618e-06 5.063197945754713e-06 5.11041171789324e-06 5.15806550163656e-06 5.206163394169318e-06 5.254709530777678e-06 5.303708085203039e-06 5.353163269998914e-06 5.40307933689114e-06 5.453460577141382e-06 5.504311321914073e-06 5.555635942646704e-06 5.607438851423542e-06 5.659724501352802e-06 5.712497386947329e-06 5.765762044508754e-06 5.819523052515249e-06 5.873785032012969e-06 5.928552647010779e-06 5.983830604879012e-06 6.039623656751805e-06 6.095936597932967e-06 6.15277426830577e-06 6.210141552746605e-06 6.268043381542265e-06 6.326484730811181e-06 6.385470622928665e-06 6.445006126955818e-06 6.505096359072615e-06 6.56574648301505e-06 6.626961710516026e-06 6.68874730175061e-06 6.751108565785271e-06 6.814050861031334e-06 6.877579595702526e-06 6.94170022827685e-06 7.006418267962645e-06 7.071739275169218e-06 7.137668861981184e-06 7.20421269263798e-06 7.271376484017264e-06 7.33916600612313e-06 7.407587082578254e-06 7.476645591121729e-06 7.54634746410983e-06 7.61669868902318e-06 7.687705308977188e-06 7.759373423237954e-06 7.831709187743063e-06 7.904718815626233e-06 7.978408577748114e-06 8.052784803230984e-06 8.12785387999897e-06 8.203622255322167e-06 8.280096436368562e-06 
1.357291352143356e-06 1.369954875617219e-06 1.382736514784386e-06 1.395637370847837e-06 1.40865855527031e-06 1.421801189869747e-06 1.43506640691572e-06 1.448455349226658e-06 1.461969170268086e-06 1.475609034251627e-06 1.489376116235118e-06 1.503271602223474e-06 1.517296689270612e-06 1.53145258558224e-06 1.545740510619683e-06 1.560161695204578e-06 1.574717381624636e-06 1.589408823740313e-06 1.604237287092526e-06 1.619204049011341e-06 1.634310398725655e-06 1.64955763747394e-06 1.66494707861598e-06 1.680480047745687e-06 1.696157882804897e-06 1.711981934198286e-06 1.727953564909348e-06 1.74407415061739e-06 1.760345079815703e-06 1.776767753930747e-06 1.793343587442504e-06 1.810074008005933e-06 1.826960456573523e-06 1.844004387519007e-06 1.861207268762242e-06 1.878570581895245e-06 1.896095822309339e-06 1.913784499323565e-06 1.931638136314237e-06 1.94965827084571e-06 1.967846454802367e-06 1.986204254521839e-06 2.004733250929405e-06 2.023435039673806e-06 2.042311231264019e-06 2.061363451207628e-06 2.080593340150273e-06 2.100002554016511e-06 2.119592764151785e-06 2.139365657466107e-06 2.159322936578532e-06 2.179466319963491e-06 2.199797542098123e-06 2.220318353611144e-06 2.241030521433138e-06 2.261935828947996e-06 2.283036076146113e-06 2.304333079778715e-06 2.325828673513795e-06 2.347524708093226e-06 2.369423051492022e-06 
3.880911331332748e-07 3.917130112663387e-07 3.953686854001685e-07 3.99058470812676e-07 4.027826857219077e-07 4.065416513134386e-07 4.1033569176804e-07 4.141651342895872e-07 4.180303091332402e-07 4.219315496338818e-07 4.258691922348229e-07 4.298435765167692e-07 4.338550452270642e-07 4.379039443091998e-07 4.419906229326115e-07 4.461154335227317e-07 4.502787317913424e-07 4.54480876767203e-07 4.587222308269619e-07 4.630031597263524e-07 4.673240326316908e-07 4.716852221516565e-07 4.760871043693704e-07 4.805300588747917e-07 4.850144687973607e-07 4.895407208390236e-07 4.941092053075046e-07 4.987203161499071e-07 5.033744509866334e-07 5.080720111456134e-07 5.128134016968551e-07 5.175990314873103e-07 5.224293131760824e-07 5.273046632699335e-07 5.322255021591447e-07 5.371922541537173e-07 5.422053475198723e-07 5.472652145169318e-07 5.523722914345223e-07 5.575270186301301e-07 5.627298405670032e-07 5.679812058524088e-07 5.7328156727624e-07 5.786313818500126e-07 5.840311108461588e-07 5.894812198377607e-07 5.949821787386078e-07 6.005344618436516e-07 6.061385478697956e-07 6.117949199971536e-07 6.175040659105604e-07 6.232664778416017e-07 6.290826526109421e-07 6.349530916710806e-07 6.408783011495425e-07 6.468587918923701e-07 6.528950795081487e-07 6.589876844123214e-07 6.651371318720457e-07 6.713439520512453e-07 6.776086800564534e-07 
1.109391239873779e-07 1.119746196050608e-07 1.1301977962758e-07 1.140746942425283e-07 1.151394544789628e-07 1.162141522152522e-07 1.172988801870005e-07 1.183937319950413e-07 1.1949880211351e-07 1.206141858979873e-07 1.217399795937217e-07 1.228762803439271e-07 1.240231861981602e-07 1.251807961207711e-07 1.263492099994374e-07 1.275285286537774e-07 1.287188538440395e-07 1.299202882798763e-07 1.311329356292035e-07 1.323569005271311e-07 1.335922885849885e-07 1.34839206399429e-07 1.360977615616187e-07 1.373680626665138e-07 1.386502193222209e-07 1.399443421594464e-07 1.412505428410361e-07 1.425689340715986e-07 1.438996296072245e-07 1.452427442652895e-07 1.465983939343555e-07 1.479666955841588e-07 1.493477672756964e-07 1.507417281714001e-07 1.521486985454102e-07 1.535687997939454e-07 1.550021544457646e-07 1.564488861727306e-07 1.579091198004711e-07 1.593829813191384e-07 1.6087059789427e-07 1.623720978777501e-07 1.638876108188718e-07 1.654172674755113e-07 1.669611998253872e-07 1.685195410774453e-07 1.700924256833377e-07 1.71679989349015e-07 1.732823690464145e-07 1.74899703025284e-07 1.765321308250757e-07 1.781797932869922e-07 1.798428325661147e-07 1.815213921436593e-07 1.832156168393478e-07 1.849256528238804e-07 1.866516476315431e-07 1.883937501729189e-07 1.901521107477299e-07 1.919268810577629e-07 1.937182142199985e-07 
2.074825512198857e-07 2.093563091682646e-07 2.11246986917386e-07 2.131547372244092e-07 2.150797142252738e-07 2.170220734471357e-07 2.189819718209236e-07 2.209595676939985e-07 2.229550208429403e-07 2.249684924864353e-07 2.270001452982912e-07 2.290501434205653e-07 2.311186524768104e-07 2.332058395854414e-07 2.353118733732194e-07 2.374369239888626e-07 2.395811631167783e-07 2.417447639909126e-07 2.439279014087357e-07 2.461307517453449e-07 2.483534929676957e-07 2.505963046489649e-07 2.528593679830428e-07 2.551428657991526e-07 2.574469825766021e-07 2.597719044596704e-07 2.621178192726323e-07 2.644849165349095e-07 2.668733874763636e-07 2.692834250527262e-07 2.717152239611718e-07 2.741689806560213e-07 2.766448933646004e-07 2.791431621032271e-07 2.816639886933524e-07 2.842075767778504e-07 2.867741318374379e-07 2.893638612072591e-07 2.919769740936173e-07 2.946136815908464e-07 2.972741966983469e-07 2.999587343377711e-07 3.026675113703563e-07 3.054007466144363e-07 3.081586608630721e-07 3.109414769018821e-07 3.137494195270112e-07 3.165827155632663e-07 3.194415938824043e-07 3.223262854216244e-07 3.252370232021589e-07 3.281740423481084e-07 3.311375801053828e-07 3.341278758608468e-07 3.371451711616472e-07 3.401897097346714e-07 3.432617375062271e-07 3.463615026218733e-07 3.494892554664522e-07 3.526452486842309e-07 3.558297371993806e-07 
7.257469532706198e-07 7.322998060781962e-07 7.389118125653154e-07 7.455835065484174e-07 7.523154266588804e-07 7.591081163863972e-07 7.65962124122784e-07 7.728780032061416e-07 7.798563119654593e-07 7.868976137655707e-07 7.940024770525702e-07 8.011714753995761e-07 8.084051875529681e-07 8.157041974789869e-07 8.23069094410795e-07 8.305004728959388e-07 8.379989328442324e-07 8.45565079576089e-07 8.531995238713009e-07 8.609028820182024e-07 8.686757758633382e-07 8.765188328615376e-07 8.844326861264703e-07 8.924179744816293e-07 9.00475342511782e-07 9.086054406148868e-07 9.168089250545018e-07 9.250864580126006e-07 9.334387076429258e-07 9.418663481248083e-07 9.503700597174396e-07 9.589505288146688e-07 9.676084480002895e-07 9.763445161037878e-07 9.851594382566469e-07 9.940539259491137e-07 1.00302869708749e-06 1.01208447605196e-06 1.021221993754896e-06 1.030441987699727e-06 1.039745202040331e-06 1.049132387640932e-06 1.058604302136557e-06 1.068161709994094e-06 1.077805382573746e-06 1.087536098191212e-06 1.097354642180312e-06 1.107261806956253e-06 1.117258392079348e-06 1.127345204319506e-06 1.137523057721037e-06 1.147792773668318e-06 1.15815518095181e-06 1.168611115834829e-06 1.179161422120891e-06 1.189806951221548e-06 1.200548562225013e-06 1.21138712196524e-06 1.222323505091807e-06 1.233358594140068e-06 1.244493279602576e-06 
2.537692234476585e-06 2.560596793069067e-06 2.583707998745617e-06 2.607027714761256e-06 2.630557821155864e-06 2.654300214905114e-06 2.678256810072905e-06 2.702429537965004e-06 2.726820347284195e-06 2.751431204286732e-06 2.776264092940252e-06 2.801321015083111e-06 2.826603990585072e-06 2.852115057509509e-06 2.877856272277103e-06 2.903829709830852e-06 2.93003746380273e-06 2.956481646681744e-06 2.983164389983574e-06 3.010087844421622e-06 3.03725418007969e-06 3.064665586586187e-06 3.092324273289899e-06 3.120232469437337e-06 3.148392424351596e-06 3.176806407613001e-06 3.205476709241201e-06 3.234405639878936e-06 3.263595530977558e-06 3.293048734984053e-06 3.322767625529864e-06 3.352754597621353e-06 3.383012067832022e-06 3.413542474496365e-06 3.444348277905514e-06 3.475431960504732e-06 3.506796027092477e-06 3.538443005021409e-06 3.570375444401128e-06 3.60259591830282e-06 3.635107022965588e-06 3.667911378004741e-06 3.701011626621944e-06 3.734410435817303e-06 3.768110496603089e-06 3.802114524219762e-06 3.836425258353632e-06 3.871045463356715e-06 3.905977928468152e-06 3.941225468038361e-06 3.976790921754134e-06 4.012677154866859e-06 4.048887058421963e-06 4.085423549490793e-06 4.122289571404647e-06 4.15948809399052e-06 4.197022113809395e-06 4.234894654396397e-06 4.273108766503285e-06 4.31166752834255e-06 4.350574045835173e-06 
8.867728006934714e-06 8.947709939789877e-06 9.028412718856323e-06 9.109842833435296e-06 9.192006831146523e-06 9.274911318450919e-06 9.358562961177908e-06 9.442968485057512e-06 9.528134676257455e-06 9.614068381924436e-06 9.700776510731002e-06 9.788266033426588e-06 9.876543983394071e-06 9.965617457210861e-06 1.00554936152152e-05 1.014617968207747e-05 1.02376829473767e-05 1.033001076618191e-05 1.042317055963907e-05 1.051716981556309e-05 1.06120160890348e-05 1.070771700300386e-05 1.080428024889647e-05 1.09017135872291e-05 1.10000248482269e-05 1.109922193244834e-05 1.119931281141526e-05 1.130030552824819e-05 1.140220819830763e-05 1.15050290098412e-05 1.160877622463607e-05 1.171345817867766e-05 1.181908328281407e-05 1.192566002342637e-05 1.203319696310474e-05 1.214170274133124e-05 1.225118607516768e-05 1.236165575995051e-05 1.247312066999154e-05 1.258558975928473e-05 1.269907206221981e-05 1.281357669430152e-05 1.292911285287581e-05 1.304568981786287e-05 1.316331695249511e-05 1.328200370406367e-05 1.340175960467036e-05 1.352259427198688e-05 1.364451741001973e-05 1.376753880988437e-05 1.389166835058265e-05 1.401691599979095e-05 1.41432918146522e-05 1.427080594257705e-05 1.439946862205165e-05 1.452929018345139e-05 1.466028104986399e-05 1.479245173791829e-05 1.492581285862112e-05 1.506037511820039e-05 1.519614931895972e-05 
3.095008238022123e-05 3.122887014505321e-05 3.151016557500516e-05 3.179399117799713e-05 3.208036966331899e-05 3.236932394342204e-05 3.266087713572846e-05 3.295505256445548e-05 3.325187376245594e-05 3.355136447307526e-05 3.385354865202505e-05 3.415845046927224e-05 3.446609431094652e-05 3.477650478126295e-05 3.508970670446272e-05 3.540572512677045e-05 3.572458531836898e-05 3.60463127753914e-05 3.63709332219314e-05 3.66984726120699e-05 3.702895713192123e-05 3.736241320169581e-05 3.769886747778206e-05 3.80383468548473e-05 3.838087846795445e-05 3.872648969470031e-05 3.907520815737223e-05 3.942706172512159e-05 3.978207851615907e-05 4.014028689996782e-05 4.050171549953648e-05 4.086639319361241e-05 4.123434911897361e-05 4.16056126727215e-05 4.19802135145938e-05 4.235818156929821e-05 4.27395470288648e-05 4.312434035502194e-05 4.351259228159038e-05 4.390433381690061e-05 4.429959624623003e-05 4.469841113426214e-05 4.510081032756752e-05 4.550682595710734e-05 4.591649044075517e-05 4.632983648584735e-05 4.674689709174959e-05 4.716770555245071e-05 4.759229545917492e-05 4.802070070302347e-05 4.845295547763054e-05 4.888909428185129e-05 4.932915192246731e-05 4.977316351691941e-05 5.02211644960637e-05 5.067319060694925e-05 5.112927791562527e-05 5.158946280996742e-05 5.205378200253364e-05 5.25222725334398e-05 5.299497177326965e-05 
0.0001077785914217383 0.0001087470534171543 0.000109724194553087 0.0001107100922970446 0.0001117048248037543 0.000112708470921199 0.0001137211101967122 0.0001147428228831181 0.0001157736899449337 0.0001168137930646142 0.0001178632146488622 0.000118922037834986 0.0001199903464973136 0.000121068225253662 0.0001221557594718667 0.0001232530352763593 0.0001243601395548091 0.0001254771599648207 0.0001266041849406864 0.0001277413037002007 0.0001288886062515298 0.000130046183400144 0.0001312141267558089 0.000132392528739636 0.0001335814825911918 0.0001347810823756762 0.0001359914229911536 0.0001372126001758523 0.0001384447105155231 0.0001396878514508643 0.0001409421212850101 0.0001422076191910804 0.0001434844452198012 0.0001447727003071855 0.0001460724862822807 0.0001473839058749892 0.0001487070627239467 0.0001500420613844735 0.0001513890073365962 0.0001527480069931334 0.0001541191677078532 0.0001555025977837032 0.0001568984064811041 0.0001583067040263279 0.0001597276016199283 0.0001611612114452629 0.0001626076466770756 0.0001640670214901641 0.0001655394510681018 0.000167025051612068 0.0001685239403497091 0.0001700362355441211 0.0001715620565028764 0.0001731015235871406 0.0001746547582208746 0.0001762218829000962 0.0001778030212022402 0.0001793982977955887 0.0001810078384487837 0.0001826317700404142 0.0001842702205687151 
0.0003737465506317238 0.0003770895862809019 0.0003804623748874358 0.0003838651792372309 0.0003872982644100229 0.0003907618977990318 0.0003942563491307806 0.0003977818904850793 0.0004013387963151792 0.0004049273434680803 0.0004085478112050365 0.0004122004812221916 0.0004158856376714238 0.0004196035671813367 0.0004233545588784367 0.0004271389044084877 0.0004309568979580309 0.0004348088362760929 0.0004386950186960754 0.0004426157471578179 0.0004465713262298417 0.0004505620631317902 0.0004545882677570383 0.0004586502526955101 0.0004627483332566541 0.0004668828274926358 0.0004710540562217173 0.0004752623430518086 0.0004795080144042349 0.0004837913995376998 0.0004881128305724259 0.0004924726425145129 0.0004968711732804941 0.0005013087637220802 0.0005057857576511238 0.0005103025018647846 0.0005148593461708883 0.0005194566434135113 0.0005240947494987611 0.0005287740234207879 0.0005334948272879727 0.0005382575263493753 0.0005430624890213584 0.0005479100869144745 0.0005528006948605041 0.0005577346909397892 0.0005627124565087455 0.0005677343762276174 0.0005728008380884298 0.0005779122334432376 0.0005830689570324972 0.0005882714070137891 0.0005935199849906701 0.0005988150960418281 0.0006041571487504664 0.0006095465552338684 0.0006149837311732947 0.0006204690958440477 0.0006260030721458146 0.0006315860866332362 0.0006372185695467762 
0.00128594699560476 0.001297351365346149 0.00130885592123541 0.001320461530613553 0.00133216906815912 0.001343979415947933 0.00135589346351336 0.001367912107906975 0.001380036253759737 0.001392266813343587 0.001404604706633563 0.00141705086137032 0.001429606213123208 0.001442271705353743 0.001455048289479628 0.001467936924939212 0.001480938579256467 0.001494054228106419 0.001507284855381121 0.001520631453256089 0.001534095022257234 0.001547676571328324 0.001561377117898935 0.001575197687952923 0.001589139316097374 0.001603203045632115 0.001617389928619766 0.001631701025956205 0.001646137407441679 0.001660700151852386 0.001675390347012612 0.001690209089867367 0.001705157486555626 0.001720236652484051 0.001735447712401278 0.001750791800472806 0.001766270060356344 0.001781883645277786 0.001797633718107735 0.001813521451438602 0.001829548027662187 0.001845714639047982 0.001862022487821893 0.001878472786245718 0.001895066756696953 0.001911805631749463 0.001928690654254535 0.001945723077422673 0.001962904164905801 0.001980235190880361 0.001997717440130627 0.002015352208133014 0.002033140801140698 0.002051084536269016 0.002069184741581495 0.00208744275617632 0.002105859930273696 0.002124437625303605 0.002143177213994337 0.002162080080461542 0.002181147620298129 
0.004360835549852225 0.004398895386503125 0.004437281446447416 0.004475996446891625 0.004515043126628176 0.004554424246192999 0.004594142588024037 0.004634200956620744 0.004674602178704627 0.00471534910338058 0.004756444602299429 0.004797891569821231 0.004839692923179714 0.004881851602647632 0.004924370571703141 0.004967252817197087 0.005010501349521419 0.005054119202778492 0.005098109434951403 0.005142475128075352 0.005187219388409972 0.005232345346612688 0.005277856157913093 0.005323755002288335 0.005370045084639455 0.005416729634968846 0.005463811908558773 0.005511295186150642 0.005559182774125633 0.00560747800468618 0.005656184236038483 0.005705304852576102 0.00575484326506462 0.005804802910827222 0.005855187253931364 0.005905999785376652 0.005957244023283432 0.006008923513082719 0.006061041827706989 0.006113602567782243 0.006166609361820805 0.006220065866415343 0.006273975766434031 0.006328342775216812 0.006383170634772156 0.006438463115975689 0.006494224018769328 0.006550457172361752 0.006607166435429516 0.006664355696320153 0.006722028873254911 0.006780189914534104 0.006838842798742279 0.006897991534955135 0.006957640162947557 0.007017792753402014 0.007078453408118956 0.007139626260227581 0.007201315474398023 0.007263525247054292 0.007326259806588861 
0.01439905234265852 0.01452101415114898 0.01464397331758108 0.01476793753364233 0.01489291454430293 0.0150189121481055 0.01514593819745552 0.01527400059891185 0.01540310731347829 0.01553326635689494 0.01566448579993038 0.01579677376867403 0.01593013844482923 0.01606458806600607 0.01620013092601534 0.01633677537516188 0.01647452982053927 0.01661340272632378 0.01675340261406933 0.01689453806300242 0.01703681771031706 0.01718025025147025 0.01732484444047742 0.01747060909020817 0.01761755307268176 0.01776568531936318 0.01791501482145926 0.0180655506302142 0.01821730185720593 0.01837027767464199 0.0185244873156555 0.01867994007460112 0.0188366453073511 0.01899461243159055 0.01915385092711345 0.01931437033611817 0.01947618026350238 0.01963929037715823 0.01980371040826729 0.01996945015159507 0.02013651946578501 0.02030492827365262 0.02047468656247835 0.02064580438430221 0.02081829185621454 0.02099215916064932 0.02116741654567589 0.02134407432529008 0.02152214287970377 0.02170163265563714 0.02188255416660549 0.02206491799320995 0.02224873478342414 0.02243401525288202 0.02262077018516487 0.02280901043208551 0.02299874691397465 0.02318999061996381 0.02338275260826887 0.02357704400647112 0.02377287601179961 
0.04530107397353106 0.04566384542117489 0.04602932310008695 0.04639752469915658 0.04676846799138144 0.04714217083385076 0.04751865116772273 0.04789792701819386 0.04828001649446228 0.04866493778968311 0.04905270918091614 0.04944334902906735 0.04983687577882188 0.05023330795856912 0.05063266418032144 0.05103496313962325 0.05144022361545381 0.0518484644701203 0.05225970464914422 0.05267396318113882 0.05309125917767742 0.05351161183315434 0.05393504042463716 0.05436156431170924 0.05479120293630372 0.05522397582252933 0.05565990257648674 0.05609900288607449 0.05654129652078751 0.05698680333150464 0.05743554325026771 0.0578875362900497 0.05834280254451495 0.05880136218776692 0.05926323547408808 0.05972844273766915 0.06019700439232637 0.06066894093121102 0.06114427292650581 0.06162302102911354 0.06210520596833124 0.0625908485515167 0.0630799696637412 0.06357259026743588 0.06406873140201851 0.0645684141835168 0.06507165980417726 0.06557848953206118 0.06608892471062798 0.06660298675831373 0.06712069716808533 0.06764207750699495 0.06816714941571302 0.06869593460805307 0.06922845487048558 0.06976473206163181 0.07030478811175386 0.07084864502222529 0.07139632486499112 0.07194784978201224 0.07250324198470212 
0.1308655866164357 0.1318086390023604 0.1327575128972285 0.1337122327046474 0.1346728227895057 0.1356393074757876 0.1366117110443642 0.1375900577307609 0.1385743717229005 0.139564677158821 0.1405609981243706 0.141563358650877 0.1425717827127931 0.1435862942253176 0.1446069170419919 0.1456336749522702 0.1466665916790689 0.1477056908762864 0.1487509961263022 0.1498025309374497 0.1508603187414629 0.1519243828909001 0.152994746656543 0.1540714332247692 0.1551544656948993 0.1562438670765226 0.1573396602867948 0.1584418681477111 0.1595505133833548 0.1606656186171213 0.1617872063689166 0.1629152990523295 0.1640499189717846 0.1651910883196608 0.1663388291733927 0.1674931634925464 0.1686541131158645 0.1698216997582933 0.1709959450079807 0.1721768703232533 0.1733644970295629 0.1745588463164144 0.1757599392342648 0.1769677966914021 0.1781824394507924 0.179403888126909 0.1806321631825383 0.1818672849255556 0.1831092735056744 0.1843581489111903 0.1856139309656698 0.1868766393246469 0.1881462934722719 0.1894229127179496 0.1907065161929548 0.1919971228470093 0.1932947514448563 0.1945994205627962 0.1959111485852063 0.1972299537010296 0.1985558539002587 
0.3273555490388044 0.3292848139199571 0.3312216065001589 0.3331659146384078 0.3351177256495932 0.3370770263002722 0.3390438028044621 0.3410180408194484 0.3429997254416131 0.3449888412022763 0.3469853720635592 0.3489893014142687 0.3510006120657981 0.3530192862480506 0.3550453056053895 0.357078651192601 0.3591193034708937 0.3611672423039111 0.3632224469537766 0.3652848960771635 0.3673545677213895 0.3694314393205421 0.3715154876916328 0.3736066890307825 0.3757050189094279 0.3778104522705765 0.3799229634250802 0.3820425260479468 0.3841691131746892 0.3863026971977027 0.3884432498626883 0.3905907422650974 0.3927451448466392 0.3949064273918007 0.3970745590244223 0.3992495082043142 0.4014312427239051 0.4036197297049439 0.4058149355952382 0.4080168261654453 0.4102253665058972 0.4124405210234835 0.4146622534385755 0.4168905267820059 0.4191253033920841 0.4213665449116757 0.4236142122853337 0.4258682657564749 0.4281286648646001 0.4303953684426099 0.4326683346141122 0.4349475207908521 0.4372328836701487 0.4395243792324163 0.4418219627387485 0.4441255887285357 0.4464352110171792 0.4487507826938409 0.4510722561192697 0.4533995829236821 0.4557327140047294 
0.6536371792665245 0.6562091900227802 0.658780532963783 0.661351099891513 0.6639207820233383 0.6664894699984153 0.6690570538842129 0.6716234231831454 0.6741884668393429 0.6767520732455193 0.6793141302499763 0.6818745251637184 0.6844331447676845 0.6869898753201044 0.6895446025639673 0.692097211734609 0.6946475875674212 0.6971956143056698 0.6997411757084353 0.7022841550586707 0.7048244351713678 0.7073618984018455 0.7098964266541505 0.7124279013895767 0.714956203635283 0.7174812139930447 0.7200028126481083 0.7225208793781511 0.7250352935623653 0.7275459341906413 0.7300526798728717 0.7325554088483482 0.7350539989952926 0.7375483278404651 0.7400382725689011 0.7425237100337514 0.7450045167662115 0.7474805689855785 0.7499517426093878 0.7524179132636785 0.7548789562933285 0.7573347467725179 0.7597851595152745 0.7622300690861301 0.7646693498108551 0.7671028757873068 0.7695305208963712 0.7719521588129887 0.7743676630172677 0.7767769068057223 0.7791797633025459 0.781576105471028 0.7839658061250175 0.7863487379404946 0.7887247734672246 0.7910937851404775 0.7934556452928569 0.7958102261661854 0.7981573999234824 0.8004970386610045 0.8028290144203881 
0.9525857807320832 0.9539042032476677 0.955205590249851 0.9564898541943878 0.957756908560112 0.9590066678599866 0.9602390476520326 0.9614539645501436 0.9626513362347933 0.9638310814636154 0.9649931200818692 0.9661373730327792 0.9672637623677524 0.9683722112564696 0.9694626439968458 0.9705349860248628 0.9715891639242643 0.9726251054361256 0.9736427394682748 0.9746419961045856 0.9756228066141229 0.9765851034601527 0.9775288203089986 0.9784538920387639 0.9793602547478932 0.9802478457635958 0.9811166036501106 0.9819664682168192 0 0 0 0 0 0.9866656840873896 0.9873817163019299 0.9880784194187514 0.9887557447925877 0.9894136450956764 0.9900520743240879 0.9906709878038795 0.9912703421970711 0.9918500955074565 0.9924102070862361 0.9929506376374693 0.9934713492233531 0.9939723052693239 0.994453470568975 0.9949148112887973 0.9953562949727317 0.9957778905465512 0.9961795683220434 0.9965613000010231 0.9969230586791481 0.9972648188495563 0.9975865564063101 0.9978882486476596 0.9981698742791104 0.9984314134163066 0.9986728475877232 0.9988941597371648 0.999095334226079 
0.9521023603134567 0.9507608531500843 0.9494025213839463 0.9480274559179526 0.9466357486286588 0.945227492354667 0.9438027808849199 0.9423617089469096 0.9409043721947864 0.9394308671973849 0.9379412914261518 0.9364357432430002 0.9349143218880718 0.9333771274674219 0.9318242609406224 0.930255824108299 0.9286719195995782 0.9270726508594794 0.9254581221362269 0.9238284384685003 0.9221837056726215 0.9205240303296772 0.9188495197725853 0.9171602820730992 0.9154564260287675 0.9137380611498301 0.9120052976460757 0 0 0 0 0 0 0 0.8976382846579697 0.8957810018320442 0.8939104580312729 0.8920267702810062 0.8901300561453962 0.8882204337138303 0.8862980215873444 0.8843629388650228 0.8824153051303941 0.8804552404378027 0.8784828652987977 0.8764983006685008 0.8745016679319678 0.8724930888905694 0.8704726857483707 0.8684405810984894 0.8663968979095116 0.8643417595118651 0.8622752895842463 0.860197612140035 0.8581088515137323 0.8560091323474319 0.8538985795772882 0.8517773184200259 0.8496454743594668 0.8475031731330931 0.8453505407186209 
0.652702167905612 0.6501294198667049 0.6475562573763095 0.6449827866207041 0.6424091131750206 0.6398353419974829 0.6372615774237642 0.6346879231614682 0.6321144822847248 0.6295413572289059 0.6269686497854632 0.6243964610968813 0.621824891651751 0.6192540412799616 0.6166840091480098 0.6141148937544287 0.611546792925332 0.6089798038100767 0.6064140228770442 0.6038495459095359 0.6012864680017879 0.5987248835550983 0.5961648862740714 0.5936065691629767 0.5910500245222305 0.5884953439449765 0 0 0 0 0 0 0 0 0 0.5630707001960152 0.5605423641104555 0.5580169349513296 0.5554944948579644 0.5529751252263678 0.5504589067074784 0.5479459192055014 0.5454362418763601 0.542929953126239 0.5404271306102512 0.5379278512311858 0.5354321911383594 0.532940225726581 0.5304520296352169 0.5279676767473186 0.5254872401889147 0.5230107923283284 0.5205384047756474 0.5180701483822594 0.5156060932404811 0.5131463086833089 0.5106908632842257 0.5082398248571278 0.5057932604563278 0.5033512363766637 0.5009138181536699 
0.3266561731321162 0.3247371906838172 0.3228257624913773 0.3209218988968794 0.3190256097168895 0.3171369042467497 0.3152557912648831 0.3133822790371104 0.3115163753209709 0.3096580873700588 0.3078074219383609 0.3059643852846073 0.3041289831766248 0.3023012208956974 0.3004811032409313 0.2986686345336289 0.2968638186216567 0.2950666588838284 0.2932771582342821 0.2914953191268623 0.2897211435595038 0.2879546330786172 0.2861957887834689 0.2844446113305677 0.2827011009380487 0 0 0 0 0 0 0 0 0 0 0 0.2623765070666276 0.260732496807153 0.2590961130792383 0.2574673500488179 0.2558462015129718 0.2542326609042038 0.252626721294712 0.2510283754006457 0.2494376155863612 0.2478544338686534 0.2462788219209778 0.2447107710776659 0.2431502723381305 0.2415973163710333 0.2400518935184811 0.2385139938001616 0.2369836069175028 0.2354607222577946 0.2339453288982984 0.2324374156103559 0.23093697086346 0.2294439828293271 0.2279584393859425 0.2264803281215998 0.2250096363389047 
0.1305242464874477 0.129589092208838 0.1286597016203487 0.1277360502038576 0.1268181134117757 0.1259058666691045 0.1249992853754688 0.1240983449071279 0.1232030206189596 0.1223132878464254 0.1214291219075093 0.1205504981046351 0.1196773917265596 0.1188097780502445 0.1179476323427022 0.117090929862825 0.1162396458631834 0.1153937555918092 0.1145532342939526 0.1137180572138174 0.1128881995962749 0.1120636366885546 0.1112443437419144 0.110430296013287 0.1096214687669074 0 0 0 0 0 0 0 0 0 0 0 0.1003137524101282 0.09957054662732899 0.09883221665253536 0.09809873804021052 0.09737008637528131 0.09664623727441218 0.09592716638726104 0.09521284939771756 0.09450326202512112 0.09379838002545975 0.09309817919254779 0.09240263535918934 0.09171172439832317 0.09102542222413948 0.09034370479319538 0.08966654810549451 0.08899392820556193 0.08832582118349386 0.08766220317598973 0.08700305036737299 0.08634833899058544 0.08569804532817137 0.08505214571324066 0.08441061653041822 0.08377343421677008 
0.04516988202951723 0.04481077211644423 0.04445432696170441 0.04410052915933368 0.04374936138746823 0.04340080640832552 0.04305484706817794 0.04271146629732218 0.04237064711004056 0.0420323726045579 0.04169662596299117 0.04136339045129451 0.04103264941919765 0.04070438630013932 0.04037858461119429 0.04005522795299632 0.0397343000096541 0.03941578454866315 0.03909966542081197 0.03878592656008326 0.03847455198355021 0.03816552579126752 0.03785883216615783 0.03755445537389321 0.03725237976277272 0 0 0 0 0 0 0 0 0 0 0 0.03380137953152511 0.03352783231404698 0.0332563757502979 0.03298699541026404 0.0327196769440164 0.03245440608152008 0.03219116863243931 0.03192995048594108 0.031670737610494 0.03141351605366482 0.03115827194191101 0.03090499148037131 0.03065366095265402 0.03040426672061887 0.03015679522416183 0.02991123298099121 0.02966756658640553 0.02942578271306672 0.02918586811077004 0.02894780960621437 0.02871159410276666 0.02847720858022643 0.02824464009458676 0.0280138757777942 0.02778490283750398 
0.01435496767200324 0.0142343534404589 0.01411471859784302 0.01399605562956311 0.01387835707305086 0.01376161551747527 0.01364582360345607 0.01353097402277827 0.01341705951810688 0.01330407288270238 0.01319200696013697 0.01308085464401125 0.0129706088776718 0.01286126265392936 0.01275280901477744 0.01264524105111232 0.01253855190245285 0.01243273475666179 0.01232778284966747 0.0122236894651863 0.01212044793444608 0.01201805163591002 0.01191649399500163 0.01181576848383034 0.01171586862091803 0 0 0 0 0 0 0 0 0 0 0 0.0105791737405435 0.01048943811546755 0.010400442120082 0.01031217993684822 0.01022464579038088 0.01013783394718934 0.01005173871542006 0.009966354444600173 0.009881675525381915 0.009797696389288055 0.009714411508457943 0.00963181539539508 0.009549902602715795 0.009468667722897586 0.009388105388030673 0.009308210269568249 0.009228977078079476 0.009150400563002597 0.009072475512398981 0.008995196752709059 0.008918559148508167 0.008842557602264212 0.008767187054095982 0.008692442481532859 0.008618318899274821 
0.004347081982373293 0.004309462604222703 0.004272163112205293 0.004235180860574496 0.004198513224493281 0.004162157599881661 0.004126111403265166 0.004090372071624319 0.00405493706224486 0.00401980385256917 0.003984969940048367 0.003950432841995478 0.003916190095439501 0.003882239256980349 0.003848577902644726 0.00381520362774299 0.003782114046726727 0.00374930679304745 0.003716779519016067 0.003684529895663265 0.003652555612600787 0.003620854377883636 0.003589423917873116 0.003558261977100734 0.00352736631813305 0 0 0 0 0 0 0 0 0 0 0 0.003176598003578947 0.003148968366885248 0.003121575507955516 0.003094417444243568 0.003067492209191371 0.003040797852108098 0.003014332438050003 0.00298809404770125 0.002962080777255416 0.002936290738297801 0.002910722057688504 0.002885372877446355 0.002860241354633725 0.002835325661241707 0.002810623984076682 0.002786134524647079 0.002761855499051315 0.002737785137866284 0.002713921686036581 0.002690263402764735 0.00266680856140184 0.002643555449339222 0.002620502367900696 0.002597647632235686 0.002574989571212855 
0.001281826426467829 0.001270557273855504 0.00125938628627319 0.001248312620626716 0.001237335440903862 0.001226453918116969 0.001215667230246002 0.001204974562182035 0.001194375105671163 0.001183868059258869 0.001173452628234778 0.001163128024577865 0.001152893466902057 0.001142748180402286 0.001132691396800902 0.001122722354294571 0.001112840297501497 0.001103044477409118 0.001093334151322172 0.001083708582811162 0.001074167041661235 0.001064708803821438 0.001055333151354377 0.001046039372386252 0.001036826761057287 0.00102769461747258 0 0 0 0 0 0 0 0 0 0.0009406490989521195 0.0009323575653271941 0.0009241385485726263 0.000915991422030037 0.0009079155643560283 0.0008999103594784978 0.0008919751965531614 0.0008841094699205285 0.0008763125790631629 0.0008685839285633004 0.0008609229280607775 0.0008533289922112806 0.0008458015406449695 0.000838339997925422 0.0008309437935087948 0.0008236123617035026 0.0008163451416300112 0.0008091415771810955 0.0008020011169823375 0.0007949232143529307 0.0007879073272668664 0.0007809529183143296 0.0007740594546634754 0.000767226408022468 0.0007604532546018621 0.0007537394750772035 
0.000372538755613017 0.00036923586812407 0.0003659621215090196 0.0003627172605550741 0.0003595010322593731 0.0003563131858102032 0.0003531534725683376 0.0003500216460485569 0.0003469174619012999 0.0003438406778944865 0.0003407910538954757 0.0003377683518531843 0.000334772335780341 0.0003318027717359062 0.0003288594278076137 0.0003259420740946879 0.0003230504826906677 0.0003201844276664061 0.0003173436850531913 0.0003145280328260144 0.0003117372508869779 0.0003089711210488398 0.0003062294270186921 0.0003035119543817791 0.000300818490585451 0.0002981488249232531 0.0002955027485191273 0 0 0 0 0 0 0 0.0002751588772100414 0.0002727159990790777 0.0002702947187388053 0.0002678948464429311 0.0002655161940961514 0.0002631585752399941 0.0002608218050387988 0.0002585057002657879 0.0002562100792892701 0.0002539347620589617 0.0002516795700924158 0.0002494443264615644 0.0002472288557793759 0.0002450329841866234 0.0002428565393387769 0.0002406993503929716 0.0002385612479951328 0.0002364420642671634 0.0002343416327942754 0.0002322597886124033 0.000230196368195729 0.0002281512094443294 0.0002261241516718952 0.0002241150355935843 0.0002221237033139555 0.0002201499983150254 0.0002181937654443955 
0.0001074287133520539 0.0001064719615739518 0.0001055237085406972 0.0001045838790525855 0.0001036523985713803 0.0001027291932145478 0.0001018141897495391 0.0001009073155881245 0.0001000084987807728 9.911766801108467e-05 9.823475259026587e-05 9.735968245165571e-05 9.64923881452983e-05 9.563280083256131e-05 9.478085228080131e-05 9.393647485807703e-05 9.309960152790195e-05 9.227016584405092e-05 9.144810194540424e-05 9.063334455083847e-05 8.98258289541639e-05 8.902549101910206e-05 8.8232267174307e-05 8.744609440843165e-05 8.666691026523468e-05 8.589465283873244e-05 8.51292607683857e-05 8.437067323433943e-05 0 0 0 0 0 7.995870432378478e-05 7.924609002283202e-05 7.853981260522312e-05 7.783981590939404e-05 7.714604426899805e-05 7.645844250857428e-05 7.577695593925035e-05 7.510153035448723e-05 7.443211202585336e-05 7.376864769884252e-05 7.311108458872409e-05 7.245937037643115e-05 7.181345320448223e-05 7.117328167293743e-05 7.053880483539364e-05 6.990997219501431e-05 6.928673370058374e-05 6.866903974261289e-05 6.805684114946161e-05 6.745008918350689e-05 6.684873553733782e-05 6.625273232998303e-05 6.566203210317839e-05 6.507658781765628e-05 6.449635284947512e-05 6.392128098637787e-05 6.335132642418351e-05 6.278644376320486e-05 
3.084936645246509e-05 3.057396192535491e-05 3.03010126565614e-05 3.003049680251518e-05 2.976239271337521e-05 2.94966789313196e-05 2.923333418885004e-05 2.89723374071115e-05 2.871366769422696e-05 2.845730434364693e-05 2.820322683251174e-05 2.795141482003105e-05 2.770184814587476e-05 2.745450682858014e-05 2.720937106397123e-05 2.696642122359381e-05 2.672563785316245e-05 2.648700167102264e-05 2.625049356662487e-05 2.601609459901382e-05 2.578378599532967e-05 2.555354914932235e-05 2.532536561988011e-05 2.509921712956943e-05 2.487508556318908e-05 2.465295296633672e-05 2.443280154398595e-05 2.421461365907998e-05 2.399837183113303e-05 2.378405873484821e-05 2.357165719874364e-05 2.336115020379471e-05 2.315252088208401e-05 2.294575251546681e-05 2.274082853424596e-05 2.253773251585916e-05 2.233644818357827e-05 2.213695940521914e-05 2.193925019186302e-05 2.174330469659004e-05 2.154910721322279e-05 2.135664217508122e-05 2.116589415374847e-05 2.097684785784828e-05 2.078948813183218e-05 2.060379995477776e-05 2.041976843919715e-05 2.023737882985662e-05 2.005661650260675e-05 1.987746696322068e-05 1.969991584624673e-05 1.952394891386629e-05 1.934955205476581e-05 1.917671128301654e-05 1.900541273696378e-05 1.883564267812838e-05 1.866738749011468e-05 1.850063367753082e-05 1.833536786491666e-05 1.817157679568254e-05 1.800924733105604e-05 
8.838833774931141e-06 8.759824347640822e-06 8.681520658061802e-06 8.603916409269833e-06 8.527005360431752e-06 8.450781326307044e-06 8.375238176753844e-06 8.300369836239458e-06 8.226170283354866e-06 8.152633550333976e-06 8.079753722576719e-06 8.007524938176655e-06 7.935941387452574e-06 7.864997312484442e-06 7.794687006653142e-06 7.725004814184807e-06 7.655945129698514e-06 7.587502397758586e-06 7.519671112430524e-06 7.452445816840944e-06 7.385821102741502e-06 7.319791610076605e-06 7.25435202655481e-06 7.189497087224376e-06 7.125221574052247e-06 7.061520315506993e-06 6.998388186145061e-06 6.935820106201468e-06 6.87381104118297e-06 6.812356001466244e-06 6.751450041898118e-06 6.691088261400746e-06 6.631265802579253e-06 6.571977851333317e-06 6.513219636472267e-06 6.454986429333262e-06 6.397273543403131e-06 6.340076333943541e-06 6.283390197619245e-06 6.227210572129921e-06 6.171532935845305e-06 6.116352807443031e-06 6.061665745550346e-06 6.007467348388708e-06 5.953753253421452e-06 5.900519137004808e-06 5.847760714041665e-06 5.795473737638702e-06 5.743653998766793e-06 5.692297325923443e-06 5.641399584799665e-06 5.590956677948386e-06 5.540964544456862e-06 5.491419159621428e-06 5.442316534625148e-06 5.393652716218747e-06 5.345423786403843e-06 5.297625862119366e-06 5.250255094930446e-06 5.203307670720799e-06 5.156779809386333e-06 
2.529417798265828e-06 2.506792026045472e-06 2.484368563001652e-06 2.462145601244272e-06 2.440121349024758e-06 2.418294030592161e-06 2.396661886050478e-06 2.375223171217333e-06 2.353976157483778e-06 2.332919131675524e-06 2.312050395915181e-06 2.291368267485965e-06 2.270871078696431e-06 2.250557176746491e-06 2.230424923594625e-06 2.210472695826282e-06 2.190698884523365e-06 2.171101895135026e-06 2.151680147349483e-06 2.132432074967015e-06 2.113356125774155e-06 2.094450761418886e-06 2.075714457287047e-06 2.05714570237977e-06 2.03874299919206e-06 2.020504863592466e-06 2.002429824703683e-06 1.984516424784484e-06 1.966763219112375e-06 1.949168775867638e-06 1.931731676018057e-06 1.914450513205018e-06 1.897323893630318e-06 1.880350435944195e-06 1.863528771134254e-06 1.846857542415371e-06 1.830335405120679e-06 1.813961026593412e-06 1.79773308607974e-06 1.781650274622623e-06 1.765711294956558e-06 1.749914861403228e-06 1.734259699768129e-06 1.718744547238155e-06 1.703368152280017e-06 1.688129274539617e-06 1.67302668474224e-06 1.65805916459377e-06 1.643225506682727e-06 1.628524514383017e-06 1.613955001757912e-06 1.599515793464458e-06 1.585205724659099e-06 1.571023640903913e-06 1.55696839807372e-06 1.543038862264163e-06 1.529233909700397e-06 1.515552426646734e-06 1.501993309317035e-06 1.488555463786033e-06 1.475237805901075e-06 
7.233796962430176e-07 7.169066466096248e-07 7.104915078830757e-07 7.041337621284166e-07 6.978328960407301e-07 6.915884009037952e-07 6.853997725490804e-07 6.792665113151258e-07 6.731881220072729e-07 6.67164113857774e-07 6.611940004862299e-07 6.552772998604058e-07 6.494135342573679e-07 6.4360223022501e-07 6.37842918543883e-07 6.321351341893848e-07 6.264784162942763e-07 6.208723081115534e-07 6.153163569776219e-07 6.098101142758205e-07 6.043531354002652e-07 5.989449797200156e-07 5.935852105435646e-07 5.882733950836198e-07 5.830091044222503e-07 5.777919134763046e-07 5.726214009631264e-07 5.67497149366639e-07 5.624187449036366e-07 5.573857774904962e-07 5.523978407100571e-07 5.474545317789055e-07 5.425554515148862e-07 5.377002043049286e-07 5.328883980731513e-07 5.281196442492571e-07 5.233935577372222e-07 5.187097568842228e-07 5.140678634498933e-07 5.094675025758174e-07 5.049083027553247e-07 5.003898958035199e-07 4.959119168276036e-07 4.914740041974654e-07 4.870757995165207e-07 4.827169475928186e-07 4.783970964103872e-07 4.741158971008722e-07 4.698730039154129e-07 4.656680741967275e-07 4.615007683515336e-07 4.573707498231291e-07 4.532776850642781e-07 4.492212435103072e-07 4.452010975524356e-07 4.412169225113957e-07 4.372683966112112e-07 4.333552009532771e-07 4.294770194906139e-07 4.256335390024522e-07 4.218244490688728e-07 
2.068056462598528e-07 2.049547144045504e-07 2.031203467211873e-07 2.013023950002556e-07 1.995007123580339e-07 1.977151532247321e-07 1.959455733327359e-07 1.941918297049729e-07 1.924537806433628e-07 1.907312857173894e-07 1.890242057527578e-07 1.873324028201644e-07 1.856557402241652e-07 1.839940824921409e-07 1.8234729536336e-07 1.807152457781457e-07 1.79097801867131e-07 1.774948329406186e-07 1.759062094780285e-07 1.743318031174442e-07 1.727714866452509e-07 1.712251339858685e-07 1.69692620191571e-07 1.681738214324025e-07 1.666686149861814e-07 1.651768792285955e-07 1.63698493623376e-07 1.622333387125796e-07 1.607812961069316e-07 1.59342248476283e-07 1.579160795401218e-07 1.56502674058205e-07 1.5510191782124e-07 1.537136976416707e-07 1.523379013445421e-07 1.509744177584389e-07 1.496231367065157e-07 1.482839489975991e-07 1.469567464173718e-07 1.456414217196394e-07 1.443378686176724e-07 1.430459817756187e-07 1.417656568000058e-07 1.404967902313112e-07 1.392392795356091e-07 1.379930230962927e-07 1.367579202058665e-07 1.355338710578194e-07 1.3432077673857e-07 1.331185392194654e-07 1.319270613488887e-07 1.307462468443949e-07 1.295760002849493e-07 1.284162271032194e-07 1.272668335779366e-07 1.26127726826334e-07 1.249988147966434e-07 1.238800062606638e-07 1.227712108063902e-07 1.216723388307321e-07 1.205833015322493e-07 
1.105651224205588e-07 1.095426601850741e-07 1.085296524979145e-07 1.075260119450812e-07 1.065316519206327e-07 1.055464866192153e-07 1.045704310286644e-07 1.036034009226754e-07 1.026453128535389e-07 1.016960841449497e-07 1.007556328848713e-07 9.982387791847869e-08 9.890073884115697e-08 9.798613599156971e-08 9.70799904447881e-08 9.618222400548761e-08 9.529275920120236e-08 9.441151927564733e-08 9.353842818209662e-08 9.267341057682865e-08 9.181639181262615e-08 9.096729793234159e-08 9.012605566251816e-08 8.929259240707053e-08 8.846683624102559e-08 8.764871590432135e-08 8.683816079565633e-08 8.603510096640871e-08 8.523946711459629e-08 8.445119057890874e-08 8.367020333277573e-08 8.289643797851172e-08 8.21298277414945e-08 8.137030646441177e-08 8.061780860155406e-08 7.987226921316079e-08 7.913362395982328e-08 7.84018090969323e-08 7.767676146918151e-08 7.695841850512242e-08 7.624671821176752e-08 7.55415991692419e-08 7.484300052548764e-08 7.415086199101575e-08 7.346512383370643e-08 7.278572687365756e-08 7.211261247807946e-08 7.144572255623805e-08 7.078499955444877e-08 7.013038645110449e-08 6.948182675176791e-08 6.883926448428929e-08 6.82026441939855e-08 6.757191093885563e-08 6.694701028483838e-08 6.632788830112332e-08 6.571449155549438e-08 6.510676710972436e-08 6.45046625150038e-08 6.390812580742949e-08 6.331710550350442e-08 
3.867829769774663e-07 3.83206676175063e-07 3.796634377511137e-07 3.7615295611897e-07 3.726749285154623e-07 3.692290549748352e-07 3.658150383029036e-07 3.624325840514668e-07 3.590814004929435e-07 3.557611985952499e-07 3.524716919969014e-07 3.49212596982356e-07 3.459836324575747e-07 3.427845199258122e-07 3.396149834636235e-07 3.364747496971144e-07 3.333635477783748e-07 3.302811093621662e-07 3.272271685827969e-07 3.242014620312301e-07 3.212037287323891e-07 3.182337101226815e-07 3.15291150027722e-07 3.123757946402701e-07 3.094873924983664e-07 3.06625694463675e-07 3.037904537000088e-07 3.009814256520875e-07 2.981983680244468e-07 2.954410407605901e-07 2.927092060222865e-07 2.900026281691011e-07 2.873210737380791e-07 2.846643114236442e-07 2.820321120576691e-07 2.79424248589724e-07 2.768404960675376e-07 2.74280631617589e-07 2.717444344259269e-07 2.692316857191382e-07 2.667421687455046e-07 2.642756687563193e-07 2.618319729873888e-07 2.594108706407063e-07 2.570121528662885e-07 2.54635612744178e-07 2.522810452666136e-07 2.499482473203666e-07 2.476370176692572e-07 2.453471569367793e-07 2.430784675889649e-07 2.408307539173268e-07 2.38603822022022e-07 2.363974797951306e-07 2.342115369040977e-07 2.320458047753525e-07 2.299000965780366e-07 2.277742272079231e-07 2.256680132714444e-07 2.235812730699303e-07 2.21513826583894e-07 
1.352717507206758e-06 1.340213275779736e-06 1.327824597612629e-06 1.315550405321573e-06 1.30338964137593e-06 1.291341258007444e-06 1.2794042171202e-06 1.267577490201422e-06 1.255860058233077e-06 1.244250911604331e-06 1.23274905002477e-06 1.221353482438449e-06 1.210063226938702e-06 1.198877310683785e-06 1.187794769813229e-06 1.176814649365051e-06 1.165936003193625e-06 1.155157893888401e-06 1.144479392693308e-06 1.133899579426941e-06 1.123417542403466e-06 1.113032378354254e-06 1.102743192350224e-06 1.092549097724938e-06 1.082449215998364e-06 1.072442676801387e-06 1.062528617800921e-06 1.052706184625888e-06 1.042974530793626e-06 1.033332817637271e-06 1.023780214233519e-06 1.014315897331288e-06 1.004939051280872e-06 9.956488679638544e-07 9.864445467236154e-07 9.773252942964747e-07 9.68290324743513e-07 9.593388593829702e-07 9.504701267233002e-07 9.416833623968326e-07 9.329778090940582e-07 9.243527164984778e-07 9.158073412220908e-07 9.073409467414901e-07 8.989528033345018e-07 8.906421880174569e-07 8.824083844829656e-07 8.742506830383558e-07 8.661683805446565e-07 8.581607803560434e-07 8.502271922600307e-07 8.423669324180194e-07 8.345793233065398e-07 8.268636936589515e-07 8.192193784076915e-07 8.116457186271247e-07 8.041420614767984e-07 7.967077601453301e-07 7.893421737947525e-07 7.820446675054439e-07 7.748146122213911e-07 
4.72870483703975e-06 4.685015684974667e-06 4.641729966097768e-06 4.598843958036997e-06 4.556353972724096e-06 4.514256356079191e-06 4.472547487697959e-06 4.431223780542006e-06 4.390281680631764e-06 4.349717666742517e-06 4.30952825010288e-06 4.269709974096355e-06 4.230259413965409e-06 4.191173176518424e-06 4.152447899839162e-06 4.114080252999129e-06 4.076066935772305e-06 4.038404678352737e-06 4.001090241074548e-06 3.964120414134633e-06 3.927492017317845e-06 3.891201899724717e-06 3.855246939501633e-06 3.81962404357358e-06 3.78433014737925e-06 3.749362214608733e-06 3.714717236943254e-06 3.680392233797879e-06 3.646384252065911e-06 3.612690365866327e-06 3.579307676292829e-06 3.546233311165865e-06 3.513464424786389e-06 3.480998197692233e-06 3.448831836416557e-06 3.416962573248499e-06 3.385387665996175e-06 3.3541043977517e-06 3.323110076658376e-06 3.292402035680146e-06 3.261977632373131e-06 3.231834248659014e-06 3.201969290600883e-06 3.172380188180935e-06 3.14306439508024e-06 3.114019388460543e-06 3.085242668747978e-06 3.056731759418927e-06 3.028484206787891e-06 3.000497579796864e-06 2.972769469807368e-06 2.945297490393696e-06 2.91807927713853e-06 2.891112487430228e-06 2.864394800261908e-06 2.837923916032693e-06 2.811697556350361e-06 2.785713463836134e-06 2.759969401931095e-06 2.734463154704622e-06 2.709192526663994e-06 
1.651561180561573e-05 1.636316533500241e-05 1.621212459774899e-05 1.60624766509313e-05 1.59142086705232e-05 1.576730795030822e-05 1.562176190080086e-05 1.547755804817812e-05 1.533468403321988e-05 1.519312761026033e-05 1.505287664614736e-05 1.491391911921284e-05 1.477624311825111e-05 1.463983684150783e-05 1.450468859567715e-05 1.437078679490877e-05 1.423811995982325e-05 1.410667671653713e-05 1.397644579569637e-05 1.384741603151866e-05 1.371957636084485e-05 1.359291582219855e-05 1.346742355485449e-05 1.334308879791545e-05 1.321990088939756e-05 1.309784926532415e-05 1.297692345882686e-05 1.285711309925692e-05 1.273840791130206e-05 1.262079771411401e-05 1.250427242044153e-05 1.238882203577359e-05 1.227443665748854e-05 1.21611064740122e-05 1.204882176398311e-05 1.193757289542552e-05 1.182735032493008e-05 1.17181445968417e-05 1.160994634245499e-05 1.150274627921716e-05 1.139653520993822e-05 1.129130402200774e-05 1.118704368661966e-05 1.108374525800378e-05 1.098139987266424e-05 1.087999874862496e-05 1.077953318468185e-05 1.067999455966205e-05 1.058137433169047e-05 1.048366403746116e-05 1.038685529151806e-05 1.029093978553982e-05 1.019590928763275e-05 1.010175564162967e-05 1.000847076639466e-05 9.916046655135475e-06 9.824475374720739e-06 9.733749065004583e-06 9.643859938156562e-06 9.554800277998668e-06 9.466562439347155e-06 
5.75880141835174e-05 5.705738604528307e-05 5.653163800920566e-05 5.601072532103806e-05 5.549460363520638e-05 5.498322901110322e-05 5.447655790941183e-05 5.397454718846711e-05 5.347715410064493e-05 5.298433628878806e-05 5.249605178265989e-05 5.201225899543461e-05 5.153291672021511e-05 5.105798412658443e-05 5.058742075718717e-05 5.012118652434265e-05 4.965924170668693e-05 4.92015469458467e-05 4.874806324314216e-05 4.829875195631949e-05 4.785357479631367e-05 4.74124938240394e-05 4.697547144721122e-05 4.654247041719213e-05 4.611345382587136e-05 4.568838510257009e-05 4.526722801097205e-05 4.484994664608855e-05 4.443650543124209e-05 4.402686911508585e-05 4.362100276864207e-05 4.321887178237445e-05 4.282044186328067e-05 4.242567903201541e-05 4.203454962003737e-05 4.164702026678179e-05 4.126305791685998e-05 4.088262981728299e-05 4.050570351471041e-05 4.013224685272302e-05 3.976222796912389e-05 3.939561529325802e-05 3.903237754336086e-05 3.867248372392901e-05 3.831590312311461e-05 3.796260531014355e-05 3.761256013275614e-05 3.726573771467195e-05 3.692210845307861e-05 3.658164301613831e-05 3.624431234052497e-05 3.591008762897502e-05 3.557894034786693e-05 3.525084222481932e-05 3.492576524631009e-05 3.460368165532091e-05 3.428456394899856e-05 3.396838487634006e-05 3.365511743589796e-05 3.334473487350737e-05 3.303721068003084e-05 
0.0002001864142292543 0.0001983479186542726 0.0001965262479254794 0.0001947212488947974 0.0001929327697968412 0.0001911606602365914 0.0001894047711771707 0.0001876649549277366 0.0001859410651314695 0.0001842329567536759 0.0001825404860699849 0.0001808635106546593 0.0001792018893689991 0.0001775554823498552 0.0001759241509982345 0.0001743077579680159 0.0001727061671547532 0.000171119243684587 0.0001695468539032449 0.0001679888653651444 0.000166445146822591 0.0001649155682150653 0.0001634000006586108 0.000161898316435312 0.0001604103889828634 0.000158936092884238 0.0001574753038574287 0.0001560278987453066 0.0001545937555055387 0.0001531727532006229 0.0001517647719879835 0.0001503696931101806 0.0001489873988851806 0.0001476177726967311 0.000146260698984812 0.0001449160632361689 0.0001435837519749377 0.0001422636527533452 0.0001409556541424939 0.0001396596457232251 0.000138375518077072 0.0001371031627772792 0.0001358424723799101 0.0001345933404150324 0.0001333556613779789 0.000132129330720688 0.0001309142448431128 0.0001297103010847173 0.0001285173977160476 0.0001273354339303569 0.0001261643098353394 0.0001250039264449026 0.0001238541856710384 0.0001227149903157506 0.000121586244063056 0.0001204678514710676 0.0001193597179641301 0.0001182617498250391 0.0001171738541873234 0.0001160959390275984 0.0001150279131579797 
0.0006919090229869482 0.0006855936133003827 0.0006793354636418432 0.00067313406011996 0.0006669888933831166 0.00066089945858034 0.0006548652553225067 0.0006488857876438783 0.0006429605639639426 0.0006370890970495927 0.000631270903977597 0.0006255055060973876 0.0006197924289941663 0.0006141312024523087 0.000608521360419062 0.0006029624409685794 0.0005974539862662008 0.0005919955425330849 0.0005865866600110911 0.0005812268929279895 0.0005759157994629321 0.0005706529417122352 0.0005654378856554225 0.0005602702011215797 0.0005551494617559657 0.0005500752449869276 0.0005450471319930481 0.0005400647076706376 0.0005351275606014146 0.0005302352830205454 0.0005253874707848582 0.0005205837233414183 0.00051582364369628 0.0005111068383835727 0.0005064329174347924 0.0005018014943483804 0.0004972121860595542 0.0004926646129103862 0.0004881583986201356 0.0004836931702558208 0.0004792685582030767 0.0004748841961371957 0.0004705397209944672 0.0004662347729437364 0.0004619689953582038 0.0004577420347874693 0.0004535535409297901 0.0004494031666046013 0.0004452905677252757 0.0004412154032720484 0.0004371773352652722 0.000433176028738803 0.000429211151713677 0.0004252823751719788 0.000421389373030925 0.0004175318221172086 0.0004137094021415055 0.0004099217956732402 0.0004061686881155454 0.0004024497676804509 0.0003987647253642472 
0.002366140606573115 0.002344791103777258 0.002323631807070799 0.002302661054960998 0.002281877200018405 0.002261278608763924 0.002240863661556768 0.002220630752483197 0.00220057828924604 0.002180704693055119 0.002161008398518361 0.00214148785353377 0.002122141519182203 0.002102967869620907 0.002083965391977824 0.002065132586246753 0.002046467965183172 0.002027970054200929 0.002009637391269643 0.001991468526812892 0.001973462023607147 0.001955616456681441 0.00193793041321782 0.001920402492452504 0.001903031305577795 0.001885815475644772 0.001868753637466538 0.001851844437522496 0.001835086533862968 0.001818478596014908 0.001802019304887977 0.001785707352681637 0.001769541442792686 0.001753520289723653 0.00173764261899184 0.001721907167038996 0.001706312681141792 0.00169085791932285 0.001675541650262559 0.001660362653211437 0.001645319717903282 0.001630411644468942 0.001615637243350656 0.001600995335217214 0.001586484750879621 0.0015721043312075 0.001557852927046034 0.001543729399133645 0.001529732618020317 0.001515861463986359 0.001502114826962096 0.001488491606447865 0.00147499071143488 0.001461611060326562 0.001448351580860469 0.001435211210030973 0.001422188894012344 0.001409283588082592 0.001396494256547777 0.001383819872667044 0.001371259418578048 
0.007934013812360306 0.007863953159732798 0.007794496251391272 0.007725638085069346 0.007657373697255606 0.007589698162929672 0.007522606595299493 0.007456094145540159 0.007390156002533714 0.007324787392610469 0.007259983579291591 0.007195739863032889 0.007132051580970032 0.007068914106665011 0.007006322849853797 0.006944273256195578 0.006882760807022915 0.006821781019093556 0.006761329444343302 0.006701401669640319 0.006641993316540675 0.006583100041045175 0.006524717533357551 0.006466841517643855 0.006409467751793287 0.006352592027180228 0.006296210168427318 0.006240318033170577 0.006184911511824734 0.006129986527350995 0.006075539035024987 0.00602156502220704 0.005968060508112835 0.005915021543585979 0.005862444210871562 0.005810324623390961 0.005758658925518149 0.005707443292357089 0.00565667392952041 0.00560634707290935 0.005556458988495138 0.005507005972101422 0.00545798434918795 0.005409390474635754 0.005361220732533357 0.005313471535964363 0.005266139326796049 0.005219220575469558 0.005172711780791282 0.005126609469724932 0.005080910197185879 0.005035610545835578 0.004990707125878176 0.004946196574857774 0.004902075557456973 0.004858340765297035 0.004814988916738663 0.004772016756684537 0.00472942105638265 0.004687198613231234 0.0046453462505844 
0.02566496110595345 0.02544729803867327 0.02523139407587384 0.02501723613951412 0.02480481123384796 0.02459410644510661 0.02438510894117886 0.02417780597129057 0.0239721848656815 0.0237682330352814 0.02356593797138404 0.0233652872453203 0.02316626850812948 0.02296886949022949 0.02277307800108551 0.02257888192887803 0.02238626924016875 0.0221952279795662 0.02200574626938999 0.02181781230933378 0.02163141437612771 0.02144654082319959 0.02126318008033522 0.02108132065333793 0.02090095112368755 0.02072206014819816 0.02054463645867518 0.02036866886157272 0.02019414623764838 0.02002105754162011 0.01984939180181949 0.01967913811984762 0.01951028567022777 0.01934282370005956 0.01917674152867195 0.01901202854727555 0.01884867421861578 0.01868666807662442 0.01852599972607194 0.01836665884221876 0.01820863517046745 0.01805191852601385 0.01789649879349809 0.01774236592665645 0.01758950994797236 0.01743792094832785 0.0172875890866543 0.01713850458958415 0.01699065775110306 0.01684403893219971 0.01669863856051974 0.01655444713001582 0.01641145520060115 0.01626965339780108 0.01612903241240574 0.0159895830001237 0.01585129598123442 0.01571416224024245 0.01557817272553105 0.01544331844901731 0.01530959048580588 
0.07784346434803434 0.07723145484871068 0.07662379734103386 0.07602046664296197 0.07542143764493178 0.0748266853106804 0.07423618467804873 0.07364991085976723 0.0730678390442242 0.07248994449621685 0.07191620255768473 0.07134658864842656 0.07078107826679984 0.07021964699040452 0.06966227047674854 0.06910892446389964 0.06855958477111761 0.06801422729947385 0.06747282803245308 0.06693536303653982 0.06640180846178971 0.06587214054238547 0.06534633559717705 0.06482437003020744 0.06430622033122425 0.0637918630761752 0.06328127492768926 0.06277443263554607 0.06227131303712592 0.06177189305785336 0.06127614971161753 0.06078406010118942 0.06029560141861467 0.0598107509456027 0.05932948605389635 0.05885178420563036 0.05837762295367861 0.05790697994198617 0.05743983290589004 0.05697615967242681 0.05651593816062974 0.05605914638181168 0.05560576243983655 0.05515576453138019 0.0547091309461788 0.05426584006726586 0.05382587037119638 0.05338920042826227 0.05295580890269765 0.05252567455286613 0.05209877623144886 0.0516750928856101 0.05125460355716181 0.05083728738271203 0.05042312359380403 0.05001209151704924 0.04960417057424459 0.04919934028248425 0.0487975802542599 0.04839887019755335 0.04800318991591578 
0.2111959960900646 0.2097571726985874 0.2083260920571106 0.206902736529417 0.2054870882142157 0.2040791289495352 0.2026788403170931 0.201286203646638 0.1999012000202667 0.1985238102767125 0.1971540150156098 0.1957917946017286 0.1944371291691841 0.1930899986256187 0.1917503826563523 0.1904182607285139 0.1890936120951333 0.1877764157992148 0.1864666506777771 0.1851642953658664 0.1838693283005406 0.1825817277248253 0.1813014716916385 0.1800285380676892 0.1787629045373469 0.1775045486064785 0.1762534476062576 0.1750095786969465 0.1737729188716433 0.1725434449600087 0.171321133631946 0.1701059614012764 0.1688979046293562 0.1676969395286858 0.1665030421664797 0.1653161884682033 0.1641363542210885 0.1629635150776103 0.1617976465589397 0.1606387240583587 0.1594867228446558 0.1583416180654805 0.1572033847506744 0.156071997815566 0.1549474320642438 0.1538296621927912 0.1527186627924903 0.1516144083530026 0.1505168732655177 0.1494260318258587 0.1483418582375824 0.1472643266150215 0.1461934109863191 0.1451290852964188 0.1440713234100276 0.1430200991145569 0.1419753861230198 0.1409371580769093 0.1399053885490405 0.1388800510463699 0.1378611190127711 
0.4776413998677055 0.4751775149803146 0.4727193057964992 0.4702668340443072 0.467820160598767 0.4653793454835339 0.4629444478726285 0.460515526092265 0.4580926376227666 0.45567583910057 0.453265186320314 0.450860734237012 0.4484625369683122 0.446070647796835 0.443685119172591 0.4413060027154868 0.4389333492178953 0.4365672086473173 0.434207630149109 0.4318546620492885 0.4295083518574139 0.4271687462695364 0.4248358911712193 0.4225098316406298 0.4201906119517017 0.4178782755773582 0.4155728651928058 0.413274422678893 0.4109829891255236 0.4086986048351546 0.4064213093263176 0.4041511413372457 0.4018881388295132 0.3996323389917685 0.3973837782435042 0.3951424922388814 0.3929085158706213 0.390681883273933 0.388462627830505 0.3862507821725337 0.3840463781868159 0.3818494470188771 0.3796600190771525 0.3774781240372027 0.3753037908459938 0.3731370477262024 0.3709779221805615 0.368826440996259 0.3666826302493779 0.3645465153093439 0.3624181208434614 0.3602974708214318 0.3581845885199497 0.3560794965273073 0.3539822167480338 0.3518927704075856 0.3498111780570399 0.3477374595778369 0.3456716341865427 0.3436137204396483 0.3415637362383734 
0.824070902572876 0.8217407957268903 0.8194012433805442 0.8170523866296924 0.8146943666389468 0.8123273246266649 0.8099514018500037 0.8075667395900576 0.8051734791370682 0.8027717617757174 0.8003617287705006 0.7979435213511858 0.7955172806983594 0.793083147929057 0.790641264082489 0.7881917701058563 0.7857348068402574 0.7832705150066991 0.7807990351921982 0.7783205078359842 0.7758350732158078 0.7733428714343495 0.7708440424057313 0.7683387258421378 0.7658270612405517 0.7633091878695843 0.7607852447564318 0.7582553706739382 0.7557197041277735 0.753178383343732 0.7506315462551364 0.7480793304903844 0.7455218733605821 0.7429593118473327 0.7403917825906261 0.7378194218768579 0.7352423656269825 0.7326607493847793 0.730074708305259 0.7274843771431834 0.7248898902417371 0.722291381521309 0.7196889844684202 0.7170828321247684 0.714473057076433 0.7118597914431912 0.7092431668679682 0.7066233145064437 0.7040003650167916 0.7013744485495236 0.6987456947375341 0.6961142326862179 0.6934801909637794 0.690843697591655 0.6882048800350742 0.68556386519379 0.6829207793929152 0.6802757483739279 0.6776288972858079 0.6749803506763283 0.6723302324834652 
0.999999643517649 0.9999849275768707 0.9999486268148829 0.999890743974126 0.9998112834272964 0.999710251176714 0.9995876548534514 0.9994435037162285 0.999277808650072 0.999090582164737 0.9988818383928985 0.9986515930881021 0.9983998636224851 0.9981266689842641 0.9978320297749871 0.997515968206554 0.9971785080980075 0.9968196748720906 0.9964394955515752 0.9960379987553616 0.9956152146943484 0.9951711751670773 0.994705913555148 0.9942194648184104 0.9937118654899336 0.9931831536707467 0.9926333690243644 0.9920625527710857 0.9914707476820769 0.9908579980732364 0.9902243497988413 0.9895698502449816 0.9888945483227733 0.9881984944613714 0.9874817406007631 0.9867443401843525 0.9859863481513439 0.9852078209289132 0.98440881642418 0.9835893940159737 0.9827496145464054 0.9818895403122336 0.981009235056042 0.9801087639572155 0.9791881936227308 0.9782475920777525 0.9772870287560378 0.9763065744901654 0.975306301501574 0.9742862833904126 0.97324659512523 0.9721873130324671 0.971108514785787 0.9700102793952328 0.9688926871961996 0.9677558198382682 0.9665997602738418 0.9654245927466422 0.9642304027800381 0.9630172771652169 0.9617853039491968 
0.8249154748639314 0.8272324757968266 0.8295396981131965 0.8318370010595549 0.8341242440174935 0.8364012865190558 0.8386679882621597 0.8409242091260886 0.8431698091870251 0.8454046487336437 0.8476285882827467 0.84984148859495 0.8520432106904126 0.8542336158646016 0.856412565704105 0.8585799221024677 0.860735547276077 0.8628793037800613 0.8650110545242264 0.8671306627890183 0.8692379922414977 0.8713329069513465 0.8734152714068819 0.875484950531089 0.8775418096976587 0.8795857147470444 0.8816165320025107 0.8836341282861925 0.8856383709351549 0.8876291278174405 0.8896062673481235 0.8915696585053372 0.8935191708463105 0.895454674523368 0.8973760402999257 0.8992831395664624 0.9011758443564599 0.9030540273623258 0.9049175619512811 0.9067663221812133 0.908600182816496 0.9104190193437641 0.9122227079876553 0.9140111257264996 0.9157841503079548 0.9175416602646035 0.919283534929489 0.9210096544515918 0.9227198998112377 0.9244141528354733 0.9260922962133229 0.9277542135110287 0.9293997891871792 0.9310289086077805 0.9326414580612495 0.9342373247733067 0.9358163969218085 0.937378563651473 0.9389237150885227 0.9404517423552224 0.9419625375843453 
0.4785383597268809 0.4810098823010961 0.483486931286706 0.4859694420756725 0.4884573492008423 0.4909505863348042 0.4934490862888518 0.495952781012037 0.4984616015903361 0.5009754782459049 0.5034943403364488 0.5060181163546897 0.5085467339279421 0.5110801198177939 0.5136181999198993 0.5161608992638723 0.5187081420133025 0.5212598514658706 0.5238159500535827 0.5263763593431179 0.5289410000362873 0.531509791970611 0.5340826541200134 0.5366595045956348 0.5392402606467543 0.5418248386618481 0.5444131541697576 0.547005121840978 0.5496006554890807 0.5521996680722434 0.5548020716949247 0.5574077776096386 0.5600166962188877 0.5626287370771951 0.5652438088932773 0.567861819532351 0.570482676018559 0.5731062845375317 0.5757325504390841 0.578361378240045 0.5809926716272051 0.583626333460423 0.5862622657758453 0.5889003697892784 0.5915405458996786 0.5941826936927931 0.5968267119449403 0.5994724986269196 0.6021199509080476 0.6047689651603806 0.6074194369630095 0.6100712611065583 0.6127243315977779 0.6153785416643063 0.6180337837595723 0.6206899495678121 0.6233469300092714 0.6260046152455154 0.6286628946849017 0.6313216569881787 0.6339807900742626 
0.2117208974079454 0.2131703057906148 0.2146274975268693 0.2160924893287719 0.2175652976238399 0.2190459385505164 0.2205344279536191 0.2220307813797608 0.2235350140727543 0.2250471409689862 0.2265671766927731 0.228095135551694 0.2296310315318995 0.2311748782934018 0.2327266891653417 0.2342864771412332 0.2358542548741936 0.2374300346721444 0.2390138284930018 0.2406056479398418 0.2422055042560484 0.2438134083204433 0.2454293706423991 0.247053401356934 0.2486855102197855 0.2503257066024761 0.2519739994873573 0.2536303974626367 0.2552949087173962 0.2569675410365891 0.2586483017960278 0.2603371979573543 0.2620342360630064 0.2637394222311575 0.2654527621506567 0.2671742610759558 0.2689039238220179 0.2706417547592267 0.2723877578082791 0.2741419364350747 0.27590429364559 0.2776748319807517 0.2794535535113011 0.2812404598326549 0.2830355520597513 0.284838830821901 0.2866502962576369 0.2884699480095505 0.2902977852191215 0.2921338065215769 0.2939780100406978 0.2958303933836786 0.2976909536359458 0.2995596873560011 0.3014365905702653 0.3033216587679049 0.3052148868956922 0.3071162693528448 0.3090257999858846 0.31094347208349 0.3128692783713765 
0.07806699909599295 0.07868498314051481 0.07930737897705659 0.07993421202517416 0.08056550777310338 0.08120129177684007 0.08184158965920049 0.08248642710886174 0.08313582987938502 0.08378982378821694 0.08444843471567207 0.08511168860389616 0.08577961145580809 0.08645222933402225 0.08712956835975104 0.08781165471168455 0.08849851462485286 0.08919017438946374 0.08988666034972195 0.09058799890262588 0.09129421649674241 0.09200533963096146 0.09272139485322713 0.0934424087592486 0.0941684079911856 0.09489941923631567 0.0956354692256761 0.09637658473268391 0.09712279257173229 0.09787411959676497 0.09863059269982717 0.0993922388095915 0.1001590848898644 0.1009311579380626 0.101708484983671 0.1024910930866751 0.1032790093359668 0.1040722608477284 0.104870874763791 0.1056748782499699 0.1064842984943703 0.1072991627056737 0.1081194981113952 0.1089453319561182 0.1097766914996994 0.1106136040154515 0.1114560967883019 0.1123041971129205 0.1131579322918201 0.1140173296334432 0.1148824164502016 0.1157532200565104 0.1166297677667792 0.1175120868933852 0.1184002047446192 0.1192941486225968 0.120193945821153 0.1210996236237005 0.1220112093010658 0.1229287301092921 0.1238522132874233 
SCALARS mu_O double 1
LOOKUP_TABLE default
337088 337088 337088 337088 337088 337088 337088 337088 337088 337088 337088 337088 337088 337088 337088 337088 337088 337088 337088 337088 337088 337088 337088 337088 337088 337088 337088 337088 337088 337088 337088 337088 337088 337088 337088 337088 337088 337088 337088 337088 337088 337088 337088 337088 337088 337088 337088 337088 337088 337088 337088 337088 337088 337088 337088 337088 337088 337088 337088 337088 337088 
337088 337088 337088 337088 337088 337088 337088 337088 337088 337088 337088 337088 337088 337088 337088 337088 337088 337088 337088 337088 337088 337088 337088 337088 337088 337088 337088 337088 337088 337088 337088 337088 337088 337088 337088 337088 337088 337088 337088 337088 337088 337088 337088 337088 337088 337088 337088 337088 337088 337088 337088 337088 337088 337088 337088 337088 337088 337088 337088 337088 337088 
337088 337088 337088 337088 337088 337088 337088 337088 337088 337088 337088 337088 337088 337088 337088 337088 337088 337088 337088 337088 337088 337088 337088 337088 337088 337088 337088 337088 337088 337088 337088 337088 337088 337088 337088 337088 337088 337088 337088 337088 337088 337088 337088 337088 337088 337088 337088 337088 337088 337088 337088 337088 337088 337088 337088 337088 337088 337088 337088 337088 337088 
337088 337088 337088 337088 337088 337088 337088 337088 337088 337088 337088 337088 337088 337088 337088 337088 337088 337088 337088 337088 337088 337088 337088 337088 337088 337088 337088 337088 337088 337088 337088 337088 337088 337088 337088 337088 337088 337088 337088 337088 337088 337088 337088 337088 337088 337088 337088 337088 337088 337088 337088 337088 337088 337088 337088 337088 337088 337088 337088 337088 337088 
337088 337088 337088 337088 337088 337088 337088 337088 337088 337088 337088 337088 337088 337088 337088 337088 337088 337088 337088 337088 337088 337088 337088 337088 337088 337088 337088 337088 337088 337088 337088 337088 337088 337088 337088 337088 337088 337088 337088 337088 337088 337088 337088 337088 337088 337088 337088 337088 337088 337088 337088 337088 337088 337088 337088 337088 337088 337088 337088 337088 337088 
337088 337088 337088 337088 337088 337088 337088 337088 337088 337088 337088 337088 337088 337088 337088 337088 337088 337088 337088 337088 337088 337088 337088 337088 337088 337088 337088 337088 337088 337088 337088 337088 337088 337088 337088 337088 337088 337088 337088 337088 337088 337088 337088 337088 337088 337088 337088 337088 337088 337088 337088 337088 337088 337088 337088 337088 337088 337088 337088 337088 337088 
337088 337088 337088 337088 337088 337088 337088 337088 337088 337088 337088 337088 337088 337088 337088 337088 337088 337088 337088 337088 337088 337088 337088 337088 337088 337088 337088 337088 337088 337088 337088 337088 337088 337088 337088 337088 337088 337088 337088 337088 337088 337088 337088 337088 337088 337088 337088 337088 337088 337088 337088 337088 337088 337088 337088 337088 337088 337088 337088 337088 337088 
337088 337088 337088 337088 337088 337088 337088 337088 337088 337088 337088 337088 337088 337088 337088 337088 337088 337088 337088 337088 337088 337088 337088 337088 337088 337088 337088 337088 337088 337088 337088 337088 337088 337088 337088 337088 337088 337088 337088 337088 337088 337088 337088 337088 337088 337088 337088 337088 337088 337088 337088 337088 337088 337088 337088 337088 337088 337088 337088 337088 337088 
337088 337088 337088 337088 337088 337088 337088 337088 337088 337088 337088 337088 337088 337088 337088 337088 337088 337088 337088 337088 337088 337088 337088 337088 337088 337088 337088 337088 337088 337088 337088 337088 337088 337088 337088 337088 337088 337088 337088 337088 337088 337088 337088 337088 337088 337088 337088 337088 337088 337088 337088 337088 337088 337088 337088 337088 337088 337088 337088 337088 337088 
337088 337088 337088 337088 337088 337088 337088 337088 337088 337088 337088 337088 337088 337088 337088 337088 337088 337088 337088 337088 337088 337088 337088 337088 337088 337088 337088 337088 337088 337088 337088 337088 337088 337088 337088 337088 337088 337088 337088 337088 337088 337088 337088 337088 337088 337088 337088 337088 337088 337088 337088 337088 337088 337088 337088 337088 337088 337088 337088 337088 337088 
337088 337088 337088 337088 337088 337088 337088 337088 337088 337088 337088 337088 337088 337088 337088 337088 337088 337088 337088 337088 337088 337088 337088 337088 337088 337088 337088 337088 337088 337088 337088 337088 337088 337088 337088 337088 337088 337088 337088 337088 337088 337088 337088 337088 337088 337088 337088 337088 337088 337088 337088 337088 337088 337088 337088 337088 337088 337088 337088 337088 337088 
337088 337088 337088 337088 337088 337088 337088 337088 337088 337088 337088 337088 337088 337088 337088 337088 337088 337088 337088 337088 337088 337088 337088 337088 337088 337088 337088 337088 337088 337088 337088 337088 337088 337088 337088 337088 337088 337088 337088 337088 337088 337088 337088 337088 337088 337088 337088 337088 337088 337088 337088 337088 337088 337088 337088 337088 337088 337088 337088 337088 337088 
337088 337088 337088 337088 337088 337088 337088 337088 337088 337088 337088 337088 337088 337088 337088 337088 337088 337088 337088 337088 337088 337088 337088 337088 337088 337088 337088 337088 337088 337088 337088 337088 337088 337088 337088 337088 337088 337088 337088 337088 337088 337088 337088 337088 337088 337088 337088 337088 337088 337088 337088 337088 337088 337088 337088 337088 337088 337088 337088 337088 337088 
337088 337088 337088 337088 337088 337088 337088 337088 337088 337088 337088 337088 337088 337088 337088 337088 337088 337088 337088 337088 337088 337088 337088 337088 337088 337088 337088 337088 337088 337088 337088 337088 337088 337088 337088 337088 337088 337088 337088 337088 337088 337088 337088 337088 337088 337088 337088 337088 337088 337088 337088 337088 337088 337088 337088 337088 337088 337088 337088 337088 337088 
337088 337088 337088 337088 337088 337088 337088 337088 337088 337088 337088 337088 337088 337088 337088 337088 337088 337088 337088 337088 337088 337088 337088 337088 337088 337088 337088 337088 337088 337088 337088 337088 337088 337088 337088 337088 337088 337088 337088 337088 337088 337088 337088 337088 337088 337088 337088 337088 337088 337088 337088 337088 337088 337088 337088 337088 337088 337088 337088 337088 337088 
337088 337088 337088 337088 337088 337088 337088 337088 337088 337088 337088 337088 337088 337088 337088 337088 337088 337088 337088 337088 337088 337088 337088 337088 337088 337088 337088 337088 337088 337088 337088 337088 337088 337088 337088 337088 337088 337088 337088 337088 337088 337088 337088 337088 337088 337088 337088 337088 337088 337088 337088 337088 337088 337088 337088 337088 337088 337088 337088 337088 337088 
337088 337088 337088 337088 337088 337088 337088 337088 337088 337088 337088 337088 337088 337088 337088 337088 337088 337088 337088 337088 337088 337088 337088 337088 337088 337088 337088 337088 337088 337088 337088 337088 337088 337088 337088 337088 337088 337088 337088 337088 337088 337088 337088 337088 337088 337088 337088 337088 337088 337088 337088 337088 337088 337088 337088 337088 337088 337088 337088 337088 337088 
337088 337088 337088 337088 337088 337088 337088 337088 337088 337088 337088 337088 337088 337088 337088 337088 337088 337088 337088 337088 337088 337088 337088 337088 337088 337088 337088 337088 337088 337088 337088 337088 337088 337088 337088 337088 337088 337088 337088 337088 337088 337088 337088 337088 337088 337088 337088 337088 337088 337088 337088 337088 337088 337088 337088 337088 337088 337088 337088 337088 337088 
337088 337088 337088 337088 337088 337088 337088 337088 337088 337088 337088 337088 337088 337088 337088 337088 337088 337088 337088 337088 337088 337088 337088 337088 337088 337088 337088 337088 337088 337088 337088 337088 337088 337088 337088 337088 337088 337088 337088 337088 337088 337088 337088 337088 337088 337088 337088 337088 337088 337088 337088 337088 337088 337088 337088 337088 337088 337088 337088 337088 337088 
337088 337088 337088 337088 337088 337088 337088 337088 337088 337088 337088 337088 337088 337088 337088 337088 337088 337088 337088 337088 337088 337088 337088 337088 337088 337088 337088 337088 337088 337088 337088 337088 337088 337088 337088 337088 337088 337088 337088 337088 337088 337088 337088 337088 337088 337088 337088 337088 337088 337088 337088 337088 337088 337088 337088 337088 337088 337088 337088 337088 337088 
337088 337088 337088 337088 337088 337088 337088 337088 337088 337088 337088 337088 337088 337088 337088 337088 337088 337088 337088 337088 337088 337088 337088 337088 337088 337088 337088 337088 337088 337088 337088 337088 337088 337088 337088 337088 337088 337088 337088 337088 337088 337088 337088 337088 337088 337088 337088 337088 337088 337088 337088 337088 337088 337088 337088 337088 337088 337088 337088 337088 337088 
337088 337088 337088 337088 337088 337088 337088 337088 337088 337088 337088 337088 337088 337088 337088 337088 337088 337088 337088 337088 337088 337088 337088 337088 337088 337088 337088 337088 337088 337088 337088 337088 337088 337088 337088 337088 337088 337088 337088 337088 337088 337088 337088 337088 337088 337088 337088 337088 337088 337088 337088 337088 337088 337088 337088 337088 337088 337088 337088 337088 337088 
337088 337088 337088 337088 337088 337088 337088 337088 337088 337088 337088 337088 337088 337088 337088 337088 337088 337088 337088 337088 337088 337088 337088 337088 337088 337088 337088 337088 337088 337088 337088 337088 337088 337088 337088 337088 337088 337088 337088 337088 337088 337088 337088 337088 337088 337088 337088 337088 337088 337088 337088 337088 337088 337088 337088 337088 337088 337088 337088 337088 337088 
337088 337088 337088 337088 337088 337088 337088 337088 337088 337088 337088 337088 337088 337088 337088 337088 337088 337088 337088 337088 337088 337088 337088 337088 337088 337088 337088 337088 337088 337088 337088 337088 337088 337088 337088 337088 337088 337088 337088 337088 337088 337088 337088 337088 337088 337088 337088 337088 337088 337088 337088 337088 337088 337088 337088 337088 337088 337088 337088 337088 337088 
337088 337088 337088 337088 337088 337088 337088 337088 337088 337088 337088 337088 337088 337088 337088 337088 337088 337088 337088 337088 337088 337088 337088 337088 337088 337088 337088 337088 -10922952.6 -10922952.6 -10922952.6 -10922952.6 -10922952.6 337088 337088 337088 337088 337088 337088 337088 337088 337088 337088 337088 337088 337088 337088 337088 337088 337088 337088 337088 337088 337088 337088 337088 337088 337088 337088 337088 337088 
337088 337088 337088 337088 337088 337088 337088 337088 337088 337088 337088 337088 337088 337088 337088 337088 337088 337088 337088 337088 337088 337088 337088 337088 337088 337088 337088 -22182993.2 22228577.65000001 10968537.05 10968537.05 10968537.05 22228577.65000001 -22182993.2 337088 337088 337088 337088 337088 337088 337088 337088 337088 337088 337088 337088 337088 337088 337088 337088 337088 337088 337088 337088 337088 337088 337088 337088 337088 337088 337088 
337088 337088 337088 337088 337088 337088 337088 337088 337088 337088 337088 337088 337088 337088 337088 337088 337088 337088 337088 337088 337088 337088 337088 337088 337088 337088 -22182993.2 22228577.65000001 -291503.5499999989 -291503.5499999989 -291503.5499999989 -291503.5499999989 -291503.5499999989 22228577.65000001 -22182993.2 337088 337088 337088 337088 337088 337088 337088 337088 337088 337088 337088 337088 337088 337088 337088 337088 337088 337088 337088 337088 337088 337088 337088 337088 337088 337088 
337088 337088 337088 337088 337088 337088 337088 337088 337088 337088 337088 337088 337088 337088 337088 337088 337088 337088 337088 337088 337088 337088 337088 337088 337088 -22182993.2 22228577.65000001 -291503.5499999989 -291503.5499999989 -291503.5499999989 -291503.5499999989 -291503.5499999989 -291503.5499999989 -291503.5499999989 22228577.65000001 -22182993.2 337088 337088 337088 337088 337088 337088 337088 337088 337088 337088 337088 337088 337088 337088 337088 337088 337088 337088 337088 337088 337088 337088 337088 337088 337088 
337088 337088 337088 337088 337088 337088 337088 337088 337088 337088 337088 337088 337088 337088 337088 337088 337088 337088 337088 337088 337088 337088 337088 337088 -10922952.6 22228577.65000001 -291503.5499999989 -291503.5499999989 -291503.5499999989 -291503.5499999989 -291503.5499999989 -291503.5499999989 -291503.5499999989 -291503.5499999989 -291503.5499999989 22228577.65000001 -10922952.6 337088 337088 337088 337088 337088 337088 337088 337088 337088 337088 337088 337088 337088 337088 337088 337088 337088 337088 337088 337088 337088 337088 337088 337088 
337088 337088 337088 337088 337088 337088 337088 337088 337088 337088 337088 337088 337088 337088 337088 337088 337088 337088 337088 337088 337088 337088 337088 337088 -10922952.6 10968537.05 -291503.5499999989 -291503.5499999989 -291503.5499999989 -291503.5499999989 -291503.5499999989 -291503.5499999989 -291503.5499999989 -291503.5499999989 -291503.5499999989 10968537.05 -10922952.6 337088 337088 337088 337088 337088 337088 337088 337088 337088 337088 337088 337088 337088 337088 337088 337088 337088 337088 337088 337088 337088 337088 337088 337088 
337088 337088 337088 337088 337088 337088 337088 337088 337088 337088 337088 337088 337088 337088 337088 337088 337088 337088 337088 337088 337088 337088 337088 337088 -10922952.6 10968537.05 -291503.5499999989 -291503.5499999989 -291503.5499999989 -291503.5499999989 -291503.5499999989 -291503.5499999989 -291503.5499999989 -291503.5499999989 -291503.5499999989 10968537.05 -10922952.6 337088 337088 337088 337088 337088 337088 337088 337088 337088 337088 337088 337088 337088 337088 337088 337088 337088 337088 337088 337088 337088 337088 337088 337088 
337088 337088 337088 337088 337088 337088 337088 337088 337088 337088 337088 337088 337088 337088 337088 337088 337088 337088 337088 337088 337088 337088 337088 337088 -10922952.6 10968537.05 -291503.5499999989 -291503.5499999989 -291503.5499999989 -291503.5499999989 -291503.5499999989 -291503.5499999989 -291503.5499999989 -291503.5499999989 -291503.5499999989 10968537.05 -10922952.6 337088 337088 337088 337088 337088 337088 337088 337088 337088 337088 337088 337088 337088 337088 337088 337088 337088 337088 337088 337088 337088 337088 337088 337088 
337088 337088 337088 337088 337088 337088 337088 337088 337088 337088 337088 337088 337088 337088 337088 337088 337088 337088 337088 337088 337088 337088 337088 337088 -10922952.6 22228577.65000001 -291503.5499999989 -291503.5499999989 -291503.5499999989 -291503.5499999989 -291503.5499999989 -291503.5499999989 -291503.5499999989 -291503.5499999989 -291503.5499999989 22228577.65000001 -10922952.6 337088 337088 337088 337088 337088 337088 337088 337088 337088 337088 337088 337088 337088 337088 337088 337088 337088 337088 337088 337088 337088 337088 337088 337088 
337088 337088 337088 337088 337088 337088 337088 337088 337088 337088 337088 337088 337088 337088 337088 337088 337088 337088 337088 337088 337088 337088 337088 337088 337088 -22182993.2 22228577.65000001 -291503.5499999989 -291503.5499999989 -291503.5499999989 -291503.5499999989 -291503.5499999989 -291503.5499999989 -291503.5499999989 22228577.65000001 -22182993.2 337088 337088 337088 337088 337088 337088 337088 337088 337088 337088 337088 337088 337088 337088 337088 337088 337088 337088 337088 337088 337088 337088 337088 337088 337088 
337088 337088 337088 337088 337088 337088 337088 337088 337088 337088 337088 337088 337088 337088 337088 337088 337088 337088 337088 337088 337088 337088 337088 337088 337088 337088 -22182993.2 22228577.65000001 -291503.5499999989 -291503.5499999989 -291503.5499999989 -291503.5499999989 -291503.5499999989 22228577.65000001 -22182993.2 337088 337088 337088 337088 337088 337088 337088 337088 337088 337088 337088 337088 337088 337088 337088 337088 337088 337088 337088 337088 337088 337088 337088 337088 337088 337088 
337088 337088 337088 337088 337088 337088 337088 337088 337088 337088 337088 337088 337088 337088 337088 337088 337088 337088 337088 337088 337088 337088 337088 337088 337088 337088 337088 -22182993.2 22228577.65000001 10968537.05 10968537.05 10968537.05 22228577.65000001 -22182993.2 337088 337088 337088 337088 337088 337088 337088 337088 337088 337088 337088 337088 337088 337088 337088 337088 337088 337088 337088 337088 337088 337088 337088 337088 337088 337088 337088 
337088 337088 337088 337088 337088 337088 337088 337088 337088 337088 337088 337088 337088 337088 337088 337088 337088 337088 337088 337088 337088 337088 337088 337088 337088 337088 337088 337088 -10922952.6 -10922952.6 -10922952.6 -10922952.6 -10922952.6 337088 337088 337088 337088 337088 337088 337088 337088 337088 337088 337088 337088 337088 337088 337088 337088 337088 337088 337088 337088 337088 337088 337088 337088 337088 337088 337088 337088 
337088 337088 337088 337088 337088 337088 337088 337088 337088 337088 337088 337088 337088 337088 337088 337088 337088 337088 337088 337088 337088 337088 337088 337088 337088 337088 337088 337088 337088 337088 337088 337088 337088 337088 337088 337088 337088 337088 337088 337088 337088 337088 337088 337088 337088 337088 337088 337088 337088 337088 337088 337088 337088 337088 337088 337088 337088 337088 337088 337088 337088 
337088 337088 337088 337088 337088 337088 337088 337088 337088 337088 337088 337088 337088 337088 337088 337088 337088 337088 337088 337088 337088 337088 337088 337088 337088 337088 337088 337088 337088 337088 337088 337088 337088 337088 337088 337088 337088 337088 337088 337088 337088 337088 337088 337088 337088 337088 337088 337088 337088 337088 337088 337088 337088 337088 337088 337088 337088 337088 337088 337088 337088 
337088 337088 337088 337088 337088 337088 337088 337088 337088 337088 337088 337088 337088 337088 337088 337088 337088 337088 337088 337088 337088 337088 337088 337088 337088 337088 337088 337088 337088 337088 337088 337088 337088 337088 337088 337088 337088 337088 337088 337088 337088 337088 337088 337088 337088 337088 337088 337088 337088 337088 337088 337088 337088 337088 337088 337088 337088 337088 337088 337088 337088 
337088 337088 337088 337088 337088 337088 337088 337088 337088 337088 337088 337088 337088 337088 337088 337088 337088 337088 337088 337088 337088 337088 337088 337088 337088 337088 337088 337088 337088 337088 337088 337088 337088 337088 337088 337088 337088 337088 337088 337088 337088 337088 337088 337088 337088 337088 337088 337088 337088 337088 337088 337088 337088 337088 337088 337088 337088 337088 337088 337088 337088 
337088 337088 337088 337088 337088 337088 337088 337088 337088 337088 337088 337088 337088 337088 337088 337088 337088 337088 337088 337088 337088 337088 337088 337088 337088 337088 337088 337088 337088 337088 337088 337088 337088 337088 337088 337088 337088 337088 337088 337088 337088 337088 337088 337088 337088 337088 337088 337088 337088 337088 337088 337088 337088 337088 337088 337088 337088 337088 337088 337088 337088 
337088 337088 337088 337088 337088 337088 337088 337088 337088 337088 337088 337088 337088 337088 337088 337088 337088 337088 337088 337088 337088 337088 337088 337088 337088 337088 337088 337088 337088 337088 337088 337088 337088 337088 337088 337088 337088 337088 337088 337088 337088 337088 337088 337088 337088 337088 337088 337088 337088 337088 337088 337088 337088 337088 337088 337088 337088 337088 337088 337088 337088 
337088 337088 337088 337088 337088 337088 337088 337088 337088 337088 337088 337088 337088 337088 337088 337088 337088 337088 337088 337088 337088 337088 337088 337088 337088 337088 337088 337088 337088 337088 337088 337088 337088 337088 337088 337088 337088 337088 337088 337088 337088 337088 337088 337088 337088 337088 337088 337088 337088 337088 337088 337088 337088 337088 337088 337088 337088 337088 337088 337088 337088 
337088 337088 337088 337088 337088 337088 337088 337088 337088 337088 337088 337088 337088 337088 337088 337088 337088 337088 337088 337088 337088 337088 337088 337088 337088 337088 337088 337088 337088 337088 337088 337088 337088 337088 337088 337088 337088 337088 337088 337088 337088 337088 337088 337088 337088 337088 337088 337088 337088 337088 337088 337088 337088 337088 337088 337088 337088 337088 337088 337088 337088 
337088 337088 337088 337088 337088 337088 337088 337088 337088 337088 337088 337088 337088 337088 337088 337088 337088 337088 337088 337088 337088 337088 337088 337088 337088 337088 337088 337088 337088 337088 337088 337088 337088 337088 337088 337088 337088 337088 337088 337088 337088 337088 337088 337088 337088 337088 337088 337088 337088 337088 337088 337088 337088 337088 337088 337088 337088 337088 337088 337088 337088 
337088 337088 337088 337088 337088 337088 337088 337088 337088 337088 337088 337088 337088 337088 337088 337088 337088 337088 337088 337088 337088 337088 337088 337088 337088 337088 337088 337088 337088 337088 337088 337088 337088 337088 337088 337088 337088 337088 337088 337088 337088 337088 337088 337088 337088 337088 337088 337088 337088 337088 337088 337088 337088 337088 337088 337088 337088 337088 337088 337088 337088 
337088 337088 337088 337088 337088 337088 337088 337088 337088 337088 337088 337088 337088 337088 337088 337088 337088 337088 337088 337088 337088 337088 337088 337088 337088 337088 337088 337088 337088 337088 337088 337088 337088 337088 337088 337088 337088 337088 337088 337088 337088 337088 337088 337088 337088 337088 337088 337088 337088 337088 337088 337088 337088 337088 337088 337088 337088 337088 337088 337088 337088 
337088 337088 337088 337088 337088 337088 337088 337088 337088 337088 337088 337088 337088 337088 337088 337088 337088 337088 337088 337088 337088 337088 337088 337088 337088 337088 337088 337088 337088 337088 337088 337088 337088 337088 337088 337088 337088 337088 337088 337088 337088 337088 337088 337088 337088 337088 337088 337088 337088 337088 337088 337088 337088 337088 337088 337088 337088 337088 337088 337088 337088 
337088 337088 337088 337088 337088 337088 337088 337088 337088 337088 337088 337088 337088 337088 337088 337088 337088 337088 337088 337088 337088 337088 337088 337088 337088 337088 337088 337088 337088 337088 337088 337088 337088 337088 337088 337088 337088 337088 337088 337088 337088 337088 337088 337088 337088 337088 337088 337088 337088 337088 337088 337088 337088 337088 337088 337088 337088 337088 337088 337088 337088 
337088 337088 337088 337088 337088 337088 337088 337088 337088 337088 337088 337088 337088 337088 337088 337088 337088 337088 337088 337088 337088 337088 337088 337088 337088 337088 337088 337088 337088 337088 337088 337088 337088 337088 337088 337088 337088 337088 337088 337088 337088 337088 337088 337088 337088 337088 337088 337088 337088 337088 337088 337088 337088 337088 337088 337088 337088 337088 337088 337088 337088 
337088 337088 337088 337088 337088 337088 337088 337088 337088 337088 337088 337088 337088 337088 337088 337088 337088 337088 337088 337088 337088 337088 337088 337088 337088 337088 337088 337088 337088 337088 337088 337088 337088 337088 337088 337088 337088 337088 337088 337088 337088 337088 337088 337088 337088 337088 337088 337088 337088 337088 337088 337088 337088 337088 337088 337088 337088 337088 337088 337088 337088 
337088 337088 337088 337088 337088 337088 337088 337088 337088 337088 337088 337088 337088 337088 337088 337088 337088 337088 337088 337088 337088 337088 337088 337088 337088 337088 337088 337088 337088 337088 337088 337088 337088 337088 337088 337088 337088 337088 337088 337088 337088 337088 337088 337088 337088 337088 337088 337088 337088 337088 337088 337088 337088 337088 337088 337088 337088 337088 337088 337088 337088 
337088 337088 337088 337088 337088 337088 337088 337088 337088 337088 337088 337088 337088 337088 337088 337088 337088 337088 337088 337088 337088 337088 337088 337088 337088 337088 337088 337088 337088 337088 337088 337088 337088 337088 337088 337088 337088 337088 337088 337088 337088 337088 337088 337088 337088 337088 337088 337088 337088 337088 337088 337088 337088 337088 337088 337088 337088 337088 337088 337088 337088 
337088 337088 337088 337088 337088 337088 337088 337088 337088 337088 337088 337088 337088 337088 337088 337088 337088 337088 337088 337088 337088 337088 337088 337088 337088 337088 337088 337088 337088 337088 337088 337088 337088 337088 337088 337088 337088 337088 337088 337088 337088 337088 337088 337088 337088 337088 337088 337088 337088 337088 337088 337088 337088 337088 337088 337088 337088 337088 337088 337088 337088 
337088 337088 337088 337088 337088 337088 337088 337088 337088 337088 337088 337088 337088 337088 337088 337088 337088 337088 337088 337088 337088 337088 337088 337088 337088 337088 337088 337088 337088 337088 337088 337088 337088 337088 337088 337088 337088 337088 337088 337088 337088 337088 337088 337088 337088 337088 337088 337088 337088 337088 337088 337088 337088 337088 337088 337088 337088 337088 337088 337088 337088 
337088 337088 337088 337088 337088 337088 337088 337088 337088 337088 337088 337088 337088 337088 337088 337088 337088 337088 337088 337088 337088 337088 337088 337088 337088 337088 337088 337088 337088 337088 337088 337088 337088 337088 337088 337088 337088 337088 337088 337088 337088 337088 337088 337088 337088 337088 337088 337088 337088 337088 337088 337088 337088 337088 337088 337088 337088 337088 337088 337088 337088 
337088 337088 337088 337088 337088 337088 337088 337088 337088 337088 337088 337088 337088 337088 337088 337088 337088 337088 337088 337088 337088 337088 337088 337088 337088 337088 337088 337088 337088 337088 337088 337088 337088 337088 337088 337088 337088 337088 337088 337088 337088 337088 337088 337088 337088 337088 337088 337088 337088 337088 337088 337088 337088 337088 337088 337088 337088 337088 337088 337088 337088 
337088 337088 337088 337088 337088 337088 337088 337088 337088 337088 337088 337088 337088 337088 337088 337088 337088 337088 337088 337088 337088 337088 337088 337088 337088 337088 337088 337088 337088 337088 337088 337088 337088 337088 337088 337088 337088 337088 337088 337088 337088 337088 337088 337088 337088 337088 337088 337088 337088 337088 337088 337088 337088 337088 337088 337088 337088 337088 337088 337088 337088 
337088 337088 337088 337088 337088 337088 337088 337088 337088 337088 337088 337088 337088 337088 337088 337088 337088 337088 337088 337088 337088 337088 337088 337088 337088 337088 337088 337088 337088 337088 337088 337088 337088 337088 337088 337088 337088 337088 337088 337088 337088 337088 337088 337088 337088 337088 337088 337088 337088 337088 337088 337088 337088 337088 337088 337088 337088 337088 337088 337088 337088 
337088 337088 337088 337088 337088 337088 337088 337088 337088 337088 337088 337088 337088 337088 337088 337088 337088 337088 337088 337088 337088 337088 337088 337088 337088 337088 337088 337088 337088 337088 337088 337088 337088 337088 337088 337088 337088 337088 337088 337088 337088 337088 337088 337088 337088 337088 337088 337088 337088 337088 337088 337088 337088 337088 337088 337088 337088 337088 337088 337088 337088 
SCALARS mu_Cr double 1
LOOKUP_TABLE default
134626.9415269659 134626.9415269659 134626.9415269659 134626.9415269659 134626.9415269659 134626.9415269659 134626.9415269659 134626.9415269659 134626.9415269659 134626.9415269659 134626.9415269659 134626.9415269659 134626.9415269659 134626.9415269659 134626.9415269659 134626.9415269659 134626.9415269659 134626.9415269659 134626.9415269659 134626.9415269659 134626.9415269659 134626.9415269659 134626.9415269659 134626.9415269659 134626.9415269659 134626.9415269659 134626.9415269659 134626.9415269659 134626.9415269659 134626.9415269659 134626.9415269659 134626.9415269659 134626.9415269659 134626.9415269659 134626.9415269659 134626.9415269659 134626.9415269659 134626.9415269659 134626.9415269659 134626.9415269659 134626.9415269659 134626.9415269659 134626.9415269659 134626.9415269659 134626.9415269659 134626.9415269659 134626.9415269659 134626.9415269659 134626.9415269659 134626.9415269659 134626.9415269659 134626.9415269659 134626.9415269659 134626.9415269659 134626.9415269659 134626.9415269659 134626.9415269659 134626.9415269659 134626.9415269659 134626.9415269659 134626.9415269659 
134626.9415269659 134626.9415269659 134626.9415269659 134626.9415269659 134626.9415269659 134626.9415269659 134626.9415269659 134626.9415269659 134626.9415269659 134626.9415269659 134626.9415269659 134626.9415269659 134626.9415269659 134626.9415269659 134626.9415269659 134626.9415269659 134626.9415269659 134626.9415269659 134626.9415269659 134626.9415269659 134626.9415269659 134626.9415269659 134626.9415269659 134626.9415269659 134626.9415269659 134626.9415269659 134626.9415269659 134626.9415269659 134626.9415269659 134626.9415269659 134626.9415269659 134626.9415269659 134626.9415269659 134626.9415269659 134626.9415269659 134626.9415269659 134626.9415269659 134626.9415269659 134626.9415269659 134626.9415269659 134626.9415269659 134626.9415269659 134626.9415269659 134626.9415269659 134626.9415269659 134626.9415269659 134626.9415269659 134626.9415269659 134626.9415269659 134626.9415269659 134626.9415269659 134626.9415269659 134626.9415269659 134626.9415269659 134626.9415269659 134626.9415269659 134626.9415269659 134626.9415269659 134626.9415269659 134626.9415269659 134626.9415269659 
134626.9415269659 134626.9415269659 134626.9415269659 134626.9415269659 134626.9415269659 134626.9415269659 134626.9415269659 134626.9415269659 134626.9415269659 134626.9415269659 134626.9415269659 134626.9415269659 134626.9415269659 134626.9415269659 134626.9415269659 134626.9415269659 134626.9415269659 134626.9415269659 134626.9415269659 134626.9415269659 134626.9415269659 134626.9415269659 134626.9415269659 134626.9415269659 134626.9415269659 134626.9415269659 134626.9415269659 134626.9415269659 134626.9415269659 134626.9415269659 134626.9415269659 134626.9415269659 134626.9415269659 134626.9415269659 134626.9415269659 134626.9415269659 134626.9415269659 134626.9415269659 134626.9415269659 134626.9415269659 134626.9415269659 134626.9415269659 134626.9415269659 134626.9415269659 134626.9415269659 134626.9415269659 134626.9415269659 134626.9415269659 134626.9415269659 134626.9415269659 134626.9415269659 134626.9415269659 134626.9415269659 134626.9415269659 134626.9415269659 134626.9415269659 134626.9415269659 134626.9415269659 134626.9415269659 134626.9415269659 134626.9415269659 
134626.9415269659 134626.9415269659 134626.9415269659 134626.9415269659 134626.9415269659 134626.9415269659 134626.9415269659 134626.9415269659 134626.9415269659 134626.9415269659 134626.9415269659 134626.9415269659 134626.9415269659 134626.9415269659 134626.9415269659 134626.9415269659 134626.9415269659 134626.9415269659 134626.9415269659 134626.9415269659 134626.9415269659 134626.9415269659 134626.9415269659 134626.9415269659 134626.9415269659 134626.9415269659 134626.9415269659 134626.9415269659 134626.9415269659 134626.9415269659 134626.9415269659 134626.9415269659 134626.9415269659 134626.9415269659 134626.9415269659 134626.9415269659 134626.9415269659 134626.9415269659 134626.9415269659 134626.9415269659 134626.9415269659 134626.9415269659 134626.9415269659 134626.9415269659 134626.9415269659 134626.9415269659 134626.9415269659 134626.9415269659 134626.9415269659 134626.9415269659 134626.9415269659 134626.9415269659 134626.9415269659 134626.9415269659 134626.9415269659 134626.9415269659 134626.9415269659 134626.9415269659 134626.9415269659 134626.9415269659 134626.9415269659 
134626.9415269659 134626.9415269659 134626.9415269659 134626.9415269659 134626.9415269659 134626.9415269659 134626.9415269659 134626.9415269659 134626.9415269659 134626.9415269659 134626.9415269659 134626.9415269659 134626.9415269659 134626.9415269659 134626.9415269659 134626.9415269659 134626.9415269659 134626.9415269659 134626.9415269659 134626.9415269659 134626.9415269659 134626.9415269659 134626.9415269659 134626.9415269659 134626.9415269659 134626.9415269659 134626.9415269659 134626.9415269659 134626.9415269659 134626.9415269659 134626.9415269659 134626.9415269659 134626.9415269659 134626.9415269659 134626.9415269659 134626.9415269659 134626.9415269659 134626.9415269659 134626.9415269659 134626.9415269659 134626.9415269659 134626.9415269659 134626.9415269659 134626.9415269659 134626.9415269659 134626.9415269659 134626.9415269659 134626.9415269659 134626.9415269659 134626.9415269659 134626.9415269659 134626.9415269659 134626.9415269659 134626.9415269659 134626.9415269659 134626.9415269659 134626.9415269659 134626.9415269659 134626.9415269659 134626.9415269659 134626.9415269659 
134626.9415269659 134626.9415269659 134626.9415269659 134626.9415269659 134626.9415269659 134626.9415269659 134626.9415269659 134626.9415269659 134626.9415269659 134626.9415269659 134626.9415269659 134626.9415269659 134626.9415269659 134626.9415269659 134626.9415269659 134626.9415269659 134626.9415269659 134626.9415269659 134626.9415269659 134626.9415269659 134626.9415269659 134626.9415269659 134626.9415269659 134626.9415269659 134626.9415269659 134626.9415269659 134626.9415269659 134626.9415269659 134626.9415269659 134626.9415269659 134626.9415269659 134626.9415269659 134626.9415269659 134626.9415269659 134626.9415269659 134626.9415269659 134626.9415269659 134626.9415269659 134626.9415269659 134626.9415269659 134626.9415269659 134626.9415269659 134626.9415269659 134626.9415269659 134626.9415269659 134626.9415269659 134626.9415269659 134626.9415269659 134626.9415269659 134626.9415269659 134626.9415269659 134626.9415269659 134626.9415269659 134626.9415269659 134626.9415269659 134626.9415269659 134626.9415269659 134626.9415269659 134626.9415269659 134626.9415269659 134626.9415269659 
134626.9415269659 134626.9415269659 134626.9415269659 134626.9415269659 134626.9415269659 134626.9415269659 134626.9415269659 134626.9415269659 134626.9415269659 134626.9415269659 134626.9415269659 134626.9415269659 134626.9415269659 134626.9415269659 134626.9415269659 134626.9415269659 134626.9415269659 134626.9415269659 134626.9415269659 134626.9415269659 134626.9415269659 134626.9415269659 134626.9415269659 134626.9415269659 134626.9415269659 134626.9415269659 134626.9415269659 134626.9415269659 134626.9415269659 134626.9415269659 134626.9415269659 134626.9415269659 134626.9415269659 134626.9415269659 134626.9415269659 134626.9415269659 134626.9415269659 134626.9415269659 134626.9415269659 134626.9415269659 134626.9415269659 134626.9415269659 134626.9415269659 134626.9415269659 134626.9415269659 134626.9415269659 134626.9415269659 134626.9415269659 134626.9415269659 134626.9415269659 134626.9415269659 134626.9415269659 134626.9415269659 134626.9415269659 134626.9415269659 134626.9415269659 134626.9415269659 134626.9415269659 134626.9415269659 134626.9415269659 134626.9415269659 
134626.9415269659 134626.9415269659 134626.9415269659 134626.9415269659 134626.9415269659 134626.9415269659 134626.9415269659 134626.9415269659 134626.9415269659 134626.9415269659 134626.9415269659 134626.9415269659 134626.9415269659 134626.9415269659 134626.9415269659 134626.9415269659 134626.9415269659 134626.9415269659 134626.9415269659 134626.9415269659 134626.9415269659 134626.9415269659 134626.9415269659 134626.9415269659 134626.9415269659 134626.9415269659 134626.9415269659 134626.9415269659 134626.9415269659 134626.9415269659 134626.9415269659 134626.9415269659 134626.9415269659 134626.9415269659 134626.9415269659 134626.9415269659 134626.9415269659 134626.9415269659 134626.9415269659 134626.9415269659 134626.9415269659 134626.9415269659 134626.9415269659 134626.9415269659 134626.9415269659 134626.9415269659 134626.9415269659 134626.9415269659 134626.9415269659 134626.9415269659 134626.9415269659 134626.9415269659 134626.9415269659 134626.9415269659 134626.9415269659 134626.9415269659 134626.9415269659 134626.9415269659 134626.9415269659 134626.9415269659 134626.9415269659 
134626.9415269659 134626.9415269659 134626.9415269659 134626.9415269659 134626.9415269659 134626.9415269659 134626.9415269659 134626.9415269659 134626.9415269659 134626.9415269659 134626.9415269659 134626.9415269659 134626.9415269659 134626.9415269659 134626.9415269659 134626.9415269659 134626.9415269659 134626.9415269659 134626.9415269659 134626.9415269659 134626.9415269659 134626.9415269659 134626.9415269659 134626.9415269659 134626.9415269659 134626.9415269659 134626.9415269659 134626.9415269659 134626.9415269659 134626.9415269659 134626.9415269659 134626.9415269659 134626.9415269659 134626.9415269659 134626.9415269659 134626.9415269659 134626.9415269659 134626.9415269659 134626.9415269659 134626.9415269659 134626.9415269659 134626.9415269659 134626.9415269659 134626.9415269659 134626.9415269659 134626.9415269659 134626.9415269659 134626.9415269659 134626.9415269659 134626.9415269659 134626.9415269659 134626.9415269659 134626.9415269659 134626.9415269659 134626.9415269659 134626.9415269659 134626.9415269659 134626.9415269659 134626.9415269659 134626.9415269659 134626.9415269659 
134626.9415269659 134626.9415269659 134626.9415269659 134626.9415269659 134626.9415269659 134626.9415269659 134626.9415269659 134626.9415269659 134626.9415269659 134626.9415269659 134626.9415269659 134626.9415269659 134626.9415269659 134626.9415269659 134626.9415269659 134626.9415269659 134626.9415269659 134626.9415269659 134626.9415269659 134626.9415269659 134626.9415269659 134626.9415269659 134626.9415269659 134626.9415269659 134626.9415269659 134626.9415269659 134626.9415269659 134626.9415269659 134626.9415269659 134626.9415269659 134626.9415269659 134626.9415269659 134626.9415269659 134626.9415269659 134626.9415269659 134626.9415269659 134626.9415269659 134626.9415269659 134626.9415269659 134626.9415269659 134626.9415269659 134626.9415269659 134626.9415269659 134626.9415269659 134626.9415269659 134626.9415269659 134626.9415269659 134626.9415269659 134626.9415269659 134626.9415269659 134626.9415269659 134626.9415269659 134626.9415269659 134626.9415269659 134626.9415269659 134626.9415269659 134626.9415269659 134626.9415269659 134626.9415269659 134626.9415269659 134626.9415269659 
134626.9415269659 134626.9415269659 134626.9415269659 134626.9415269659 134626.9415269659 134626.9415269659 134626.9415269659 134626.9415269659 134626.9415269659 134626.9415269659 134626.9415269659 134626.9415269659 134626.9415269659 134626.9415269659 134626.9415269659 134626.9415269659 134626.9415269659 134626.9415269659 134626.9415269659 134626.9415269659 134626.9415269659 134626.9415269659 134626.9415269659 134626.9415269659 134626.9415269659 134626.9415269659 134626.9415269659 134626.9415269659 134626.9415269659 134626.9415269659 134626.9415269659 134626.9415269659 134626.9415269659 134626.9415269659 134626.9415269659 134626.9415269659 134626.9415269659 134626.9415269659 134626.9415269659 134626.9415269659 134626.9415269659 134626.9415269659 134626.9415269659 134626.9415269659 134626.9415269659 134626.9415269659 134626.9415269659 134626.9415269659 134626.9415269659 134626.9415269659 134626.9415269659 134626.9415269659 134626.9415269659 134626.9415269659 134626.9415269659 134626.9415269659 134626.9415269659 134626.9415269659 134626.9415269659 134626.9415269659 134626.9415269659 
134626.9415269659 134626.9415269659 134626.9415269659 134626.9415269659 134626.9415269659 134626.9415269659 134626.9415269659 134626.9415269659 134626.9415269659 134626.9415269659 134626.9415269659 134626.9415269659 134626.9415269659 134626.9415269659 134626.9415269659 134626.9415269659 134626.9415269659 134626.9415269659 134626.9415269659 134626.9415269659 134626.9415269659 134626.9415269659 134626.9415269659 134626.9415269659 134626.9415269659 134626.9415269659 134626.9415269659 134626.9415269659 134626.9415269659 134626.9415269659 134626.9415269659 134626.9415269659 134626.9415269659 134626.9415269659 134626.9415269659 134626.9415269659 134626.9415269659 134626.9415269659 134626.9415269659 134626.9415269659 134626.9415269659 134626.9415269659 134626.9415269659 134626.9415269659 134626.9415269659 134626.9415269659 134626.9415269659 134626.9415269659 134626.9415269659 134626.9415269659 134626.9415269659 134626.9415269659 134626.9415269659 134626.9415269659 134626.9415269659 134626.9415269659 134626.9415269659 134626.9415269659 134626.9415269659 134626.9415269659 134626.9415269659 
134626.9415269659 134626.9415269659 134626.9415269659 134626.9415269659 134626.9415269659 134626.9415269659 134626.9415269659 134626.9415269659 134626.9415269659 134626.9415269659 134626.9415269659 134626.9415269659 134626.9415269659 134626.9415269659 134626.9415269659 134626.9415269659 134626.9415269659 134626.9415269659 134626.9415269659 134626.9415269659 134626.9415269659 134626.9415269659 134626.9415269659 134626.9415269659 134626.9415269659 134626.9415269659 134626.9415269659 134626.9415269659 134626.9415269659 134626.9415269659 134626.9415269659 134626.9415269659 134626.9415269659 134626.9415269659 134626.9415269659 134626.9415269659 134626.9415269659 134626.9415269659 134626.9415269659 134626.9415269659 134626.9415269659 134626.9415269659 134626.9415269659 134626.9415269659 134626.9415269659 134626.9415269659 134626.9415269659 134626.9415269659 134626.9415269659 134626.9415269659 134626.9415269659 134626.9415269659 134626.9415269659 134626.9415269659 134626.9415269659 134626.9415269659 134626.9415269659 134626.9415269659 134626.9415269659 134626.9415269659 134626.9415269659 
134626.9415269659 134626.9415269659 134626.9415269659 134626.9415269659 134626.9415269659 134626.9415269659 134626.9415269659 134626.9415269659 134626.9415269659 134626.9415269659 134626.9415269659 134626.9415269659 134626.9415269659 134626.9415269659 134626.9415269659 134626.9415269659 134626.9415269659 134626.9415269659 134626.9415269659 134626.9415269659 134626.9415269659 134626.9415269659 134626.9415269659 134626.9415269659 134626.9415269659 134626.9415269659 134626.9415269659 134626.9415269659 134626.9415269659 134626.9415269659 134626.9415269659 134626.9415269659 134626.9415269659 134626.9415269659 134626.9415269659 134626.9415269659 134626.9415269659 134626.9415269659 134626.9415269659 134626.9415269659 134626.9415269659 134626.9415269659 134626.9415269659 134626.9415269659 134626.9415269659 134626.9415269659 134626.9415269659 134626.9415269659 134626.9415269659 134626.9415269659 134626.9415269659 134626.9415269659 134626.9415269659 134626.9415269659 134626.9415269659 134626.9415269659 134626.9415269659 134626.9415269659 134626.9415269659 134626.9415269659 134626.9415269659 
134626.9415269659 134626.9415269659 134626.9415269659 134626.9415269659 134626.9415269659 134626.9415269659 134626.9415269659 134626.9415269659 134626.9415269659 134626.9415269659 134626.9415269659 134626.9415269659 134626.9415269659 134626.9415269659 134626.9415269659 134626.9415269659 134626.9415269659 134626.9415269659 134626.9415269659 134626.9415269659 134626.9415269659 134626.9415269659 134626.9415269659 134626.9415269659 134626.9415269659 134626.9415269659 134626.9415269659 134626.9415269659 134626.9415269659 134626.9415269659 134626.9415269659 134626.9415269659 134626.9415269659 134626.9415269659 134626.9415269659 134626.9415269659 134626.9415269659 134626.9415269659 134626.9415269659 134626.9415269659 134626.9415269659 134626.9415269659 134626.9415269659 134626.9415269659 134626.9415269659 134626.9415269659 134626.9415269659 134626.9415269659 134626.9415269659 134626.9415269659 134626.9415269659 134626.9415269659 134626.9415269659 134626.9415269659 134626.9415269659 134626.9415269659 134626.9415269659 134626.9415269659 134626.9415269659 134626.9415269659 134626.9415269659 
134626.9415269659 134626.9415269659 134626.9415269659 134626.9415269659 134626.9415269659 134626.9415269659 134626.9415269659 134626.9415269659 134626.9415269659 134626.9415269659 134626.9415269659 134626.9415269659 134626.9415269659 134626.9415269659 134626.9415269659 134626.9415269659 134626.9415269659 134626.9415269659 134626.9415269659 134626.9415269659 134626.9415269659 134626.9415269659 134626.9415269659 134626.9415269659 134626.9415269659 134626.9415269659 134626.9415269659 134626.9415269659 134626.9415269659 134626.9415269659 134626.9415269659 134626.9415269659 134626.9415269659 134626.9415269659 134626.9415269659 134626.9415269659 134626.9415269659 134626.9415269659 134626.9415269659 134626.9415269659 134626.9415269659 134626.9415269659 134626.9415269659 134626.9415269659 134626.9415269659 134626.9415269659 134626.9415269659 134626.9415269659 134626.9415269659 134626.9415269659 134626.9415269659 134626.9415269659 134626.9415269659 134626.9415269659 134626.9415269659 134626.9415269659 134626.9415269659 134626.9415269659 134626.9415269659 134626.9415269659 134626.9415269659 
134626.9415269659 134626.9415269659 134626.9415269659 134626.9415269659 134626.9415269659 134626.9415269659 134626.9415269659 134626.9415269659 134626.9415269659 134626.9415269659 134626.9415269659 134626.9415269659 134626.9415269659 134626.9415269659 134626.9415269659 134626.9415269659 134626.9415269659 134626.9415269659 134626.9415269659 134626.9415269659 134626.9415269659 134626.9415269659 134626.9415269659 134626.9415269659 134626.9415269659 134626.9415269659 134626.9415269659 134626.9415269659 134626.9415269659 134626.9415269659 134626.9415269659 134626.9415269659 134626.9415269659 134626.9415269659 134626.9415269659 134626.9415269659 134626.9415269659 134626.9415269659 134626.9415269659 134626.9415269659 134626.9415269659 134626.9415269659 134626.9415269659 134626.9415269659 134626.9415269659 134626.9415269659 134626.9415269659 134626.9415269659 134626.9415269659 134626.9415269659 134626.9415269659 134626.9415269659 134626.9415269659 134626.9415269659 134626.9415269659 134626.9415269659 134626.9415269659 134626.9415269659 134626.9415269659 134626.9415269659 134626.9415269659 
134626.9415269659 134626.9415269659 134626.9415269659 134626.9415269659 134626.9415269659 134626.9415269659 134626.9415269659 134626.9415269659 134626.9415269659 134626.9415269659 134626.9415269659 134626.9415269659 134626.9415269659 134626.9415269659 134626.9415269659 134626.9415269659 134626.9415269659 134626.9415269659 134626.9415269659 134626.9415269659 134626.9415269659 134626.9415269659 134626.9415269659 134626.9415269659 134626.9415269659 134626.9415269659 134626.9415269659 134626.9415269659 134626.9415269659 134626.9415269659 134626.9415269659 134626.9415269659 134626.9415269659 134626.9415269659 134626.9415269659 134626.9415269659 134626.9415269659 134626.9415269659 134626.9415269659 134626.9415269659 134626.9415269659 134626.9415269659 134626.9415269659 134626.9415269659 134626.9415269659 134626.9415269659 134626.9415269659 134626.9415269659 134626.9415269659 134626.9415269659 134626.9415269659 134626.9415269659 134626.9415269659 134626.9415269659 134626.9415269659 134626.9415269659 134626.9415269659 134626.9415269659 134626.9415269659 134626.9415269659 134626.9415269659 
134626.9415269659 134626.9415269659 134626.9415269659 134626.9415269659 134626.9415269659 134626.9415269659 134626.9415269659 134626.9415269659 134626.9415269659 134626.9415269659 134626.9415269659 134626.9415269659 134626.9415269659 134626.9415269659 134626.9415269659 134626.9415269659 134626.9415269659 134626.9415269659 134626.9415269659 134626.9415269659 134626.9415269659 134626.9415269659 134626.9415269659 134626.9415269659 134626.9415269659 134626.9415269659 134626.9415269659 134626.9415269659 134626.9415269659 134626.9415269659 134626.9415269659 134626.9415269659 134626.9415269659 134626.9415269659 134626.9415269659 134626.9415269659 134626.9415269659 134626.9415269659 134626.9415269659 134626.9415269659 134626.9415269659 134626.9415269659 134626.9415269659 134626.9415269659 134626.9415269659 134626.9415269659 134626.9415269659 134626.9415269659 134626.9415269659 134626.9415269659 134626.9415269659 134626.9415269659 134626.9415269659 134626.9415269659 134626.9415269659 134626.9415269659 134626.9415269659 134626.9415269659 134626.9415269659 134626.9415269659 134626.9415269659 
134626.9415269659 134626.9415269659 134626.9415269659 134626.9415269659 134626.9415269659 134626.9415269659 134626.9415269659 134626.9415269659 134626.9415269659 134626.9415269659 134626.9415269659 134626.9415269659 134626.9415269659 134626.9415269659 134626.9415269659 134626.9415269659 134626.9415269659 134626.9415269659 134626.9415269659 134626.9415269659 134626.9415269659 134626.9415269659 134626.9415269659 134626.9415269659 134626.9415269659 134626.9415269659 134626.9415269659 134626.9415269659 134626.9415269659 134626.9415269659 134626.9415269659 134626.9415269659 134626.9415269659 134626.9415269659 134626.9415269659 134626.9415269659 134626.9415269659 134626.9415269659 134626.9415269659 134626.9415269659 134626.9415269659 134626.9415269659 134626.9415269659 134626.9415269659 134626.9415269659 134626.9415269659 134626.9415269659 134626.9415269659 134626.9415269659 134626.9415269659 134626.9415269659 134626.9415269659 134626.9415269659 134626.9415269659 134626.9415269659 134626.9415269659 134626.9415269659 134626.9415269659 134626.9415269659 134626.9415269659 134626.9415269659 
134626.9415269659 134626.9415269659 134626.9415269659 134626.9415269659 134626.9415269659 134626.9415269659 134626.9415269659 134626.9415269659 134626.9415269659 134626.9415269659 134626.9415269659 134626.9415269659 134626.9415269659 134626.9415269659 134626.9415269659 134626.9415269659 134626.9415269659 134626.9415269659 134626.9415269659 134626.9415269659 134626.9415269659 134626.9415269659 134626.9415269659 134626.9415269659 134626.9415269659 134626.9415269659 134626.9415269659 134626.9415269659 134626.9415269659 134626.9415269659 134626.9415269659 134626.9415269659 134626.9415269659 134626.9415269659 134626.9415269659 134626.9415269659 134626.9415269659 134626.9415269659 134626.9415269659 134626.9415269659 134626.9415269659 134626.9415269659 134626.9415269659 134626.9415269659 134626.9415269659 134626.9415269659 134626.9415269659 134626.9415269659 134626.9415269659 134626.9415269659 134626.9415269659 134626.9415269659 134626.9415269659 134626.9415269659 134626.9415269659 134626.9415269659 134626.9415269659 134626.9415269659 134626.9415269659 134626.9415269659 134626.9415269659 
134626.9415269659 134626.9415269659 134626.9415269659 134626.9415269659 134626.9415269659 134626.9415269659 134626.9415269659 134626.9415269659 134626.9415269659 134626.9415269659 134626.9415269659 134626.9415269659 134626.9415269659 134626.9415269659 134626.9415269659 134626.9415269659 134626.9415269659 134626.9415269659 134626.9415269659 134626.9415269659 134626.9415269659 134626.9415269659 134626.9415269659 134626.9415269659 134626.9415269659 134626.9415269659 134626.9415269659 134626.9415269659 134626.9415269659 134626.9415269659 134626.9415269659 134626.9415269659 134626.9415269659 134626.9415269659 134626.9415269659 134626.9415269659 134626.9415269659 134626.9415269659 134626.9415269659 134626.9415269659 134626.9415269659 134626.9415269659 134626.9415269659 134626.9415269659 134626.9415269659 134626.9415269659 134626.9415269659 134626.9415269659 134626.9415269659 134626.9415269659 134626.9415269659 134626.9415269659 134626.9415269659 134626.9415269659 134626.9415269659 134626.9415269659 134626.9415269659 134626.9415269659 134626.9415269659 134626.9415269659 134626.9415269659 
134626.9415269659 134626.9415269659 134626.9415269659 134626.9415269659 134626.9415269659 134626.9415269659 134626.9415269659 134626.9415269659 134626.9415269659 134626.9415269659 134626.9415269659 134626.9415269659 134626.9415269659 134626.9415269659 134626.9415269659 134626.9415269659 134626.9415269659 134626.9415269659 134626.9415269659 134626.9415269659 134626.9415269659 134626.9415269659 134626.9415269659 134626.9415269659 134626.9415269659 134626.9415269659 134626.9415269659 134626.9415269659 134626.9415269659 134626.9415269659 134626.9415269659 134626.9415269659 134626.9415269659 134626.9415269659 134626.9415269659 134626.9415269659 134626.9415269659 134626.9415269659 134626.9415269659 134626.9415269659 134626.9415269659 134626.9415269659 134626.9415269659 134626.9415269659 134626.9415269659 134626.9415269659 134626.9415269659 134626.9415269659 134626.9415269659 134626.9415269659 134626.9415269659 134626.9415269659 134626.9415269659 134626.9415269659 134626.9415269659 134626.9415269659 134626.9415269659 134626.9415269659 134626.9415269659 134626.9415269659 134626.9415269659 
134626.9415269659 134626.9415269659 134626.9415269659 134626.9415269659 134626.9415269659 134626.9415269659 134626.9415269659 134626.9415269659 134626.9415269659 134626.9415269659 134626.9415269659 134626.9415269659 134626.9415269659 134626.9415269659 134626.9415269659 134626.9415269659 134626.9415269659 134626.9415269659 134626.9415269659 134626.9415269659 134626.9415269659 134626.9415269659 134626.9415269659 134626.9415269659 134626.9415269659 134626.9415269659 134626.9415269659 134626.9415269659 134626.9415269659 134626.9415269659 134626.9415269659 134626.9415269659 134626.9415269659 134626.9415269659 134626.9415269659 134626.9415269659 134626.9415269659 134626.9415269659 134626.9415269659 134626.9415269659 134626.9415269659 134626.9415269659 134626.9415269659 134626.9415269659 134626.9415269659 134626.9415269659 134626.9415269659 134626.9415269659 134626.9415269659 134626.9415269659 134626.9415269659 134626.9415269659 134626.9415269659 134626.9415269659 134626.9415269659 134626.9415269659 134626.9415269659 134626.9415269659 134626.9415269659 134626.9415269659 134626.9415269659 
134626.9415269659 134626.9415269659 134626.9415269659 134626.9415269659 134626.9415269659 134626.9415269659 134626.9415269659 134626.9415269659 134626.9415269659 134626.9415269659 134626.9415269659 134626.9415269659 134626.9415269659 134626.9415269659 134626.9415269659 134626.9415269659 134626.9415269659 134626.9415269659 134626.9415269659 134626.9415269659 134626.9415269659 134626.9415269659 134626.9415269659 134626.9415269659 134626.9415269659 134626.9415269659 134626.9415269659 134626.9415269659 -23592245.55847303 -23592245.55847303 -23592245.55847303 -23592245.55847303 -23592245.55847303 134626.9415269659 134626.9415269659 134626.9415269659 134626.9415269659 134626.9415269659 134626.9415269659 134626.9415269659 134626.9415269659 134626.9415269659 134626.9415269659 134626.9415269659 134626.9415269659 134626.9415269659 134626.9415269659 134626.9415269659 134626.9415269659 134626.9415269659 134626.9415269659 134626.9415269659 134626.9415269659 134626.9415269659 134626.9415269659 134626.9415269659 134626.9415269659 134626.9415269659 134626.9415269659 134626.9415269659 134626.9415269659 
134626.9415269659 134626.9415269659 134626.9415269659 134626.9415269659 134626.9415269659 134626.9415269659 134626.9415269659 134626.9415269659 134626.9415269659 134626.9415269659 134626.9415269659 134626.9415269659 134626.9415269659 134626.9415269659 134626.9415269659 134626.9415269659 134626.9415269659 134626.9415269659 134626.9415269659 134626.9415269659 134626.9415269659 134626.9415269659 134626.9415269659 134626.9415269659 134626.9415269659 134626.9415269659 134626.9415269659 -47319118.05847302 47359225.08599998 23632352.58599999 23632352.58599999 23632352.58599999 47359225.08599998 -47319118.05847302 134626.9415269659 134626.9415269659 134626.9415269659 134626.9415269659 134626.9415269659 134626.9415269659 134626.9415269659 134626.9415269659 134626.9415269659 134626.9415269659 134626.9415269659 134626.9415269659 134626.9415269659 134626.9415269659 134626.9415269659 134626.9415269659 134626.9415269659 134626.9415269659 134626.9415269659 134626.9415269659 134626.9415269659 134626.9415269659 134626.9415269659 134626.9415269659 134626.9415269659 134626.9415269659 134626.9415269659 
134626.9415269659 134626.9415269659 134626.9415269659 134626.9415269659 134626.9415269659 134626.9415269659 134626.9415269659 134626.9415269659 134626.9415269659 134626.9415269659 134626.9415269659 134626.9415269659 134626.9415269659 134626.9415269659 134626.9415269659 134626.9415269659 134626.9415269659 134626.9415269659 134626.9415269659 134626.9415269659 134626.9415269659 134626.9415269659 134626.9415269659 134626.9415269659 134626.9415269659 134626.9415269659 -47319118.05847302 47359225.08599998 -94519.9140000008 -94519.9140000008 -94519.9140000008 -94519.9140000008 -94519.9140000008 47359225.08599998 -47319118.05847302 134626.9415269659 134626.9415269659 134626.9415269659 134626.9415269659 134626.9415269659 134626.9415269659 134626.9415269659 134626.9415269659 134626.9415269659 134626.9415269659 134626.9415269659 134626.9415269659 134626.9415269659 134626.9415269659 134626.9415269659 134626.9415269659 134626.9415269659 134626.9415269659 134626.9415269659 134626.9415269659 134626.9415269659 134626.9415269659 134626.9415269659 134626.9415269659 134626.9415269659 134626.9415269659 
134626.9415269659 134626.9415269659 134626.9415269659 134626.9415269659 134626.9415269659 134626.9415269659 134626.9415269659 134626.9415269659 134626.9415269659 134626.9415269659 134626.9415269659 134626.9415269659 134626.9415269659 134626.9415269659 134626.9415269659 134626.9415269659 134626.9415269659 134626.9415269659 134626.9415269659 134626.9415269659 134626.9415269659 134626.9415269659 134626.9415269659 134626.9415269659 134626.9415269659 -47319118.05847302 47359225.08599998 -94519.9140000008 -94519.9140000008 -94519.9140000008 -94519.9140000008 -94519.9140000008 -94519.9140000008 -94519.9140000008 47359225.08599998 -47319118.05847302 134626.9415269659 134626.9415269659 134626.9415269659 134626.9415269659 134626.9415269659 134626.9415269659 134626.9415269659 134626.9415269659 134626.9415269659 134626.9415269659 134626.9415269659 134626.9415269659 134626.9415269659 134626.9415269659 134626.9415269659 134626.9415269659 134626.9415269659 134626.9415269659 134626.9415269659 134626.9415269659 134626.9415269659 134626.9415269659 134626.9415269659 134626.9415269659 134626.9415269659 
134626.9415269659 134626.9415269659 134626.9415269659 134626.9415269659 134626.9415269659 134626.9415269659 134626.9415269659 134626.9415269659 134626.9415269659 134626.9415269659 134626.9415269659 134626.9415269659 134626.9415269659 134626.9415269659 134626.9415269659 134626.9415269659 134626.9415269659 134626.9415269659 134626.9415269659 134626.9415269659 134626.9415269659 134626.9415269659 134626.9415269659 134626.9415269659 -23592245.55847303 47359225.08599998 -94519.9140000008 -94519.9140000008 -94519.9140000008 -94519.9140000008 -94519.9140000008 -94519.9140000008 -94519.9140000008 -94519.9140000008 -94519.9140000008 47359225.08599998 -23592245.55847303 134626.9415269659 134626.9415269659 134626.9415269659 134626.9415269659 134626.9415269659 134626.9415269659 134626.9415269659 134626.9415269659 134626.9415269659 134626.9415269659 134626.9415269659 134626.9415269659 134626.9415269659 134626.9415269659 134626.9415269659 134626.9415269659 134626.9415269659 134626.9415269659 134626.9415269659 134626.9415269659 134626.9415269659 134626.9415269659 134626.9415269659 134626.9415269659 
134626.9415269659 134626.9415269659 134626.9415269659 134626.9415269659 134626.9415269659 134626.9415269659 134626.9415269659 134626.9415269659 134626.9415269659 134626.9415269659 134626.9415269659 134626.9415269659 134626.9415269659 134626.9415269659 134626.9415269659 134626.9415269659 134626.9415269659 134626.9415269659 134626.9415269659 134626.9415269659 134626.9415269659 134626.9415269659 134626.9415269659 134626.9415269659 -23592245.55847303 23632352.58599999 -94519.9140000008 -94519.9140000008 -94519.9140000008 -94519.9140000008 -94519.9140000008 -94519.9140000008 -94519.9140000008 -94519.9140000008 -94519.9140000008 23632352.58599999 -23592245.55847303 134626.9415269659 134626.9415269659 134626.9415269659 134626.9415269659 134626.9415269659 134626.9415269659 134626.9415269659 134626.9415269659 134626.9415269659 134626.9415269659 134626.9415269659 134626.9415269659 134626.9415269659 134626.9415269659 134626.9415269659 134626.9415269659 134626.9415269659 134626.9415269659 134626.9415269659 134626.9415269659 134626.9415269659 134626.9415269659 134626.9415269659 134626.9415269659 
134626.9415269659 134626.9415269659 134626.9415269659 134626.9415269659 134626.9415269659 134626.9415269659 134626.9415269659 134626.9415269659 134626.9415269659 134626.9415269659 134626.9415269659 134626.9415269659 134626.9415269659 134626.9415269659 134626.9415269659 134626.9415269659 134626.9415269659 134626.9415269659 134626.9415269659 134626.9415269659 134626.9415269659 134626.9415269659 134626.9415269659 134626.9415269659 -23592245.55847303 23632352.58599999 -94519.9140000008 -94519.9140000008 -94519.9140000008 -94519.9140000008 -94519.9140000008 -94519.9140000008 -94519.9140000008 -94519.9140000008 -94519.9140000008 23632352.58599999 -23592245.55847303 134626.9415269659 134626.9415269659 134626.9415269659 134626.9415269659 134626.9415269659 134626.9415269659 134626.9415269659 134626.9415269659 134626.9415269659 134626.9415269659 134626.9415269659 134626.9415269659 134626.9415269659 134626.9415269659 134626.9415269659 134626.9415269659 134626.9415269659 134626.9415269659 134626.9415269659 134626.9415269659 134626.9415269659 134626.9415269659 134626.9415269659 134626.9415269659 
134626.9415269659 134626.9415269659 134626.9415269659 134626.9415269659 134626.9415269659 134626.9415269659 134626.9415269659 134626.9415269659 134626.9415269659 134626.9415269659 134626.9415269659 134626.9415269659 134626.9415269659 134626.9415269659 134626.9415269659 134626.9415269659 134626.9415269659 134626.9415269659 134626.9415269659 134626.9415269659 134626.9415269659 134626.9415269659 134626.9415269659 134626.9415269659 -23592245.55847303 23632352.58599999 -94519.9140000008 -94519.9140000008 -94519.9140000008 -94519.9140000008 -94519.9140000008 -94519.9140000008 -94519.9140000008 -94519.9140000008 -94519.9140000008 23632352.58599999 -23592245.55847303 134626.9415269659 134626.9415269659 134626.9415269659 134626.9415269659 134626.9415269659 134626.9415269659 134626.9415269659 134626.9415269659 134626.9415269659 134626.9415269659 134626.9415269659 134626.9415269659 134626.9415269659 134626.9415269659 134626.9415269659 134626.9415269659 134626.9415269659 134626.9415269659 134626.9415269659 134626.9415269659 134626.9415269659 134626.9415269659 134626.9415269659 134626.9415269659 
134626.9415269659 134626.9415269659 134626.9415269659 134626.9415269659 134626.9415269659 134626.9415269659 134626.9415269659 134626.9415269659 134626.9415269659 134626.9415269659 134626.9415269659 134626.9415269659 134626.9415269659 134626.9415269659 134626.9415269659 134626.9415269659 134626.9415269659 134626.9415269659 134626.9415269659 134626.9415269659 134626.9415269659 134626.9415269659 134626.9415269659 134626.9415269659 -23592245.55847303 47359225.08599998 -94519.9140000008 -94519.9140000008 -94519.9140000008 -94519.9140000008 -94519.9140000008 -94519.9140000008 -94519.9140000008 -94519.9140000008 -94519.9140000008 47359225.08599998 -23592245.55847303 134626.9415269659 134626.9415269659 134626.9415269659 134626.9415269659 134626.9415269659 134626.9415269659 134626.9415269659 134626.9415269659 134626.9415269659 134626.9415269659 134626.9415269659 134626.9415269659 134626.9415269659 134626.9415269659 134626.9415269659 134626.9415269659 134626.9415269659 134626.9415269659 134626.9415269659 134626.9415269659 134626.9415269659 134626.9415269659 134626.9415269659 134626.9415269659 
134626.9415269659 134626.9415269659 134626.9415269659 134626.9415269659 134626.9415269659 134626.9415269659 134626.9415269659 134626.9415269659 134626.9415269659 134626.9415269659 134626.9415269659 134626.9415269659 134626.9415269659 134626.9415269659 134626.9415269659 134626.9415269659 134626.9415269659 134626.9415269659 134626.9415269659 134626.9415269659 134626.9415269659 134626.9415269659 134626.9415269659 134626.9415269659 134626.9415269659 -47319118.05847302 47359225.08599998 -94519.9140000008 -94519.9140000008 -94519.9140000008 -94519.9140000008 -94519.9140000008 -94519.9140000008 -94519.9140000008 47359225.08599998 -47319118.05847302 134626.9415269659 134626.9415269659 134626.9415269659 134626.9415269659 134626.9415269659 134626.9415269659 134626.9415269659 134626.9415269659 134626.9415269659 134626.9415269659 134626.9415269659 134626.9415269659 134626.9415269659 134626.9415269659 134626.9415269659 134626.9415269659 134626.9415269659 134626.9415269659 134626.9415269659 134626.9415269659 134626.9415269659 134626.9415269659 134626.9415269659 134626.9415269659 134626.9415269659 
134626.9415269659 134626.9415269659 134626.9415269659 134626.9415269659 134626.9415269659 134626.9415269659 134626.9415269659 134626.9415269659 134626.9415269659 134626.9415269659 134626.9415269659 134626.9415269659 134626.9415269659 134626.9415269659 134626.9415269659 134626.9415269659 134626.9415269659 134626.9415269659 134626.9415269659 134626.9415269659 134626.9415269659 134626.9415269659 134626.9415269659 134626.9415269659 134626.9415269659 134626.9415269659 -47319118.05847302 47359225.08599998 -94519.9140000008 -94519.9140000008 -94519.9140000008 -94519.9140000008 -94519.9140000008 47359225.08599998 -47319118.05847302 134626.9415269659 134626.9415269659 134626.9415269659 134626.9415269659 134626.9415269659 134626.9415269659 134626.9415269659 134626.9415269659 134626.9415269659 134626.9415269659 134626.9415269659 134626.9415269659 134626.9415269659 134626.9415269659 134626.9415269659 134626.9415269659 134626.9415269659 134626.9415269659 134626.9415269659 134626.9415269659 134626.9415269659 134626.9415269659 134626.9415269659 134626.9415269659 134626.9415269659 134626.9415269659 
134626.9415269659 134626.9415269659 134626.9415269659 134626.9415269659 134626.9415269659 134626.9415269659 134626.9415269659 134626.9415269659 134626.9415269659 134626.9415269659 134626.9415269659 134626.9415269659 134626.9415269659 134626.9415269659 134626.9415269659 134626.9415269659 134626.9415269659 134626.9415269659 134626.9415269659 134626.9415269659 134626.9415269659 134626.9415269659 134626.9415269659 134626.9415269659 134626.9415269659 134626.9415269659 134626.9415269659 -47319118.05847302 47359225.08599998 23632352.58599999 23632352.58599999 23632352.58599999 47359225.08599998 -47319118.05847302 134626.9415269659 134626.9415269659 134626.9415269659 134626.9415269659 134626.9415269659 134626.9415269659 134626.9415269659 134626.9415269659 134626.9415269659 134626.9415269659 134626.9415269659 134626.9415269659 134626.9415269659 134626.9415269659 134626.9415269659 134626.9415269659 134626.9415269659 134626.9415269659 134626.9415269659 134626.9415269659 134626.9415269659 134626.9415269659 134626.9415269659 134626.9415269659 134626.9415269659 134626.9415269659 134626.9415269659 
134626.9415269659 134626.9415269659 134626.9415269659 134626.9415269659 134626.9415269659 134626.9415269659 134626.9415269659 134626.9415269659 134626.9415269659 134626.9415269659 134626.9415269659 134626.9415269659 134626.9415269659 134626.9415269659 134626.9415269659 134626.9415269659 134626.9415269659 134626.9415269659 134626.9415269659 134626.9415269659 134626.9415269659 134626.9415269659 134626.9415269659 134626.9415269659 134626.9415269659 134626.9415269659 134626.9415269659 134626.9415269659 -23592245.55847303 -23592245.55847303 -23592245.55847303 -23592245.55847303 -23592245.55847303 134626.9415269659 134626.9415269659 134626.9415269659 134626.9415269659 134626.9415269659 134626.9415269659 134626.9415269659 134626.9415269659 134626.9415269659 134626.9415269659 134626.9415269659 134626.9415269659 134626.9415269659 134626.9415269659 134626.9415269659 134626.9415269659 134626.9415269659 134626.9415269659 134626.9415269659 134626.9415269659 134626.9415269659 134626.9415269659 134626.9415269659 134626.9415269659 134626.9415269659 134626.9415269659 134626.9415269659 134626.9415269659 
134626.9415269659 134626.9415269659 134626.9415269659 134626.9415269659 134626.9415269659 134626.9415269659 134626.9415269659 134626.9415269659 134626.9415269659 134626.9415269659 134626.9415269659 134626.9415269659 134626.9415269659 134626.9415269659 134626.9415269659 134626.9415269659 134626.9415269659 134626.9415269659 134626.9415269659 134626.9415269659 134626.9415269659 134626.9415269659 134626.9415269659 134626.9415269659 134626.9415269659 134626.9415269659 134626.9415269659 134626.9415269659 134626.9415269659 134626.9415269659 134626.9415269659 134626.9415269659 134626.9415269659 134626.9415269659 134626.9415269659 134626.9415269659 134626.9415269659 134626.9415269659 134626.9415269659 134626.9415269659 134626.9415269659 134626.9415269659 134626.9415269659 134626.9415269659 134626.9415269659 134626.9415269659 134626.9415269659 134626.9415269659 134626.9415269659 134626.9415269659 134626.9415269659 134626.9415269659 134626.9415269659 134626.9415269659 134626.9415269659 134626.9415269659 134626.9415269659 134626.9415269659 134626.9415269659 134626.9415269659 134626.9415269659 
134626.9415269659 134626.9415269659 134626.9415269659 134626.9415269659 134626.9415269659 134626.9415269659 134626.9415269659 134626.9415269659 134626.9415269659 134626.9415269659 134626.9415269659 134626.9415269659 134626.9415269659 134626.9415269659 134626.9415269659 134626.9415269659 134626.9415269659 134626.9415269659 134626.9415269659 134626.9415269659 134626.9415269659 134626.9415269659 134626.9415269659 134626.9415269659 134626.9415269659 134626.9415269659 134626.9415269659 134626.9415269659 134626.9415269659 134626.9415269659 134626.9415269659 134626.9415269659 134626.9415269659 134626.9415269659 134626.9415269659 134626.9415269659 134626.9415269659 134626.9415269659 134626.9415269659 134626.9415269659 134626.9415269659 134626.9415269659 134626.9415269659 134626.9415269659 134626.9415269659 134626.9415269659 134626.9415269659 134626.9415269659 134626.9415269659 134626.9415269659 134626.9415269659 134626.9415269659 134626.9415269659 134626.9415269659 134626.9415269659 134626.9415269659 134626.9415269659 134626.9415269659 134626.9415269659 134626.9415269659 134626.9415269659 
134626.9415269659 134626.9415269659 134626.9415269659 134626.9415269659 134626.9415269659 134626.9415269659 134626.9415269659 134626.9415269659 134626.9415269659 134626.9415269659 134626.9415269659 134626.9415269659 134626.9415269659 134626.9415269659 134626.9415269659 134626.9415269659 134626.9415269659 134626.9415269659 134626.9415269659 134626.9415269659 134626.9415269659 134626.9415269659 134626.9415269659 134626.9415269659 134626.9415269659 134626.9415269659 134626.9415269659 134626.9415269659 134626.9415269659 134626.9415269659 134626.9415269659 134626.9415269659 134626.9415269659 134626.9415269659 134626.9415269659 134626.9415269659 134626.9415269659 134626.9415269659 134626.9415269659 134626.9415269659 134626.9415269659 134626.9415269659 134626.9415269659 134626.9415269659 134626.9415269659 134626.9415269659 134626.9415269659 134626.9415269659 134626.9415269659 134626.9415269659 134626.9415269659 134626.9415269659 134626.9415269659 134626.9415269659 134626.9415269659 134626.9415269659 134626.9415269659 134626.9415269659 134626.9415269659 134626.9415269659 134626.9415269659 
134626.9415269659 134626.9415269659 134626.9415269659 134626.9415269659 134626.9415269659 134626.9415269659 134626.9415269659 134626.9415269659 134626.9415269659 134626.9415269659 134626.9415269659 134626.9415269659 134626.9415269659 134626.9415269659 134626.9415269659 134626.9415269659 134626.9415269659 134626.9415269659 134626.9415269659 134626.9415269659 134626.9415269659 134626.9415269659 134626.9415269659 134626.9415269659 134626.9415269659 134626.9415269659 134626.9415269659 134626.9415269659 134626.9415269659 134626.9415269659 134626.9415269659 134626.9415269659 134626.9415269659 134626.9415269659 134626.9415269659 134626.9415269659 134626.9415269659 134626.9415269659 134626.9415269659 134626.9415269659 134626.9415269659 134626.9415269659 134626.9415269659 134626.9415269659 134626.9415269659 134626.9415269659 134626.9415269659 134626.9415269659 134626.9415269659 134626.9415269659 134626.9415269659 134626.9415269659 134626.9415269659 134626.9415269659 134626.9415269659 134626.9415269659 134626.9415269659 134626.9415269659 134626.9415269659 134626.9415269659 134626.9415269659 
134626.9415269659 134626.9415269659 134626.9415269659 134626.9415269659 134626.9415269659 134626.9415269659 134626.9415269659 134626.9415269659 134626.9415269659 134626.9415269659 134626.9415269659 134626.9415269659 134626.9415269659 134626.9415269659 134626.9415269659 134626.9415269659 134626.9415269659 134626.9415269659 134626.9415269659 134626.9415269659 134626.9415269659 134626.9415269659 134626.9415269659 134626.9415269659 134626.9415269659 134626.9415269659 134626.9415269659 134626.9415269659 134626.9415269659 134626.9415269659 134626.9415269659 134626.9415269659 134626.9415269659 134626.9415269659 134626.9415269659 134626.9415269659 134626.9415269659 134626.9415269659 134626.9415269659 134626.9415269659 134626.9415269659 134626.9415269659 134626.9415269659 134626.9415269659 134626.9415269659 134626.9415269659 134626.9415269659 134626.9415269659 134626.9415269659 134626.9415269659 134626.9415269659 134626.9415269659 134626.9415269659 134626.9415269659 134626.9415269659 134626.9415269659 134626.9415269659 134626.9415269659 134626.9415269659 134626.9415269659 134626.9415269659 
134626.9415269659 134626.9415269659 134626.9415269659 134626.9415269659 134626.9415269659 134626.9415269659 134626.9415269659 134626.9415269659 134626.9415269659 134626.9415269659 134626.9415269659 134626.9415269659 134626.9415269659 134626.9415269659 134626.9415269659 134626.9415269659 134626.9415269659 134626.9415269659 134626.9415269659 134626.9415269659 134626.9415269659 134626.9415269659 134626.9415269659 134626.9415269659 134626.9415269659 134626.9415269659 134626.9415269659 134626.9415269659 134626.9415269659 134626.9415269659 134626.9415269659 134626.9415269659 134626.9415269659 134626.9415269659 134626.9415269659 134626.9415269659 134626.9415269659 134626.9415269659 134626.9415269659 134626.9415269659 134626.9415269659 134626.9415269659 134626.9415269659 134626.9415269659 134626.9415269659 134626.9415269659 134626.9415269659 134626.9415269659 134626.9415269659 134626.9415269659 134626.9415269659 134626.9415269659 134626.9415269659 134626.9415269659 134626.9415269659 134626.9415269659 134626.9415269659 134626.9415269659 134626.9415269659 134626.9415269659 134626.9415269659 
134626.9415269659 134626.9415269659 134626.9415269659 134626.9415269659 134626.9415269659 134626.9415269659 134626.9415269659 134626.9415269659 134626.9415269659 134626.9415269659 134626.9415269659 134626.9415269659 134626.9415269659 134626.9415269659 134626.9415269659 134626.9415269659 134626.9415269659 134626.9415269659 134626.9415269659 134626.9415269659 134626.9415269659 134626.9415269659 134626.9415269659 134626.9415269659 134626.9415269659 134626.9415269659 134626.9415269659 134626.9415269659 134626.9415269659 134626.9415269659 134626.9415269659 134626.9415269659 134626.9415269659 134626.9415269659 134626.9415269659 134626.9415269659 134626.9415269659 134626.9415269659 134626.9415269659 134626.9415269659 134626.9415269659 134626.9415269659 134626.9415269659 134626.9415269659 134626.9415269659 134626.9415269659 134626.9415269659 134626.9415269659 134626.9415269659 134626.9415269659 134626.9415269659 134626.9415269659 134626.9415269659 134626.9415269659 134626.9415269659 134626.9415269659 134626.9415269659 134626.9415269659 134626.9415269659 134626.9415269659 134626.9415269659 
134626.9415269659 134626.9415269659 134626.9415269659 134626.9415269659 134626.9415269659 134626.9415269659 134626.9415269659 134626.9415269659 134626.9415269659 134626.9415269659 134626.9415269659 134626.9415269659 134626.9415269659 134626.9415269659 134626.9415269659 134626.9415269659 134626.9415269659 134626.9415269659 134626.9415269659 134626.9415269659 134626.9415269659 134626.9415269659 134626.9415269659 134626.9415269659 134626.9415269659 134626.9415269659 134626.9415269659 134626.9415269659 134626.9415269659 134626.9415269659 134626.9415269659 134626.9415269659 134626.9415269659 134626.9415269659 134626.9415269659 134626.9415269659 134626.9415269659 134626.9415269659 134626.9415269659 134626.9415269659 134626.9415269659 134626.9415269659 134626.9415269659 134626.9415269659 134626.9415269659 134626.9415269659 134626.9415269659 134626.9415269659 134626.9415269659 134626.9415269659 134626.9415269659 134626.9415269659 134626.9415269659 134626.9415269659 134626.9415269659 134626.9415269659 134626.9415269659 134626.9415269659 134626.9415269659 134626.9415269659 134626.9415269659 
134626.9415269659 134626.9415269659 134626.9415269659 134626.9415269659 134626.9415269659 134626.9415269659 134626.9415269659 134626.9415269659 134626.9415269659 134626.9415269659 134626.9415269659 134626.9415269659 134626.9415269659 134626.9415269659 134626.9415269659 134626.9415269659 134626.9415269659 134626.9415269659 134626.9415269659 134626.9415269659 134626.9415269659 134626.9415269659 134626.9415269659 134626.9415269659 134626.9415269659 134626.9415269659 134626.9415269659 134626.9415269659 134626.9415269659 134626.9415269659 134626.9415269659 134626.9415269659 134626.9415269659 134626.9415269659 134626.9415269659 134626.9415269659 134626.9415269659 134626.9415269659 134626.9415269659 134626.9415269659 134626.9415269659 134626.9415269659 134626.9415269659 134626.9415269659 134626.9415269659 134626.9415269659 134626.9415269659 134626.9415269659 134626.9415269659 134626.9415269659 134626.9415269659 134626.9415269659 134626.9415269659 134626.9415269659 134626.9415269659 134626.9415269659 134626.9415269659 134626.9415269659 134626.9415269659 134626.9415269659 134626.9415269659 
134626.9415269659 134626.9415269659 134626.9415269659 134626.9415269659 134626.9415269659 134626.9415269659 134626.9415269659 134626.9415269659 134626.9415269659 134626.9415269659 134626.9415269659 134626.9415269659 134626.9415269659 134626.9415269659 134626.9415269659 134626.9415269659 134626.9415269659 134626.9415269659 134626.9415269659 134626.9415269659 134626.9415269659 134626.9415269659 134626.9415269659 134626.9415269659 134626.9415269659 134626.9415269659 134626.9415269659 134626.9415269659 134626.9415269659 134626.9415269659 134626.9415269659 134626.9415269659 134626.9415269659 134626.9415269659 134626.9415269659 134626.9415269659 134626.9415269659 134626.9415269659 134626.9415269659 134626.9415269659 134626.9415269659 134626.9415269659 134626.9415269659 134626.9415269659 134626.9415269659 134626.9415269659 134626.9415269659 134626.9415269659 134626.9415269659 134626.9415269659 134626.9415269659 134626.9415269659 134626.9415269659 134626.9415269659 134626.9415269659 134626.9415269659 134626.9415269659 134626.9415269659 134626.9415269659 134626.9415269659 134626.9415269659 
134626.9415269659 134626.9415269659 134626.9415269659 134626.9415269659 134626.9415269659 134626.9415269659 134626.9415269659 134626.9415269659 134626.9415269659 134626.9415269659 134626.9415269659 134626.9415269659 134626.9415269659 134626.9415269659 134626.9415269659 134626.9415269659 134626.9415269659 134626.9415269659 134626.9415269659 134626.9415269659 134626.9415269659 134626.9415269659 134626.9415269659 134626.9415269659 134626.9415269659 134626.9415269659 134626.9415269659 134626.9415269659 134626.9415269659 134626.9415269659 134626.9415269659 134626.9415269659 134626.9415269659 134626.9415269659 134626.9415269659 134626.9415269659 134626.9415269659 134626.9415269659 134626.9415269659 134626.9415269659 134626.9415269659 134626.9415269659 134626.9415269659 134626.9415269659 134626.9415269659 134626.9415269659 134626.9415269659 134626.9415269659 134626.9415269659 134626.9415269659 134626.9415269659 134626.9415269659 134626.9415269659 134626.9415269659 134626.9415269659 134626.9415269659 134626.9415269659 134626.9415269659 134626.9415269659 134626.9415269659 134626.9415269659 
134626.9415269659 134626.9415269659 134626.9415269659 134626.9415269659 134626.9415269659 134626.9415269659 134626.9415269659 134626.9415269659 134626.9415269659 134626.9415269659 134626.9415269659 134626.9415269659 134626.9415269659 134626.9415269659 134626.9415269659 134626.9415269659 134626.9415269659 134626.9415269659 134626.9415269659 134626.9415269659 134626.9415269659 134626.9415269659 134626.9415269659 134626.9415269659 134626.9415269659 134626.9415269659 134626.9415269659 134626.9415269659 134626.9415269659 134626.9415269659 134626.9415269659 134626.9415269659 134626.9415269659 134626.9415269659 134626.9415269659 134626.9415269659 134626.9415269659 134626.9415269659 134626.9415269659 134626.9415269659 134626.9415269659 134626.9415269659 134626.9415269659 134626.9415269659 134626.9415269659 134626.9415269659 134626.9415269659 134626.9415269659 134626.9415269659 134626.9415269659 134626.9415269659 134626.9415269659 134626.9415269659 134626.9415269659 134626.9415269659 134626.9415269659 134626.9415269659 134626.9415269659 134626.9415269659 134626.9415269659 134626.9415269659 
134626.9415269659 134626.9415269659 134626.9415269659 134626.9415269659 134626.9415269659 134626.9415269659 134626.9415269659 134626.9415269659 134626.9415269659 134626.9415269659 134626.9415269659 134626.9415269659 134626.9415269659 134626.9415269659 134626.9415269659 134626.9415269659 134626.9415269659 134626.9415269659 134626.9415269659 134626.9415269659 134626.9415269659 134626.9415269659 134626.9415269659 134626.9415269659 134626.9415269659 134626.9415269659 134626.9415269659 134626.9415269659 134626.9415269659 134626.9415269659 134626.9415269659 134626.9415269659 134626.9415269659 134626.9415269659 134626.9415269659 134626.9415269659 134626.9415269659 134626.9415269659 134626.9415269659 134626.9415269659 134626.9415269659 134626.9415269659 134626.9415269659 134626.9415269659 134626.9415269659 134626.9415269659 134626.9415269659 134626.9415269659 134626.9415269659 134626.9415269659 134626.9415269659 134626.9415269659 134626.9415269659 134626.9415269659 134626.9415269659 134626.9415269659 134626.9415269659 134626.9415269659 134626.9415269659 134626.9415269659 134626.9415269659 
134626.9415269659 134626.9415269659 134626.9415269659 134626.9415269659 134626.9415269659 134626.9415269659 134626.9415269659 134626.9415269659 134626.9415269659 134626.9415269659 134626.9415269659 134626.9415269659 134626.9415269659 134626.9415269659 134626.9415269659 134626.9415269659 134626.9415269659 134626.9415269659 134626.9415269659 134626.9415269659 134626.9415269659 134626.9415269659 134626.9415269659 134626.9415269659 134626.9415269659 134626.9415269659 134626.9415269659 134626.9415269659 134626.9415269659 134626.9415269659 134626.9415269659 134626.9415269659 134626.9415269659 134626.9415269659 134626.9415269659 134626.9415269659 134626.9415269659 134626.9415269659 134626.9415269659 134626.9415269659 134626.9415269659 134626.9415269659 134626.9415269659 134626.9415269659 134626.9415269659 134626.9415269659 134626.9415269659 134626.9415269659 134626.9415269659 134626.9415269659 134626.9415269659 134626.9415269659 134626.9415269659 134626.9415269659 134626.9415269659 134626.9415269659 134626.9415269659 134626.9415269659 134626.9415269659 134626.9415269659 134626.9415269659 
134626.9415269659 134626.9415269659 134626.9415269659 134626.9415269659 134626.9415269659 134626.9415269659 134626.9415269659 134626.9415269659 134626.9415269659 134626.9415269659 134626.9415269659 134626.9415269659 134626.9415269659 134626.9415269659 134626.9415269659 134626.9415269659 134626.9415269659 134626.9415269659 134626.9415269659 134626.9415269659 134626.9415269659 134626.9415269659 134626.9415269659 134626.9415269659 134626.9415269659 134626.9415269659 134626.9415269659 134626.9415269659 134626.9415269659 134626.9415269659 134626.9415269659 134626.9415269659 134626.9415269659 134626.9415269659 134626.9415269659 134626.9415269659 134626.9415269659 134626.9415269659 134626.9415269659 134626.9415269659 134626.9415269659 134626.9415269659 134626.9415269659 134626.9415269659 134626.9415269659 134626.9415269659 134626.9415269659 134626.9415269659 134626.9415269659 134626.9415269659 134626.9415269659 134626.9415269659 134626.9415269659 134626.9415269659 134626.9415269659 134626.9415269659 134626.9415269659 134626.9415269659 134626.9415269659 134626.9415269659 134626.9415269659 
134626.9415269659 134626.9415269659 134626.9415269659 134626.9415269659 134626.9415269659 134626.9415269659 134626.9415269659 134626.9415269659 134626.9415269659 134626.9415269659 134626.9415269659 134626.9415269659 134626.9415269659 134626.9415269659 134626.9415269659 134626.9415269659 134626.9415269659 134626.9415269659 134626.9415269659 134626.9415269659 134626.9415269659 134626.9415269659 134626.9415269659 134626.9415269659 134626.9415269659 134626.9415269659 134626.9415269659 134626.9415269659 134626.9415269659 134626.9415269659 134626.9415269659 134626.9415269659 134626.9415269659 134626.9415269659 134626.9415269659 134626.9415269659 134626.9415269659 134626.9415269659 134626.9415269659 134626.9415269659 134626.9415269659 134626.9415269659 134626.9415269659 134626.9415269659 134626.9415269659 134626.9415269659 134626.9415269659 134626.9415269659 134626.9415269659 134626.9415269659 134626.9415269659 134626.9415269659 134626.9415269659 134626.9415269659 134626.9415269659 134626.9415269659 134626.9415269659 134626.9415269659 134626.9415269659 134626.9415269659 134626.9415269659 
134626.9415269659 134626.9415269659 134626.9415269659 134626.9415269659 134626.9415269659 134626.9415269659 134626.9415269659 134626.9415269659 134626.9415269659 134626.9415269659 134626.9415269659 134626.9415269659 134626.9415269659 134626.9415269659 134626.9415269659 134626.9415269659 134626.9415269659 134626.9415269659 134626.9415269659 134626.9415269659 134626.9415269659 134626.9415269659 134626.9415269659 134626.9415269659 134626.9415269659 134626.9415269659 134626.9415269659 134626.9415269659 134626.9415269659 134626.9415269659 134626.9415269659 134626.9415269659 134626.9415269659 134626.9415269659 134626.9415269659 134626.9415269659 134626.9415269659 134626.9415269659 134626.9415269659 134626.9415269659 134626.9415269659 134626.9415269659 134626.9415269659 134626.9415269659 134626.9415269659 134626.9415269659 134626.9415269659 134626.9415269659 134626.9415269659 134626.9415269659 134626.9415269659 134626.9415269659 134626.9415269659 134626.9415269659 134626.9415269659 134626.9415269659 134626.9415269659 134626.9415269659 134626.9415269659 134626.9415269659 134626.9415269659 
134626.9415269659 134626.9415269659 134626.9415269659 134626.9415269659 134626.9415269659 134626.9415269659 134626.9415269659 134626.9415269659 134626.9415269659 134626.9415269659 134626.9415269659 134626.9415269659 134626.9415269659 134626.9415269659 134626.9415269659 134626.9415269659 134626.9415269659 134626.9415269659 134626.9415269659 134626.9415269659 134626.9415269659 134626.9415269659 134626.9415269659 134626.9415269659 134626.9415269659 134626.9415269659 134626.9415269659 134626.9415269659 134626.9415269659 134626.9415269659 134626.9415269659 134626.9415269659 134626.9415269659 134626.9415269659 134626.9415269659 134626.9415269659 134626.9415269659 134626.9415269659 134626.9415269659 134626.9415269659 134626.9415269659 134626.9415269659 134626.9415269659 134626.9415269659 134626.9415269659 134626.9415269659 134626.9415269659 134626.9415269659 134626.9415269659 134626.9415269659 134626.9415269659 134626.9415269659 134626.9415269659 134626.9415269659 134626.9415269659 134626.9415269659 134626.9415269659 134626.9415269659 134626.9415269659 134626.9415269659 134626.9415269659 
134626.9415269659 134626.9415269659 134626.9415269659 134626.9415269659 134626.9415269659 134626.9415269659 134626.9415269659 134626.9415269659 134626.9415269659 134626.9415269659 134626.9415269659 134626.9415269659 134626.9415269659 134626.9415269659 134626.9415269659 134626.9415269659 134626.9415269659 134626.9415269659 134626.9415269659 134626.9415269659 134626.9415269659 134626.9415269659 134626.9415269659 134626.9415269659 134626.9415269659 134626.9415269659 134626.9415269659 134626.9415269659 134626.9415269659 134626.9415269659 134626.9415269659 134626.9415269659 134626.9415269659 134626.9415269659 134626.9415269659 134626.9415269659 134626.9415269659 134626.9415269659 134626.9415269659 134626.9415269659 134626.9415269659 134626.9415269659 134626.9415269659 134626.9415269659 134626.9415269659 134626.9415269659 134626.9415269659 134626.9415269659 134626.9415269659 134626.9415269659 134626.9415269659 134626.9415269659 134626.9415269659 134626.9415269659 134626.9415269659 134626.9415269659 134626.9415269659 134626.9415269659 134626.9415269659 134626.9415269659 134626.9415269659 
134626.9415269659 134626.9415269659 134626.9415269659 134626.9415269659 134626.9415269659 134626.9415269659 134626.9415269659 134626.9415269659 134626.9415269659 134626.9415269659 134626.9415269659 134626.9415269659 134626.9415269659 134626.9415269659 134626.9415269659 134626.9415269659 134626.9415269659 134626.9415269659 134626.9415269659 134626.9415269659 134626.9415269659 134626.9415269659 134626.9415269659 134626.9415269659 134626.9415269659 134626.9415269659 134626.9415269659 134626.9415269659 134626.9415269659 134626.9415269659 134626.9415269659 134626.9415269659 134626.9415269659 134626.9415269659 134626.9415269659 134626.9415269659 134626.9415269659 134626.9415269659 134626.9415269659 134626.9415269659 134626.9415269659 134626.9415269659 134626.9415269659 134626.9415269659 134626.9415269659 134626.9415269659 134626.9415269659 134626.9415269659 134626.9415269659 134626.9415269659 134626.9415269659 134626.9415269659 134626.9415269659 134626.9415269659 134626.9415269659 134626.9415269659 134626.9415269659 134626.9415269659 134626.9415269659 134626.9415269659 134626.9415269659 
134626.9415269659 134626.9415269659 134626.9415269659 134626.9415269659 134626.9415269659 134626.9415269659 134626.9415269659 134626.9415269659 134626.9415269659 134626.9415269659 134626.9415269659 134626.9415269659 134626.9415269659 134626.9415269659 134626.9415269659 134626.9415269659 134626.9415269659 134626.9415269659 134626.9415269659 134626.9415269659 134626.9415269659 134626.9415269659 134626.9415269659 134626.9415269659 134626.9415269659 134626.9415269659 134626.9415269659 134626.9415269659 134626.9415269659 134626.9415269659 134626.9415269659 134626.9415269659 134626.9415269659 134626.9415269659 134626.9415269659 134626.9415269659 134626.9415269659 134626.9415269659 134626.9415269659 134626.9415269659 134626.9415269659 134626.9415269659 134626.9415269659 134626.9415269659 134626.9415269659 134626.9415269659 134626.9415269659 134626.9415269659 134626.9415269659 134626.9415269659 134626.9415269659 134626.9415269659 134626.9415269659 134626.9415269659 134626.9415269659 134626.9415269659 134626.9415269659 134626.9415269659 134626.9415269659 134626.9415269659 134626.9415269659 
134626.9415269659 134626.9415269659 134626.9415269659 134626.9415269659 134626.9415269659 134626.9415269659 134626.9415269659 134626.9415269659 134626.9415269659 134626.9415269659 134626.9415269659 134626.9415269659 134626.9415269659 134626.9415269659 134626.9415269659 134626.9415269659 134626.9415269659 134626.9415269659 134626.9415269659 134626.9415269659 134626.9415269659 134626.9415269659 134626.9415269659 134626.9415269659 134626.9415269659 134626.9415269659 134626.9415269659 134626.9415269659 134626.9415269659 134626.9415269659 134626.9415269659 134626.9415269659 134626.9415269659 134626.9415269659 134626.9415269659 134626.9415269659 134626.9415269659 134626.9415269659 134626.9415269659 134626.9415269659 134626.9415269659 134626.9415269659 134626.9415269659 134626.9415269659 134626.9415269659 134626.9415269659 134626.9415269659 134626.9415269659 134626.9415269659 134626.9415269659 134626.9415269659 134626.9415269659 134626.9415269659 134626.9415269659 134626.9415269659 134626.9415269659 134626.9415269659 134626.9415269659 134626.9415269659 134626.9415269659 134626.9415269659 
134626.9415269659 134626.9415269659 134626.9415269659 134626.9415269659 134626.9415269659 134626.9415269659 134626.9415269659 134626.9415269659 134626.9415269659 134626.9415269659 134626.9415269659 134626.9415269659 134626.9415269659 134626.9415269659 134626.9415269659 134626.9415269659 134626.9415269659 134626.9415269659 134626.9415269659 134626.9415269659 134626.9415269659 134626.9415269659 134626.9415269659 134626.9415269659 134626.9415269659 134626.9415269659 134626.9415269659 134626.9415269659 134626.9415269659 134626.9415269659 134626.9415269659 134626.9415269659 134626.9415269659 134626.9415269659 134626.9415269659 134626.9415269659 134626.9415269659 134626.9415269659 134626.9415269659 134626.9415269659 134626.9415269659 134626.9415269659 134626.9415269659 134626.9415269659 134626.9415269659 134626.9415269659 134626.9415269659 134626.9415269659 134626.9415269659 134626.9415269659 134626.9415269659 134626.9415269659 134626.9415269659 134626.9415269659 134626.9415269659 134626.9415269659 134626.9415269659 134626.9415269659 134626.9415269659 134626.9415269659 134626.9415269659 
134626.9415269659 134626.9415269659 134626.9415269659 134626.9415269659 134626.9415269659 134626.9415269659 134626.9415269659 134626.9415269659 134626.9415269659 134626.9415269659 134626.9415269659 134626.9415269659 134626.9415269659 134626.9415269659 134626.9415269659 134626.9415269659 134626.9415269659 134626.9415269659 134626.9415269659 134626.9415269659 134626.9415269659 134626.9415269659 134626.9415269659 134626.9415269659 134626.9415269659 134626.9415269659 134626.9415269659 134626.9415269659 134626.9415269659 134626.9415269659 134626.9415269659 134626.9415269659 134626.9415269659 134626.9415269659 134626.9415269659 134626.9415269659 134626.9415269659 134626.9415269659 134626.9415269659 134626.9415269659 134626.9415269659 134626.9415269659 134626.9415269659 134626.9415269659 134626.9415269659 134626.9415269659 134626.9415269659 134626.9415269659 134626.9415269659 134626.9415269659 134626.9415269659 134626.9415269659 134626.9415269659 134626.9415269659 134626.9415269659 134626.9415269659 134626.9415269659 134626.9415269659 134626.9415269659 134626.9415269659 134626.9415269659 
SCALARS M_O double 1
LOOKUP_TABLE default
0 0 0 0 0 0 0 0 0 0 0 0 0 0 0 0 0 0 0 0 0 0 0 0 0 0 0 0 0 0 0 0 0 0 0 0 0 0 0 0 0 0 0 0 0 0 0 0 0 0 0 0 0 0 0 0 0 0 0 0 0 
0 0 0 0 0 0 0 0 0 0 0 0 0 0 0 0 0 0 0 0 0 0 0 0 0 0 0 0 0 0 0 0 0 0 0 0 0 0 0 0 0 0 0 0 0 0 0 0 0 0 0 0 0 0 0 0 0 0 0 0 0 
0 0 0 0 0 0 0 0 0 0 0 0 0 0 0 0 0 0 0 0 0 0 0 0 0 0 0 0 0 0 0 0 0 0 0 0 0 0 0 0 0 0 0 0 0 0 0 0 0 0 0 0 0 0 0 0 0 0 0 0 0 
0 0 0 0 0 0 0 0 0 0 0 0 0 0 0 0 0 0 0 0 0 0 0 0 0 0 0 0 0 0 0 0 0 0 0 0 0 0 0 0 0 0 0 0 0 0 0 0 0 0 0 0 0 0 0 0 0 0 0 0 0 
0 0 0 0 0 0 0 0 0 0 0 0 0 0 0 0 0 0 0 0 0 0 0 0 0 0 0 0 0 0 0 0 0 0 0 0 0 0 0 0 0 0 0 0 0 0 0 0 0 0 0 0 0 0 0 0 0 0 0 0 0 
0 0 0 0 0 0 0 0 0 0 0 0 0 0 0 0 0 0 0 0 0 0 0 0 0 0 0 0 0 0 0 0 0 0 0 0 0 0 0 0 0 0 0 0 0 0 0 0 0 0 0 0 0 0 0 0 0 0 0 0 0 
0 0 0 0 0 0 0 0 0 0 0 0 0 0 0 0 0 0 0 0 0 0 0 0 0 0 0 0 0 0 0 0 0 0 0 0 0 0 0 0 0 0 0 0 0 0 0 0 0 0 0 0 0 0 0 0 0 0 0 0 0 
0 0 0 0 0 0 0 0 0 0 0 0 0 0 0 0 0 0 0 0 0 0 0 0 0 0 0 0 0 0 0 0 0 0 0 0 0 0 0 0 0 0 0 0 0 0 0 0 0 0 0 0 0 0 0 0 0 0 0 0 0 
0 0 0 0 0 0 0 0 0 0 0 0 0 0 0 0 0 0 0 0 0 0 0 0 0 0 0 0 0 0 0 0 0 0 0 0 0 0 0 0 0 0 0 0 0 0 0 0 0 0 0 0 0 0 0 0 0 0 0 0 0 
0 0 0 0 0 0 0 0 0 0 0 0 0 0 0 0 0 0 0 0 0 0 0 0 0 0 0 0 0 0 0 0 0 0 0 0 0 0 0 0 0 0 0 0 0 0 0 0 0 0 0 0 0 0 0 0 0 0 0 0 0 
0 0 0 0 0 0 0 0 0 0 0 0 0 0 0 0 0 0 0 0 0 0 0 0 0 0 0 0 0 0 0 0 0 0 0 0 0 0 0 0 0 0 0 0 0 0 0 0 0 0 0 0 0 0 0 0 0 0 0 0 0 
0 0 0 0 0 0 0 0 0 0 0 0 0 0 0 0 0 0 0 0 0 0 0 0 0 0 0 0 0 0 0 0 0 0 0 0 0 0 0 0 0 0 0 0 0 0 0 0 0 0 0 0 0 0 0 0 0 0 0 0 0 
0 0 0 0 0 0 0 0 0 0 0 0 0 0 0 0 0 0 0 0 0 0 0 0 0 0 0 0 0 0 0 0 0 0 0 0 0 0 0 0 0 0 0 0 0 0 0 0 0 0 0 0 0 0 0 0 0 0 0 0 0 
0 0 0 0 0 0 0 0 0 0 0 0 0 0 0 0 0 0 0 0 0 0 0 0 0 0 0 0 0 0 0 0 0 0 0 0 0 0 0 0 0 0 0 0 0 0 0 0 0 0 0 0 0 0 0 0 0 0 0 0 0 
0 0 0 0 0 0 0 0 0 0 0 0 0 0 0 0 0 0 0 0 0 0 0 0 0 0 0 0 0 0 0 0 0 0 0 0 0 0 0 0 0 0 0 0 0 0 0 0 0 0 0 0 0 0 0 0 0 0 0 0 0 
0 0 0 0 0 0 0 0 0 0 0 0 0 0 0 0 0 0 0 0 0 0 0 0 0 0 0 0 0 0 0 0 0 0 0 0 0 0 0 0 0 0 0 0 0 0 0 0 0 0 0 0 0 0 0 0 0 0 0 0 0 
0 0 0 0 0 0 0 0 0 0 0 0 0 0 0 0 0 0 0 0 0 0 0 0 0 0 0 0 0 0 0 0 0 0 0 0 0 0 0 0 0 0 0 0 0 0 0 0 0 0 0 0 0 0 0 0 0 0 0 0 0 
0 0 0 0 0 0 0 0 0 0 0 0 0 0 0 0 0 0 0 0 0 0 0 0 0 0 0 0 0 0 0 0 0 0 0 0 0 0 0 0 0 0 0 0 0 0 0 0 0 0 0 0 0 0 0 0 0 0 0 0 0 
0 0 0 0 0 0 0 0 0 0 0 0 0 0 0 0 0 0 0 0 0 0 0 0 0 0 0 0 0 0 0 0 0 0 0 0 0 0 0 0 0 0 0 0 0 0 0 0 0 0 0 0 0 0 0 0 0 0 0 0 0 
0 0 0 0 0 0 0 0 0 0 0 0 0 0 0 0 0 0 0 0 0 0 0 0 0 0 0 0 0 0 0 0 0 0 0 0 0 0 0 0 0 0 0 0 0 0 0 0 0 0 0 0 0 0 0 0 0 0 0 0 0 
0 0 0 0 0 0 0 0 0 0 0 0 0 0 0 0 0 0 0 0 0 0 0 0 0 0 0 0 0 0 0 0 0 0 0 0 0 0 0 0 0 0 0 0 0 0 0 0 0 0 0 0 0 0 0 0 0 0 0 0 0 
0 0 0 0 0 0 0 0 0 0 0 0 0 0 0 0 0 0 0 0 0 0 0 0 0 0 0 0 0 0 0 0 0 0 0 0 0 0 0 0 0 0 0 0 0 0 0 0 0 0 0 0 0 0 0 0 0 0 0 0 0 
0 0 0 0 0 0 0 0 0 0 0 0 0 0 0 0 0 0 0 0 0 0 0 0 0 0 0 0 0 0 0 0 0 0 0 0 0 0 0 0 0 0 0 0 0 0 0 0 0 0 0 0 0 0 0 0 0 0 0 0 0 
0 0 0 0 0 0 0 0 0 0 0 0 0 0 0 0 0 0 0 0 0 0 0 0 0 0 0 0 0 0 0 0 0 0 0 0 0 0 0 0 0 0 0 0 0 0 0 0 0 0 0 0 0 0 0 0 0 0 0 0 0 
0 0 0 0 0 0 0 0 0 0 0 0 0 0 0 0 0 0 0 0 0 0 0 0 0 0 0 0 0 0 0 0 0 0 0 0 0 0 0 0 0 0 0 0 0 0 0 0 0 0 0 0 0 0 0 0 0 0 0 0 0 
0 0 0 0 0 0 0 0 0 0 0 0 0 0 0 0 0 0 0 0 0 0 0 0 0 0 0 0 1.2442344863e-18 1.2442344863e-18 1.2442344863e-18 1.2442344863e-18 1.2442344863e-18 0 0 0 0 0 0 0 0 0 0 0 0 0 0 0 0 0 0 0 0 0 0 0 0 0 0 0 0 
0 0 0 0 0 0 0 0 0 0 0 0 0 0 0 0 0 0 0 0 0 0 0 0 0 0 0 1.2442344863e-18 1.2442344863e-18 1.2442344863e-18 1.2442344863e-18 1.2442344863e-18 1.2442344863e-18 1.2442344863e-18 0 0 0 0 0 0 0 0 0 0 0 0 0 0 0 0 0 0 0 0 0 0 0 0 0 0 0 
0 0 0 0 0 0 0 0 0 0 0 0 0 0 0 0 0 0 0 0 0 0 0 0 0 0 1.2442344863e-18 1.2442344863e-18 1.2442344863e-18 1.2442344863e-18 1.2442344863e-18 1.2442344863e-18 1.2442344863e-18 1.2442344863e-18 1.2442344863e-18 0 0 0 0 0 0 0 0 0 0 0 0 0 0 0 0 0 0 0 0 0 0 0 0 0 0 
0 0 0 0 0 0 0 0 0 0 0 0 0 0 0 0 0 0 0 0 0 0 0 0 0 1.2442344863e-18 1.2442344863e-18 1.2442344863e-18 1.2442344863e-18 1.2442344863e-18 1.2442344863e-18 1.2442344863e-18 1.2442344863e-18 1.2442344863e-18 1.2442344863e-18 1.2442344863e-18 0 0 0 0 0 0 0 0 0 0 0 0 0 0 0 0 0 0 0 0 0 0 0 0 0 
0 0 0 0 0 0 0 0 0 0 0 0 0 0 0 0 0 0 0 0 0 0 0 0 0 1.2442344863e-18 1.2442344863e-18 1.2442344863e-18 1.2442344863e-18 1.2442344863e-18 1.2442344863e-18 1.2442344863e-18 1.2442344863e-18 1.2442344863e-18 1.2442344863e-18 1.2442344863e-18 0 0 0 0 0 0 0 0 0 0 0 0 0 0 0 0 0 0 0 0 0 0 0 0 0 
0 0 0 0 0 0 0 0 0 0 0 0 0 0 0 0 0 0 0 0 0 0 0 0 0 1.2442344863e-18 1.2442344863e-18 1.2442344863e-18 1.2442344863e-18 1.2442344863e-18 1.2442344863e-18 1.2442344863e-18 1.2442344863e-18 1.2442344863e-18 1.2442344863e-18 1.2442344863e-18 0 0 0 0 0 0 0 0 0 0 0 0 0 0 0 0 0 0 0 0 0 0 0 0 0 
0 0 0 0 0 0 0 0 0 0 0 0 0 0 0 0 0 0 0 0 0 0 0 0 0 1.2442344863e-18 1.2442344863e-18 1.2442344863e-18 1.2442344863e-18 1.2442344863e-18 1.2442344863e-18 1.2442344863e-18 1.2442344863e-18 1.2442344863e-18 1.2442344863e-18 1.2442344863e-18 0 0 0 0 0 0 0 0 0 0 0 0 0 0 0 0 0 0 0 0 0 0 0 0 0 
0 0 0 0 0 0 0 0 0 0 0 0 0 0 0 0 0 0 0 0 0 0 0 0 0 1.2442344863e-18 1.2442344863e-18 1.2442344863e-18 1.2442344863e-18 1.2442344863e-18 1.2442344863e-18 1.2442344863e-18 1.2442344863e-18 1.2442344863e-18 1.2442344863e-18 1.2442344863e-18 0 0 0 0 0 0 0 0 0 0 0 0 0 0 0 0 0 0 0 0 0 0 0 0 0 
0 0 0 0 0 0 0 0 0 0 0 0 0 0 0 0 0 0 0 0 0 0 0 0 0 0 1.2442344863e-18 1.2442344863e-18 1.2442344863e-18 1.2442344863e-18 1.2442344863e-18 1.2442344863e-18 1.2442344863e-18 1.2442344863e-18 1.2442344863e-18 0 0 0 0 0 0 0 0 0 0 0 0 0 0 0 0 0 0 0 0 0 0 0 0 0 0 
0 0 0 0 0 0 0 0 0 0 0 0 0 0 0 0 0 0 0 0 0 0 0 0 0 0 0 1.2442344863e-18 1.2442344863e-18 1.2442344863e-18 1.2442344863e-18 1.2442344863e-18 1.2442344863e-18 1.2442344863e-18 0 0 0 0 0 0 0 0 0 0 0 0 0 0 0 0 0 0 0 0 0 0 0 0 0 0 0 
0 0 0 0 0 0 0 0 0 0 0 0 0 0 0 0 0 0 0 0 0 0 0 0 0 0 0 0 1.2442344863e-18 1.2442344863e-18 1.2442344863e-18 1.2442344863e-18 1.2442344863e-18 0 0 0 0 0 0 0 0 0 0 0 0 0 0 0 0 0 0 0 0 0 0 0 0 0 0 0 0 
0 0 0 0 0 0 0 0 0 0 0 0 0 0 0 0 0 0 0 0 0 0 0 0 0 0 0 0 0 0 0 0 0 0 0 0 0 0 0 0 0 0 0 0 0 0 0 0 0 0 0 0 0 0 0 0 0 0 0 0 0 
0 0 0 0 0 0 0 0 0 0 0 0 0 0 0 0 0 0 0 0 0 0 0 0 0 0 0 0 0 0 0 0 0 0 0 0 0 0 0 0 0 0 0 0 0 0 0 0 0 0 0 0 0 0 0 0 0 0 0 0 0 
0 0 0 0 0 0 0 0 0 0 0 0 0 0 0 0 0 0 0 0 0 0 0 0 0 0 0 0 0 0 0 0 0 0 0 0 0 0 0 0 0 0 0 0 0 0 0 0 0 0 0 0 0 0 0 0 0 0 0 0 0 
0 0 0 0 0 0 0 0 0 0 0 0 0 0 0 0 0 0 0 0 0 0 0 0 0 0 0 0 0 0 0 0 0 0 0 0 0 0 0 0 0 0 0 0 0 0 0 0 0 0 0 0 0 0 0 0 0 0 0 0 0 
0 0 0 0 0 0 0 0 0 0 0 0 0 0 0 0 0 0 0 0 0 0 0 0 0 0 0 0 0 0 0 0 0 0 0 0 0 0 0 0 0 0 0 0 0 0 0 0 0 0 0 0 0 0 0 0 0 0 0 0 0 
0 0 0 0 0 0 0 0 0 0 0 0 0 0 0 0 0 0 0 0 0 0 0 0 0 0 0 0 0 0 0 0 0 0 0 0 0 0 0 0 0 0 0 0 0 0 0 0 0 0 0 0 0 0 0 0 0 0 0 0 0 
0 0 0 0 0 0 0 0 0 0 0 0 0 0 0 0 0 0 0 0 0 0 0 0 0 0 0 0 0 0 0 0 0 0 0 0 0 0 0 0 0 0 0 0 0 0 0 0 0 0 0 0 0 0 0 0 0 0 0 0 0 
0 0 0 0 0 0 0 0 0 0 0 0 0 0 0 0 0 0 0 0 0 0 0 0 0 0 0 0 0 0 0 0 0 0 0 0 0 0 0 0 0 0 0 0 0 0 0 0 0 0 0 0 0 0 0 0 0 0 0 0 0 
0 0 0 0 0 0 0 0 0 0 0 0 0 0 0 0 0 0 0 0 0 0 0 0 0 0 0 0 0 0 0 0 0 0 0 0 0 0 0 0 0 0 0 0 0 0 0 0 0 0 0 0 0 0 0 0 0 0 0 0 0 
0 0 0 0 0 0 0 0 0 0 0 0 0 0 0 0 0 0 0 0 0 0 0 0 0 0 0 0 0 0 0 0 0 0 0 0 0 0 0 0 0 0 0 0 0 0 0 0 0 0 0 0 0 0 0 0 0 0 0 0 0 
0 0 0 0 0 0 0 0 0 0 0 0 0 0 0 0 0 0 0 0 0 0 0 0 0 0 0 0 0 0 0 0 0 0 0 0 0 0 0 0 0 0 0 0 0 0 0 0 0 0 0 0 0 0 0 0 0 0 0 0 0 
0 0 0 0 0 0 0 0 0 0 0 0 0 0 0 0 0 0 0 0 0 0 0 0 0 0 0 0 0 0 0 0 0 0 0 0 0 0 0 0 0 0 0 0 0 0 0 0 0 0 0 0 0 0 0 0 0 0 0 0 0 
0 0 0 0 0 0 0 0 0 0 0 0 0 0 0 0 0 0 0 0 0 0 0 0 0 0 0 0 0 0 0 0 0 0 0 0 0 0 0 0 0 0 0 0 0 0 0 0 0 0 0 0 0 0 0 0 0 0 0 0 0 
0 0 0 0 0 0 0 0 0 0 0 0 0 0 0 0 0 0 0 0 0 0 0 0 0 0 0 0 0 0 0 0 0 0 0 0 0 0 0 0 0 0 0 0 0 0 0 0 0 0 0 0 0 0 0 0 0 0 0 0 0 
0 0 0 0 0 0 0 0 0 0 0 0 0 0 0 0 0 0 0 0 0 0 0 0 0 0 0 0 0 0 0 0 0 0 0 0 0 0 0 0 0 0 0 0 0 0 0 0 0 0 0 0 0 0 0 0 0 0 0 0 0 
0 0 0 0 0 0 0 0 0 0 0 0 0 0 0 0 0 0 0 0 0 0 0 0 0 0 0 0 0 0 0 0 0 0 0 0 0 0 0 0 0 0 0 0 0 0 0 0 0 0 0 0 0 0 0 0 0 0 0 0 0 
0 0 0 0 0 0 0 0 0 0 0 0 0 0 0 0 0 0 0 0 0 0 0 0 0 0 0 0 0 0 0 0 0 0 0 0 0 0 0 0 0 0 0 0 0 0 0 0 0 0 0 0 0 0 0 0 0 0 0 0 0 
0 0 0 0 0 0 0 0 0 0 0 0 0 0 0 0 0 0 0 0 0 0 0 0 0 0 0 0 0 0 0 0 0 0 0 0 0 0 0 0 0 0 0 0 0 0 0 0 0 0 0 0 0 0 0 0 0 0 0 0 0 
0 0 0 0 0 0 0 0 0 0 0 0 0 0 0 0 0 0 0 0 0 0 0 0 0 0 0 0 0 0 0 0 0 0 0 0 0 0 0 0 0 0 0 0 0 0 0 0 0 0 0 0 0 0 0 0 0 0 0 0 0 
0 0 0 0 0 0 0 0 0 0 0 0 0 0 0 0 0 0 0 0 0 0 0 0 0 0 0 0 0 0 0 0 0 0 0 0 0 0 0 0 0 0 0 0 0 0 0 0 0 0 0 0 0 0 0 0 0 0 0 0 0 
0 0 0 0 0 0 0 0 0 0 0 0 0 0 0 0 0 0 0 0 0 0 0 0 0 0 0 0 0 0 0 0 0 0 0 0 0 0 0 0 0 0 0 0 0 0 0 0 0 0 0 0 0 0 0 0 0 0 0 0 0 
0 0 0 0 0 0 0 0 0 0 0 0 0 0 0 0 0 0 0 0 0 0 0 0 0 0 0 0 0 0 0 0 0 0 0 0 0 0 0 0 0 0 0 0 0 0 0 0 0 0 0 0 0 0 0 0 0 0 0 0 0 
0 0 0 0 0 0 0 0 0 0 0 0 0 0 0 0 0 0 0 0 0 0 0 0 0 0 0 0 0 0 0 0 0 0 0 0 0 0 0 0 0 0 0 0 0 0 0 0 0 0 0 0 0 0 0 0 0 0 0 0 0 
0 0 0 0 0 0 0 0 0 0 0 0 0 0 0 0 0 0 0 0 0 0 0 0 0 0 0 0 0 0 0 0 0 0 0 0 0 0 0 0 0 0 0 0 0 0 0 0 0 0 0 0 0 0 0 0 0 0 0 0 0 
0 0 0 0 0 0 0 0 0 0 0 0 0 0 0 0 0 0 0 0 0 0 0 0 0 0 0 0 0 0 0 0 0 0 0 0 0 0 0 0 0 0 0 0 0 0 0 0 0 0 0 0 0 0 0 0 0 0 0 0 0 
SCALARS M_Cr double 1
LOOKUP_TABLE default
1.088603740438677e-19 1.097308290568346e-19 1.106083651010135e-19 1.1149303500559e-19 1.123848919306336e-19 1.132839893683136e-19 1.141903811441074e-19 1.151041214179984e-19 1.160252646856686e-19 1.169538657796774e-19 1.178899798706346e-19 1.188336624683627e-19 1.197849694230493e-19 1.207439569263887e-19 1.217106815127153e-19 1.226852000601224e-19 1.236675697915752e-19 1.246578482760069e-19 1.256560934294086e-19 1.266623635159035e-19 1.276767171488105e-19 1.286992132916951e-19 1.297299112594086e-19 1.307688707191129e-19 1.318161516912911e-19 1.328718145507476e-19 1.339359200275929e-19 1.35008529208211e-19 1.360897035362173e-19 1.37179504813398e-19 1.382779952006354e-19 1.393852372188176e-19 1.405012937497329e-19 1.416262280369465e-19 1.427601036866605e-19 1.439029846685609e-19 1.450549353166402e-19 1.462160203300083e-19 1.473863047736828e-19 1.485658540793633e-19 1.497547340461817e-19 1.509530108414394e-19 1.521607510013184e-19 1.533780214315853e-19 1.546048894082547e-19 1.558414225782487e-19 1.57087688960033e-19 1.583437569442254e-19 1.596096952941799e-19 1.608855731465695e-19 1.621714600119119e-19 1.634674257751077e-19 1.647735406959271e-19 1.660898754094892e-19 1.674165009267155e-19 1.687534886347456e-19 1.701009102973471e-19 1.714588380552842e-19 1.728273444266688e-19 1.742065023072775e-19 1.755963849708546e-19 
3.851892340156482e-20 3.879931004803347e-20 3.908213195458847e-20 3.936740942910379e-20 3.965516293734869e-20 3.99454131040592e-20 4.02381807140144e-20 4.05334867131175e-20 4.083135220948289e-20 4.113179847452721e-20 4.1434846944066e-20 4.17405192194152e-20 4.204883706849822e-20 4.235982242695672e-20 4.267349739926819e-20 4.29898842598663e-20 4.33090054542687e-20 4.363088360020757e-20 4.39555414887663e-20 4.428300208552102e-20 4.461328853168625e-20 4.494642414526632e-20 4.528243242221133e-20 4.562133703757788e-20 4.596316184669383e-20 4.630793088632958e-20 4.665566837587312e-20 4.700639871850902e-20 4.736014650240359e-20 4.771693650189378e-20 4.807679367868121e-20 4.843974318303042e-20 4.880581035497236e-20 4.917502072551142e-20 4.954740001783785e-20 4.992297414854483e-20 5.030176922884892e-20 5.068381156581591e-20 5.106912766359068e-20 5.145774422463225e-20 5.184968815095108e-20 5.224498654535333e-20 5.264366671268609e-20 5.304575616109248e-20 5.345128260326255e-20 5.386027395769625e-20 5.427275834996557e-20 5.468876411398366e-20 5.510831979327398e-20 5.553145414225041e-20 5.59581961274913e-20 5.638857492902761e-20 5.682261994162678e-20 5.726036077608511e-20 5.770182726052315e-20 5.814704944168123e-20 5.85960575862241e-20 5.904888218204443e-20 5.950555393957229e-20 5.996610379308557e-20 6.043056290202816e-20 
1.642685200174349e-20 1.651232837997442e-20 1.659857280220418e-20 1.66855920302479e-20 1.677339288352955e-20 1.686198223954629e-20 1.695136703433619e-20 1.704155426294912e-20 1.713255097992139e-20 1.722436429975348e-20 1.731700139739157e-20 1.741046950871211e-20 1.750477593101041e-20 1.75999280234921e-20 1.769593320776885e-20 1.779279896835688e-20 1.789053285317971e-20 1.798914247407401e-20 1.808863550729933e-20 1.818901969405132e-20 1.829030284097862e-20 1.839249282070354e-20 1.849559757234615e-20 1.859962510205252e-20 1.870458348352593e-20 1.881048085856277e-20 1.891732543759154e-20 1.90251255002158e-20 1.913388939576091e-20 1.924362554382461e-20 1.935434243483166e-20 1.946604863059181e-20 1.957875276486224e-20 1.969246354391343e-20 1.980718974709925e-20 1.992294022743092e-20 2.003972391215467e-20 2.015754980333388e-20 2.027642697843464e-20 2.039636459091599e-20 2.051737187082344e-20 2.063945812538694e-20 2.07626327396231e-20 2.088690517694163e-20 2.101228497975458e-20 2.113878177009159e-20 2.126640525021797e-20 2.139516520325774e-20 2.15250714938197e-20 2.165613406862985e-20 2.178836295716503e-20 2.19217682722939e-20 2.205636021091968e-20 2.219214905462876e-20 2.23291451703433e-20 2.246735901097705e-20 2.260680111609737e-20 2.274748211259001e-20 2.288941271532918e-20 2.303260372785104e-20 2.317706604303341e-20 
9.7833120547468e-21 9.80860238684326e-21 9.83412406557899e-21 9.85987918500317e-21 9.885869857810518e-21 9.912098215502967e-21 9.938566408552794e-21 9.965276606566977e-21 9.992230998453047e-21 1.001943179258618e-20 1.004688121697782e-20 1.007458151944551e-20 1.010253496778434e-20 1.013074384993966e-20 1.015921047418128e-20 1.018793716927905e-20 1.021692628468003e-20 1.024618019068691e-20 1.027570127863813e-20 1.030549196108927e-20 1.03355546719961e-20 1.036589186689904e-20 1.039650602310913e-20 1.042739963989566e-20 1.04585752386751e-20 1.04900353632018e-20 1.052178257976021e-20 1.055381947735856e-20 1.058614866792417e-20 1.061877278650053e-20 1.065169449144569e-20 1.068491646463252e-20 1.071844141165051e-20 1.075227206200915e-20 1.078641116934311e-20 1.082086151161896e-20 1.085562589134367e-20 1.089070713577473e-20 1.092610809713198e-20 1.096183165281131e-20 1.099788070559977e-20 1.103425818389283e-20 1.107096704191301e-20 1.110801025993071e-20 1.114539084448626e-20 1.118311182861432e-20 1.122117627206974e-20 1.125958726155549e-20 1.1298347910952e-20 1.133746136154914e-20 1.137693078227896e-20 1.141675936995142e-20 1.145695034949121e-20 1.149750697417679e-20 1.153843252588154e-20 1.15797303153163e-20 1.162140368227443e-20 1.166345599587848e-20 1.170589065482897e-20 1.174871108765491e-20 1.179192075296695e-20 
7.832011587620014e-21 7.839374785770222e-21 7.846805981923149e-21 7.854305800556001e-21 7.861874871832534e-21 7.869513831654152e-21 7.877223321711465e-21 7.885003989536288e-21 7.892856488554131e-21 7.900781478137091e-21 7.908779623657277e-21 7.916851596540655e-21 7.924998074321385e-21 7.933219740696629e-21 7.941517285581865e-21 7.94989140516664e-21 7.958342801970848e-21 7.966872184901495e-21 7.975480269309965e-21 7.984167777049766e-21 7.992935436534811e-21 8.001783982798183e-21 8.010714157551446e-21 8.019726709244451e-21 8.028822393125659e-21 8.038001971303018e-21 8.047266212805374e-21 8.056615893644366e-21 8.066051796876937e-21 8.075574712668334e-21 8.085185438355687e-21 8.094884778512134e-21 8.104673545011517e-21 8.114552557093613e-21 8.124522641429966e-21 8.13458463219029e-21 8.144739371109426e-21 8.154987707554903e-21 8.165330498595086e-21 8.175768609067932e-21 8.186302911650282e-21 8.196934286927854e-21 8.207663623465742e-21 8.218491817879652e-21 8.229419774907589e-21 8.240448407482337e-21 8.251578636804446e-21 8.262811392415966e-21 8.274147612274636e-21 8.285588242829012e-21 8.297134239093879e-21 8.308786564726673e-21 8.32054619210428e-21 8.332414102400683e-21 8.344391285665246e-21 8.356478740901565e-21 8.368677476147175e-21 8.380988508553817e-21 8.393412864468444e-21 8.405951579514901e-21 8.418605698676419e-21 
7.266125062290677e-21 7.268250368290453e-21 7.270395400572323e-21 7.272560341690879e-21 7.27474537588262e-21 7.276950689081347e-21 7.279176468933696e-21 7.281422904814798e-21 7.283690187844103e-21 7.285978510901325e-21 7.288288068642556e-21 7.290619057516494e-21 7.292971675780848e-21 7.295346123518877e-21 7.297742602656073e-21 7.300161316977012e-21 7.302602472142338e-21 7.305066275705922e-21 7.307552937132151e-21 7.310062667813398e-21 7.312595681087628e-21 7.315152192256185e-21 7.317732418601715e-21 7.320336579406272e-21 7.32296489596958e-21 7.325617591627456e-21 7.328294891770405e-21 7.330997023862372e-21 7.333724217459688e-21 7.336476704230158e-21 7.339254717972331e-21 7.34205849463496e-21 7.344888272336609e-21 7.347744291385469e-21 7.350626794299315e-21 7.353536025825685e-21 7.356472232962196e-21 7.359435664977092e-21 7.362426573429924e-21 7.365445212192469e-21 7.368491837469792e-21 7.371566707821534e-21 7.374670084183357e-21 7.377802229888625e-21 7.380963410690227e-21 7.384153894782651e-21 7.387373952824208e-21 7.390623857959502e-21 7.393903885842047e-21 7.397214314657159e-21 7.400555425144974e-21 7.403927500623736e-21 7.40733082701327e-21 7.410765692858645e-21 7.414232389354109e-21 7.417731210367161e-21 7.421262452462912e-21 7.424826414928608e-21 7.428423399798413e-21 7.432053711878388e-21 7.435717658771723e-21 
7.103131459430292e-21 7.103742068402305e-21 7.104358360108812e-21 7.104980387354514e-21 7.105608203433623e-21 7.106241862134381e-21 7.106881417743626e-21 7.107526925051395e-21 7.108178439355573e-21 7.108836016466584e-21 7.109499712712124e-21 7.110169584941929e-21 7.110845690532614e-21 7.111528087392513e-21 7.112216833966614e-21 7.112911989241495e-21 7.113613612750335e-21 7.114321764577947e-21 7.115036505365887e-21 7.115757896317578e-21 7.11648599920351e-21 7.117220876366454e-21 7.117962590726767e-21 7.118711205787704e-21 7.119466785640808e-21 7.120229394971326e-21 7.120999099063708e-21 7.121775963807108e-21 7.122560055700992e-21 7.123351441860738e-21 7.124150190023346e-21 7.124956368553158e-21 7.12577004644764e-21 7.126591293343231e-21 7.127420179521235e-21 7.128256775913763e-21 7.129101154109738e-21 7.12995338636095e-21 7.130813545588171e-21 7.13168170538732e-21 7.132557940035688e-21 7.133442324498221e-21 7.134334934433859e-21 7.135235846201933e-21 7.136145136868619e-21 7.137062884213451e-21 7.137989166735907e-21 7.138924063662032e-21 7.139867654951132e-21 7.14082002130254e-21 7.141781244162433e-21 7.142751405730705e-21 7.143730588967922e-21 7.144718877602319e-21 7.145716356136876e-21 7.146723109856457e-21 7.147739224835013e-21 7.148764787942838e-21 7.149799886853917e-21 7.150844610053316e-21 7.151899046844662e-21 
7.05635542609413e-21 7.056530421739987e-21 7.056707048357427e-21 7.056885321134554e-21 7.057065255400729e-21 7.057246866627883e-21 7.057430170431839e-21 7.057615182573652e-21 7.057801918960952e-21 7.057990395649306e-21 7.058180628843593e-21 7.058372634899392e-21 7.058566430324367e-21 7.058762031779699e-21 7.058959456081495e-21 7.059158720202236e-21 7.059359841272218e-21 7.059562836581022e-21 7.059767723579e-21 7.059974519878747e-21 7.06018324325663e-21 7.060393911654287e-21 7.060606543180173e-21 7.060821156111109e-21 7.061037768893829e-21 7.061256400146578e-21 7.061477068660686e-21 7.061699793402177e-21 7.061924593513399e-21 7.062151488314649e-21 7.062380497305832e-21 7.062611640168116e-21 7.062844936765631e-21 7.063080407147141e-21 7.063318071547787e-21 7.063557950390787e-21 7.063800064289202e-21 7.06404443404768e-21 7.064291080664245e-21 7.064540025332088e-21 7.064791289441369e-21 7.065044894581057e-21 7.065300862540756e-21 7.065559215312586e-21 7.065819975093043e-21 7.066083164284906e-21 7.066348805499141e-21 7.06661692155684e-21 7.066887535491157e-21 7.067160670549289e-21 7.06743635019445e-21 7.067714598107874e-21 7.067995438190841e-21 7.068278894566714e-21 7.068564991582996e-21 7.06885375381341e-21 7.069145206059997e-21 7.069439373355229e-21 7.069736280964144e-21 7.070035954386507e-21 7.070338419358984e-21 
7.042957857441256e-21 7.043007943264032e-21 7.043058496249185e-21 7.043109520752105e-21 7.043161021168769e-21 7.043213001936107e-21 7.043265467532389e-21 7.0433184224776e-21 7.043371871333849e-21 7.043425818705732e-21 7.04348026924075e-21 7.043535227629707e-21 7.043590698607095e-21 7.043646686951522e-21 7.043703197486112e-21 7.043760235078916e-21 7.043817804643336e-21 7.043875911138554e-21 7.043934559569936e-21 7.043993754989489e-21 7.044053502496267e-21 7.044113807236837e-21 7.044174674405701e-21 7.044236109245746e-21 7.044298117048703e-21 7.044360703155592e-21 7.044423872957181e-21 7.044487631894456e-21 7.044551985459081e-21 7.044616939193874e-21 7.04468249869328e-21 7.044748669603851e-21 7.044815457624741e-21 7.044882868508178e-21 7.044950908059963e-21 7.045019582139987e-21 7.045088896662705e-21 7.045158857597664e-21 7.045229470970009e-21 7.045300742860997e-21 7.045372679408531e-21 7.045445286807666e-21 7.045518571311164e-21 7.045592539230014e-21 7.045667196933983e-21 7.045742550852153e-21 7.04581860747349e-21 7.045895373347376e-21 7.045972855084196e-21 7.046051059355889e-21 7.046129992896527e-21 7.046209662502892e-21 7.046290075035061e-21 7.046371237416982e-21 7.046453156637098e-21 7.046535839748908e-21 7.046619293871602e-21 7.04670352619066e-21 7.046788543958467e-21 7.046874354494939e-21 7.046960965188152e-21 
7.039124549080782e-21 7.03913887406282e-21 7.039153332712279e-21 7.039167926276119e-21 7.039182656012936e-21 7.039197523193056e-21 7.039212529098655e-21 7.03922767502387e-21 7.039242962274894e-21 7.039258392170116e-21 7.039273966040207e-21 7.039289685228251e-21 7.039305551089859e-21 7.039321564993279e-21 7.039337728319521e-21 7.039354042462473e-21 7.039370508829016e-21 7.039387128839157e-21 7.039403903926137e-21 7.039420835536572e-21 7.039437925130555e-21 7.039455174181806e-21 7.039472584177776e-21 7.039490156619791e-21 7.039507893023179e-21 7.039525794917394e-21 7.039543863846149e-21 7.039562101367558e-21 7.039580509054259e-21 7.03959908849355e-21 7.039617841287536e-21 7.039636769053262e-21 7.039655873422844e-21 7.039675156043614e-21 7.039694618578273e-21 7.039714262705021e-21 7.039734090117699e-21 7.039754102525955e-21 7.039774301655362e-21 7.039794689247594e-21 7.039815267060555e-21 7.039836036868544e-21 7.039857000462403e-21 7.039878159649669e-21 7.039899516254733e-21 7.039921072118995e-21 7.039942829101022e-21 7.039964789076709e-21 7.039986953939444e-21 7.040009325600264e-21 7.040031905988022e-21 7.040054697049557e-21 7.040077700749859e-21 7.040100919072231e-21 7.040124354018474e-21 7.040148007609048e-21 7.040171881883247e-21 7.040195978899384e-21 7.040220300734952e-21 7.040244849486818e-21 7.040269627271396e-21 
7.038028378142165e-21 7.038032473657139e-21 7.038036607396044e-21 7.038040779715585e-21 7.038044990975793e-21 7.038049241540059e-21 7.038053531775166e-21 7.038057862051309e-21 7.038062232742154e-21 7.038066644224843e-21 7.038071096880034e-21 7.038075591091941e-21 7.038080127248365e-21 7.038084705740721e-21 7.038089326964077e-21 7.03809399131719e-21 7.038098699202531e-21 7.038103451026331e-21 7.038108247198609e-21 7.03811308813321e-21 7.038117974247841e-21 7.038122905964106e-21 7.038127883707538e-21 7.038132907907647e-21 7.038137978997946e-21 7.038143097415991e-21 7.038148263603428e-21 7.03815347800601e-21 7.038158741073663e-21 7.038164053260503e-21 7.038169415024882e-21 7.03817482682943e-21 7.038180289141095e-21 7.038185802431178e-21 7.038191367175379e-21 7.038196983853833e-21 7.03820265295116e-21 7.038208374956494e-21 7.038214150363541e-21 7.038219979670602e-21 7.038225863380638e-21 7.038231802001293e-21 7.038237796044953e-21 7.038243846028781e-21 7.038249952474764e-21 7.038256115909762e-21 7.038262336865547e-21 7.038268615878855e-21 7.038274953491424e-21 7.038281350250052e-21 7.038287806706635e-21 7.038294323418215e-21 7.038300900947033e-21 7.03830753986058e-21 7.03831424073163e-21 7.038321004138311e-21 7.038327830664137e-21 7.038334720898071e-21 7.038341675434564e-21 7.038348694873615e-21 7.038355779820825e-21 
7.038410219499091e-21 7.038417630446663e-21 7.038425108314166e-21 7.038432653705776e-21 7.038440267231121e-21 7.03844794950533e-21 7.038455701149081e-21 7.038463522788661e-21 7.038471415056005e-21 7.038479378588754e-21 7.038487414030302e-21 7.038495522029855e-21 7.038503703242471e-21 7.038511958329126e-21 7.038520287956758e-21 7.03852869279833e-21 7.038537173532872e-21 7.038545730845548e-21 7.038554365427703e-21 7.038563077976923e-21 7.038571869197089e-21 7.038580739798435e-21 7.038589690497609e-21 7.038598722017721e-21 7.038607835088408e-21 7.038617030445897e-21 7.038626308833055e-21 7.038635670999455e-21 7.038645117701435e-21 7.038654649702161e-21 7.038664267771683e-21 7.038673972687002e-21 7.038683765232133e-21 7.038693646198165e-21 7.038703616383328e-21 7.038713676593053e-21 7.038723827640046e-21 7.03873407034434e-21 7.038744405533373e-21 7.03875483404205e-21 7.038765356712808e-21 7.038775974395694e-21 7.038786687948417e-21 7.038797498236432e-21 7.038808406133003e-21 7.038819412519277e-21 7.038830518284351e-21 7.038841724325342e-21 7.038853031547469e-21 7.038864440864119e-21 7.038875953196918e-21 7.038887569475809e-21 7.038899290639134e-21 7.038911117633696e-21 7.038923051414844e-21 7.038935092946551e-21 7.03894724320148e-21 7.038959503161086e-21 7.038971873815666e-21 7.03898435616446e-21 7.038996951215731e-21 
7.040460020176341e-21 7.040485937530629e-21 7.040512088845135e-21 7.040538476231169e-21 7.040565101819086e-21 7.040591967758458e-21 7.040619076218242e-21 7.040646429386958e-21 7.040674029472866e-21 7.040701878704151e-21 7.040729979329082e-21 7.040758333616215e-21 7.040786943854566e-21 7.040815812353793e-21 7.040844941444386e-21 7.040874333477856e-21 7.040903990826923e-21 7.040933915885704e-21 7.040964111069908e-21 7.040994578817036e-21 7.041025321586565e-21 7.04105634186016e-21 7.041087642141865e-21 7.041119224958308e-21 7.041151092858902e-21 7.041183248416047e-21 7.041215694225357e-21 7.041248432905837e-21 7.041281467100124e-21 7.041314799474679e-21 7.041348432720012e-21 7.041382369550898e-21 7.041416612706592e-21 7.041451164951054e-21 7.041486029073164e-21 7.041521207886959e-21 7.041556704231844e-21 7.041592520972838e-21 7.041628661000788e-21 7.041665127232614e-21 7.041701922611538e-21 7.041739050107321e-21 7.041776512716503e-21 7.041814313462652e-21 7.041852455396588e-21 7.041890941596652e-21 7.041929775168933e-21 7.041968959247537e-21 7.042008496994824e-21 7.042048391601667e-21 7.042088646287716e-21 7.042129264301651e-21 7.042170248921439e-21 7.042211603454607e-21 7.042253331238506e-21 7.04229543564057e-21 7.042337920058606e-21 7.042380787921047e-21 7.042424042687245e-21 7.042467687847737e-21 7.042511726924532e-21 
7.047626490900272e-21 7.047717081300712e-21 7.047808489016271e-21 7.047900721416362e-21 7.047993785936773e-21 7.048087690080283e-21 7.048182441417257e-21 7.048278047586248e-21 7.04837451629462e-21 7.048471855319163e-21 7.04857007250672e-21 7.048669175774809e-21 7.048769173112272e-21 7.048870072579904e-21 7.048971882311105e-21 7.049074610512537e-21 7.049178265464773e-21 7.049282855522974e-21 7.049388389117555e-21 7.04949487475485e-21 7.049602321017822e-21 7.049710736566717e-21 7.04982013013979e-21 7.049930510553989e-21 7.050041886705673e-21 7.050154267571312e-21 7.050267662208223e-21 7.050382079755286e-21 7.050497529433688e-21 7.050614020547645e-21 7.050731562485171e-21 7.050850164718816e-21 7.05096983680643e-21 7.051090588391933e-21 7.051212429206083e-21 7.051335369067266e-21 7.051459417882268e-21 7.05158458564709e-21 7.051710882447734e-21 7.051838318461019e-21 7.051966903955398e-21 7.052096649291773e-21 7.052227564924341e-21 7.052359661401425e-21 7.052492949366311e-21 7.052627439558116e-21 7.052763142812643e-21 7.052900070063254e-21 7.053038232341736e-21 7.053177640779199e-21 7.053318306606958e-21 7.053460241157447e-21 7.053603455865107e-21 7.053747962267321e-21 7.053893772005338e-21 7.054040896825195e-21 7.054189348578663e-21 7.054339139224205e-21 7.054490280827924e-21 7.05464278556454e-21 7.054796665718358e-21 
7.072662575883245e-21 7.072978914453837e-21 7.073298104061559e-21 7.073620170372407e-21 7.073945139283039e-21 7.074273036922838e-21 7.074603889655989e-21 7.074937724083606e-21 7.075274567045826e-21 7.075614445623976e-21 7.07595738714272e-21 7.076303419172249e-21 7.07665256953047e-21 7.077004866285238e-21 7.077360337756589e-21 7.077719012519e-21 7.078080919403668e-21 7.078446087500814e-21 7.078814546162003e-21 7.079186325002478e-21 7.079561453903531e-21 7.079939963014887e-21 7.080321882757097e-21 7.080707243823978e-21 7.081096077185052e-21 7.081488414088019e-21 7.081884286061245e-21 7.082283724916282e-21 7.082686762750397e-21 7.083093431949135e-21 7.083503765188901e-21 7.083917795439563e-21 7.084335555967079e-21 7.084757080336148e-21 7.085182402412891e-21 7.08561155636754e-21 7.086044576677169e-21 7.086481498128435e-21 7.086922355820353e-21 7.087367185167093e-21 7.087816021900799e-21 7.088268902074432e-21 7.088725862064651e-21 7.089186938574703e-21 7.089652168637348e-21 7.090121589617801e-21 7.090595239216728e-21 7.091073155473217e-21 7.091555376767837e-21 7.092041941825673e-21 7.09253288971942e-21 7.093028259872481e-21 7.093528092062125e-21 7.094032426422625e-21 7.094541303448483e-21 7.095054763997628e-21 7.095572849294675e-21 7.096095600934213e-21 7.096623060884104e-21 7.097155271488818e-21 7.097692275472823e-21 
7.160001055567544e-21 7.161103696124948e-21 7.162216254812252e-21 7.163338820651101e-21 7.164471483459583e-21 7.165614333859312e-21 7.166767463282592e-21 7.167930963979626e-21 7.169104929025799e-21 7.170289452329016e-21 7.171484628637121e-21 7.172690553545362e-21 7.17390732350394e-21 7.175135035825607e-21 7.176373788693352e-21 7.177623681168132e-21 7.178884813196687e-21 7.18015728561942e-21 7.181441200178346e-21 7.18273665952511e-21 7.184043767229076e-21 7.185362627785487e-21 7.186693346623701e-21 7.188036030115498e-21 7.189390785583457e-21 7.190757721309401e-21 7.192136946542941e-21 7.193528571510063e-21 7.194932707421818e-21 7.196349466483066e-21 7.197778961901314e-21 7.199221307895631e-21 7.200676619705621e-21 7.202145013600512e-21 7.20362660688828e-21 7.205121517924897e-21 7.206629866123626e-21 7.208151771964422e-21 7.209687357003398e-21 7.211236743882389e-21 7.212800056338587e-21 7.214377419214275e-21 7.215968958466627e-21 7.217574801177629e-21 7.219195075564029e-21 7.220829910987447e-21 7.222479437964503e-21 7.224143788177104e-21 7.225823094482751e-21 7.227517490924999e-21 7.229227112743954e-21 7.230952096386913e-21 7.232692579519063e-21 7.234448701034283e-21 7.236220601066052e-21 7.238008420998426e-21 7.239812303477157e-21 7.24163239242085e-21 7.243468833032275e-21 7.245321771809732e-21 7.247191356558567e-21 
7.463867439679859e-21 7.467697828273475e-21 7.471562543955812e-21 7.475461893120573e-21 7.479396184879502e-21 7.483365731086256e-21 7.487370846360512e-21 7.491411848112245e-21 7.495489056566271e-21 7.499602794786942e-21 7.503753388703095e-21 7.507941167133208e-21 7.512166461810758e-21 7.516429607409824e-21 7.520730941570892e-21 7.525070804926889e-21 7.529449541129435e-21 7.53386749687535e-21 7.538325021933339e-21 7.542822469170966e-21 7.547360194581816e-21 7.551938557312898e-21 7.556557919692328e-21 7.56121864725718e-21 7.56592110878163e-21 7.570665676305336e-21 7.57545272516204e-21 7.580282634008434e-21 7.58515578485327e-21 7.590072563086724e-21 7.595033357510017e-21 7.600038560365269e-21 7.605088567365641e-21 7.61018377772572e-21 7.615324594192154e-21 7.620511423074579e-21 7.625744674276798e-21 7.631024761328207e-21 7.63635210141553e-21 7.64172711541481e-21 7.647150227923652e-21 7.652621867293791e-21 7.658142465663891e-21 7.663712458992671e-21 7.669332287092263e-21 7.675002393661907e-21 7.680723226321906e-21 7.686495236647892e-21 7.692318880205338e-21 7.698194616584479e-21 7.704122909435346e-21 7.710104226503313e-21 7.716139039664782e-21 7.722227824963251e-21 7.728371062645706e-21 7.734569237199256e-21 7.740822837388144e-21 7.747132356291054e-21 7.75349829133873e-21 7.759921144351898e-21 7.76640142157962e-21 
8.51580405882207e-21 8.529026183881475e-21 8.542365985616905e-21 8.555824503379566e-21 8.569402785593036e-21 8.583101889831023e-21 8.596922882895734e-21 8.610866840896927e-21 8.624934849331614e-21 8.639128003164384e-21 8.653447406908502e-21 8.667894174707532e-21 8.68246943041777e-21 8.697174307691271e-21 8.712009950059617e-21 8.726977511018358e-21 8.742078154112147e-21 8.757313053020581e-21 8.772683391644785e-21 8.78819036419468e-21 8.803835175276938e-21 8.819619039983767e-21 8.83554318398231e-21 8.8516088436049e-21 8.867817265939932e-21 8.884169708923591e-21 8.900667441432322e-21 8.917311743375968e-21 8.934103905791796e-21 8.951045230939249e-21 8.968137032395443e-21 8.985380635151495e-21 9.002777375709656e-21 9.020328602181165e-21 9.038035674385003e-21 9.055899963947404e-21 9.073922854402175e-21 9.092105741291865e-21 9.110450032269743e-21 9.128957147202677e-21 9.147628518274705e-21 9.166465590091647e-21 9.185469819786396e-21 9.204642677125274e-21 9.223985644614958e-21 9.243500217610597e-21 9.263187904424617e-21 9.283050226436506e-21 9.30308871820336e-21 9.323304927571609e-21 9.34370041578925e-21 9.364276757619417e-21 9.385035541454524e-21 9.405978369431557e-21 9.427106857548308e-21 9.448422635780291e-21 9.469927348199e-21 9.491622653090812e-21 9.513510223077006e-21 9.535591745234656e-21 9.55786892121873e-21 
1.212367116775965e-20 1.216877687968389e-20 1.221427884038183e-20 1.226018048029587e-20 1.230648525888929e-20 1.235319666488256e-20 1.240031821649164e-20 1.244785346166795e-20 1.249580597834036e-20 1.254417937465873e-20 1.259297728923966e-20 1.264220339141375e-20 1.269186138147506e-20 1.274195499093213e-20 1.279248798276127e-20 1.28434641516614e-20 1.289488732431112e-20 1.294676135962746e-20 1.299909014902684e-20 1.305187761668778e-20 1.310512771981569e-20 1.315884444890966e-20 1.321303182803118e-20 1.326769391507502e-20 1.332283480204191e-20 1.337845861531344e-20 1.343456951592915e-20 1.349117169986524e-20 1.354826939831578e-20 1.360586687797586e-20 1.366396844132691e-20 1.372257842692394e-20 1.378170120968526e-20 1.384134120118404e-20 1.390150284994213e-20 1.396219064172625e-20 1.402340909984601e-20 1.408516278545437e-20 1.414745629785035e-20 1.421029427478392e-20 1.427368139276287e-20 1.433762236736249e-20 1.440212195353696e-20 1.446718494593363e-20 1.453281617920875e-20 1.459902052834645e-20 1.466580290897939e-20 1.473316827771219e-20 1.480112163244661e-20 1.486966801271023e-20 1.493881249998588e-20 1.500856021804519e-20 1.507891633328322e-20 1.514988605505622e-20 1.522147463602193e-20 1.529368737248153e-20 1.53665296047252e-20 1.544000671737916e-20 1.55141241397559e-20 1.55888873462063e-20 1.566430185647527e-20 
2.428524085307807e-20 2.443577227803081e-20 2.458759395700271e-20 2.474071663688618e-20 2.489515114994858e-20 2.505090841445558e-20 2.520799943529802e-20 2.53664353046228e-20 2.552622720246783e-20 2.568738639740012e-20 2.584992424715865e-20 2.601385219930029e-20 2.617918179185009e-20 2.63459246539554e-20 2.651409250654382e-20 2.668369716298483e-20 2.685475052975599e-20 2.702726460711242e-20 2.720125148976064e-20 2.737672336753619e-20 2.755369252608532e-20 2.773217134755057e-20 2.791217231126053e-20 2.809370799442343e-20 2.827679107282464e-20 2.846143432152852e-20 2.864765061558451e-20 2.883545293073611e-20 2.902485434413536e-20 2.921586803506061e-20 2.940850728563835e-20 2.960278548156934e-20 2.979871611285904e-20 2.999631277455151e-20 3.01955891674678e-20 3.039655909894896e-20 3.059923648360196e-20 3.080363534405092e-20 3.100976981169167e-20 3.121765412745137e-20 3.142730264255116e-20 3.163872981927339e-20 3.185195023173359e-20 3.206697856665675e-20 3.228382962415544e-20 3.250251831851545e-20 3.272305967898341e-20 3.294546885055967e-20 3.316976109479369e-20 3.339595179058739e-20 3.362405643499698e-20 3.385409064404515e-20 3.408607015353251e-20 3.432001081985602e-20 3.455592862083174e-20 3.479383965651913e-20 3.503376015005314e-20 3.527570644847786e-20 3.551969502358574e-20 3.576574247275978e-20 3.601386551982225e-20 
6.398764661130066e-20 6.447002085242732e-20 6.495633976923717e-20 6.544663378331855e-20 6.594093352699938e-20 6.643926984449334e-20 6.694167379304849e-20 6.744817664409624e-20 6.795880988440453e-20 6.84736052172303e-20 6.899259456347501e-20 6.951581006284094e-20 7.004328407499038e-20 7.057504918070395e-20 7.111113818304295e-20 7.165158410850974e-20 7.219642020821337e-20 7.2745679959032e-20 7.329939706477957e-20 7.385760545737238e-20 7.442033929799543e-20 7.498763297827115e-20 7.555952112142802e-20 7.613603858346995e-20 7.671722045434528e-20 7.730310205911771e-20 7.789371895913732e-20 7.848910695320952e-20 7.908930207876721e-20 7.969434061304104e-20 8.030425907422984e-20 8.091909422267149e-20 8.153888306201343e-20 8.216366284038092e-20 8.279347105154742e-20 8.342834543610372e-20 8.406832398262409e-20 8.471344492883389e-20 8.536374676277611e-20 8.601926822397615e-20 8.668004830460467e-20 8.734612625064084e-20 8.801754156303083e-20 8.869433399885299e-20 8.937654357246781e-20 9.006421055667808e-20 9.075737548388274e-20 9.145607914722816e-20 9.216036260175354e-20 9.287026716554678e-20 9.358583442087878e-20 9.430710621535336e-20 9.503412466304099e-20 9.576693214561722e-20 9.650557131349777e-20 9.725008508696273e-20 9.80005166572889e-20 9.875690948786906e-20 9.951930731533314e-20 1.002877541506601e-19 1.010622942802945e-19 
1.862090158905035e-19 1.876438224412222e-19 1.89089332475847e-19 1.905456159561524e-19 1.920127431765724e-19 1.93490784764133e-19 1.949798116783643e-19 1.964798952111777e-19 1.97991106986722e-19 1.995135189612063e-19 2.010472034226933e-19 2.025922329908676e-19 2.041486806167712e-19 2.057166195825067e-19 2.072961235009161e-19 2.088872663152213e-19 2.104901222986392e-19 2.121047660539591e-19 2.137312725130937e-19 2.153697169365934e-19 2.170201749131266e-19 2.186827223589291e-19 2.203574355172194e-19 2.220443909575766e-19 2.237436655752835e-19 2.254553365906375e-19 2.271794815482245e-19 2.289161783161512e-19 2.306655050852482e-19 2.324275403682299e-19 2.342023629988201e-19 2.359900521308357e-19 2.377906872372381e-19 2.396043481091354e-19 2.414311148547538e-19 2.432710678983666e-19 2.451242879791758e-19 2.469908561501638e-19 2.48870853776892e-19 2.507643625362698e-19 2.526714644152653e-19 2.545922417095869e-19 2.565267770223096e-19 2.584751532624764e-19 2.604374536436218e-19 2.624137616822827e-19 2.644041611964501e-19 2.664087363039729e-19 2.684275714209085e-19 2.704607512598565e-19 2.725083608281951e-19 2.745704854263194e-19 2.766472106457934e-19 2.787386223674719e-19 2.808448067595764e-19 2.829658502756943e-19 2.851018396527612e-19 2.872528619089675e-19 2.894190043416226e-19 2.916003545249574e-19 2.937970003078965e-19 
5.246273893497867e-19 5.283572797526391e-19 5.321101949531193e-19 5.358862314705538e-19 5.396854856711304e-19 5.435080537592564e-19 5.473540317688207e-19 5.512235155543643e-19 5.551166007821537e-19 5.590333829211553e-19 5.629739572339176e-19 5.669384187673551e-19 5.70926862343433e-19 5.749393825497609e-19 5.789760737300852e-19 5.83037029974679e-19 5.871223451106509e-19 5.912321126921337e-19 5.953664259903946e-19 5.995253779838398e-19 6.037090613479134e-19 6.079175684449122e-19 6.121509913136938e-19 6.164094216592884e-19 6.20692950842405e-19 6.250016698688531e-19 6.293356693788567e-19 6.336950396362676e-19 6.380798705176837e-19 6.424902515014698e-19 6.46926271656677e-19 6.513880196318589e-19 6.558755836438106e-19 6.603890514661732e-19 6.649285104179671e-19 6.694940473520294e-19 6.740857486433247e-19 6.787037001771874e-19 6.833479873374493e-19 6.880186949944814e-19 6.927159074931194e-19 6.974397086405109e-19 7.021901816938522e-19 7.069674093480431e-19 7.117714737232179e-19 7.16602456352202e-19 7.214604381678813e-19 7.263454994904474e-19 7.312577200145442e-19 7.36197178796386e-19 7.411639542406632e-19 7.461581240874763e-19 7.511797653990827e-19 7.562289545465992e-19 7.61305767196615e-19 7.664102782976556e-19 7.715425620666331e-19 7.767026919751436e-19 7.818907407357039e-19 7.871067802878643e-19 7.923508817843001e-19 
1.301769821768792e-18 1.309400306217136e-18 1.317060563658856e-18 1.324750546074766e-18 1.332470203293663e-18 1.340219482975624e-18 1.347998330595357e-18 1.355806689425629e-18 1.363644500520763e-18 1.371511702700189e-18 1.379408232532089e-18 1.38733402431711e-18 1.395289010072157e-18 1.403273119514272e-18 1.411286280044609e-18 1.419328416732473e-18 1.427399452299495e-18 1.435499307103861e-18 1.443627899124669e-18 1.451785143946386e-18 1.459970954743403e-18 1.468185242264706e-18 1.476427914818671e-18 1.484698878257969e-18 1.492998035964574e-18 1.501325288834937e-18 1.509680535265257e-18 1.518063671136891e-18 1.526474589801912e-18 1.534913182068782e-18 1.543379336188207e-18 1.551872937839075e-18 1.560393870114639e-18 1.568942013508759e-18 1.577517245902352e-18 1.586119442550014e-18 1.594748476066762e-18 1.603404216414994e-18 1.612086530891582e-18 1.620795284115184e-18 1.629530338013687e-18 1.638291551811878e-18 1.647078782019279e-18 1.655891882418196e-18 1.664730704051924e-18 1.673595095213188e-18 1.682484901432799e-18 1.691399965468486e-18 1.700340127293903e-18 1.709305224088012e-18 1.718295090224433e-18 1.727309557261278e-18 1.736348453931017e-18 1.74541160613067e-18 1.754498836912254e-18 1.763609966473359e-18 1.772744812148108e-18 1.781903188398255e-18 1.791084906804592e-18 1.80028977605856e-18 1.809517601954216e-18 
2.592254570418439e-18 2.602427195374353e-18 2.612597179037228e-18 2.622764093470331e-18 2.632927508424718e-18 2.643086991364542e-18 2.653242107492863e-18 2.663392419777878e-18 2.673537488979699e-18 2.683676873677521e-18 2.693810130297317e-18 2.703936813139983e-18 2.714056474409941e-18 2.724168664244231e-18 2.734272930742054e-18 2.744368819994775e-18 2.75445587611642e-18 2.764533641274594e-18 2.774601655721891e-18 2.784659457827756e-18 2.794706584110796e-18 2.804742569271546e-18 2.814766946225708e-18 2.82477924613784e-18 2.834778998455442e-18 2.844765730943568e-18 2.854738969719849e-18 2.864698239289926e-18 2.874643062583386e-18 2.884572960990076e-18 2.894487454396903e-18 2.904386061225004e-18 2.914268298467437e-18 2.924133681727186e-18 2.933981725255669e-18 2.943811941991663e-18 2.953623843600567e-18 2.963416940514184e-18 2.973190741970814e-18 2.982944756055849e-18 2.992678489742656e-18 3.002391448933957e-18 3.012083138503539e-18 3.021753062338401e-18 3.031400723381211e-18 3.041025623673213e-18 3.050627264397501e-18 3.060205145922629e-18 3.069758767846564e-18 3.07928762904114e-18 3.088791227696634e-18 3.098269061366932e-18 3.107720627014864e-18 3.11714542105797e-18 3.126542939414596e-18 3.135912677550243e-18 3.145254130524356e-18 3.154566793037326e-18 3.163850159477872e-18 3.173103723970654e-18 3.182326980424304e-18 
3.774633763976451e-18 3.779848290296705e-18 3.784995439025967e-18 3.790074863915774e-18 3.795086222764067e-18 3.800029177458898e-18 3.804903394021655e-18 3.809708542649835e-18 3.814444297759392e-18 3.819110338026582e-18 3.823706346429359e-18 3.828232010288265e-18 3.832687021306846e-18 3.837071075611554e-18 3.841383873791156e-18 3.845625120935612e-18 3.849794526674428e-18 3.853891805214494e-18 3.857916675377362e-18 3.861868860635986e-18 3.865748089150903e-18 3.869554093805865e-18 3.873286612242866e-18 3.876945386896639e-18 3.880530165028525e-18 3.884040698759777e-18 3.887476745104261e-18 3.890838066000536e-18 1.26428259594e-21 1.26428259594e-21 1.26428259594e-21 1.26428259594e-21 1.26428259594e-21 3.909424053839788e-18 3.912256051006656e-18 3.915011599169044e-18 3.917690505928825e-18 3.920292584098764e-18 3.922817651727555e-18 3.925265532124154e-18 3.927636053881416e-18 3.929929050899083e-18 3.932144362406054e-18 3.934281832981962e-18 3.936341312578037e-18 3.938322656537298e-18 3.94022572561399e-18 3.942050385992345e-18 3.943796509304582e-18 3.945463972648235e-18 3.947052658602704e-18 3.94856245524512e-18 3.949993256165436e-18 3.951344960480815e-18 3.952617472849252e-18 3.953810703482481e-18 3.954924568158106e-18 3.955958988231008e-18 3.956913890643989e-18 3.957789207937659e-18 3.958584878259583e-18 
3.772721775621519e-18 3.767415946625483e-18 3.762043574216457e-18 3.756605017926845e-18 3.751100641139942e-18 3.745530811044057e-18 3.739895898586216e-18 3.734196278425525e-18 3.728432328886137e-18 3.722604431909901e-18 3.716712973008605e-18 3.710758341215947e-18 3.704740929039127e-18 3.698661132410143e-18 3.692519350636757e-18 3.686315986353205e-18 3.680051445470547e-18 3.673726137126805e-18 3.66734047363677e-18 3.660894870441588e-18 3.65438974605808e-18 3.6478255220278e-18 3.641202622865896e-18 3.634521476009699e-18 3.627782511767152e-18 3.620986163264981e-18 3.614132866396717e-18 1.26428259594e-21 1.26428259594e-21 1.26428259594e-21 1.26428259594e-21 1.26428259594e-21 1.26428259594e-21 1.26428259594e-21 3.557309529048971e-18 3.549963742652376e-18 3.542565507437933e-18 3.535115286255573e-18 3.527613544086256e-18 3.520060747988312e-18 3.512457367043703e-18 3.50480387230424e-18 3.497100736737766e-18 3.489348435174266e-18 3.481547444252021e-18 3.473698242363701e-18 3.465801309602417e-18 3.457857127707859e-18 3.449866180012423e-18 3.441828951387258e-18 3.433745928188535e-18 3.425617598203558e-18 3.417444450597075e-18 3.409226975857548e-18 3.400965665743514e-18 3.39266101323008e-18 3.384313512455398e-18 3.375923658667308e-18 3.367491948170059e-18 3.359018878271152e-18 3.350504947228248e-18 
2.588556483277494e-18 2.578380942276271e-18 2.568203762067459e-18 2.558025362631098e-18 2.54784616153007e-18 2.537666573887308e-18 2.527487012363478e-18 2.517307887135152e-18 2.507129605873436e-18 2.496952573723066e-18 2.486777193281995e-18 2.476603864581426e-18 2.466432985066333e-18 2.456264949576444e-18 2.446100150327682e-18 2.435938976894095e-18 2.425781816190225e-18 2.415629052453956e-18 2.40548106722983e-18 2.395338239352812e-18 2.385200944932525e-18 2.375069557337937e-18 2.364944447182504e-18 2.354825982309772e-18 2.344714527779456e-18 2.334610445853921e-18 1.26428259594e-21 1.26428259594e-21 1.26428259594e-21 1.26428259594e-21 1.26428259594e-21 1.26428259594e-21 1.26428259594e-21 1.26428259594e-21 1.26428259594e-21 2.234052792715477e-18 2.224052906557013e-18 2.214064517656993e-18 2.204087950886751e-18 2.194123528177703e-18 2.184171568514419e-18 2.174232387928049e-18 2.164306299490192e-18 2.154393613307136e-18 2.144494636514586e-18 2.134609673272717e-18 2.124739024761618e-18 2.114882989177212e-18 2.105041861727548e-18 2.095215934629357e-18 2.085405497105249e-18 2.075610835381014e-18 2.065832232683524e-18 2.0560699692389e-18 2.046324322271042e-18 2.036595566000641e-18 2.026883971644418e-18 2.017189807414834e-18 2.0075133385201e-18 1.997854827164611e-18 1.988214532549622e-18 
1.299003702387434e-18 1.291413886249983e-18 1.28385394814142e-18 1.276323928965979e-18 1.268823867549409e-18 1.261353800655954e-18 1.253913763005378e-18 1.246503787290037e-18 1.239123904191971e-18 1.231774142400056e-18 1.224454528627156e-18 1.217165087627332e-18 1.209905842213063e-18 1.202676813272489e-18 1.195478019786676e-18 1.188309478846918e-18 1.181171205672008e-18 1.174063213625579e-18 1.166985514233412e-18 1.159938117200769e-18 1.152921030429733e-18 1.145934260036552e-18 1.138977810368962e-18 1.132051684023538e-18 1.125155881863031e-18 1.26428259594e-21 1.26428259594e-21 1.26428259594e-21 1.26428259594e-21 1.26428259594e-21 1.26428259594e-21 1.26428259594e-21 1.26428259594e-21 1.26428259594e-21 1.26428259594e-21 1.26428259594e-21 1.044769565308031e-18 1.038267298646574e-18 1.031795195873462e-18 1.025353233914234e-18 1.018941388235564e-18 1.01255963286218e-18 1.006207940393759e-18 9.998862820217577e-19 9.935946275462479e-19 9.873329453926527e-19 9.811012026284447e-19 9.748993649798193e-19 9.687273968483252e-19 9.625852613273501e-19 9.564729202187151e-19 9.503903340490346e-19 9.443374620861657e-19 9.383142623555087e-19 9.323206916562636e-19 9.26356705577679e-19 9.204222585151544e-19 9.14517303686345e-19 9.086417931471636e-19 9.027956778077551e-19 8.969789074483333e-19 
5.23277346350879e-19 5.195786939525257e-19 5.159028376711078e-19 5.122496805343773e-19 5.086191254535431e-19 5.050110752314056e-19 5.014254325703973e-19 4.978621000805362e-19 4.943209802872756e-19 4.90801975639273e-19 4.873049885160617e-19 4.83829921235632e-19 4.803766760619188e-19 4.769451552122064e-19 4.735352608644292e-19 4.701468951644041e-19 4.667799602329456e-19 4.634343581729164e-19 4.601099910761782e-19 4.568067610304534e-19 4.535245701261052e-19 4.502633204628234e-19 4.470229141562303e-19 4.438032533443928e-19 4.406042401942602e-19 1.26428259594e-21 1.26428259594e-21 1.26428259594e-21 1.26428259594e-21 1.26428259594e-21 1.26428259594e-21 1.26428259594e-21 1.26428259594e-21 1.26428259594e-21 1.26428259594e-21 1.26428259594e-21 4.037910552325532e-19 4.008515831968727e-19 3.979313955930623e-19 3.950303957359594e-19 3.921484870608892e-19 3.89285573128703e-19 3.864415576307453e-19 3.836163443937518e-19 3.808098373846658e-19 3.780219407153811e-19 3.752525586473988e-19 3.725015955964299e-19 3.697689561369225e-19 3.670545450064796e-19 3.643582671102708e-19 3.616800275253019e-19 3.590197315046664e-19 3.563772844816978e-19 3.53752592074051e-19 3.511455600877396e-19 3.485560945210693e-19 3.459841015685294e-19 3.434294876246031e-19 3.408921592875214e-19 3.383720233629266e-19 
1.856901353063364e-19 1.842698105838378e-19 1.828600253145881e-19 1.814607106558176e-19 1.800717980973835e-19 1.786932194616949e-19 1.773249069036089e-19 1.759667929103092e-19 1.746188103011531e-19 1.732808922275008e-19 1.71952972172517e-19 1.706349839509525e-19 1.693268617089011e-19 1.680285399235365e-19 1.667399534028231e-19 1.654610372852115e-19 1.641917270393065e-19 1.62931958463518e-19 1.616816676856901e-19 1.604407911627104e-19 1.592092656800999e-19 1.579870283515817e-19 1.567740166186322e-19 1.555701682500119e-19 1.543754213412817e-19 1.26428259594e-21 1.26428259594e-21 1.26428259594e-21 1.26428259594e-21 1.26428259594e-21 1.26428259594e-21 1.26428259594e-21 1.26428259594e-21 1.26428259594e-21 1.26428259594e-21 1.26428259594e-21 1.407262828258733e-19 1.396443692901811e-19 1.385707245520617e-19 1.375052915390013e-19 1.364480134952321e-19 1.353988339809772e-19 1.343576968716796e-19 1.333245463572261e-19 1.322993269411511e-19 1.31281983439832e-19 1.30272460981669e-19 1.292707050062566e-19 1.282766612635461e-19 1.272902758129832e-19 1.263114950226567e-19 1.253402655684128e-19 1.243765344329768e-19 1.23420248905056e-19 1.224713565784297e-19 1.215298053510406e-19 1.205955434240632e-19 1.196685193009725e-19 1.187486817865986e-19 1.17835979986177e-19 1.169303633043804e-19 
6.381328621261635e-20 6.333624180723736e-20 6.28630710078419e-20 6.239374409327474e-20 6.192823154814274e-20 6.14665040616802e-20 6.100853252661574e-20 6.055428803804285e-20 6.010374189229204e-20 5.965686558580495e-20 5.92136308140126e-20 5.877400947021456e-20 5.833797364446195e-20 5.790549562244286e-20 5.747654788436937e-20 5.705110310387022e-20 5.662913414688246e-20 5.621061407054933e-20 5.579551612211953e-20 5.538381373784947e-20 5.497548054190915e-20 5.457049034529057e-20 5.416881714471949e-20 5.377043512157045e-20 5.337531864078495e-20 1.26428259594e-21 1.26428259594e-21 1.26428259594e-21 1.26428259594e-21 1.26428259594e-21 1.26428259594e-21 1.26428259594e-21 1.26428259594e-21 1.26428259594e-21 1.26428259594e-21 1.26428259594e-21 4.887954789828962e-20 4.852463225228701e-20 4.817264193442636e-20 4.782355393561312e-20 4.747734541347436e-20 4.713399369133588e-20 4.679347625720334e-20 4.645577076274836e-20 4.612085502229729e-20 4.578870701182468e-20 4.545930486794869e-20 4.51326268869328e-20 4.480865152369171e-20 4.448735739079608e-20 4.416872325748985e-20 4.38527280487024e-20 4.353935084407175e-20 4.322857087696793e-20 4.292036753352032e-20 4.26147203516523e-20 4.231160902011557e-20 4.20110133775317e-20 4.171291341143621e-20 4.141728925732822e-20 4.11241211977212e-20 
2.423084376961769e-20 2.408205441324743e-20 2.393453024663329e-20 2.378826080551594e-20 2.364323570833588e-20 2.349944465563033e-20 2.335687742943391e-20 2.321552389268329e-20 2.307537398862485e-20 2.293641774022697e-20 2.279864524959512e-20 2.266204669739111e-20 2.252661234225588e-20 2.239233252023579e-20 2.225919764421259e-20 2.212719820333733e-20 2.199632476246696e-20 2.186656796160557e-20 2.173791851534851e-20 2.161036721233019e-20 2.148390491467544e-20 2.135852255745449e-20 2.123421114814128e-20 2.11109617660752e-20 2.09887655619265e-20 1.26428259594e-21 1.26428259594e-21 1.26428259594e-21 1.26428259594e-21 1.26428259594e-21 1.26428259594e-21 1.26428259594e-21 1.26428259594e-21 1.26428259594e-21 1.26428259594e-21 1.26428259594e-21 1.960143290723279e-20 1.949215423059058e-20 1.938381203968618e-20 1.927639849330092e-20 1.916990581345125e-20 1.906432628491043e-20 1.89596522547334e-20 1.885587613178541e-20 1.875299038627342e-20 1.865098754928056e-20 1.854986021230372e-20 1.844960102679446e-20 1.835020270370344e-20 1.825165801302628e-20 1.815395978335493e-20 1.805710090142976e-20 1.79610743116964e-20 1.786587301586467e-20 1.777149007247042e-20 1.767791859644143e-20 1.758515175866485e-20 1.749318278555869e-20 1.740200495864568e-20 1.73116116141306e-20 1.722199614247954e-20 
1.210737380028832e-20 1.20628028890597e-20 1.201862023283026e-20 1.197482249705688e-20 1.193140637520644e-20 1.188836858852881e-20 1.184570588583172e-20 1.180341504325718e-20 1.17614928640597e-20 1.171993617838617e-20 1.167874184305745e-20 1.16379067413516e-20 1.159742778278876e-20 1.155730190291774e-20 1.151752606310415e-20 1.14780972503203e-20 1.143901247693648e-20 1.140026878051414e-20 1.136186322360039e-20 1.132379289352428e-20 1.128605490219453e-20 1.124864638589883e-20 1.121156450510482e-20 1.117480644426236e-20 1.113836941160757e-20 1.110225063896837e-20 1.26428259594e-21 1.26428259594e-21 1.26428259594e-21 1.26428259594e-21 1.26428259594e-21 1.26428259594e-21 1.26428259594e-21 1.26428259594e-21 1.26428259594e-21 1.075797470161156e-20 1.072518064673813e-20 1.069267340517732e-20 1.06604504984167e-20 1.062850946896525e-20 1.059684788018055e-20 1.056546331609691e-20 1.053435338125511e-20 1.050351570053342e-20 1.047294791897994e-20 1.044264770164621e-20 1.04126127334221e-20 1.038284071887214e-20 1.035332938207315e-20 1.032407646645271e-20 1.029507973462968e-20 1.026633696825519e-20 1.023784596785547e-20 1.020960455267557e-20 1.018161056052436e-20 1.015386184762105e-20 1.012635628844244e-20 1.00990917755718e-20 1.007206621954868e-20 1.004527754872019e-20 1.001872370909299e-20 
8.5110270781197e-21 8.497963744066792e-21 8.485015665823107e-21 8.472181833990057e-21 8.45946124790962e-21 8.446852915590023e-21 8.434355853631959e-21 8.421969087155487e-21 8.409691649727461e-21 8.39752258328964e-21 8.385460938087325e-21 8.373505772598645e-21 8.361656153464357e-21 8.349911155418319e-21 8.338269861218458e-21 8.326731361578377e-21 8.315294755099458e-21 8.303959148203603e-21 8.292723655066481e-21 8.281587397551348e-21 8.270549505143429e-21 8.259609114884835e-21 8.248765371309998e-21 8.238017426381679e-21 8.227364439427509e-21 8.216805577077044e-21 8.20634001319929e-21 1.26428259594e-21 1.26428259594e-21 1.26428259594e-21 1.26428259594e-21 1.26428259594e-21 1.26428259594e-21 1.26428259594e-21 8.1258774519618e-21 8.116215562726361e-21 8.106639095460502e-21 8.097147299693847e-21 8.087739431485893e-21 8.078414753370009e-21 8.069172534297984e-21 8.060012049584949e-21 8.050932580854796e-21 8.041933415986078e-21 8.033013849058349e-21 8.02417318029892e-21 8.015410716030095e-21 8.006725768616835e-21 7.998117656414921e-21 7.989585703719411e-21 7.981129240713705e-21 7.972747603418885e-21 7.964440133643606e-21 7.95620617893431e-21 7.948045092525883e-21 7.939956233292813e-21 7.931938965700604e-21 7.923992659757736e-21 7.916116690967948e-21 7.908310440282994e-21 7.90057329405569e-21 
7.46248362805522e-21 7.458699554839016e-21 7.454949095224047e-21 7.451231951786051e-21 7.447547829716963e-21 7.443896436802097e-21 7.440277483397546e-21 7.436690682407759e-21 7.433135749263323e-21 7.429612401898938e-21 7.42612036073156e-21 7.422659348638764e-21 7.419229090937269e-21 7.415829315361655e-21 7.412459752043264e-21 7.409120133489289e-21 7.405810194562022e-21 7.402529672458315e-21 7.399278306689184e-21 7.396055839059598e-21 7.392862013648472e-21 7.38969657678878e-21 7.386559277047883e-21 7.383449865208002e-21 7.380368094246873e-21 7.377313719318573e-21 7.374286497734474e-21 7.37128618894443e-21 1.26428259594e-21 1.26428259594e-21 1.26428259594e-21 1.26428259594e-21 1.26428259594e-21 7.353836298839942e-21 7.351017819949765e-21 7.348224404227576e-21 7.345455829547345e-21 7.342711875741697e-21 7.339992324584763e-21 7.337296959775202e-21 7.334625566919356e-21 7.331977933514539e-21 7.329353848932507e-21 7.326753104403034e-21 7.32417549299765e-21 7.321620809613517e-21 7.319088850957427e-21 7.316579415529969e-21 7.314092303609828e-21 7.311627317238169e-21 7.309184260203245e-21 7.306762938025054e-21 7.304363157940189e-21 7.301984728886784e-21 7.299627461489595e-21 7.297291168045237e-21 7.294975662507511e-21 7.292680760472884e-21 7.290406279166086e-21 7.28815203742584e-21 7.28591785569069e-21 
7.159602711448001e-21 7.158513452019892e-21 7.157433903446202e-21 7.156363979332882e-21 7.155303594052091e-21 7.154252662735456e-21 7.153211101267357e-21 7.152178826278275e-21 7.151155755138224e-21 7.150141805950202e-21 7.149136897543726e-21 7.148140949468417e-21 7.147153881987648e-21 7.146175616072229e-21 7.145206073394159e-21 7.144245176320439e-21 7.143292847906936e-21 7.142349011892286e-21 7.141413592691872e-21 7.140486515391842e-21 7.139567705743178e-21 7.138657090155835e-21 7.137754595692899e-21 7.13686015006483e-21 7.135973681623739e-21 7.135095119357712e-21 7.134224392885187e-21 7.1333614324494e-21 7.132506168912832e-21 7.131658533751765e-21 7.130818459050834e-21 7.129985877497665e-21 7.129160722377529e-21 7.128342927568066e-21 7.127532427534053e-21 7.126729157322191e-21 7.125933052555982e-21 7.125144049430615e-21 7.124362084707914e-21 7.123587095711323e-21 7.122819020320941e-21 7.122057796968596e-21 7.121303364632969e-21 7.120555662834749e-21 7.119814631631837e-21 7.119080211614609e-21 7.11835234390118e-21 7.117630970132755e-21 7.116916032468982e-21 7.116207473583385e-21 7.115505236658797e-21 7.114809265382863e-21 7.114119503943567e-21 7.113435897024809e-21 7.112758389802006e-21 7.112086927937754e-21 7.111421457577496e-21 7.110761925345268e-21 7.11010827833945e-21 7.109460464128568e-21 7.108818430747128e-21 
7.072548295573628e-21 7.072235803384454e-21 7.071926102476393e-21 7.071619167944325e-21 7.07131497510497e-21 7.071013499494928e-21 7.070714716868719e-21 7.070418603196848e-21 7.070125134663889e-21 7.06983428766658e-21 7.069546038811935e-21 7.06926036491538e-21 7.068977242998894e-21 7.068696650289187e-21 7.068418564215861e-21 7.068142962409624e-21 7.067869822700491e-21 7.067599123116015e-21 7.067330841879539e-21 7.067064957408443e-21 7.066801448312424e-21 7.066540293391794e-21 7.066281471635774e-21 7.066024962220818e-21 7.065770744508953e-21 7.065518798046122e-21 7.065269102560554e-21 7.065021637961143e-21 7.064776384335836e-21 7.064533321950049e-21 7.064292431245077e-21 7.064053692836548e-21 7.063817087512854e-21 7.063582596233622e-21 7.063350200128199e-21 7.063119880494129e-21 7.062891618795664e-21 7.062665396662283e-21 7.062441195887219e-21 7.062218998426e-21 7.061998786395013e-21 7.061780542070066e-21 7.061564247884975e-21 7.061349886430149e-21 7.061137440451211e-21 7.060926892847611e-21 7.060718226671248e-21 7.060511425125131e-21 7.060306471562019e-21 7.060103349483097e-21 7.059902042536657e-21 7.059702534516778e-21 7.059504809362045e-21 7.059308851154251e-21 7.059114644117119e-21 7.05892217261506e-21 7.058731421151895e-21 7.058542374369633e-21 7.058355017047228e-21 7.058169334099375e-21 7.057985310575287e-21 
7.047593764467816e-21 7.047504276702425e-21 7.04741558909519e-21 7.047327694495675e-21 7.047240585817292e-21 7.047154256036724e-21 7.04706869819336e-21 7.046983905388741e-21 7.046899870786e-21 7.046816587609321e-21 7.046734049143385e-21 7.046652248732836e-21 7.046571179781743e-21 7.046490835753077e-21 7.046411210168179e-21 7.04633229660624e-21 7.046254088703786e-21 7.046176580154171e-21 7.046099764707064e-21 7.046023636167943e-21 7.045948188397618e-21 7.045873415311707e-21 7.04579931088017e-21 7.045725869126823e-21 7.045653084128841e-21 7.0455809500163e-21 7.045509460971696e-21 7.045438611229476e-21 7.045368395075587e-21 7.045298806846999e-21 7.045229840931263e-21 7.045161491766054e-21 7.045093753838724e-21 7.045026621685864e-21 7.044960089892858e-21 7.044894153093448e-21 7.044828805969313e-21 7.044764043249624e-21 7.044699859710635e-21 7.044636250175258e-21 7.044573209512647e-21 7.044510732637777e-21 7.044448814511055e-21 7.044387450137893e-21 7.044326634568322e-21 7.044266362896588e-21 7.04420663026075e-21 7.044147431842307e-21 7.044088762865792e-21 7.044030618598401e-21 7.043972994349603e-21 7.043915885470774e-21 7.043859287354809e-21 7.043803195435757e-21 7.043747605188466e-21 7.0436925121282e-21 7.043637911810289e-21 7.043583799829766e-21 7.043530171821021e-21 7.043477023457442e-21 7.043424350451069e-21 
7.040450657378048e-21 7.040425055655317e-21 7.040399682977482e-21 7.040374537296046e-21 7.040349616580823e-21 7.040324918819776e-21 7.040300442018858e-21 7.040276184201841e-21 7.04025214341017e-21 7.040228317702798e-21 7.04020470515603e-21 7.040181303863365e-21 7.040158111935352e-21 7.040135127499427e-21 7.040112348699768e-21 7.040089773697145e-21 7.040067400668772e-21 7.040045227808154e-21 7.040023253324951e-21 7.04000147544483e-21 7.039979892409317e-21 7.039958502475661e-21 7.039937303916693e-21 7.039916295020684e-21 7.039895474091212e-21 7.039874839447021e-21 7.03985438942188e-21 7.039834122364463e-21 7.039814036638208e-21 7.03979413062118e-21 7.039774402705949e-21 7.039754851299459e-21 7.039735474822889e-21 7.039716271711544e-21 7.039697240414711e-21 7.039678379395549e-21 7.039659687130956e-21 7.039641162111442e-21 7.039622802841024e-21 7.039604607837089e-21 7.03958657563028e-21 7.039568704764379e-21 7.03955099379619e-21 7.039533441295422e-21 7.039516045844573e-21 7.03949880603881e-21 7.039481720485867e-21 7.039464787805928e-21 7.039448006631511e-21 7.039431375607363e-21 7.039414893390351e-21 7.039398558649352e-21 7.039382370065145e-21 7.039366326330302e-21 7.039350426149093e-21 7.039334668237368e-21 7.039319051322465e-21 7.039303574143099e-21 7.039288235449262e-21 7.039273034002132e-21 7.039257968573956e-21 
7.038407542255121e-21 7.03840022158761e-21 7.038392966433473e-21 7.038385776206528e-21 7.038378650325828e-21 7.038371588215626e-21 7.038364589305328e-21 7.038357653029441e-21 7.038350778827527e-21 7.038343966144171e-21 7.038337214428919e-21 7.038330523136245e-21 7.038323891725499e-21 7.038317319660872e-21 7.038310806411344e-21 7.038304351450647e-21 7.038297954257224e-21 7.03829161431418e-21 7.038285331109243e-21 7.038279104134728e-21 7.038272932887485e-21 7.038266816868876e-21 7.03826075558471e-21 7.038254748545228e-21 7.038248795265049e-21 7.038242895263129e-21 7.038237048062737e-21 7.0382312531914e-21 7.038225510180874e-21 7.038219818567104e-21 7.038214177890184e-21 7.038208587694324e-21 7.038203047527815e-21 7.038197556942984e-21 7.038192115496166e-21 7.038186722747662e-21 7.038181378261712e-21 7.03817608160645e-21 7.038170832353875e-21 7.03816563007981e-21 7.038160474363885e-21 7.03815536478948e-21 7.038150300943707e-21 7.038145282417367e-21 7.038140308804932e-21 7.038135379704489e-21 7.038130494717731e-21 7.038125653449909e-21 7.03812085550981e-21 7.038116100509714e-21 7.038111388065377e-21 7.038106717795993e-21 7.038102089324152e-21 7.038097502275835e-21 7.03809295628036e-21 7.038088450970364e-21 7.038083985981773e-21 7.038079560953764e-21 7.03807517552875e-21 7.038070829352334e-21 7.038066522073303e-21 
7.038026898919086e-21 7.038022854952774e-21 7.038018848380386e-21 7.038014878856189e-21 7.038010946037643e-21 7.038007049585379e-21 7.038003189163167e-21 7.037999364437875e-21 7.037995575079459e-21 7.037991820760927e-21 7.037988101158302e-21 7.037984415950611e-21 7.037980764819839e-21 7.037977147450919e-21 7.037973563531691e-21 7.037970012752883e-21 7.037966494808083e-21 7.03796300939371e-21 7.037959556208989e-21 7.037956134955926e-21 7.03795274533928e-21 7.037949387066546e-21 7.037946059847915e-21 7.037942763396261e-21 7.037939497427112e-21 7.037936261658624e-21 7.037933055811563e-21 7.03792987960927e-21 7.037926732777649e-21 7.037923615045135e-21 7.037920526142676e-21 7.037917465803704e-21 7.037914433764118e-21 7.037911429762258e-21 7.03790845353888e-21 7.037905504837141e-21 7.037902583402572e-21 7.037899688983053e-21 7.037896821328796e-21 7.037893980192326e-21 7.037891165328449e-21 7.037888376494247e-21 7.037885613449038e-21 7.037882875954371e-21 7.037880163773997e-21 7.037877476673854e-21 7.037874814422042e-21 7.037872176788803e-21 7.037869563546507e-21 7.037866974469622e-21 7.037864409334712e-21 7.037861867920396e-21 7.037859350007342e-21 7.037856855378255e-21 7.037854383817833e-21 7.037851935112777e-21 7.037849509051755e-21 7.037847105425389e-21 7.037844724026242e-21 7.037842364648785e-21 7.037840027089393e-21 
7.039119375159204e-21 7.039105230441224e-21 7.039091216489093e-21 7.03907733209418e-21 7.039063576059019e-21 7.039049947197207e-21 7.039036444333304e-21 7.039023066302731e-21 7.03900981195167e-21 7.038996680136962e-21 7.038983669726008e-21 7.038970779596679e-21 7.038958008637217e-21 7.038945355746128e-21 7.038932819832103e-21 7.038920399813913e-21 7.038908094620318e-21 7.038895903189983e-21 7.038883824471371e-21 7.038871857422673e-21 7.038860001011695e-21 7.038848254215787e-21 7.038836616021744e-21 7.038825085425733e-21 7.038813661433185e-21 7.038802343058729e-21 7.038791129326097e-21 7.038780019268041e-21 7.038769011926253e-21 7.03875810635128e-21 7.038747301602438e-21 7.038736596747746e-21 7.038725990863825e-21 7.038715483035834e-21 7.038705072357379e-21 7.038694757930455e-21 7.038684538865342e-21 7.038674414280551e-21 7.038664383302734e-21 7.038654445066611e-21 7.038644598714908e-21 7.038634843398261e-21 7.038625178275165e-21 7.038615602511886e-21 7.038606115282396e-21 7.038596715768303e-21 7.038587403158772e-21 7.038578176650466e-21 7.038569035447471e-21 7.038559978761227e-21 7.038551005810465e-21 7.03854211582113e-21 7.038533308026328e-21 7.038524581666243e-21 7.03851593598809e-21 7.038507370246037e-21 7.038498883701138e-21 7.038490475621291e-21 7.038482145281147e-21 7.038473891962068e-21 7.03846571495205e-21 
7.042939767311176e-21 7.042890311508413e-21 7.042841312733276e-21 7.042792766764131e-21 7.04274466941831e-21 7.042697016551761e-21 7.042649804058682e-21 7.042603027871177e-21 7.042556683958902e-21 7.042510768328717e-21 7.042465277024352e-21 7.042420206126053e-21 7.042375551750261e-21 7.042331310049259e-21 7.042287477210862e-21 7.042244049458076e-21 7.042201023048772e-21 7.042158394275378e-21 7.042116159464545e-21 7.042074314976842e-21 7.042032857206438e-21 7.041991782580787e-21 7.041951087560337e-21 7.041910768638213e-21 7.041870822339913e-21 7.041831245223016e-21 7.041792033876891e-21 7.04175318492239e-21 7.041714695011569e-21 7.041676560827397e-21 7.041638779083466e-21 7.041601346523719e-21 7.041564259922152e-21 7.041527516082561e-21 7.041491111838246e-21 7.04145504405175e-21 7.041419309614587e-21 7.041383905446975e-21 7.041348828497564e-21 7.041314075743186e-21 7.041279644188586e-21 7.041245530866172e-21 7.041211732835745e-21 7.041178247184268e-21 7.041145071025596e-21 7.041112201500239e-21 7.041079635775109e-21 7.041047371043286e-21 7.041015404523766e-21 7.040983733461225e-21 7.040952355125788e-21 7.040921266812789e-21 7.040890465842535e-21 7.040859949560087e-21 7.040829715335011e-21 7.040799760561181e-21 7.04077008265653e-21 7.040740679062835e-21 7.040711547245506e-21 7.04068268469335e-21 7.040654088918376e-21 
7.056292220398232e-21 7.056119424325153e-21 7.055948223880906e-21 7.055778604343042e-21 7.055610551124787e-21 7.055444049773801e-21 7.055279085970931e-21 7.055115645528987e-21 7.054953714391538e-21 7.054793278631695e-21 7.054634324450932e-21 7.054476838177898e-21 7.054320806267248e-21 7.054166215298483e-21 7.054013051974802e-21 7.053861303121965e-21 7.053710955687165e-21 7.053561996737912e-21 7.053414413460918e-21 7.05326819316101e-21 7.05312332326004e-21 7.052979791295804e-21 7.05283758492098e-21 7.052696691902069e-21 7.052557100118348e-21 7.052418797560828e-21 7.052281772331232e-21 7.052146012640976e-21 7.052011506810148e-21 7.051878243266525e-21 7.051746210544568e-21 7.051615397284446e-21 7.051485792231066e-21 7.051357384233097e-21 7.051230162242031e-21 7.051104115311225e-21 7.050979232594964e-21 7.050855503347535e-21 7.050732916922313e-21 7.05061146277083e-21 7.050491130441894e-21 7.050371909580674e-21 7.050253789927826e-21 7.050136761318609e-21 7.050020813682007e-21 7.049905937039884e-21 7.049792121506109e-21 7.049679357285723e-21 7.04956763467409e-21 7.04945694405607e-21 7.049347275905199e-21 7.049238620782863e-21 7.049130969337494e-21 7.049024312303771e-21 7.04891864050182e-21 7.04881394483643e-21 7.048710216296276e-21 7.048607445953141e-21 7.048505624961154e-21 7.048404744556032e-21 7.048304796054326e-21 
7.102910915009032e-21 7.102307970107798e-21 7.101710585058218e-21 7.101118708669406e-21 7.10053229022073e-21 7.099951279457511e-21 7.099375626586754e-21 7.098805282272929e-21 7.098240197633769e-21 7.097680324236129e-21 7.097125614091876e-21 7.0965760196538e-21 7.096031493811594e-21 7.095491989887838e-21 7.094957461634044e-21 7.094427863226717e-21 7.093903149263475e-21 7.093383274759184e-21 7.092868195142138e-21 7.092357866250263e-21 7.091852244327381e-21 7.091351286019476e-21 7.090854948371023e-21 7.090363188821321e-21 7.089875965200888e-21 7.089393235727871e-21 7.088914959004497e-21 7.088441094013546e-21 7.08797160011487e-21 7.087506437041943e-21 7.087045564898417e-21 7.08658894415475e-21 7.08613653564483e-21 7.085688300562653e-21 7.085244200459016e-21 7.084804197238246e-21 7.084368253154964e-21 7.083936330810867e-21 7.083508393151555e-21 7.083084403463366e-21 7.082664325370255e-21 7.082248122830714e-21 7.081835760134679e-21 7.081427201900509e-21 7.081022413071964e-21 7.080621358915233e-21 7.080224005015955e-21 7.079830317276317e-21 7.079440261912131e-21 7.07905380544996e-21 7.078670914724277e-21 7.078291556874627e-21 7.077915699342835e-21 7.077543309870244e-21 7.077174356494945e-21 7.076808807549074e-21 7.076446631656097e-21 7.076087797728155e-21 7.0757322749634e-21 7.075380032843384e-21 7.075031041130446e-21 
7.265357415052846e-21 7.263258714249133e-21 7.261179314861197e-21 7.259119039880381e-21 7.25707771391438e-21 7.255055163172581e-21 7.253051215451535e-21 7.251065700120545e-21 7.249098448107398e-21 7.247149291884229e-21 7.24521806545349e-21 7.243304604334074e-21 7.241408745547532e-21 7.239530327604453e-21 7.237669190490921e-21 7.235825175655137e-21 7.233998125994122e-21 7.232187885840581e-21 7.230394300949846e-21 7.228617218486955e-21 7.226856487013861e-21 7.225111956476722e-21 7.223383478193339e-21 7.221670904840682e-21 7.219974090442549e-21 7.218292890357317e-21 7.216627161265815e-21 7.214976761159312e-21 7.213341549327588e-21 7.211721386347149e-21 7.210116134069507e-21 7.208525655609607e-21 7.206949815334329e-21 7.2053884788511e-21 7.203841512996622e-21 7.202308785825676e-21 7.200790166600058e-21 7.199285525777591e-21 7.197794735001246e-21 7.196317667088351e-21 7.194854196019924e-21 7.193404196930069e-21 7.191967546095486e-21 7.190544120925071e-21 7.189133799949617e-21 7.187736462811599e-21 7.186351990255049e-21 7.184980264115532e-21 7.183621167310216e-21 7.182274583828005e-21 7.1809403987198e-21 7.179618498088812e-21 7.178308769080997e-21 7.177011099875538e-21 7.175725379675443e-21 7.174451498698228e-21 7.173189348166661e-21 7.171938820299605e-21 7.170699808302952e-21 7.169472206360632e-21 7.168255909625673e-21 
7.829351962684693e-21 7.822080482220661e-21 7.814875546132384e-21 7.807736548700023e-21 7.800662889672452e-21 7.793653974218516e-21 7.786709212878682e-21 7.779828021517156e-21 7.77300982127437e-21 7.766254038519929e-21 7.75956010480593e-21 7.752927456820729e-21 7.746355536343075e-21 7.739843790196679e-21 7.73339167020515e-21 7.726998633147363e-21 7.720664140713174e-21 7.714387659459558e-21 7.708168660767114e-21 7.70200662079696e-21 7.695901020448017e-21 7.689851345314619e-21 7.683857085644568e-21 7.677917736297495e-21 7.672032796703619e-21 7.666201770822871e-21 7.66042416710434e-21 7.654699498446142e-21 7.649027282155546e-21 7.643407039909576e-21 7.637838297715819e-21 7.632320585873719e-21 7.626853438936073e-21 7.621436395670992e-21 7.616068999024105e-21 7.610750796081138e-21 7.605481338030824e-21 7.600260180128124e-21 7.59508688165778e-21 7.589961005898177e-21 7.584882120085564e-21 7.57984979537853e-21 7.574863606822838e-21 7.569923133316559e-21 7.565027957575509e-21 7.560177666098999e-21 7.555371849135856e-21 7.55061010065079e-21 7.545892018291062e-21 7.541217203353349e-21 7.536585260751059e-21 7.531995798981789e-21 7.527448430095173e-21 7.522942769660948e-21 7.51847843673733e-21 7.514055053839688e-21 7.509672246909451e-21 7.505329645283331e-21 7.50102688166279e-21 7.496763592083807e-21 7.49253941588687e-21 
9.77417652030734e-21 9.749198283327528e-21 9.724446516936402e-21 9.699919188629175e-21 9.675614283856353e-21 9.651529805869055e-21 9.627663775565568e-21 9.604014231339225e-21 9.580579228927482e-21 9.557356841262319e-21 9.534345158321818e-21 9.511542286982986e-21 9.488946350875822e-21 9.466555490238591e-21 9.444367861774229e-21 9.422381638508112e-21 9.400595009646764e-21 9.379006180437985e-21 9.357613372031948e-21 9.336414821343607e-21 9.315408780916123e-21 9.294593518785529e-21 9.273967318346439e-21 9.253528478218964e-21 9.233275312116654e-21 9.213206148715649e-21 9.193319331524747e-21 9.173613218756815e-21 9.154086183200979e-21 9.134736612096207e-21 9.115562907005592e-21 9.096563483692065e-21 9.077736771994809e-21 9.059081215706977e-21 9.040595272454256e-21 9.022277413574529e-21 9.004126123998564e-21 8.986139902131663e-21 8.968317259736326e-21 8.950656721815868e-21 8.933156826499138e-21 8.915816124925992e-21 8.898633181133951e-21 8.881606571945688e-21 8.864734886857503e-21 8.848016727928759e-21 8.831450709672154e-21 8.815035458945028e-21 8.798769614841642e-21 8.782651828586073e-21 8.766680763426448e-21 8.750855094529684e-21 8.735173508877358e-21 8.719634705162372e-21 8.704237393686443e-21 8.688980296258628e-21 8.673862146094502e-21 8.658881687716346e-21 8.644037676854114e-21 8.6293288803473e-21 8.614754076047499e-21 
1.639597230702563e-20 1.631153234719683e-20 1.622784467629491e-20 1.614490272290782e-20 1.606269997124558e-20 1.598122996069358e-20 1.590048628536948e-20 1.582046259368315e-20 1.574115258789965e-20 1.566255002370594e-20 1.558464870978011e-20 1.550744250736424e-20 1.543092532984018e-20 1.535509114230857e-20 1.52799339611708e-20 1.520544785371428e-20 1.513162693770052e-20 1.505846538095641e-20 1.498595740096855e-20 1.491409726448046e-20 1.484287928709293e-20 1.477229783286715e-20 1.470234731393101e-20 1.463302219008818e-20 1.45643169684301e-20 1.449622620295119e-20 1.442874449416614e-20 1.436186648873131e-20 1.429558687906751e-20 1.422990040298706e-20 1.416480184332232e-20 1.410028602755821e-20 1.403634782746654e-20 1.397298215874367e-20 1.391018398065076e-20 1.384794829565654e-20 1.378627014908319e-20 1.372514462875452e-20 1.36645668646471e-20 1.36045320285437e-20 1.354503533368978e-20 1.348607203445244e-20 1.342763742598161e-20 1.336972684387453e-20 1.331233566384215e-20 1.325545930137852e-20 1.319909321143231e-20 1.314323288808114e-20 1.308787386420863e-20 1.303301171118304e-20 1.297864203853965e-20 1.292476049366433e-20 1.287136276148058e-20 1.281844456413835e-20 1.276600166070524e-20 1.271402984686077e-20 1.266252495459207e-20 1.261148285189269e-20 1.256089944246329e-20 1.251077066541506e-20 1.246109249497485e-20 
3.841760879777326e-20 3.814051013416434e-20 3.786579935488897e-20 3.759345667535654e-20 3.732346246425721e-20 3.705579724251801e-20 3.679044168226377e-20 3.652737660578416e-20 3.626658298450457e-20 3.600804193796296e-20 3.575173473279182e-20 3.549764278170475e-20 3.524574764248882e-20 3.499603101700175e-20 3.474847475017388e-20 3.45030608290164e-20 3.425977138163315e-20 3.401858867623901e-20 3.377949512018252e-20 3.354247325897404e-20 3.330750577531896e-20 3.307457548815594e-20 3.284366535170045e-20 3.261475845449326e-20 3.238783801845437e-20 3.216288739794189e-20 3.193989007881495e-20 3.171882967750475e-20 3.149968994008637e-20 3.128245474136032e-20 3.106710808393467e-20 3.085363409731651e-20 3.064201703700487e-20 3.043224128359115e-20 3.022429134186357e-20 3.001815183991648e-20 2.981380752826562e-20 2.961124327896769e-20 2.941044408474499e-20 2.921139505811507e-20 2.901408143052607e-20 2.881848855149616e-20 2.862460188775804e-20 2.843240702240923e-20 2.824188965406659e-20 2.805303559602615e-20 2.786583077542691e-20 2.768026123242118e-20 2.749631311934935e-20 2.73139726999175e-20 2.71332263483841e-20 2.695406054874681e-20 2.677646189393809e-20 2.660041708502338e-20 2.642591293040425e-20 2.625293634502807e-20 2.608147434960007e-20 2.591151406980228e-20 2.574304273551579e-20 2.557604768004913e-20 2.541051633936961e-20 
1.085457280103783e-19 1.076848432940879e-19 1.068309160565317e-19 1.059838945724181e-19 1.051437274419419e-19 1.043103635895289e-19 1.034837522625707e-19 1.026638430301573e-19 1.018505857817986e-19 1.010439307261437e-19 1.002438283896915e-19 9.94502296154975e-20 9.866308556187417e-20 9.788234770108636e-20 9.710796781804063e-20 9.633989800897256e-20 9.557809068012526e-20 9.482249854642675e-20 9.407307463016214e-20 9.33297722596407e-20 9.25925450678605e-20 9.186134699116857e-20 9.113613226791743e-20 9.041685543711825e-20 8.970347133709258e-20 8.899593510411799e-20 8.829420217107255e-20 8.759822826607896e-20 8.690796941113979e-20 8.622338192077989e-20 8.55444224006753e-20 8.487104774629217e-20 8.420321514151309e-20 8.354088205726906e-20 8.288400625016723e-20 8.223254576111577e-20 8.158645891395184e-20 8.094570431406367e-20 8.031024084701537e-20 7.968002767716772e-20 7.90550242463023e-20 7.843519027224198e-20 7.782048574747049e-20 7.721087093775545e-20 7.660630638076809e-20 7.600675288470472e-20 7.541217152690523e-20 7.482252365247585e-20 7.423777087291312e-20 7.365787506471902e-20 7.308279836803204e-20 7.251250318524345e-20 7.19469521796265e-20 7.138610827395889e-20 7.082993464914856e-20 7.027839474286414e-20 6.973145224816013e-20 6.918907111210937e-20 6.865121553443295e-20 6.81178499661363e-20 6.758893910813954e-20 
3.149182491795179e-19 3.124976748911196e-19 3.100943132752293e-19 3.077080647337147e-19 3.053388299551055e-19 3.029865099178435e-19 3.006510058934602e-19 2.983322194496852e-19 2.960300524534837e-19 2.93744407074028e-19 2.91475185785598e-19 2.892222913704164e-19 2.869856269214157e-19 2.847650958449423e-19 2.825606018633885e-19 2.80372049017771e-19 2.78199341670231e-19 2.760423845064851e-19 2.739010825382045e-19 2.717753411053356e-19 2.696650658783584e-19 2.675701628604866e-19 2.654905383898033e-19 2.634260991413404e-19 2.613767521291028e-19 2.593424047080271e-19 2.573229645758858e-19 2.553183397751426e-19 2.53328438694733e-19 2.513531700718188e-19 2.493924429934496e-19 2.47446166898215e-19 2.45514251577796e-19 2.435966071785056e-19 2.416931442027503e-19 2.398037735104475e-19 2.379284063203998e-19 2.360669542116073e-19 2.34219329124537e-19 2.32385443362339e-19 2.30565209592022e-19 2.287585408455717e-19 2.269653505210253e-19 2.251855523835026e-19 2.234190605661888e-19 2.216657895712713e-19 2.199256542708273e-19 2.181985699076748e-19 2.164844520961853e-19 2.147832168230243e-19 2.130947804478945e-19 2.114190597041916e-19 2.097559716996548e-19 2.081054339169534e-19 2.064673642142377e-19 2.048416808256643e-19 2.032283023618605e-19 2.016271478103662e-19 2.000381365360302e-19 1.984611882813769e-19 1.968962231669195e-19 
8.423442286525344e-19 8.366535017752482e-19 8.309933984448073e-19 8.253638489077623e-19 8.197647823622635e-19 8.141961269754371e-19 8.08657809900667e-19 8.031497572947689e-19 7.976718943350634e-19 7.922241452363402e-19 7.868064332677196e-19 7.814186807694071e-19 7.760608091693375e-19 7.707327389997178e-19 7.654343899134414e-19 7.6016568070043e-19 7.549265293038152e-19 7.497168528360523e-19 7.445365675948976e-19 7.393855890792799e-19 7.342638320050609e-19 7.291712103206794e-19 7.241076372226743e-19 7.190730251711059e-19 7.14067285904858e-19 7.09090330456814e-19 7.041420691689239e-19 6.99222411707163e-19 6.943312670763489e-19 6.894685436348859e-19 6.846341491093172e-19 6.798279906088607e-19 6.750499746397181e-19 6.703000071193463e-19 6.655779933905786e-19 6.608838382356127e-19 6.562174458899157e-19 6.51578720055974e-19 6.469675639169504e-19 6.423838801501908e-19 6.378275709406531e-19 6.332985379941764e-19 6.287966825506535e-19 6.243219053970643e-19 6.198741068804202e-19 6.154531869205595e-19 6.110590450228172e-19 6.066915802906071e-19 6.02350691437874e-19 5.98036276801376e-19 5.93748234352946e-19 5.894864617115258e-19 5.852508561551649e-19 5.810413146328494e-19 5.768577337762195e-19 5.727000099112012e-19 5.685680390694657e-19 5.644617169998145e-19 5.603809391794179e-19 5.563256008249677e-19 5.522955969036558e-19 
1.896169200909984e-18 1.88642422731957e-18 1.876701701848276e-18 1.86700186863827e-18 1.857324968457919e-18 1.847671238708305e-18 1.838040913430098e-18 1.828434223310785e-18 1.81885139569225e-18 1.8092926545787e-18 1.799758220644926e-18 1.790248311244894e-18 1.780763140420689e-18 1.771302918911751e-18 1.761867854164448e-18 1.752458150341982e-18 1.743074008334553e-18 1.733715625769893e-18 1.724383197024045e-18 1.715076913232468e-18 1.705796962301421e-18 1.696543528919639e-18 1.687316794570277e-18 1.678116937543138e-18 1.668944132947179e-18 1.659798552723262e-18 1.650680365657178e-18 1.641589737392932e-18 1.632526830446244e-18 1.623491804218385e-18 1.614484815010101e-18 1.605506016035959e-18 1.596555557438745e-18 1.587633586304225e-18 1.578740246676058e-18 1.569875679570919e-18 1.561040022993896e-18 1.552233411954019e-18 1.543455978480052e-18 1.53470785163642e-18 1.525989157539404e-18 1.51730001937346e-18 1.508640557407761e-18 1.500010889012871e-18 1.491411128677668e-18 1.482841388026375e-18 1.474301775835751e-18 1.465792398052481e-18 1.457313357810741e-18 1.448864755449791e-18 1.440446688531912e-18 1.432059251860277e-18 1.423702537497132e-18 1.415376634782003e-18 1.407081630350051e-18 1.398817608150614e-18 1.39058464946578e-18 1.382382832929138e-18 1.374212234544614e-18 1.366072927705457e-18 1.357964983213236e-18 
3.266341310848531e-18 3.257125446181648e-18 3.247872223376796e-18 3.23858220048577e-18 3.229255935832303e-18 3.219893987952704e-18 3.210496915536734e-18 3.201065277368833e-18 3.191599632269616e-18 3.182100539037714e-18 3.172568556391912e-18 3.163004242913648e-18 3.153408156989837e-18 3.143780856756046e-18 3.134122900040031e-18 3.124434844305641e-18 3.114717246597076e-18 3.104970663483558e-18 3.09519565100436e-18 3.085392764614241e-18 3.07556255912929e-18 3.065705588673169e-18 3.055822406623772e-18 3.0459135655603e-18 3.035979617210809e-18 3.026021112400113e-18 3.016038600998201e-18 3.006032631869067e-18 2.996003752819999e-18 2.98595251055134e-18 2.975879450606672e-18 2.96578511732356e-18 2.955670053784641e-18 2.945534801769329e-18 2.935379901705911e-18 2.925205892624166e-18 2.915013312108507e-18 2.904802696251574e-18 2.894574579608374e-18 2.884329495150884e-18 2.874067974223239e-18 2.863790546497366e-18 2.853497739929188e-18 2.843190080715297e-18 2.832868093250257e-18 2.82253230008435e-18 2.812183221881846e-18 2.8018213773799e-18 2.791447283347968e-18 2.781061454547639e-18 2.770664403693261e-18 2.760256641412853e-18 2.749838676209782e-18 2.739411014424876e-18 2.728974160199096e-18 2.718528615436873e-18 2.708074879769864e-18 2.697613450521377e-18 2.687144822671316e-18 2.676669488821734e-18 2.666187939162864e-18 
3.962161534867615e-18 3.962103331477117e-18 3.961959757412966e-18 3.961730823521858e-18 3.961416547098354e-18 3.961016951882382e-18 3.960532068055793e-18 3.95996193223798e-18 3.959306587480594e-18 3.958566083261281e-18 3.957740475476542e-18 3.956829826433626e-18 3.955834204841513e-18 3.95475368580098e-18 3.953588350793733e-18 3.952338287670618e-18 3.951003590638938e-18 3.949584360248826e-18 3.948080703378732e-18 3.946492733219997e-18 3.944820569260509e-18 3.943064337267488e-18 3.941224169269345e-18 3.939300203536669e-18 3.937292584562328e-18 3.935201463040669e-18 3.933026995845862e-18 3.930769346009359e-18 3.928428682696485e-18 3.92600518118217e-18 3.923499022825832e-18 3.920910395045394e-18 3.918239491290452e-18 3.915486511014638e-18 3.912651659647108e-18 3.909735148563227e-18 3.906737195054435e-18 3.903658022297286e-18 3.900497859321696e-18 3.89725694097838e-18 3.893935507905515e-18 3.890533806494588e-18 3.887052088855508e-18 3.883490612780915e-18 3.879849641709749e-18 3.876129444690066e-18 3.872330296341077e-18 3.868452476814511e-18 3.864496271755211e-18 3.860461972260993e-18 3.856349874841867e-18 3.85216028137847e-18 3.84789349907988e-18 3.843549840440721e-18 3.839129623197551e-18 3.834633170284698e-18 3.830060809789313e-18 3.825412874905878e-18 3.820689703890038e-18 3.815891640011815e-18 3.811019031508208e-18 
3.269681700131183e-18 3.278845729268899e-18 3.287971082752457e-18 3.297057203884175e-18 3.306103536500621e-18 3.315109525033417e-18 3.324074614570244e-18 3.3329982509161e-18 3.341879880654749e-18 3.350718951210384e-18 3.359514910909473e-18 3.368267209042798e-18 3.376975295927667e-18 3.385638622970263e-18 3.394256642728192e-18 3.402828808973111e-18 3.41135457675356e-18 3.419833402457844e-18 3.428264743877057e-18 3.436648060268227e-18 3.444982812417489e-18 3.453268462703393e-18 3.461504475160249e-18 3.469690315541528e-18 3.477825451383304e-18 3.485909352067749e-18 3.493941488886622e-18 3.501921335104769e-18 3.509848366023654e-18 3.517722059044821e-18 3.525541893733393e-18 3.533307351881465e-18 3.541017917571524e-18 3.548673077239737e-18 3.556272319739213e-18 3.563815136403176e-18 3.571301021108004e-18 3.578729470336209e-18 3.586099983239279e-18 3.593412061700369e-18 3.600665210396878e-18 3.607858936862841e-18 3.614992751551181e-18 3.622066167895774e-18 3.62907870237328e-18 3.636029874564838e-18 3.642919207217507e-18 3.649746226305481e-18 3.65651046109103e-18 3.663211444185309e-18 3.669848711608703e-18 3.676421802851104e-18 3.682930260931747e-18 3.689373632458816e-18 3.695751467688746e-18 3.702063320585122e-18 3.708308748877352e-18 3.714487314118897e-18 3.720598581745197e-18 3.726642121131158e-18 3.732617505648378e-18 
1.899716789591605e-18 1.909491971190833e-18 1.919289010439891e-18 1.92910765180589e-18 1.938947636358032e-18 1.948808701763091e-18 1.95869058228131e-18 1.968593008762661e-18 1.978515708643539e-18 1.988458405943825e-18 1.998420821264387e-18 2.008402671784977e-18 2.018403671262552e-18 2.028423530030011e-18 2.038461954995376e-18 2.048518649641374e-18 2.058593314025495e-18 2.068685644780451e-18 2.078795335115102e-18 2.088922074815832e-18 2.099065550248364e-18 2.109225444360041e-18 2.119401436682577e-18 2.129593203335266e-18 2.139800417028635e-18 2.150022747068625e-18 2.160259859361215e-18 2.170511416417517e-18 2.180777077359403e-18 2.191056497925553e-18 2.201349330478085e-18 2.211655224009564e-18 2.221973824150659e-18 2.232304773178169e-18 2.242647710023624e-18 2.253002270282408e-18 2.263368086223349e-18 2.273744786798857e-18 2.284131997655585e-18 2.29452934114562e-18 2.304936436338146e-18 2.315352899031729e-18 2.325778341767047e-18 2.336212373840231e-18 2.346654601316668e-18 2.357104627045401e-18 2.36756205067408e-18 2.378026468664427e-18 2.388497474308198e-18 2.398974657743887e-18 2.409457605973707e-18 2.419945902881388e-18 2.430439129250344e-18 2.440936862782497e-18 2.451438678117678e-18 2.461944146853463e-18 2.472452837565749e-18 2.482964315829758e-18 2.493478144241682e-18 2.503993882440823e-18 2.514511087132445e-18 
8.444202791638627e-19 8.501528710081981e-19 8.559162469916461e-19 8.61710473212511e-19 8.675356146436834e-19 8.733917351147287e-19 8.792788972938866e-19 8.851971626699598e-19 8.911465915341392e-19 8.971272429617062e-19 9.031391747936651e-19 9.091824436182857e-19 9.152571047525467e-19 9.213632122235076e-19 9.275008187495924e-19 9.336699757217767e-19 9.398707331847262e-19 9.461031398178131e-19 9.523672429160957e-19 9.586630883711933e-19 9.649907206520982e-19 9.713501827859161e-19 9.777415163385313e-19 9.841647613952119e-19 9.906199565411221e-19 9.971071388418092e-19 1.003626343823598e-18 1.010177605453928e-18 1.016760956121643e-18 1.02337642661721e-18 1.030024046112891e-18 1.036703842142854e-18 1.043415840583259e-18 1.05016006563225e-18 1.056936539789937e-18 1.063745283838337e-18 1.070586316821232e-18 1.077459656024038e-18 1.084365316953601e-18 1.091303313317991e-18 1.098273657006219e-18 1.105276358067971e-18 1.112311424693287e-18 1.119378863192241e-18 1.126478677974552e-18 1.133610871529224e-18 1.140775444404171e-18 1.147972395185799e-18 1.155201720478551e-18 1.16246341488458e-18 1.169757470983204e-18 1.177083879310578e-18 1.184442628339197e-18 1.191833704457505e-18 1.199257091949497e-18 1.206712772974263e-18 1.214200727545652e-18 1.221720933511869e-18 1.229273366535136e-18 1.236858000071335e-18 1.244474805349758e-18 
3.158023571289372e-19 3.182465614925346e-19 3.20708215046612e-19 3.231874183286991e-19 3.256842721479638e-19 3.281988775815734e-19 3.30731335970978e-19 3.332817489181157e-19 3.358502182815495e-19 3.384368461725169e-19 3.410417349509065e-19 3.436649872211566e-19 3.46306705828071e-19 3.489669938525566e-19 3.51645954607283e-19 3.543436916322511e-19 3.570603086902936e-19 3.597959097624777e-19 3.625505990434358e-19 3.653244809366054e-19 3.681176600493841e-19 3.709302411882031e-19 3.737623293535094e-19 3.766140297346666e-19 3.794854477047565e-19 3.823766888153067e-19 3.852878587909208e-19 3.882190635238194e-19 3.911704090682885e-19 3.941420016350423e-19 3.971339475854905e-19 4.001463534259088e-19 4.031793258015318e-19 4.062329714905273e-19 4.093073973978956e-19 4.124027105492722e-19 4.155190180846199e-19 4.186564272518388e-19 4.218150454002737e-19 4.249949799741288e-19 4.28196338505769e-19 4.314192286089402e-19 4.346637579718776e-19 4.379300343503241e-19 4.412181655604294e-19 4.445282594715649e-19 4.478604239990383e-19 4.512147670966907e-19 4.545913967493826e-19 4.579904209654275e-19 4.614119477688378e-19 4.648560851915495e-19 4.683229412654762e-19 4.718126240144932e-19 4.753252414463146e-19 4.788609015442298e-19 4.824197122587774e-19 4.860017814992748e-19 4.896072171252596e-19 4.932361269377987e-19 4.968886186707264e-19 
SCALARS grain_id_initial double 1
LOOKUP_TABLE default
2 2 2 2 2 2 2 2 2 2 2 2 2 2 2 2 2 2 2 2 2 2 2 2 2 2 2 2 2 2 2 2 2 2 2 2 2 2 2 2 2 2 2 2 2 2 2 2 2 2 2 2 2 2 2 2 2 2 2 2 2 
2 2 2 2 2 2 2 2 2 2 2 2 2 2 2 2 2 2 2 2 2 2 2 2 2 2 2 2 2 2 2 2 2 2 2 2 2 2 2 2 2 2 2 2 2 2 2 2 2 2 2 2 2 2 2 2 2 2 2 2 2 
2 2 2 2 2 2 2 2 2 2 2 2 2 2 2 2 2 2 2 2 2 2 2 2 2 2 2 2 2 2 2 2 2 2 2 2 2 2 2 2 2 2 2 2 2 2 2 2 2 2 2 2 2 2 2 2 2 2 2 2 2 
2 2 2 2 2 2 2 2 2 2 2 2 2 2 2 2 2 2 2 2 2 2 2 2 2 2 2 2 2 2 2 2 2 2 2 2 2 2 2 2 2 2 2 2 2 2 2 2 2 2 2 2 2 2 2 2 2 2 2 2 2 
2 2 2 2 2 2 2 2 2 2 2 2 2 2 2 2 2 2 2 2 2 2 2 2 2 2 2 2 2 2 2 2 2 2 2 2 2 2 2 2 2 2 2 2 2 2 2 2 2 2 2 2 2 2 2 2 2 2 2 2 2 
2 2 2 2 2 2 2 2 2 2 2 2 2 2 2 2 2 2 2 2 2 2 2 2 2 2 2 2 2 2 2 2 2 2 2 2 2 2 2 2 2 2 2 2 2 2 2 2 2 2 2 2 2 2 2 2 2 2 2 2 2 
2 2 2 2 2 2 2 2 2 2 2 2 2 2 2 2 2 2 2 2 2 2 2 2 2 2 2 2 2 2 2 2 2 2 2 2 2 2 2 2 2 2 2 2 2 2 2 2 2 2 2 2 2 2 2 2 2 2 2 2 2 
2 2 2 2 2 2 2 2 2 2 2 2 2 2 2 2 2 2 2 2 2 2 2 2 2 2 2 2 2 2 2 2 2 2 2 2 2 2 2 2 2 2 2 2 2 2 2 2 2 2 2 2 2 2 2 2 2 2 2 2 2 
2 2 2 2 2 2 2 2 2 2 2 2 2 2 2 2 2 2 2 2 2 2 2 2 2 2 2 2 2 2 2 2 2 2 2 2 2 2 2 2 2 2 2 2 2 2 2 2 2 2 2 2 2 2 2 2 2 2 2 2 2 
2 2 2 2 2 2 2 2 2 2 2 2 2 2 2 2 2 2 2 2 2 2 2 2 2 2 2 2 2 2 2 2 2 2 2 2 2 2 2 2 2 2 2 2 2 2 2 2 2 2 2 2 2 2 2 2 2 2 2 2 2 
2 2 2 2 2 2 2 2 2 2 2 2 2 2 2 2 2 2 2 2 2 2 2 2 2 2 2 2 2 2 2 2 2 2 2 2 2 2 2 2 2 2 2 2 2 2 2 2 2 2 2 2 2 2 2 2 2 2 2 2 2 
2 2 2 2 2 2 2 2 2 2 2 2 2 2 2 2 2 2 2 2 2 2 2 2 2 2 2 2 2 2 2 2 2 2 2 2 2 2 2 2 2 2 2 2 2 2 2 2 2 2 2 2 2 2 2 2 2 2 2 2 2 
2 2 2 2 2 2 2 2 2 2 2 2 2 2 2 2 2 2 2 2 2 2 2 2 2 2 2 2 2 2 2 2 2 2 2 2 2 2 2 2 2 2 2 2 2 2 2 2 2 2 2 2 2 2 2 2 2 2 2 2 2 
2 2 2 2 2 2 2 2 2 2 2 2 2 2 2 2 2 2 2 2 2 2 2 2 2 2 2 2 2 2 2 2 2 2 2 2 2 2 2 2 2 2 2 2 2 2 2 2 2 2 2 2 2 2 2 2 2 2 2 2 2 
2 2 2 2 2 2 2 2 2 2 2 2 2 2 2 2 2 2 2 2 2 2 2 2 2 2 2 2 2 2 2 2 2 2 2 2 2 2 2 2 2 2 2 2 2 2 2 2 2 2 2 2 2 2 2 2 2 2 2 2 2 
2 2 2 2 2 2 2 2 2 2 2 2 2 2 2 2 2 2 2 2 2 2 2 2 2 2 2 2 2 2 2 2 2 2 2 2 2 2 2 2 2 2 2 2 2 2 2 2 2 2 2 2 2 2 2 2 2 2 2 2 2 
2 2 2 2 2 2 2 2 2 2 2 2 2 2 2 2 2 2 2 2 2 2 2 2 2 2 2 2 2 2 2 2 2 2 2 2 2 2 2 2 2 2 2 2 2 2 2 2 2 2 2 2 2 2 2 2 2 2 2 2 2 
2 2 2 2 2 2 2 2 2 2 2 2 2 2 2 2 2 2 2 2 2 2 2 2 2 2 2 2 2 2 2 2 2 2 2 2 2 2 2 2 2 2 2 2 2 2 2 2 2 2 2 2 2 2 2 2 2 2 2 2 2 
2 2 2 2 2 2 2 2 2 2 2 2 2 2 2 2 2 2 2 2 2 2 2 2 2 2 2 2 2 2 2 2 2 2 2 2 2 2 2 2 2 2 2 2 2 2 2 2 2 2 2 2 2 2 2 2 2 2 2 2 2 
2 2 2 2 2 2 2 2 2 2 2 2 2 2 2 2 2 2 2 2 2 2 2 2 2 2 2 2 2 2 2 2 2 2 2 2 2 2 2 2 2 2 2 2 2 2 2 2 2 2 2 2 2 2 2 2 2 2 2 2 2 
2 2 2 2 2 2 2 2 2 2 2 2 2 2 2 2 2 2 2 2 2 2 2 2 2 2 2 2 2 2 2 2 2 2 2 2 2 2 2 2 2 2 2 2 2 2 2 2 2 2 2 2 2 2 2 2 2 2 2 2 2 
2 2 2 2 2 2 2 2 2 2 2 2 2 2 2 2 2 2 2 2 2 2 2 2 2 2 2 2 2 2 2 2 2 2 2 2 2 2 2 2 2 2 2 2 2 2 2 2 2 2 2 2 2 2 2 2 2 2 2 2 2 
2 2 2 2 2 2 2 2 2 2 2 2 2 2 2 2 2 2 2 2 2 2 2 2 2 2 2 2 2 2 2 2 2 2 2 2 2 2 2 2 2 2 2 2 2 2 2 2 2 2 2 2 2 2 2 2 2 2 2 2 2 
2 2 2 2 2 2 2 2 2 2 2 2 2 2 2 2 2 2 2 2 2 2 2 2 2 2 2 2 2 2 2 2 2 2 2 2 2 2 2 2 2 2 2 2 2 2 2 2 2 2 2 2 2 2 2 2 2 2 2 2 2 
2 2 2 2 2 2 2 2 2 2 2 2 2 2 2 2 2 2 2 2 2 2 2 2 2 2 2 2 2 2 2 2 2 2 2 2 2 2 2 2 2 2 2 2 2 2 2 2 2 2 2 2 2 2 2 2 2 2 2 2 2 
2 2 2 2 2 2 2 2 2 2 2 2 2 2 2 2 2 2 2 2 2 2 2 2 2 2 2 2 2 2 2 2 2 2 2 2 2 2 2 2 2 2 2 2 2 2 2 2 2 2 2 2 2 2 2 2 2 2 2 2 2 
1 1 1 1 1 1 1 1 1 1 1 1 1 1 1 1 1 1 1 1 1 1 1 1 1 1 1 1 1 1 1 1 1 1 1 1 1 1 1 1 1 1 1 1 1 1 1 1 1 1 1 1 1 1 1 1 1 1 1 1 1 
1 1 1 1 1 1 1 1 1 1 1 1 1 1 1 1 1 1 1 1 1 1 1 1 1 1 1 1 1 1 1 1 1 1 1 1 1 1 1 1 1 1 1 1 1 1 1 1 1 1 1 1 1 1 1 1 1 1 1 1 1 
1 1 1 1 1 1 1 1 1 1 1 1 1 1 1 1 1 1 1 1 1 1 1 1 1 1 1 1 1 1 1 1 1 1 1 1 1 1 1 1 1 1 1 1 1 1 1 1 1 1 1 1 1 1 1 1 1 1 1 1 1 
1 1 1 1 1 1 1 1 1 1 1 1 1 1 1 1 1 1 1 1 1 1 1 1 1 1 1 1 1 1 1 1 1 1 1 1 1 1 1 1 1 1 1 1 1 1 1 1 1 1 1 1 1 1 1 1 1 1 1 1 1 
1 1 1 1 1 1 1 1 1 1 1 1 1 1 1 1 1 1 1 1 1 1 1 1 1 1 1 1 1 1 1 1 1 1 1 1 1 1 1 1 1 1 1 1 1 1 1 1 1 1 1 1 1 1 1 1 1 1 1 1 1 
1 1 1 1 1 1 1 1 1 1 1 1 1 1 1 1 1 1 1 1 1 1 1 1 1 1 1 1 1 1 1 1 1 1 1 1 1 1 1 1 1 1 1 1 1 1 1 1 1 1 1 1 1 1 1 1 1 1 1 1 1 
1 1 1 1 1 1 1 1 1 1 1 1 1 1 1 1 1 1 1 1 1 1 1 1 1 1 1 1 1 1 1 1 1 1 1 1 1 1 1 1 1 1 1 1 1 1 1 1 1 1 1 1 1 1 1 1 1 1 1 1 1 
1 1 1 1 1 1 1 1 1 1 1 1 1 1 1 1 1 1 1 1 1 1 1 1 1 1 1 1 1 1 1 1 1 1 1 1 1 1 1 1 1 1 1 1 1 1 1 1 1 1 1 1 1 1 1 1 1 1 1 1 1 
1 1 1 1 1 1 1 1 1 1 1 1 1 1 1 1 1 1 1 1 1 1 1 1 1 1 1 1 1 1 1 1 1 1 1 1 1 1 1 1 1 1 1 1 1 1 1 1 1 1 1 1 1 1 1 1 1 1 1 1 1 
1 1 1 1 1 1 1 1 1 1 1 1 1 1 1 1 1 1 1 1 1 1 1 1 1 1 1 1 1 1 1 1 1 1 1 1 1 1 1 1 1 1 1 1 1 1 1 1 1 1 1 1 1 1 1 1 1 1 1 1 1 
1 1 1 1 1 1 1 1 1 1 1 1 1 1 1 1 1 1 1 1 1 1 1 1 1 1 1 1 1 1 1 1 1 1 1 1 1 1 1 1 1 1 1 1 1 1 1 1 1 1 1 1 1 1 1 1 1 1 1 1 1 
1 1 1 1 1 1 1 1 1 1 1 1 1 1 1 1 1 1 1 1 1 1 1 1 1 1 1 1 1 1 1 1 1 1 1 1 1 1 1 1 1 1 1 1 1 1 1 1 1 1 1 1 1 1 1 1 1 1 1 1 1 
1 1 1 1 1 1 1 1 1 1 1 1 1 1 1 1 1 1 1 1 1 1 1 1 1 1 1 1 1 1 1 1 1 1 1 1 1 1 1 1 1 1 1 1 1 1 1 1 1 1 1 1 1 1 1 1 1 1 1 1 1 
1 1 1 1 1 1 1 1 1 1 1 1 1 1 1 1 1 1 1 1 1 1 1 1 1 1 1 1 1 1 1 1 1 1 1 1 1 1 1 1 1 1 1 1 1 1 1 1 1 1 1 1 1 1 1 1 1 1 1 1 1 
1 1 1 1 1 1 1 1 1 1 1 1 1 1 1 1 1 1 1 1 1 1 1 1 1 1 1 1 1 1 1 1 1 1 1 1 1 1 1 1 1 1 1 1 1 1 1 1 1 1 1 1 1 1 1 1 1 1 1 1 1 
1 1 1 1 1 1 1 1 1 1 1 1 1 1 1 1 1 1 1 1 1 1 1 1 1 1 1 1 1 1 1 1 1 1 1 1 1 1 1 1 1 1 1 1 1 1 1 1 1 1 1 1 1 1 1 1 1 1 1 1 1 
1 1 1 1 1 1 1 1 1 1 1 1 1 1 1 1 1 1 1 1 1 1 1 1 1 1 1 1 1 1 1 1 1 1 1 1 1 1 1 1 1 1 1 1 1 1 1 1 1 1 1 1 1 1 1 1 1 1 1 1 1 
1 1 1 1 1 1 1 1 1 1 1 1 1 1 1 1 1 1 1 1 1 1 1 1 1 1 1 1 1 1 1 1 1 1 1 1 1 1 1 1 1 1 1 1 1 1 1 1 1 1 1 1 1 1 1 1 1 1 1 1 1 
1 1 1 1 1 1 1 1 1 1 1 1 1 1 1 1 1 1 1 1 1 1 1 1 1 1 1 1 1 1 1 1 1 1 1 1 1 1 1 1 1 1 1 1 1 1 1 1 1 1 1 1 1 1 1 1 1 1 1 1 1 
1 1 1 1 1 1 1 1 1 1 1 1 1 1 1 1 1 1 1 1 1 1 1 1 1 1 1 1 1 1 1 1 1 1 1 1 1 1 1 1 1 1 1 1 1 1 1 1 1 1 1 1 1 1 1 1 1 1 1 1 1 
1 1 1 1 1 1 1 1 1 1 1 1 1 1 1 1 1 1 1 1 1 1 1 1 1 1 1 1 1 1 1 1 1 1 1 1 1 1 1 1 1 1 1 1 1 1 1 1 1 1 1 1 1 1 1 1 1 1 1 1 1 
1 1 1 1 1 1 1 1 1 1 1 1 1 1 1 1 1 1 1 1 1 1 1 1 1 1 1 1 1 1 1 1 1 1 1 1 1 1 1 1 1 1 1 1 1 1 1 1 1 1 1 1 1 1 1 1 1 1 1 1 1 
1 1 1 1 1 1 1 1 1 1 1 1 1 1 1 1 1 1 1 1 1 1 1 1 1 1 1 1 1 1 1 1 1 1 1 1 1 1 1 1 1 1 1 1 1 1 1 1 1 1 1 1 1 1 1 1 1 1 1 1 1 
1 1 1 1 1 1 1 1 1 1 1 1 1 1 1 1 1 1 1 1 1 1 1 1 1 1 1 1 1 1 1 1 1 1 1 1 1 1 1 1 1 1 1 1 1 1 1 1 1 1 1 1 1 1 1 1 1 1 1 1 1 
1 1 1 1 1 1 1 1 1 1 1 1 1 1 1 1 1 1 1 1 1 1 1 1 1 1 1 1 1 1 1 1 1 1 1 1 1 1 1 1 1 1 1 1 1 1 1 1 1 1 1 1 1 1 1 1 1 1 1 1 1 
1 1 1 1 1 1 1 1 1 1 1 1 1 1 1 1 1 1 1 1 1 1 1 1 1 1 1 1 1 1 1 1 1 1 1 1 1 1 1 1 1 1 1 1 1 1 1 1 1 1 1 1 1 1 1 1 1 1 1 1 1 
1 1 1 1 1 1 1 1 1 1 1 1 1 1 1 1 1 1 1 1 1 1 1 1 1 1 1 1 1 1 1 1 1 1 1 1 1 1 1 1 1 1 1 1 1 1 1 1 1 1 1 1 1 1 1 1 1 1 1 1 1 
1 1 1 1 1 1 1 1 1 1 1 1 1 1 1 1 1 1 1 1 1 1 1 1 1 1 1 1 1 1 1 1 1 1 1 1 1 1 1 1 1 1 1 1 1 1 1 1 1 1 1 1 1 1 1 1 1 1 1 1 1 
1 1 1 1 1 1 1 1 1 1 1 1 1 1 1 1 1 1 1 1 1 1 1 1 1 1 1 1 1 1 1 1 1 1 1 1 1 1 1 1 1 1 1 1 1 1 1 1 1 1 1 1 1 1 1 1 1 1 1 1 1 
1 1 1 1 1 1 1 1 1 1 1 1 1 1 1 1 1 1 1 1 1 1 1 1 1 1 1 1 1 1 1 1 1 1 1 1 1 1 1 1 1 1 1 1 1 1 1 1 1 1 1 1 1 1 1 1 1 1 1 1 1 
1 1 1 1 1 1 1 1 1 1 1 1 1 1 1 1 1 1 1 1 1 1 1 1 1 1 1 1 1 1 1 1 1 1 1 1 1 1 1 1 1 1 1 1 1 1 1 1 1 1 1 1 1 1 1 1 1 1 1 1 1 
2 2 2 2 2 2 2 2 2 2 2 2 2 2 2 2 2 2 2 2 2 2 2 2 2 2 2 2 2 2 2 2 2 2 2 2 2 2 2 2 2 2 2 2 2 2 2 2 2 2 2 2 2 2 2 2 2 2 2 2 2 
2 2 2 2 2 2 2 2 2 2 2 2 2 2 2 2 2 2 2 2 2 2 2 2 2 2 2 2 2 2 2 2 2 2 2 2 2 2 2 2 2 2 2 2 2 2 2 2 2 2 2 2 2 2 2 2 2 2 2 2 2 
2 2 2 2 2 2 2 2 2 2 2 2 2 2 2 2 2 2 2 2 2 2 2 2 2 2 2 2 2 2 2 2 2 2 2 2 2 2 2 2 2 2 2 2 2 2 2 2 2 2 2 2 2 2 2 2 2 2 2 2 2 
2 2 2 2 2 2 2 2 2 2 2 2 2 2 2 2 2 2 2 2 2 2 2 2 2 2 2 2 2 2 2 2 2 2 2 2 2 2 2 2 2 2 2 2 2 2 2 2 2 2 2 2 2 2 2 2 2 2 2 2 2 
SCALARS GB_initial double 1
LOOKUP_TABLE default
0.01317287382847921 0.01334312754145523 0.01351532393149835 0.0136894814584538 0.01386561870728184 0.01404375438824308 0.01422390733707406 0.01440609651515295 0.01459034100965573 0.01477666003370176 0.01496507292648936 0.01515559915342119 0.01534825830621892 0.0155430701030271 0.01574005438850679 0.01593923113391729 0.01614062043718793 0.01634424252297743 0.01655011774272287 0.01675826657467645 0.0169687096239307 0.01718146762243195 0.01739656142898183 0.01761401202922653 0.01783384053563335 0.01805606818745561 0.01828071635068469 0.01850780651798846 0.01873736030863809 0.0189693994684209 0.01920394586954038 0.01944102151050261 0.01968064851598957 0.01992284913671817 0.02016764574928578 0.02041506085600226 0.02066511708470666 0.0209178371885708 0.02117324404588767 0.02143136065984608 0.02169221015828921 0.02195581579345975 0.02222220094172834 0.02249138910330976 0.02276340390195933 0.02303826908465739 0.02331600852127766 0.02359664620423851 0.02388020624813758 0.02416671288937506 0.02445619048575281 0.02474866351606555 0.02504415657966852 0.02534269439603277 0.02564430180428278 0.02594900376271455 0.02625682534830056 0.02656779175617418 0.02688192829909842 0.02719926040691531 0.0275198136259809 
0.001959280076036396 0.001989711810185012 0.002020577674449543 0.002051883216850215 0.002083634046066041 0.00211583583194341 0.00214849430600671 0.002181615261970868 0.002215204556255919 0.002249268108503376 0.002283811902094568 0.00231884198467077 0.002354364468655217 0.00239038553177681 0.002426911417595692 0.002463948436030394 0.002501502963886859 0.002539581445388916 0.002578190392710511 0.002617336386509462 0.002657026076462733 0.002697266181803241 0.00273806349185813 0.002779424866588472 0.002821357237130238 0.002863867606336795 0.002906963049322618 0.002950650714008153 0.002994937821666055 0.003039831667468506 0.003085339621035642 0.003131469126985107 0.003178227705482624 0.003225622952793469 0.003273662541834943 0.003322354222729809 0.003371705823360309 0.003421725249923208 0.00347242048748542 0.003523799600540449 0.003575870733565194 0.003628642111577625 0.003682122040694566 0.003736318908690672 0.003791241185556683 0.00384689742405905 0.003903296260299264 0.003960446414273657 0.004018356690432934 0.004077035978242736 0.00413649325274276 0.004196737575107476 0.004257778093205369 0.004319624042158833 0.004382284744903741 0.00444576961274815 0.004510088145931447 0.004575249934182414 0.004641264657277129 0.004708142085595924 0.004775892080680352 
0.0002060657421810543 0.0002098050819902018 0.0002136082029806049 0.0002174761149224704 0.0002214098421394481 0.0002254104236933058 0.0002294789135705271 0.0002336163808708426 0.0002378239099977223 0.0002421026008508147 0.0002464535690203831 0.0002508779459837104 0.0002553768793035299 0.0002599515328284477 0.0002646030868954198 0.0002693327385342473 0.0002741417016741494 0.0002790312073523846 0.0002840025039249686 0.0002890568572794784 0.0002941955510499594 0.000299419886833963 0.0003047311844117099 0.0003101307819673975 0.0003156200363126597 0.0003212003231122092 0.0003268730371116608 0.0003326395923675272 0.0003385014224794496 0.0003444599808246306 0.0003505167407945037 0.0003566731960336434 0.0003629308606809369 0.0003692912696130072 0.0003757559786899273 0.0003823265650032321 0.0003890046271262028 0.000395791785366492 0.0004026896820210597 0.0004096999816334598 0.0004168243712534443 0.0004240645606989394 0.0004314222828204046 0.0004388992937675784 0.0004464973732585283 0.0004542183248512265 0.000462063976217443 0.0004700361794191096 0.0004781368111870473 0.00048636777320227 0.0004947309923795328 0.0005032284211535495 0.000511862037767522 0.0005206338465642273 0.0005295458782795996 0.000538600190338711 0.0005477988671543984 0.0005571440204282749 0.000566637789454347 0.0005762823414250755 0.0005860798717401047 
1.532527789897521e-05 1.564354280876987e-05 1.596811266599039e-05 1.62991057754407e-05 1.663664252400808e-05 1.698084541454115e-05 1.733183910022745e-05 1.768975041947356e-05 1.80547084312982e-05 1.84268444512402e-05 1.88062920877926e-05 1.91931872793649e-05 1.958766833178461e-05 1.99898759563401e-05 2.039995330837668e-05 2.081804602644736e-05 2.124430227203034e-05 2.167887276981604e-05 2.212191084857355e-05 2.257357248260223e-05 2.303401633377559e-05 2.350340379418572e-05 2.398189902939453e-05 2.446966902230036e-05 2.496688361762461e-05 2.547371556703046e-05 2.599034057487835e-05 2.651693734462405e-05 2.705368762587178e-05 2.760077626208695e-05 2.81583912389767e-05 2.872672373354691e-05 2.930596816384385e-05 2.989632223938671e-05 3.049798701230194e-05 3.11111669291662e-05 3.173606988356425e-05 3.237290726937442e-05 3.302189403478618e-05 3.368324873706197e-05 3.435719359804501e-05 3.504395456043271e-05 3.574376134481293e-05 3.645684750748252e-05 3.718345049904233e-05 3.792381172379787e-05 3.867817659995554e-05 3.944679462063669e-05 4.022991941570589e-05 4.102780881444399e-05 4.184072490904182e-05 4.266893411896404e-05 4.351270725615527e-05 4.437231959112438e-05 4.524805091990631e-05 4.61401856319037e-05 4.704901277863681e-05 4.797482614339254e-05 4.891792431179382e-05 4.987861074329167e-05 5.08571938436053e-05 
8.059427721039136e-07 8.247978338530228e-07 8.440779113288423e-07 8.637921954522743e-07 8.839500667624647e-07 9.045610991214977e-07 9.256350634869873e-07 9.471819317535992e-07 9.692118806647869e-07 9.917352957957845e-07 1.014762775609221e-06 1.038305135584392e-06 1.062373412421596e-06 1.086978868322639e-06 1.112132995348923e-06 1.137847519858275e-06 1.16413440702191e-06 1.191005865422895e-06 1.218474351737336e-06 1.246552575499783e-06 1.275253503954155e-06 1.304590366991685e-06 1.334576662177221e-06 1.365226159865473e-06 1.396552908408436e-06 1.428571239455799e-06 1.461295773349677e-06 1.494741424615108e-06 1.528923407548153e-06 1.563857241902961e-06 1.599558758679479e-06 1.636044106013466e-06 1.673329755170435e-06 1.711432506645167e-06 1.750369496368582e-06 1.790158202023694e-06 1.830816449472224e-06 1.872362419293907e-06 1.914814653440121e-06 1.958192062003837e-06 2.002513930107275e-06 2.047799924909983e-06 2.094070102738324e-06 2.141344916339165e-06 2.189645222258689e-06 2.238992288349603e-06 2.289407801407554e-06 2.340913874939809e-06 2.393533057067016e-06 2.447288338562138e-06 2.502203161025852e-06 2.558301425203853e-06 2.615607499445168e-06 2.674146228306023e-06 2.733942941300352e-06 2.795023461799073e-06 2.857414116081529e-06 2.921141742540114e-06 2.986233701041511e-06 3.052717882446033e-06 3.120622718288817e-06 
2.997045501419055e-08 3.075057166228233e-08 3.155039261170086e-08 3.237039946413517e-08 3.321108517299166e-08 3.407295430033193e-08 3.495652327936757e-08 3.586232068261987e-08 3.679088749586662e-08 3.774277739798652e-08 3.871855704683268e-08 3.971880637124352e-08 4.07441188693324e-08 4.179510191316742e-08 4.287237705998665e-08 4.397658037006745e-08 4.510836273139578e-08 4.626839019126633e-08 4.745734429495617e-08 4.867592243161473e-08 4.992483818751359e-08 5.12048217068082e-08 5.251662005995765e-08 5.386099761996273e-08 5.523873644656835e-08 5.66506366786041e-08 5.809751693461647e-08 5.958021472195506e-08 6.109958685449415e-08 6.26565098791502e-08 6.425188051137354e-08 6.588661607979827e-08 6.756165498022371e-08 6.927795713911567e-08 7.103650448681809e-08 7.283830144066896e-08 7.468437539820354e-08 7.657577724066269e-08 7.851358184699392e-08 8.049888861855873e-08 8.253282201475597e-08 8.461653209977251e-08 8.675119510068096e-08 8.893801397711809e-08 9.117821900273021e-08 9.347306835867896e-08 9.582384873938206e-08 9.82318759707701e-08 1.006984956412591e-07 1.032250837457572e-07 1.058130473428501e-07 1.084638252255472e-07 1.11178888605735e-07 1.139597418126816e-07 1.168079230058381e-07 1.197250049021787e-07 1.227125955184317e-07 1.257723389284114e-07 1.289059160357922e-07 1.321150453625853e-07 1.35401483853685e-07 
7.880898853293206e-10 8.106850448426748e-10 8.339121201610413e-10 8.577883177127625e-10 8.823312990684619e-10 9.075591926057334e-10 9.334906054626344e-10 9.601446357866682e-10 9.875408852865004e-10 1.015699472093336e-09 1.044641043939605e-09 1.074386791662206e-09 1.104958463038201e-09 1.136378376960641e-09 1.16866943796284e-09 1.201855151098947e-09 1.23595963718958e-09 1.27100764844089e-09 1.307024584445977e-09 1.34403650857758e-09 1.382070164781217e-09 1.4211529947783e-09 1.461313155688654e-09 1.502579538082501e-09 1.544981784471583e-09 1.588550308250168e-09 1.6333163130961e-09 1.679311812842647e-09 1.726569651832309e-09 1.775123525763655e-09 1.825008003042646e-09 1.876258546650259e-09 1.928911536538372e-09 1.983004292565978e-09 2.038575097988539e-09 2.095663223513144e-09 2.154308951932324e-09 2.214553603350276e-09 2.276439561014953e-09 2.340010297769894e-09 2.405310403140267e-09 2.472385611067447e-09 2.541282828307274e-09 2.612050163507433e-09 2.684736956978131e-09 2.75939381117441e-09 2.836072621903958e-09 2.914826610278524e-09 2.995710355424708e-09 3.078779827973542e-09 3.164092424342943e-09 3.251707001835688e-09 3.341683914567126e-09 3.434085050244433e-09 3.528973867815667e-09 3.62641543600743e-09 3.72647647277331e-09 3.829225385671629e-09 3.934732313194796e-09 4.0430691670707e-09 4.154309675560325e-09 
1.465384036625645e-11 1.511278188370933e-11 1.558579965541886e-11 1.607331593085305e-11 1.657576532884049e-11 1.709359519080155e-11 1.762726594379437e-11 1.817725147363704e-11 1.874403950838084e-11 1.932813201240862e-11 1.993004559145042e-11 2.055031190880222e-11 2.118947811305501e-11 2.184810727763862e-11 2.252677885250019e-11 2.322608912823798e-11 2.39466517130293e-11 2.468909802268903e-11 2.545407778421372e-11 2.624225955316879e-11 2.705433124528726e-11 2.789100068266202e-11 2.87529961549147e-11 2.964106699574834e-11 3.055598417527731e-11 3.149854090857198e-11 3.246955328083496e-11 3.346986088965249e-11 3.450032750477522e-11 3.556184174589332e-11 3.665531777887584e-11 3.778169603096719e-11 3.894194392543985e-11 4.013705663621259e-11 4.136805786296438e-11 4.263600062728592e-11 4.394196809040849e-11 4.528707439309558e-11 4.667246551826317e-11 4.80993201769362e-11 4.956885071814311e-11 5.108230406338236e-11 5.264096266629748e-11 5.424614549823265e-11 5.589920906031202e-11 5.7601548422785e-11 5.935459829229899e-11 6.115983410785924e-11 6.301877316619785e-11 6.493297577735461e-11 6.690404645118838e-11 6.893363511570473e-11 7.102343836794753e-11 7.317520075835084e-11 7.539071610939846e-11 7.767182886945546e-11 8.002043550273401e-11 8.243848591626999e-11 8.492798492490101e-11 8.749099375518054e-11 9.01296315893518e-11 
1.926728156947682e-13 1.992186316641156e-13 2.059829047505561e-13 2.129727900445382e-13 2.20195672381903e-13 2.27659173567163e-13 2.353711598188915e-13 2.433397494437926e-13 2.515733207464134e-13 2.600805201814371e-13 2.688702707559842e-13 2.779517806892168e-13 2.873345523370964e-13 2.970283913901205e-13 3.070434163522419e-13 3.173900683093208e-13 3.280791209957694e-13 3.391216911682542e-13 3.505292492956388e-13 3.623136305744643e-13 3.744870462797939e-13 3.870620954612513e-13 4.000517769945779e-13 4.134695019992498e-13 4.273291066328712e-13 4.416448652737381e-13 4.564315041028564e-13 4.717042150972728e-13 4.874786704469344e-13 5.03771037407516e-13 5.205979936020874e-13 5.379767427848592e-13 5.559250310806268e-13 5.744611637138762e-13 5.936040222419807e-13 6.133730823073331e-13 6.337884319235236e-13 6.548707903114256e-13 6.766415273011312e-13 6.991226833164148e-13 7.223369899587676e-13 7.463078912084972e-13 7.71059565260942e-13 7.966169470165069e-13 8.23005751243101e-13 8.502524964313912e-13 8.783845293622684e-13 9.074300504078101e-13 9.37418139586598e-13 9.68378783396102e-13 1.000342902443438e-12 1.033342379899247e-12 1.067410090797044e-12 1.102579932203707e-12 1.138886854285762e-12 1.176366892297219e-12 1.215057199516327e-12 1.254996081157818e-12 1.29622302928949e-12 1.338778758781197e-12 1.382705244318049e-12 
1.791359361027396e-15 1.856986628886314e-15 1.92498146634893e-15 1.995427922421821e-15 2.068412979948808e-15 2.144026656220081e-15 2.222362106967588e-15 2.303515733858188e-15 2.387587295600356e-15 2.474680022783064e-15 2.564900736570154e-15 2.658359971376629e-15 2.755172101658375e-15 2.855455472949826e-15 2.959332537289888e-15 3.066929993179359e-15 3.178378930219108e-15 3.293814978581946e-15 3.413378463477133e-15 3.537214564770022e-15 3.665473481926536e-15 3.798310604455746e-15 3.935886688030273e-15 4.078368036471131e-15 4.225926689785208e-15 4.378740618456839e-15 4.536993924194143e-15 4.700877047341127e-15 4.870586981173016e-15 5.046327493298073e-15 5.228309354396884e-15 5.41675057453725e-15 5.611876647311047e-15 5.81392080204576e-15 6.023124264353241e-15 6.239736525285369e-15 6.464015619374472e-15 6.696228411847118e-15 6.936650895306657e-15 7.185568496190547e-15 7.443276391318308e-15 7.710079834855039e-15 7.986294496026237e-15 8.272246807931334e-15 8.56827432780957e-15 8.874726109132373e-15 9.191963085896402e-15 9.520358469513772e-15 9.860298158698522e-15 1.021218116277586e-14 1.057642003882813e-14 1.095344134314071e-14 1.134368609738792e-14 1.174761027004084e-14 1.216568527348196e-14 1.259839847732227e-14 1.304625373844814e-14 1.350977194832104e-14 1.398949159809203e-14 1.44859693620761e-14 1.499978070021434e-14 
1.177709765861985e-17 1.223998500847737e-17 1.272082306948875e-17 1.322029831900348e-17 1.373912310796323e-17 1.427803662139902e-17 1.483780587402563e-17 1.541922674218894e-17 1.602312503347744e-17 1.665035759534432e-17 1.730181346414452e-17 1.797841505603067e-17 1.868111940121259e-17 1.941091942312734e-17 2.016884526413177e-17 2.095596565937959e-17 2.177338936060331e-17 2.262226661158536e-17 2.350379067716592e-17 2.441919942768923e-17 2.536977698087557e-17 2.635685540315634e-17 2.738181647259537e-17 2.844609350558568e-17 2.955117324958657e-17 3.069859784425739e-17 3.188996685341231e-17 3.312693937030229e-17 3.441123619884379e-17 3.574464211347193e-17 3.712900820041065e-17 3.856625428324181e-17 4.005837143575849e-17 4.160742458518587e-17 4.321555520896804e-17 4.488498412842661e-17 4.661801440270663e-17 4.841703432654986e-17 5.028452053556505e-17 5.222304122276921e-17 5.423525947032803e-17 5.632393670054967e-17 5.849193625032199e-17 6.074222707334577e-17 6.307788757462132e-17 6.550210958188201e-17 6.801820245873351e-17 7.062959736449752e-17 7.333985166587193e-17 7.615265350578525e-17 7.907182653484376e-17 8.210133481118068e-17 8.524528787449197e-17 8.850794600040583e-17 9.189372564147172e-17 9.54072050612375e-17 9.905313016822522e-17 1.028364205566937e-16 1.067621757614701e-16 1.108356817341441e-16 1.1506241754866e-16 
1.516259973040765e-16 1.571940706413166e-16 1.629637061671825e-16 1.689420921015856e-16 1.751366690422282e-16 1.81555138681807e-16 1.88205472821196e-16 1.950959226884496e-16 2.022350285738623e-16 2.096316297915282e-16 2.17294874978398e-16 2.252342327418986e-16 2.334595026678451e-16 2.41980826700519e-16 2.508087009073179e-16 2.599539876407323e-16 2.694279281107887e-16 2.792421553815997e-16 2.894087078060825e-16 2.999400429132733e-16 3.108490517632869e-16 3.221490737853441e-16 3.338539121148426e-16 3.459778494459308e-16 3.585356644165738e-16 3.715426485437498e-16 3.850146237268484e-16 3.989679603379431e-16 4.13419595918352e-16 4.283870545013791e-16 4.438884665818166e-16 4.599425897534474e-16 4.765688300365366e-16 4.937872639178807e-16 5.116186611268197e-16 5.30084508171375e-16 5.492070326592518e-16 5.69009228429607e-16 5.895148815219589e-16 6.107485970096385e-16 6.327358267260204e-16 6.555028979127532e-16 6.790770428199198e-16 7.034864292894379e-16 7.287601923532485e-16 7.549284668800244e-16 7.820224213039267e-16 8.100742924709867e-16 8.391174216389979e-16 8.691862916693098e-16 9.003165654476786e-16 9.325451255759665e-16 9.65910115374049e-16 1.000450981235763e-15 1.036208516382165e-15 1.073224906056945e-15 1.111543774211695e-15 1.15121023172805e-15 1.192270926227317e-15 1.234774093517313e-15 1.278769610732438e-15 
1.939450322806599e-14 2.005675241911868e-14 2.074124443471685e-14 2.144871350238405e-14 2.217991764814806e-14 2.293563945320494e-14 2.371668683416068e-14 2.452389384755893e-14 2.53581215194419e-14 2.622025870070105e-14 2.711122294900939e-14 2.803196143813303e-14 2.898345189546536e-14 2.996670356862881e-14 3.098275822203832e-14 3.203269116432426e-14 3.311761230755605e-14 3.423866725922568e-14 3.539703844798945e-14 3.659394628417271e-14 3.783065035610889e-14 3.910845066337924e-14 4.042868888806912e-14 4.179274970519939e-14 4.32020621334869e-14 4.4658100927682e-14 4.616238801370882e-14 4.771649396790097e-14 4.932203954166442e-14 5.098069723292901e-14 5.269419290578463e-14 5.446430745975725e-14 5.629287855021076e-14 5.818180236139259e-14 6.013303543372209e-14 6.214859654691986e-14 6.423056866065968e-14 6.638110091446104e-14 6.860241068858122e-14 7.089678572773739e-14 7.326658632952142e-14 7.57142475994358e-14 7.824228177453682e-14 8.085328061773569e-14 8.354991788480572e-14 8.633495186634341e-14 8.921122800681836e-14 9.218168160306306e-14 9.524934058450046e-14 9.841732837760628e-14 1.016888668569869e-13 1.050672793857675e-13 1.085559939478043e-13 1.121585463745173e-13 1.158785836691206e-13 1.19719867431053e-13 1.236862773836858e-13 1.277818150082229e-13 1.320106072870313e-13 1.363769105594423e-13 1.408851144936742e-13 
1.754189104904473e-12 1.809580161537956e-12 1.866686927249731e-12 1.925561474132298e-12 1.986257420867669e-12 2.048829977614757e-12 2.113335992167856e-12 2.179833997420928e-12 2.248384260174012e-12 2.319048831318338e-12 2.391891597438514e-12 2.466978333870227e-12 2.544376759253788e-12 2.624156591624401e-12 2.706389606081556e-12 2.791149694080174e-12 2.878512924388774e-12 2.968557605759575e-12 3.061364351357669e-12 3.157016144997088e-12 3.255598409233279e-12 3.357199075362652e-12 3.46190865538085e-12 3.569820315953552e-12 3.681029954453715e-12 3.795636277122859e-12 3.913740879412527e-12 4.035448328566071e-12 4.160866248501375e-12 4.290105407056468e-12 4.423279805662641e-12 4.56050677151024e-12 4.701907052274653e-12 4.847604913471837e-12 4.997728238514048e-12 5.15240863153922e-12 5.311781523087805e-12 5.475986278704446e-12 5.64516631054322e-12 5.819469192056995e-12 5.999046775853302e-12 6.184055314802668e-12 6.374655586486201e-12 6.571013021072017e-12 6.773297832710999e-12 6.981685154549204e-12 7.196355177450179e-12 7.417493292529474e-12 7.645290237598311e-12 7.87994224762917e-12 8.121651209338402e-12 8.370624820008775e-12 8.627076750653768e-12 8.891226813645312e-12 9.163301134922892e-12 9.443532330901481e-12 9.732159690209629e-12 1.002942936037926e-11 1.033559453962352e-11 1.065091567382997e-11 1.097566065892363e-11 
1.121932989483242e-10 1.154483682377142e-10 1.187957550173529e-10 1.222380146854015e-10 1.257777715519028e-10 1.294177206453674e-10 1.331606295652948e-10 1.370093403817364e-10 1.409667715830867e-10 1.450359200732297e-10 1.492198632193347e-10 1.53521760951441e-10 1.579448579151911e-10 1.624924856789462e-10 1.671680649966477e-10 1.719751081277636e-10 1.769172212157334e-10 1.819981067263098e-10 1.872215659472792e-10 1.9259150155104e-10 1.981119202215549e-10 2.037869353472743e-10 2.096207697815838e-10 2.156177586724628e-10 2.217823523629659e-10 2.281191193643056e-10 2.346327494032544e-10 2.413280565456466e-10 2.482099823978449e-10 2.552835993880547e-10 2.625541141293536e-10 2.700268708664698e-10 2.777073550082886e-10 2.856011967481178e-10 2.937141747738702e-10 3.020522200703068e-10 3.106214198154697e-10 3.194280213736798e-10 3.284784363873164e-10 3.377792449697518e-10 3.473372000018929e-10 3.571592315347369e-10 3.672524513005134e-10 3.77624157335032e-10 3.882818387136719e-10 3.9923318040405e-10 4.104860682378267e-10 4.220485940046522e-10 4.339290606709881e-10 4.461359877270789e-10 4.586781166645299e-10 4.715644165882966e-10 4.848040899655769e-10 4.984065785152948e-10 5.123815692413514e-10 5.267390006128099e-10 5.414890688948822e-10 5.566422346338761e-10 5.722092292999301e-10 5.882010620910008e-10 6.046290269025603e-10 
5.073996775330213e-09 5.208234512360939e-09 5.345928153661738e-09 5.487164081299104e-09 5.632030767963615e-09 5.780618825797684e-09 5.933021056320122e-09 6.089332501469612e-09 6.249650495792011e-09 6.414074719795205e-09 6.582707254497442e-09 6.755652637193439e-09 6.933017918465704e-09 7.114912720465768e-09 7.301449296494435e-09 7.492742591907006e-09 7.688910306372449e-09 7.890072957515059e-09 8.096353945968354e-09 8.307879621869802e-09 8.524779352828682e-09 8.747185593396695e-09 8.975233956073638e-09 9.209063283881665e-09 9.448815724537625e-09 9.69463680626181e-09 9.946675515254683e-09 1.020508437487561e-08 1.047001952656275e-08 1.074164081252745e-08 1.102011186026175e-08 1.130560016889664e-08 1.159827719744959e-08 1.18983184550005e-08 1.220590359283709e-08 1.252121649861016e-08 1.284444539253932e-08 1.317578292571466e-08 1.351542628053482e-08 1.386357727332789e-08 1.422044245919831e-08 1.458623323914795e-08 1.496116596951654e-08 1.534546207379152e-08 1.573934815683035e-08 1.614305612155521e-08 1.655682328815959e-08 1.698089251588718e-08 1.741551232742847e-08 1.786093703599835e-08 1.831742687513511e-08 1.878524813129354e-08 1.926467327927383e-08 1.975598112055534e-08 2.025945692458843e-08 2.077539257310293e-08 2.130408670750413e-08 2.18458448794053e-08 2.240097970437273e-08 2.296981101893717e-08 2.355266604095485e-08 
1.622655085262016e-07 1.661445205825073e-07 1.701132230996904e-07 1.741736150459927e-07 1.783277381488886e-07 1.825776777680742e-07 1.86925563785355e-07 1.913735715117e-07 1.959239226118351e-07 2.005788860466152e-07 2.053407790335792e-07 2.102119680259437e-07 2.151948697104172e-07 2.202919520241367e-07 2.255057351911125e-07 2.308387927784792e-07 2.362937527729531e-07 2.418732986778378e-07 2.475801706309352e-07 2.534171665437644e-07 2.593871432624257e-07 2.654930177505364e-07 2.717377682946124e-07 2.78124435732292e-07 2.846561247037842e-07 2.913360049270208e-07 2.981673124968591e-07 3.051533512087806e-07 3.122974939075356e-07 3.196031838611615e-07 3.270739361608154e-07 3.347133391468657e-07 3.425250558617344e-07 3.50512825529922e-07 3.586804650656955e-07 3.670318706089701e-07 3.755710190897824e-07 3.843019698219405e-07 3.932288661263244e-07 4.023559369843157e-07 4.116874987219507e-07 4.212279567252663e-07 4.309818071873827e-07 4.409536388879555e-07 4.511481350053542e-07 4.615700749624018e-07 4.722243363060033e-07 4.831158966214353e-07 4.94249835481662e-07 5.056313364326585e-07 5.172656890147839e-07 5.291582908214688e-07 5.41314649595306e-07 5.537403853624905e-07 5.664412326062177e-07 5.794230424795026e-07 5.926917850584073e-07 6.062535516360707e-07 6.201145570583833e-07 6.342811421018992e-07 6.487597758950249e-07 
3.669399547648495e-06 3.747781597434967e-06 3.827769592973837e-06 3.909394921570862e-06 3.992689551463019e-06 4.077686041897987e-06 4.164417553375421e-06 4.252917858051859e-06 4.343221350312082e-06 4.435363057508584e-06 4.529378650872862e-06 4.625304456599189e-06 4.723177467105138e-06 4.823035352470067e-06 4.924916472054799e-06 5.028859886304861e-06 5.134905368739725e-06 5.243093418130938e-06 5.353465270872021e-06 5.466062913541879e-06 5.580929095665593e-06 5.698107342674827e-06 5.817641969070359e-06 5.939578091790463e-06 6.063961643786703e-06 6.190839387811244e-06 6.320258930418394e-06 6.452268736182126e-06 6.586918142134372e-06 6.72425737242622e-06 6.864337553214553e-06 7.007210727778417e-06 7.152929871867625e-06 7.301548909286256e-06 7.453122727715394e-06 7.607707194777946e-06 7.765359174347693e-06 7.926136543107978e-06 8.090098207361528e-06 8.257304120096205e-06 8.427815298308606e-06 8.601693840590838e-06 8.779002944982113e-06 8.959806927091093e-06 9.144171238488388e-06 9.33216248537861e-06 9.523848447550764e-06 9.719298097613107e-06 9.918581620514844e-06 1.012177043336167e-05 1.03289372055223e-05 1.054015587903931e-05 1.07555016893384e-05 1.097505118624747e-05 1.11988822553269e-05 1.142707413951197e-05 1.16597074610783e-05 1.189686424392782e-05 1.213862793620337e-05 1.238508343323411e-05 1.263631710081908e-05 
5.867546643722784e-05 5.977991394382254e-05 6.090406255504824e-05 6.204824220902787e-05 6.321278796182604e-05 6.439804005943136e-05 6.560434401062775e-05 6.683205066075235e-05 6.808151626636175e-05 6.935310257079993e-05 7.064717688069445e-05 7.196411214337189e-05 7.330428702521751e-05 7.466808599097282e-05 7.605589938399756e-05 7.746812350748591e-05 7.890516070666414e-05 8.036741945196395e-05 8.185531442319211e-05 8.336926659469925e-05 8.490970332155716e-05 8.647705842675819e-05 8.807177228944384e-05 8.969429193416999e-05 9.13450711212176e-05 9.302457043796896e-05 9.473325739134591e-05 9.647160650132115e-05 9.824009939552304e-05 0.0001000392249049336 0.0001018694791606924 0.0001037313656920144 0.0001056253955252392 0.0001075520872840079 0.0001095119672905903 0.0001115055696683702 0.0001135334364454865 0.0001155961176596592 0.0001176941714641961 0.0001198281642351987 0.0001219986706799641 0.0001242062739466186 0.0001264515657349602 0.0001287351464085583 0.0001310576251080685 0.0001334196198658392 0.0001358217577217593 0.0001382646748404016 0.0001407490166294296 0.0001432754378593457 0.000145844602784485 0.0001484571852653941 0.0001511138688924893 0.0001538153471110789 0.0001565623233477412 0.0001593555111380333 0.0001621956342556107 0.0001650834268426963 0.0001680196335419619 0.0001710050096297927 0.000174040321151004 
0.0006634540628235562 0.0006742625773664701 0.0006852349364493222 0.0006963734111659726 0.000707680300573574 0.000719157931981528 0.0007308086612425726 0.0007426348730460252 0.0007546389812132085 0.0007668234289949927 0.0007791906893715526 0.0007917432653542363 0.0008044836902896524 0.0008174145281658791 0.0008305383739208993 0.0008438578537531471 0.0008573756254342888 0.0008710943786241385 0.0008850168351877712 0.0008991457495148052 0.0009134839088408646 0.0009280341335712221 0.0009427992776066159 0.0009577822286712553 0.000972985908642969 0.0009884132738855699 0.001004067315583406 0.001019951060077994 0.001036067569206931 0.00105241994064492 0.001069011308246958 0.001085844842393712 0.001102923750339049 0.001120251276559696 0.001137830703107075 0.001155665349961323 0.001173758575387357 0.001192113776293183 0.001210734388590264 0.001229623887556097 0.001248785788198811 0.001268223645623931 0.001287941055403282 0.00130794165394603 0.001328229118871589 0.001348807169384936 0.001369679566653782 0.001390850114187943 0.001412322658220581 0.001434101088091886 0.001456189336634225 0.001478591380559936 0.001501311240850668 0.00152435298314898 0.001547720718151966 0.001571418602006618 0.00159545083670749 0.001619821670496085 0.001644535398262318 0.001669596361947781 0.001695008950951204 
0.005304664539615994 0.005377687812345766 0.00545161893400077 0.00552646772617387 0.00560224409588164 0.005678958036024471 0.005756619625845361 0.005835239031387039 0.005914826505947863 0.005995392390535793 0.006076947114320794 0.006159501195085456 0.006243065239673926 0.006327649944438629 0.006413266095685371 0.006499924570115973 0.00658763633526926 0.006676412449959382 0.006766264064712105 0.006857202422198787 0.006949238857667645 0.007042384799372749 0.007136651769000347 0.007232051382092521 0.007328595348467866 0.00742629547263971 0.007525163654231193 0.007625211888387175 0.007726452266183353 0.007828896975032019 0.007932558299084522 0.008037448619630518 0.00814358041549372 0.008250966263423937 0.008359618838485712 0.008469550914443368 0.00858077536414174 0.008693305159883515 0.008807153373802374 0.008922333178232258 0.009038857846072007 0.009156740751146256 0.009275995368561387 0.009396635275058277 0.009518674149358371 0.009642125772507101 0.009767004028211831 0.00989332290317479 0.01002109648742059 0.01015033897462083 0.01028106466241018 0.01041328795270065 0.01054702335198789 0.01068228547165354 0.010819089028262 0.01095744884385014 0.01109737984621333 0.0112388970691839 0.01138201565290465 0.01152675084409526 0.01167311799631428 
0.02999146990905251 0.03032877553766402 0.03066932691851813 0.03101314826279927 0.03136026387712475 0.03171069816286793 0.03206447561546595 0.03242162082371043 0.03278215846902306 0.03314611332471352 0.03351351025522147 0.03388437421534237 0.03425873024943581 0.0346366034906173 0.03501801915993363 0.03540300256552021 0.03579157910174274 0.03618377424831992 0.0365796135694306 0.03697912271280256 0.03738232740878369 0.037789253469396 0.03819992678737244 0.03861437333517505 0.03903261916399525 0.03945469040273696 0.03988061325698219 0.04031041400793627 0.04074411901135723 0.04118175469646585 0.04162334756483782 0.04206892418927646 0.04251851121266933 0.042972135346823 0.04342982337128162 0.04389160213212683 0.0443574985407565 0.04482753957264748 0.04530175226609764 0.04578016372095039 0.04626280109729778 0.04674969161416746 0.04724086254818709 0.04773634123223526 0.04823615505406435 0.04874033145491202 0.04924889792809067 0.04976188201755624 0.05027931131645649 0.05080121346566719 0.051327616152296 0.05185854710818042 0.05239403410835486 0.05293410496950501 0.05347878754840148 0.05402810974030858 0.05458209947738107 0.05514078472703498 0.05570419349030189 0.05627235380015953 0.05684529371984946 
0.1199030795989827 0.1209502935381447 0.1220044743742309 0.1230656450055019 0.1241338281534028 0.1252090463593949 0.1262913219817754 0.1273806771924866 0.1284771339739151 0.1295807141156783 0.1306914392114015 0.1318093306554863 0.1329344096398661 0.1340666971507546 0.1352062139653848 0.1363529806487355 0.1375070175502553 0.1386683448005713 0.1398369823081947 0.141012949756216 0.1421962665989923 0.1433869520588283 0.1445850251226511 0.1457905045386756 0.1470034088130645 0.1482237562065835 0.14945156473125 0.1506868521469749 0.1519296359581999 0.153179933410531 0.1544377614873663 0.1557031369065183 0.1569760761168375 0.1582565952948244 0.1595447103412439 0.1608404368777378 0.1621437902434278 0.163454785491524 0.164773437385926 0.1660997603978282 0.1674337687023155 0.1687754761749663 0.1701248963884497 0.1714820426091286 0.1728469277936528 0.1742195645855617 0.1755999653118889 0.1769881419797608 0.1783841062729959 0.1797878695487259 0.1811994428339842 0.1826188368223353 0.1840460618704773 0.1854811279948648 0.1869240448683363 0.1883748218167302 0.1898334678155269 0.1912999914864801 0.1927744010942624 0.1942567045431079 0.1957469093734777 
0.3389656449820639 0.3410764516130144 0.3431942723670879 0.3453190749040894 0.347450826308022 0.3495894930858791 0.3517350411664854 0.3538874358993762 0.3560466420537304 0.3582126238173392 0.3603853447956283 0.3625647680107222 0.3647508559005573 0.3669435703180383 0.3691428725302492 0.3713487232177011 0.373561082473641 0.3757799098033966 0.3780051641237786 0.3802368037625301 0.382474786457821 0.3847190693577981 0.3869696090201837 0.3892263614119242 0.3914892819088849 0.3937583252956066 0.3960334457651053 0.3983145969187247 0.4006017317660447 0.4028948027248372 0.4051937616210819 0.4074985596890209 0.4098091475712912 0.4121254753190828 0.4144474923923693 0.4167751476601906 0.4191083894009803 0.4214471653029586 0.4237914224645745 0.4261411073950089 0.428496166014723 0.4308565436560729 0.4332221850639742 0.4355930343966305 0.437969035226302 0.4403501305401483 0.4427362627411248 0.4451273736489301 0.4475234045010019 0.4499242959536106 0.4523299880829472 0.4547404203863343 0.4571555317834452 0.4595752606176086 0.4619995446571729 0.4644283210969025 0.4668615265594696 0.4692990970969764 0.4717409681925511 0.4741870747619903 0.4766373511554856 
0.677600611370589 0.6801258869380925 0.6826483799063193 0.6851679896736838 0.6876846154211724 0.6901981561187573 0.6927085105318541 0.6952155772278173 0.6977192545824858 0.7002194407867575 0.7027160338532148 0.7052089316227842 0.7076980317714363 0.7101832318169232 0.7126644291255591 0.7151415209190277 0.7176144042812409 0.7200829761652192 0.7225471334000182 0.725006772697686 0.7274617906602526 0.7299120837867574 0.7323575484803088 0.7347980810551752 0.7372335777439035 0.739663934704479 0.7420890480275083 0.7445088137434305 0.7469231278297653 0.7493318862183799 0.7517349848027942 0.7541323194454976 0.7565237859853161 0.7589092802447782 0.7612886980375231 0.7636619351757316 0.7660288874775706 0.7683894507746718 0.7707435209196242 0.7730909937934975 0.7754317653133718 0.7777657314398995 0.7800927881848808 0.7824128316188637 0.7847257578787454 0.7870314631754086 0.7893298438013705 0.7916207961384385 0.7939042166653761 0.7961800019656176 0.7984480487349355 0.8007082537891835 0.802960514072002 0.8052047266625603 0.807440788783309 0.809668597807718 0.8118880512680536 0.8140990468631399 0.8163014824661385 0.8184952561323212 0.8206802661068717 
0.9578216611650991 0.9590022675254873 0.9601671781575246 0.9613163323545889 0.9624496701816988 0.9635671324807213 0.9646686608755175 0.9657541977770226 0.966823686388265 0.9678770707093149 0.9689142955421729 0.9699353064955882 0.970940049989812 0.9719284732612822 0.9729005243672419 0.9738561521902862 0.9747953064428438 0.9757179376715853 0.9766239972617634 0.9775134374414818 0.9783862112858921 0.9792422727213198 0.9800815765293179 0.9809040783506475 0.9817097346891834 0.9824985029157494 0.9832703412718767 0.9840252088734879 0.9847630657145067 0.9854838726703901 0.9861875915015889 0.9868741848569238 0.9875436162768949 0.9881958501969039 0.988830851950405 0.9894485877719761 0.99004902480031 0.9906321310811281 0.9911978755700148 0.991746228135173 0.9922771595600965 0.9927906415461665 0.9932866467151642 0.9937651486117052 0.9942261217055887 0.9946695413940696 0.9950953840040474 0.9955036267941714 0.9958942479568637 0.9962672266202648 0.9966225428500871 0.9969601776513947 0.9972801129702932 0.9975823316955398 0.9978668176600695 0.9981335556424337 0.9983825313681607 0.9986137315110269 0.9988271436942464 0.9990227564915745 0.9992005594283281 
0.9573886604713048 0.9561867525439229 0.9549692954033817 0.9537363523126612 0.9524879872829316 0.9512242650680165 0.9499452511587968 0.9486510117775582 0.9473416138722771 0.9460171251108546 0.9446776138752888 0.9433231492557961 0.941953801044874 0.9405696397313129 0.9391707364941502 0.9377571631965776 0.9363289923797892 0.9348862972567847 0.9334291517061184 0.9319576302655983 0.930471808125939 0.9289717611243637 0.9274575657381585 0.9259292990781807 0.9243870388823239 0.9228308635089324 0.9212608519301732 0.9196770837253682 0.9180796390742766 0.9164685987503439 0.9148440441138965 0.913206057105315 0.911554720238145 0.9098901165921891 0.9082123298065502 0.9065214440726361 0.9048175441271372 0.9031007152449587 0.9013710432321241 0.8996286144186391 0.8978735156513303 0.8961058342866449 0.8943256581834218 0.8925330756956272 0.890728175665073 0.8889110474140927 0.8870817807381907 0.8852404658986717 0.8833871936152471 0.8815220550585879 0.8796451418428998 0.8777565460184249 0.8758563600639596 0.8739446768793276 0.8720215897778326 0.8700871924787098 0.86814157909953 0.866184844148607 0.8642170825173746 0.8622383894727597 0.8602488606495152 
0.6766820617202132 0.6741531538337567 0.6716217002165937 0.6690878006924947 0.6665515548403254 0.6640130619878679 0.6614724212056897 0.6589297313010595 0.6563850908119053 0.6538385980008271 0.6512903508491494 0.6487404470510274 0.6461889840075991 0.643636058821188 0.6410817682895513 0.6385262089001859 0.6359694768246736 0.6334116679130872 0.6308528776884417 0.628293201341197 0.6257327337238173 0.6231715693453772 0.620609802366221 0.6180475265926774 0.6154848354718299 0.6129218220863314 0.6103585791492803 0.6077951989991525 0.605231773594776 0.6026683945103832 0.6001051529306853 0.5975421396460412 0.5949794450476417 0.5924171591227849 0.5898553714501876 0.5872941711953538 0.5847336471060129 0.5821738875076014 0.5796149802988095 0.5770570129471781 0.5745000724847648 0.5719442455038577 0.5693896181527522 0.5668362761315786 0.5642843046882066 0.5617337886141889 0.5591848122407664 0.5566374594349424 0.5540918135956203 0.5515479576497632 0.5490059740486763 0.546465944764283 0.5439279512855101 0.5413920746147082 0.5388583952641279 0.5363269932524843 0.5337979481015453 0.5312713388328075 0.5287472439642176 0.5262257415069693 0.5237069089623332 
0.3382001594895883 0.3360989675257817 0.3340048638390452 0.3319178788422946 0.3298380423784132 0.327765383721687 0.3256999315792823 0.323641714092766 0.321590758839664 0.3195470928350621 0.3175107425332465 0.3154817338293824 0.313460092061234 0.3114458420109219 0.309439007906716 0.3074396134248752 0.3054476816915103 0.3034632352844975 0.3014862962354199 0.2995168860315489 0.2975550256178585 0.2956007353990786 0.2936540352417772 0.291714944476482 0.2897834818998357 0.2878596657767799 0.2859435138427749 0.2840350433060554 0.2821342708499074 0.2802412126349961 0.2783558843016948 0.2764783009724834 0.2746084772543357 0.2727464272411693 0.2708921645163086 0.2690457021549754 0.2672070527268191 0.2653762282984634 0.2635532404360869 0.2617381002080243 0.2599308181874044 0.2581314044548032 0.2563398686009303 0.2545562197293313 0.2527804664591298 0.2510126169277795 0.2492526787938413 0.2475006592397909 0.2457565649748523 0.2440204022378274 0.2422921767999916 0.2405718939679638 0.2388595585866347 0.2371551750420941 0.235458747264579 0.233770278731459 0.2320897724702162 0.2304172310614621 0.2287526566419631 0.2270960509076942 0.2254474151168898 
0.1195241632292752 0.1184864112856834 0.1174555714349299 0.1164316202071343 0.1154145339692862 0.1144042889283489 0.1134008611343498 0.1124042264834575 0.111414360721046 0.1104312394447456 0.109454838107479 0.1084851320204852 0.1075220963563277 0.1065657061518898 0.1056159363113532 0.1046727616091662 0.1037361566929907 0.1028060960866404 0.1018825541929999 0.1009655052969299 0.100054923568156 0.09915078306414334 0.09825305773295279 0.0973617214160829 0.09647674785129673 0.09559811067542888 0.09472578342717798 0.09385973954988501 0.09299995239428686 0.09214639522126604 0.09129904120456615 0.09045786343350956 0.08962283491567838 0.08879392857959337 0.08797111727736692 0.08715437378733935 0.08634367081670066 0.0855389810040906 0.08474027692218289 0.08394753108024892 0.08316071592670704 0.0823798038516501 0.08160476718935397 0.08083557822077157 0.08007220917600494 0.07931463223675911 0.07856281953877585 0.07781674317425118 0.07707637519423573 0.07634168761100454 0.07561265240042678 0.07488924150429621 0.07417142683265816 0.07345918026610784 0.07275247365807024 0.0720512788370674 0.07135556760895589 0.07066531175915305 0.06998048305483899 0.06930105324714313 0.06862699407330335 
0.02986966662601257 0.02953674766898285 0.0292070176247256 0.02888045260779782 0.0285570288309556 0.02823672260574664 0.02791951034308607 0.02760536855381868 0.02729427384926457 0.02698620294175064 0.02668113264512652 0.02637903987526609 0.02607990165055401 0.02578369509235807 0.02549039742548602 0.02519998597862967 0.02491243818479294 0.02462773158170704 0.0243458438122311 0.02406675262473897 0.02379043587349226 0.02351687151899972 0.02324603762836282 0.02297791237560811 0.02271247404200682 0.02244970101638001 0.02218957179539104 0.02193206498382694 0.02167715929486296 0.02142483355031942 0.02117506668090061 0.02092783772642686 0.02068312583604861 0.02044091026845273 0.02020117039205437 0.01996388568517721 0.0197290357362225 0.01949660024382554 0.01926655901700104 0.01903889197527651 0.01881357914881503 0.01859060067852599 0.01836993681616467 0.01815156792442178 0.017935474477001 0.01772163705868635 0.01751003636539824 0.01730065320423968 0.0170934684935328 0.0168884632628417 0.01668561865299065 0.01648491591606635 0.01628633641541487 0.01608986162562621 0.01589547313250928 0.01570315263305926 0.01551288193541281 0.01532464295879596 0.01513841773346184 0.01495418840062011 0.01477193721235559 
0.005278345313436733 0.005206544200025852 0.005135628059298188 0.005065587353587764 0.004996412628629681 0.004928094513093543 0.004860623718115837 0.00479399103683156 0.004728187343904848 0.004663203595058788 0.004599030826604594 0.004535660154970018 0.004473082776227189 0.004411289965619871 0.004350273077090143 0.004290023542804881 0.004230532872681455 0.004171792653913469 0.004113794550495982 0.004056530302750661 0.003999991726850616 0.003944170714345224 0.003889059231684859 0.003834649319745565 0.003780933093353876 0.003727902740811635 0.003675550523420754 0.003623868775008812 0.003572849901453904 0.003522486380210822 0.003472770759836568 0.003423695659517176 0.003375253768594112 0.003327437846091741 0.003280240720245033 0.003233655288027758 0.003187674514681528 0.003142291433245214 0.00309749914408522 0.003053290814426256 0.003009659677883163 0.002966599033993305 0.002924102247749792 0.002882162749135719 0.002840774032659254 0.002799929656889607 0.002759623243993925 0.002719848479275387 0.002680599110712391 0.00264186894849826 0.002603651864583051 0.002565941792215464 0.002528732725486722 0.00249201871887528 0.0024557938867927 0.002420052403131245 0.002384788500812224 0.002349996471336075 0.002315670664333582 0.002281805487118729 0.002248395404242536 
0.0006595655770086649 0.0006489768513347166 0.0006385467120157734 0.0006282729799196812 0.0006181535026418375 0.0006081861542277329 0.0005983688348975758 0.0005886994707730779 0.0005791760136063059 0.0005697964405106935 0.0005605587536941092 0.000551460980194053 0.0005425011716149263 0.0005336774038674047 0.0005249877769098605 0.0005164304144919075 0.0005080034638999461 0.0004997050957048302 0.0004915335035115521 0.0004834869037109828 0.000475563535233652 0.000467761659305559 0.0004600795592060123 0.0004525155400274751 0.0004450679284374344 0.000437735072442283 0.000430515341153127 0.0004234071245537039 0.0004164088332701311 0.000409518898342776 0.0004027357709999359 0.0003960579224336154 0.0003894838435771282 0.0003830120448847202 0.0003766410561130739 0.0003703694261047406 0.0003641957225735009 0.0003581185318916077 0.0003521364588789226 0.0003462481265939351 0.0003404521761266712 0.0003347472663934505 0.0003291320739334904 0.0003236052927073802 0.000318165633897382 0.0003128118257095494 0.0003075426131776555 0.0003023567579689533 0.0002972530381917438 0.0002922302482046483 0.000287287198427792 0.0002824227151556229 0.0002776356403715895 0.0002729248315645052 0.0002682891615466588 0.0002637275182736971 0.0002592388046661575 0.0002548219384327599 0.0002504758518953691 0.0002461994918156697 0.0002419918192234686 
5.827884338661768e-05 5.720073536922127e-05 5.614156858841052e-05 5.510102980331222e-05 5.407881058701816e-05 5.307460725919505e-05 5.208812081952276e-05 5.111905688195509e-05 5.016712560979209e-05 4.923204165155964e-05 4.831352407768297e-05 4.741129631795041e-05 4.652508609975672e-05 4.565462538712038e-05 4.479965032046296e-05 4.395990115714868e-05 4.313512221276772e-05 4.232506180316644e-05 4.152947218720587e-05 4.074810951024847e-05 3.998073374836251e-05 3.922710865323614e-05 3.848700169779507e-05 3.776018402251439e-05 3.704643038242048e-05 3.634551909477328e-05 3.565723198741656e-05 3.498135434780548e-05 3.431767487267921e-05 3.366598561839963e-05 3.30260819519206e-05 3.239776250240782e-05 3.178082911347939e-05 3.117508679607597e-05 3.058034368194577e-05 2.99964109777391e-05 2.942310291970861e-05 2.886023672900357e-05 2.830763256755567e-05 2.776511349454645e-05 2.723250542345615e-05 2.67096370796757e-05 2.619633995868909e-05 2.569244828481035e-05 2.519779897047277e-05 2.471223157606223e-05 2.423558827028838e-05 2.376771379109122e-05 2.330845540707371e-05 2.285766287944906e-05 2.241518842451333e-05 2.198088667661469e-05 2.155461465163449e-05 2.113623171095949e-05 2.072559952594575e-05 2.032258204287165e-05 1.992704544836407e-05 1.953885813530356e-05 1.915789066919488e-05 1.878401575500263e-05 1.841710820443992e-05 
3.641301384685936e-06 3.565059461481107e-06 3.490351552863886e-06 3.417148153581195e-06 3.34542029716194e-06 3.275139546665192e-06 3.206277985575217e-06 3.138808208842283e-06 3.072703314066007e-06 3.007936892820168e-06 2.944483022116186e-06 2.882316256003813e-06 2.821411617306504e-06 2.761744589490156e-06 2.703291108662424e-06 2.646027555701688e-06 2.58993074851273e-06 2.534977934408147e-06 2.481146782613108e-06 2.428415376891817e-06 2.376762208293878e-06 2.326166168018791e-06 2.276606540396739e-06 2.228062995984007e-06 2.180515584771416e-06 2.133944729503995e-06 2.088331219109811e-06 2.043656202237557e-06 1.999901180899414e-06 1.957048004219672e-06 1.915078862285502e-06 1.873976280100149e-06 1.83372311163551e-06 1.794302533983661e-06 1.755698041605184e-06 1.717893440673147e-06 1.680872843511186e-06 1.644620663124224e-06 1.609121607820459e-06 1.574360675923075e-06 1.540323150570816e-06 1.506994594605126e-06 1.47436084554349e-06 1.442408010637115e-06 1.411122462011739e-06 1.380490831890279e-06 1.350500007896094e-06 1.321137128435626e-06 1.292389578159319e-06 1.264244983498919e-06 1.236691208281211e-06 1.209716349415607e-06 1.183308732655547e-06 1.157456908431862e-06 1.132149647757197e-06 1.107375938200669e-06 1.083124979930943e-06 1.059386181827485e-06 1.036149157658206e-06 1.013403722323021e-06 9.911398881616787e-07 
1.608774182564954e-07 1.571175517606117e-07 1.53442816248264e-07 1.49851350379994e-07 1.463413319565178e-07 1.429109771312851e-07 1.395585396380879e-07 1.362823100334564e-07 1.330806149535575e-07 1.2995181638537e-07 1.268943109518303e-07 1.239065292107365e-07 1.209869349671459e-07 1.181340245990174e-07 1.153463263958639e-07 1.12622399910185e-07 1.09960835321421e-07 1.073602528122446e-07 1.048193019569156e-07 1.023366611215148e-07 9.991103687582577e-08 9.754116341664776e-08 9.522580200233345e-08 9.296374039835395e-08 9.075379233367201e-08 8.859479696774359e-08 8.648561836792004e-08 8.442514499711056e-08 8.241228921145303e-08 8.04459867678709e-08 7.85251963412663e-08 7.664889905124514e-08 7.481609799812235e-08 7.302581780809292e-08 7.127710418736858e-08 6.956902348511236e-08 6.790066226502938e-08 6.627112688542243e-08 6.467954308757348e-08 6.312505559228963e-08 6.160682770446556e-08 6.012404092549116e-08 5.867589457339075e-08 5.72616054105168e-08 5.588040727867669e-08 5.453155074153821e-08 5.321430273418037e-08 5.192794621966385e-08 5.067177985248052e-08 4.944511764873064e-08 4.824728866295637e-08 4.707763667143155e-08 4.593551986185021e-08 4.482031052924978e-08 4.37313947780619e-08 4.266817223019027e-08 4.16300557389693e-08 4.061647110891625e-08 3.962685682115576e-08 3.866066376441084e-08 3.771735497144057e-08 
5.026044270662682e-09 4.896383077437564e-09 4.769981662139273e-09 4.646760330056045e-09 4.526641276301133e-09 4.409548542481069e-09 4.2954079743205e-09 4.184147180223835e-09 4.075695490753836e-09 3.969983919007789e-09 3.866945121871435e-09 3.76651336213354e-09 3.668624471440911e-09 3.573215814077834e-09 3.48022625155064e-09 3.38959610796161e-09 3.301267136154371e-09 3.215182484615017e-09 3.131286665112054e-09 3.049525521060116e-09 2.969846196591341e-09 2.892197106319293e-09 2.816527905780973e-09 2.742789462541595e-09 2.67093382794874e-09 2.600914209521219e-09 2.532684943958607e-09 2.4662014707599e-09 2.401420306435185e-09 2.338299019300603e-09 2.276796204841141e-09 2.216871461631535e-09 2.158485367800716e-09 2.101599458030081e-09 2.046176201072509e-09 1.992178977781543e-09 1.939572059639495e-09 1.888320587773262e-09 1.838390552447595e-09 1.789748773025275e-09 1.742362878383841e-09 1.696201287778885e-09 1.65123319214431e-09 1.607428535819938e-09 1.564757998696778e-09 1.523192978771094e-09 1.482705575098025e-09 1.443268571136307e-09 1.404855418475176e-09 1.367440220934743e-09 1.330997719032662e-09 1.295503274807376e-09 1.260932856991701e-09 1.227263026527696e-09 1.194470922415853e-09 1.162534247891404e-09 1.131431256919637e-09 1.101140741004118e-09 1.07164201630003e-09 1.042914911026467e-09 1.014939753170349e-09 
1.110325440650044e-10 1.078993511339772e-10 1.048526998766108e-10 1.018902540008233e-10 9.900973875394608e-11 9.620893934425834e-11 9.348569940184325e-11 9.083791947784428e-11 8.826355558115602e-11 8.576061775168321e-11 8.332716866924533e-11 8.096132229730158e-11 7.866124256061787e-11 7.642514205608043e-11 7.425128079582251e-11 7.213796498191501e-11 7.008354581181338e-11 6.808641831384536e-11 6.614502021198766e-11 6.42578308192258e-11 6.242336995879526e-11 6.064019691263179e-11 5.890690939634678e-11 5.722214256010287e-11 5.558456801473864e-11 5.399289288252861e-11 5.244585887196746e-11 5.094224137601518e-11 4.948084859317656e-11 4.806052067091833e-11 4.668012887080407e-11 4.533857475488116e-11 4.403478939273417e-11 4.276773258873926e-11 4.153639212899955e-11 4.033978304747585e-11 3.917694691084847e-11 3.804695112163507e-11 3.694888823911478e-11 3.588187531762482e-11 3.484505326179088e-11 3.383758619826449e-11 3.285866086357678e-11 3.190748600768911e-11 3.098329181285633e-11 3.008532932742385e-11 2.921286991417767e-11 2.836520471289569e-11 2.754164411674093e-11 2.674151726213465e-11 2.596417153181036e-11 2.520897207067048e-11 2.44753013141662e-11 2.37625585288611e-11 2.307015936488045e-11 2.239753541995322e-11 2.174413381474401e-11 2.110941677919987e-11 2.049286124962862e-11 1.989395847624948e-11 1.931221364092441e-11 
1.734470955033881e-12 1.681338034048702e-12 1.629803648265251e-12 1.579820614085703e-12 1.531343112679927e-12 1.484326651354137e-12 1.438728025987937e-12 1.394505284511082e-12 1.351617691391584e-12 1.310025693108462e-12 1.269690884581696e-12 1.230575976534264e-12 1.192644763760487e-12 1.155862094276401e-12 1.120193839328086e-12 1.085606864234882e-12 1.052069000044433e-12 1.019549015978043e-12 9.88016592644305e-13 9.574422960004455e-13 9.277975520409595e-13 8.990546221935568e-13 8.711865794033172e-13 8.441672848861741e-13 8.179713655334402e-13 7.925741919496981e-13 7.679518571063659e-13 7.440811555947851e-13 7.209395634614634e-13 6.985052186105346e-13 6.767569017568418e-13 6.556740179155545e-13 6.352365784126136e-13 6.154251834024857e-13 5.962210048787197e-13 5.776057701639877e-13 5.595617458664048e-13 5.420717222891723e-13 5.251189982810061e-13 5.086873665154126e-13 4.92761099186695e-13 4.773249341112023e-13 4.623640612228399e-13 4.478641094516402e-13 4.338111339749431e-13 4.20191603830789e-13 4.069923898834336e-13 3.942007531313594e-13 3.818043333481544e-13 3.697911380468232e-13 3.581495317590545e-13 3.468682256199737e-13 3.359362672505006e-13 3.253430309285837e-13 3.150782080414059e-13 3.051317978108362e-13 2.954940982841821e-13 2.861556975831413e-13 2.771074654035005e-13 2.683405447587653e-13 2.598463439605101e-13 
1.915916299507386e-14 1.852609989273361e-14 1.791363467955109e-14 1.732110791601359e-14 1.674788091834111e-14 1.619333511683128e-14 1.565687143366475e-14 1.513790967959625e-14 1.463588796896736e-14 1.415026215249809e-14 1.368050526732373e-14 1.32261070037689e-14 1.278657318835236e-14 1.236142528254634e-14 1.195019989681199e-14 1.155244831946134e-14 1.116773605989665e-14 1.079564240580271e-14 1.04357599938681e-14 1.008769439363627e-14 9.751063704088089e-15 9.425498162577087e-15 9.110639765743903e-15 8.80614190205271e-15 8.511668995599141e-15 8.226896160850634e-15 7.951508867988354e-15 7.685202618537894e-15 7.427682630968616e-15 7.178663535972475e-15 6.937869081118726e-15 6.705031844612249e-15 6.479892957871556e-15 6.262201836666297e-15 6.051715920551235e-15 5.848200420347532e-15 5.651428073427981e-15 5.461178906567041e-15 5.277240006129706e-15 5.099405295374177e-15 4.927475318653494e-15 4.761257032304564e-15 4.600563602024563e-15 4.445214206534437e-15 4.295033847339511e-15 4.149853164400705e-15 4.009508257536887e-15 3.873840513383203e-15 3.742696437736356e-15 3.615927493120317e-15 3.493389941416858e-15 3.374944691401099e-15 3.26045715103654e-15 3.149797084380447e-15 3.042838472960192e-15 2.939459381483768e-15 2.839541827749149e-15 2.742971656627003e-15 2.649638417988051e-15 2.559435248458668e-15 2.472258756879429e-15 
1.49650713683653e-16 1.443463229237035e-16 1.392274601026323e-16 1.342877255850181e-16 1.295209373082584e-16 1.249211234970302e-16 1.204825156178516e-16 1.161995415659842e-16 1.120668190770908e-16 1.080791493564267e-16 1.042315109184331e-16 1.005190536299456e-16 9.69370929503835e-17 9.348110436250382e-17 9.014671798753476e-17 8.69297133786815e-17 8.382601448718424e-17 8.083168479531307e-17 7.794292261085105e-17 7.515605651779208e-17 7.246754097816255e-17 6.98739520800161e-17 6.73719834268256e-17 6.495844216365753e-17 6.263024513563987e-17 6.038441517439379e-17 5.821807750822973e-17 5.612845629208143e-17 5.411287125318381e-17 5.216873444878494e-17 5.029354713211337e-17 4.848489672314189e-17 4.674045388061068e-17 4.505796967204823e-17 4.343527283852525e-17 4.187026715102928e-17 4.03609288554533e-17 3.890530420325061e-17 3.750150706495401e-17 3.614771662381383e-17 3.484217514690297e-17 3.358318583112798e-17 3.236911072168599e-17 3.119836870054959e-17 3.006943354266894e-17 2.89808320376512e-17 2.793114217473688e-17 2.691899138898559e-17 2.594305486663738e-17 2.500205390766421e-17 2.409475434365536e-17 2.321996500914384e-17 2.23765362646406e-17 2.15633585696308e-17 2.077936110387338e-17 2.00235104354031e-17 1.929480923366426e-17 1.859229502628194e-17 1.791503899800522e-17 1.726214483043385e-17 1.663274758112057e-17 
1.161316694602987e-17 1.117369379547631e-17 1.075064643092927e-17 1.034341878732374e-17 9.951426863361769e-18 9.574107929460959e-18 9.210919763721699e-18 8.861339914939463e-18 8.524864991715834e-18 8.201009976762547e-18 7.889307565514154e-18 7.589307528205821e-18 7.300576094592758e-18 7.022695360520713e-18 6.755262715584253e-18 6.4978902911339e-18 6.250204427918877e-18 6.011845162679752e-18 5.782465733023938e-18 5.561732099944317e-18 5.349322487361965e-18 5.144926938093801e-18 4.9482468856691e-18 4.758994741437104e-18 4.57689349642846e-18 4.401676337450712e-18 4.233086276915076e-18 4.070875795915008e-18 3.914806500082978e-18 3.764648787781434e-18 3.62018153018591e-18 3.481191762846698e-18 3.347474388317708e-18 3.218831889465324e-18 3.095074053077291e-18 2.976017703407404e-18 2.861486445304949e-18 2.751310416587396e-18 2.645326049330574e-18 2.54337583975883e-18 2.445308126430001e-18 2.350976876420341e-18 2.260241479225889e-18 2.172966548105244e-18 2.089021728598966e-18 2.008281513970347e-18 1.930625067320736e-18 1.855936050141911e-18 1.784102457076154e-18 1.715016456660787e-18 1.648574237846752e-18 1.58467586208134e-18 1.523225120759141e-18 1.464129397847558e-18 1.407299537502011e-18 1.352649716493145e-18 1.300097321272142e-18 1.249562829509238e-18 1.200969695944018e-18 1.154244242394415e-18 1.109315551771765e-18 
1.768076089306037e-15 1.705546630969184e-15 1.645197199151757e-15 1.586952916648721e-15 1.530741438094505e-15 1.476492865750966e-15 1.424139668047855e-15 1.373616600788051e-15 1.324860630931445e-15 1.277810862875128e-15 1.232408467149052e-15 1.188596611450001e-15 1.14632039393807e-15 1.105526778723291e-15 1.066164533471142e-15 1.028184169059369e-15 9.915378812191127e-16 9.561794940969205e-16 9.220644056750843e-16 8.891495349904457e-16 8.573932710934656e-16 8.267554236910331e-16 7.971971754186479e-16 7.686810356890381e-16 7.411707960661232e-16 7.146314871148338e-16 6.890293366785244e-16 6.643317295383232e-16 6.405071684084301e-16 6.175252362249902e-16 5.953565596853561e-16 5.739727739979533e-16 5.533464888025081e-16 5.334512552229208e-16 5.14261534015652e-16 4.957526647777255e-16 4.779008361800346e-16 4.606830571919291e-16 4.440771292651115e-16 4.280616194451681e-16 4.126158343803931e-16 3.977197951983948e-16 3.833542132222253e-16 3.695004664982691e-16 3.561405771093279e-16 3.432571892469927e-16 3.308335480184361e-16 3.188534789634007e-16 3.073013682580646e-16 2.96162143582857e-16 2.854212556329134e-16 2.750646602492424e-16 2.650788011507449e-16 2.554505932468305e-16 2.461674065115869e-16 2.372170504009974e-16 2.285877587950395e-16 2.202681754474927e-16 2.12247339926415e-16 2.04514674029374e-16 1.970599686570575e-16 
1.903463345166306e-13 1.840872522619158e-13 1.780305893110177e-13 1.721699130906366e-13 1.664989916957642e-13 1.610117877514023e-13 1.557024524581451e-13 1.505653198162683e-13 1.455949010230664e-13 1.407858790383918e-13 1.361331033134037e-13 1.316315846777973e-13 1.272764903807906e-13 1.23063139281401e-13 1.189869971835666e-13 1.150436723118974e-13 1.112289109238504e-13 1.075385930543607e-13 1.039687283889779e-13 1.005154522617324e-13 9.717502177403531e-14 9.39438120310303e-14 9.081831249192217e-14 8.77951234309076e-14 8.487095250542461e-14 8.204261142854417e-14 7.930701274237511e-14 7.666116668956907e-14 7.410217817988059e-14 7.162724384909134e-14 6.923364920741845e-14 6.691876587485783e-14 6.468004890077446e-14 6.251503416528778e-14 6.042133585998477e-14 5.839664404558536e-14 5.643872228428485e-14 5.454540534450496e-14 5.271459697590881e-14 5.094426775257166e-14 4.923245298225799e-14 4.757725067981408e-14 4.597681960277139e-14 4.442937734727713e-14 4.293319850253985e-14 4.148661286202772e-14 4.008800368971451e-14 3.873580603971588e-14 3.742850512770705e-14 3.616463475253719e-14 3.494277576657478e-14 3.376155459324728e-14 3.261964179040716e-14 3.151575065809629e-14 3.044863588938238e-14 2.941709226296988e-14 2.841995337629277e-14 2.745609041788922e-14 2.652441097784757e-14 2.562385789518206e-14 2.475340814098164e-14 
1.449043324681256e-11 1.405002568902668e-11 1.362274360510881e-11 1.320820388098183e-11 1.280603433917638e-11 1.241587343399231e-11 1.203736995493912e-11 1.167018273824042e-11 1.131398038618496e-11 1.0968440994121e-11 1.063325188488728e-11 1.030810935048767e-11 9.99271840081401e-12 9.68679251923294e-12 9.390053424851221e-12 9.102230841285523e-12 8.823062271760056e-12 8.552292780366819e-12 8.289674779321469e-12 8.034967822056999e-12 7.787938401998065e-12 7.548359756864634e-12 7.316011678357026e-12 7.090680327078737e-12 6.872158052556284e-12 6.660243218219854e-12 6.454740031210159e-12 6.255458376886111e-12 6.0622136579003e-12 5.874826637727197e-12 5.693123288516761e-12 5.516934643163843e-12 5.346096651473583e-12 5.180450040317146e-12 5.019840177667301e-12 4.864116940409594e-12 4.71313458582808e-12 4.56675162666453e-12 4.42483070965531e-12 4.28723849745185e-12 4.153845553832585e-12 4.024526232115886e-12 3.899158566689695e-12 3.777624167570562e-12 3.659808117910994e-12 3.545598874374173e-12 3.434888170298111e-12 3.32757092157362e-12 3.223545135161709e-12 3.122711820176814e-12 3.024974901469478e-12 2.930241135635136e-12 2.838420029387137e-12 2.749423760225996e-12 2.663167099343298e-12 2.579567336699471e-12 2.498544208213654e-12 2.420019825010083e-12 2.343918604662395e-12 2.270167204382649e-12 2.198694456098657e-12 
7.800303636539689e-10 7.582698824035944e-10 7.371023937718295e-10 7.165121402413335e-10 6.964837717529243e-10 6.77002335478352e-10 6.580532658414455e-10 6.396223747819327e-10 6.216958422561238e-10 6.042602069690397e-10 5.873023573323728e-10 5.708095226431679e-10 5.547692644778463e-10 5.391694682966588e-10 5.239983352534599e-10 5.092443742060956e-10 4.948963939225325e-10 4.809434954782206e-10 4.673750648400751e-10 4.541807656326974e-10 4.41350532082515e-10 4.288745621355884e-10 4.16743310744983e-10 4.049474833236749e-10 3.934780293590313e-10 3.823261361850641e-10 3.714832229085418e-10 3.609409344855886e-10 3.506911359447764e-10 3.407259067536183e-10 3.310375353246351e-10 3.216185136580262e-10 3.124615321173327e-10 3.035594743351486e-10 2.949054122456302e-10 2.864926012407584e-10 2.783144754474479e-10 2.703646431225044e-10 2.626368821626235e-10 2.551251357266855e-10 2.478235079675863e-10 2.407262598709376e-10 2.338278051981403e-10 2.271227065312057e-10 2.206056714169104e-10 2.142715486078493e-10 2.081153243980222e-10 2.021321190507113e-10 1.963171833163627e-10 1.906658950382007e-10 1.851737558436531e-10 1.798363879192145e-10 1.746495308669496e-10 1.696090386404862e-10 1.647108765586023e-10 1.599511183945581e-10 1.553259435392001e-10 1.508316342361397e-10 1.464645728871628e-10 1.422212394262003e-10 1.380982087600788e-10 
2.969169097175401e-08 2.893768470645508e-08 2.820228816470675e-08 2.748505611113558e-08 2.678555360319817e-08 2.610335576218016e-08 2.543804754906638e-08 2.478922354519937e-08 2.415648773761256e-08 2.35394533089574e-08 2.293774243192018e-08 2.235098606804594e-08 2.177882377087186e-08 2.122090349328873e-08 2.067688139903925e-08 2.014642167827237e-08 1.962919636706632e-08 1.912488517084426e-08 1.863317529159763e-08 1.815376125884205e-08 1.768634476422854e-08 1.723063449973339e-08 1.678634599935362e-08 1.635320148423684e-08 1.593092971117302e-08 1.551926582437945e-08 1.511795121050765e-08 1.47267333568136e-08 1.434536571241293e-08 1.39736075525714e-08 1.361122384595267e-08 1.325798512477633e-08 1.291366735781223e-08 1.257805182616225e-08 1.225092500176456e-08 1.193207842856648e-08 1.162130860630947e-08 1.131841687687135e-08 1.102320931311098e-08 1.073549661016401e-08 1.045509397914004e-08 1.018182104316415e-08 9.915501735720947e-09 9.655964201247983e-09 9.403040697931898e-09 9.156567502660987e-09 8.916384818087403e-09 8.682336681756715e-09 8.454270877259134e-09 8.232038847356651e-09 8.015495609052297e-09 7.804499670549181e-09 7.598912950068732e-09 7.39860069648227e-09 7.203431411718736e-09 7.013276774913235e-09 6.82801156825405e-09 6.647513604496268e-09 6.471663656103613e-09 6.300345385985022e-09 6.133445279789178e-09 
7.991929434011344e-07 7.809029071430793e-07 7.630168968630125e-07 7.455263330971077e-07 7.284228106004486e-07 7.116980949873388e-07 6.953441194324961e-07 6.793529814322151e-07 6.637169396243805e-07 6.484284106664617e-07 6.334799661703478e-07 6.188643296932446e-07 6.045743737835174e-07 5.906031170806782e-07 5.769437214684823e-07 5.63589489280349e-07 5.505338605560797e-07 5.377704103491324e-07 5.252928460834776e-07 5.130950049592465e-07 5.011708514063419e-07 4.895144745851113e-07 4.781200859333628e-07 4.669820167588721e-07 4.560947158766204e-07 4.454527472899751e-07 4.350507879149913e-07 4.248836253472954e-07 4.149461556704651e-07 4.052333813055919e-07 3.957404089008953e-07 3.864624472610796e-07 3.773948053153931e-07 3.685328901239762e-07 3.598722049216767e-07 3.514083471987051e-07 3.431370068175394e-07 3.350539641653559e-07 3.271550883414183e-07 3.194363353787643e-07 3.118937464996679e-07 3.045234464041231e-07 2.973216415909415e-07 2.902846187107612e-07 2.834087429504439e-07 2.766904564483042e-07 2.701262767395658e-07 2.637127952316155e-07 2.574466757084439e-07 2.513246528636624e-07 2.453435308618581e-07 2.395001819274244e-07 2.337915449606736e-07 2.282146241805472e-07 2.227664877935151e-07 2.174442666882393e-07 2.122451531554044e-07 2.071663996323943e-07 2.022053174722767e-07 1.973592757367063e-07 1.926257000122368e-07 
1.521113548994644e-05 1.490128030548723e-05 1.459745854146201e-05 1.429955865389923e-05 1.400747103875521e-05 1.372108800060085e-05 1.344030372176771e-05 1.316501423194782e-05 1.28951173782402e-05 1.263051279563976e-05 1.237110187796186e-05 1.211678774919693e-05 1.186747523529059e-05 1.162307083634239e-05 1.138348269921826e-05 1.114862059057221e-05 1.091839587026945e-05 1.069272146520894e-05 1.047151184353693e-05 1.025468298924905e-05 1.004215237717318e-05 9.833838948330857e-06 9.629663085669438e-06 9.429546590162138e-06 9.233412657270055e-06 9.041185853761797e-06 8.852792094884298e-06 8.668158621884031e-06 8.487213979868023e-06 8.309887996006743e-06 8.136111758067432e-06 7.965817593280027e-06 7.798939047525078e-06 7.635410864844123e-06 7.475168967264886e-06 7.318150434938408e-06 7.164293486584046e-06 7.013537460237068e-06 6.865822794295368e-06 6.721091008860803e-06 6.579284687372189e-06 6.440347458523361e-06 6.304223978465398e-06 6.17085991328694e-06 6.040201921769484e-06 5.912197638413596e-06 5.786795656731951e-06 5.663945512806508e-06 5.543597669105372e-06 5.425703498554034e-06 5.310215268861878e-06 5.197086127094503e-06 5.086270084493504e-06 4.977722001536817e-06 4.871397573237347e-06 4.767253314677536e-06 4.665246546773932e-06 4.565335382271095e-06 4.467478711959711e-06 4.371636191116979e-06 4.277768226164288e-06 
0.0002047221879230389 0.0002010682112062734 0.0001974756858955004 0.0001939436498404783 0.0001904711546607776 0.0001870572655711999 0.0001837010612090319 0.0001804016334631354 0.0001771580873048399 0.0001739695406206433 0.0001708351240466889 0.000167753980805024 0.0001647252665416122 0.0001617481491660951 0.0001588218086932817 0.0001559454370863653 0.0001531182381018364 0.0001503394271360958 0.000147608231073745 0.0001449238881375413 0.0001422856477400094 0.0001396927703366868 0.0001371445272810045 0.000134640200680771 0.0001321790832562649 0.0001297604781999173 0.0001273836990375453 0.0001250480694911885 0.0001227529233434445 0.000120497604303387 0.0001182814658739624 0.0001161038712209356 0.0001139641930432986 0.0001118618134451853 0.000109796123809248 0.0001077665246714887 0.000105772425597546 0.0001038132450604058 0.0001018884103195369 9.999735730142679e-05 9.813953048152557e-05 9.631438276756093e-05 9.452137538422379e-05 9.27599777592202e-05 9.102966741066106e-05 8.932992983578747e-05 8.766025840101228e-05 8.602015423327723e-05 8.440912611271064e-05 8.282669036654552e-05 8.127237076434817e-05 7.974569841446889e-05 7.824621166177079e-05 7.677345598657937e-05 7.532698390485538e-05 7.390635486959886e-05 7.251113517343153e-05 7.114089785238631e-05 6.979522259086675e-05 6.847369562778211e-05 6.717590966382175e-05 
0.001948325341462142 0.001918476702971437 0.00188904932015698 0.001860037845317431 0.001831436989214957 0.001803241520577801 0.001775446265604952 0.001748046107473102 0.001721035985845682 0.00169441089638422 0.001668165890261897 0.001642296073679397 0.001616796607383021 0.001591662706185145 0.001566889638486933 0.001542472725803517 0.001518407342291368 0.001494688914278214 0.001471312919795237 0.001448274888111745 0.001425570399272221 0.001403195083635861 0.001381144621418523 0.001359414742237155 0.001338001224656754 0.001316899895739751 0.001296106630597852 0.001275617351946636 0.00125542802966231 0.00123553468034141 0.001215933366862643 0.001196620197951675 0.001177591327748152 0.001158842955375521 0.001140371324513336 0.001122172722972139 0.001104243482271023 0.001086579977217715 0.001069178625491309 0.001052035887227564 0.001035148264606939 0.001018512301445124 0.001002124582786244 0.0009859817344987447 0.0009700804228738666 0.0009544173542267704 0.0009389892745002635 0.0009237929688712547 0.0009088252613598597 0.0008940830144409605 0.0008795631286587627 0.0008652625422436365 0.0008511782307318884 0.000837307206588043 0.0008236465188297538 0.0008101932526555229 0.0007969445290748699 0.0007838975045413035 0.0007710493705878501 0.0007583973534653156 0.0007459387137830455 
0.01311146831466652 0.01294383387908127 0.01277809898729955 0.01261424559881502 0.01245225579731884 0.01229211179046534 0.01213379590962838 0.01197729060964991 0.01182257846857945 0.01166964218740549 0.01151846458977875 0.01136902862172727 0.01122131735136372 0.01107531396858488 0.0109310017847633 0.01078836423243204 0.01064738486496116 0.01050804735622779 0.01037033550027863 0.0102342332109856 0.01009972452169476 0.009966793584868263 0.009835424671719979 0.009705602171844442 0.009577310592839837 0.00945053455992426 0.009325258815546106 0.009201468218989133 0.00907914774597021 0.008958282488233365 0.008838857653136032 0.008720858563232067 0.00860427065584746 0.008489079482652153 0.008375270709226248 0.008262830114620935 0.008151743590915396 0.00804199714276806 0.007933576886963785 0.007826469051956114 0.007720659977405652 0.007616136113713609 0.007512884021551298 0.007410890371385801 0.00731014194300147 0.007210625625017595 0.00711232841440198 0.007015237415981465 0.006919339841949018 0.006824623011365858 0.006731074349662812 0.006638681388135814 0.006547431763440275 0.006457313217081261 0.006368313594900884 0.00628042084656366 0.006193623025037948 0.006107908286075641 0.006023264887688918 0.005939681189624899 0.005857145652837163 
0.06239279852477441 0.06175364784460557 0.06111987886840028 0.06049146041581696 0.05986836132223512 0.05925055044095877 0.0586379966453958 0.05803066883121306 0.05742853591846658 0.05683156685370814 0.05623973061206676 0.05565299619930647 0.05507133265385938 0.05449470904883494 0.05392309449400368 0.05335645813775911 0.05279476916905229 0.0522379968193049 0.05168611036429693 0.05113907912603022 0.05059687247456836 0.0500594598298526 0.04952681066349306 0.04899889450053683 0.0484756809212126 0.04795713956264983 0.04744324012057523 0.04693395235098696 0.04642924607180072 0.04592909116447953 0.04543345757563079 0.04494231531859047 0.04445563447497286 0.04397338519620672 0.04349553770504226 0.04302206229703649 0.04255292934201732 0.04208810928552206 0.04162757265021495 0.04117129003728028 0.04071923212779506 0.04027136968407709 0.03982767355101072 0.03938811465735164 0.0389526640170083 0.03852129273030139 0.03809397198519982 0.0376706730585368 0.03725136731720519 0.03683602621932405 0.03642462131539465 0.03601712424942367 0.03561350676003342 0.03521374068154601 0.03481779794504658 0.03442565057942902 0.03403727071241572 0.03365263057156007 0.03327170248522654 0.03289445888355189 0.03252087229938212 
0.209947586701518 0.2083318107272272 0.2067245270419608 0.2051257312015548 0.2035354183123941 0.2019535830352611 0.2003802195891949 0.1988153217553652 0.1972588828809548 0.195710895883055 0.1941713532525713 0.1926402470581375 0.1911175689500407 0.1896033101641553 0.1880974615258822 0.1866000134541023 0.1851109559651283 0.1836302786766715 0.1821579708118104 0.1806940212029663 0.1792384182958838 0.1777911501536175 0.1763522044605196 0.1749215685262347 0.1734992292896984 0.1720851733231339 0.1706793868360553 0.1692818556792735 0.1678925653488961 0.166511500990343 0.1651386474023403 0.1637739890409416 0.1624175100235209 0.1610691941327867 0.1597290248207834 0.158396985212891 0.1570730581118297 0.1557572260016539 0.154449471051748 0.1531497751208147 0.151858119760865 0.1505744862211984 0.1492988554523813 0.1480312081102164 0.1467715245597148 0.1455197848790539 0.1442759688635282 0.1430400560295001 0.1418120256183448 0.1405918566003685 0.1393795276787515 0.1381750172934484 0.1369783036251065 0.1357893645989591 0.1346081778887123 0.1334347209204312 0.1322689708764012 0.1311109046989905 0.1299604990944954 0.1288177305369815 0.1276825752720993 
0.4995518752303371 0.4969833574424997 0.4944186159763309 0.4918577289243663 0.4893007737554257 0.4867478273119487 0.484198965807403 0.4816542648237691 0.4791137993090928 0.4765776435751167 0.4740458712949809 0.4715185555009976 0.4689957685824985 0.4664775822837562 0.4639640677019739 0.4614552952853543 0.4589513348312327 0.4564522554842874 0.4539581257348212 0.4514690134171125 0.4489849857078393 0.4465061091245749 0.4440324495243517 0.441564072102298 0.4391010413903488 0.4366434212560183 0.4341912749012476 0.4317446648613258 0.4293036530038677 0.4268683005278847 0.4244386679628874 0.4220148151681046 0.4195968013317197 0.4171846849702183 0.4147785239277777 0.4123783753757297 0.4099842958120983 0.4075963410611937 0.4052145662732799 0.4028390259242996 0.4004697738156789 0.3981068630741836 0.3957503461518494 0.3934002748259655 0.3910567001991427 0.388719672699426 0.3863892420804728 0.3840654574218026 0.381748367129117 0.3794380189346425 0.3771344598975963 0.3748377364046527 0.372547894170516 0.3702649782385293 0.3679890329813419 0.3657201021016616 0.3634582286330325 0.3612034549406963 0.3589558227225001 0.3567153730098739 0.354482146168841 
0.8405113563696028 0.8383423163088934 0.8361629255198182 0.8339732939362857 0.8317735317905651 0.8295637496041059 0.8273440581783541 0.8251145685855674 0.822875392159627 0.8206266404868512 0.8183684253968084 0.816100858953133 0.8138240534443428 0.8115381213746632 0.8092431754548506 0.8069393285930313 0.8046266938855351 0.8023053846077493 0.799975514204973 0.7976371962832846 0.7952905446004221 0.7929356730566739 0.7905726956857796 0.7882017266458503 0.7858228802103043 0.7834362707588123 0.7810420127682639 0.7786402208037559 0.7762310095095908 0.7738144936003075 0.7713907878517144 0.7689600070919725 0.7665222661926667 0.7640776800599328 0.7616263636255908 0.7591684318383051 0.7567039996547825 0.754233182030985 0.7517560939133794 0.749272850230208 0.7467835658828024 0.7442883557369162 0.7417873346140972 0.739280617283083 0.7367683184512497 0.7342505527560759 0.7317274347566448 0.7291990789251919 0.7266655996386959 0.7241271111704688 0.721583727681849 0.7190355632138674 0.7164827316790061 0.7139253468529689 0.711363522366495 0.7087973716972408 0.7062270081616694 0.7036525449070133 0.7010740949032666 0.6984917709352378 0.6959056855946228 
0.9999996850218275 0.9999866823864634 0.9999546077140249 0.9999034628397319 0.999833250689864 0.9997439752814827 0.9996356417220477 0.9995082562089296 0.99936182602882 0.9991963595570358 0.9990118662567214 0.9988083566779467 0.9985858424567009 0.9983443363137849 0.9980838520535981 0.9978044045628242 0.9975060098090123 0.9971886848390572 0.996852447777576 0.9964973178251822 0.9961233152566594 0.9957304614190312 0.9953187787295307 0.9948882906734685 0.9944390218020006 0.9939709977297938 0.9934842451325918 0.9929787917446818 0.99245466635626 0.9919118988106999 0.9913505200017177 0.9907705618704454 0.9901720574023979 0.9895550406243487 0.9889195466011058 0.9882656114321887 0.9875932722484132 0.9869025672083758 0.9861935354948456 0.9854662173110581 0.9847206538769183 0.9839568874251056 0.9831749611970879 0.9823749194390397 0.9815568073976728 0.9807206713159696 0.9798665584288258 0.9789945169586042 0.9781045961106019 0.9771968460684126 0.9762713179892242 0.9753280639990022 0.9743671371876055 0.9733885916038038 0.9723924822502082 0.9713788650781271 0.9703477969823207 0.9692993357956838 0.9682335402838391 0.9671504701396514 0.96605018597765 
0.8412971663874346 0.8434519168909627 0.8455960580787946 0.847729481087846 0.8498520773933838 0.8519637388181681 0.8540643575415869 0.8561538261087758 0.8582320374397314 0.8602988848384037 0.8623542620017801 0.8643980630289513 0.8664301824301605 0.8684505151358345 0.8704589565055996 0.8724554023372698 0.8744397488758252 0.8764118928223561 0.8783717313429943 0.8803191620778151 0.8822540831497132 0.8841763931732554 0.8860859912635048 0.8879827770448172 0.8898666506596025 0.8917375127770646 0.8935952646019047 0.8954398078829893 0.8972710449219905 0.8990888785819848 0.9008932122960247 0.9026839500756589 0.9044609965194358 0.9062242568213453 0.9079736367792353 0.9097090428031847 0.9114303819238269 0.9131375618006393 0.9148304907301826 0.9165090776542997 0.9181732321682609 0.9198228645288691 0.9214578856625123 0.9230782071731725 0.9246837413503717 0.9262744011770798 0.927850100337568 0.9294107532252021 0.9309562749501796 0.9324865813472344 0.9340015889832458 0.9355012151648311 0.9369853779458489 0.9384539961348605 0.9399069893025305 0.9413442777889515 0.9427657827109284 0.9441714259691818 0.9455611302554985 0.9469348190598069 0.9482924166772031 
0.5004863929321369 0.5030599326981766 0.5056370617528237 0.5082176999262022 0.510801766437207 0.5133891798965604 0.515979858309948 0.518573719081221 0.521170679015682 0.5237706543234337 0.526373560622809 0.5289793129438728 0.5315878257319965 0.5341990128515048 0.5368127875894033 0.5394290626591667 0.5420477502046157 0.5446687618038536 0.5472920084732851 0.5499174006717062 0.552544848304463 0.5551742607276882 0.5578055467526101 0.5604386146499328 0.5630733721542845 0.5657097264687484 0.5683475842694586 0.5709868517102658 0.5736274344274833 0.5762692375446943 0.578912165677642 0.5815561229391738 0.5842010129442818 0.5868467388151862 0.5894932031865064 0.5921403082105022 0.594787955562372 0.5974360464456336 0.6000844815975673 0.6027331612947345 0.6053819853585528 0.608030853160951 0.6106796636300859 0.6133283152561342 0.615976706097134 0.618624733784911 0.6212722955310702 0.6239192881330428 0.6265656079801923 0.6292111510600285 0.631855812964415 0.6344994888959156 0.6371420736741463 0.6397834617422236 0.6424235471732735 0.645062223676977 0.6476993846062147 0.6503349229637436 0.6529687314089506 0.6556007022646499 0.6582307275239709 
0.2105369893511778 0.2121643507080053 0.2138002130489379 0.2154445792783605 0.2170974518345771 0.2187588326860389 0.2204287233275898 0.222107124776726 0.2237940375698766 0.2254894617586974 0.2271933969063862 0.2289058420840156 0.2306267958668857 0.2323562563308948 0.2340942210489355 0.2358406870873039 0.23759565100214 0.2393591088358814 0.2411310561137458 0.2429114878402355 0.2447003984956625 0.2464977820327026 0.2483036318729731 0.2501179409036357 0.2519407014740226 0.2537719053922966 0.2556115439221337 0.2574596077794319 0.2593160871290552 0.2611809715815984 0.2630542501901894 0.2649359114473144 0.2668259432816844 0.2687243330551197 0.2706310675594761 0.272546133013604 0.2744695150603322 0.276401198763495 0.2783411686049874 0.2802894084818613 0.2822459017034486 0.2842106309885278 0.2861835784625243 0.2881647256547522 0.2901540534956821 0.29215154231426 0.2941571718352645 0.2961709211766964 0.2981927688472025 0.3002226927435729 0.3022606701482264 0.3043066777267932 0.3063606915256962 0.3084226869698002 0.3104926388601049 0.3125705213714583 0.3146563080503471 0.3167499718127077 0.3188514849417965 0.3209608190860922 0.3230779452572703 
0.06262645478970515 0.06327299356382346 0.06392498778548442 0.0645824686714154 0.06524546744416379 0.06591401532976247 0.06658814355537158 0.06726788334689454 0.06795326592657246 0.06864432251055101 0.06934108430642555 0.07004358251076119 0.0707518483065888 0.07146591286087627 0.07218580732197767 0.07291156281705516 0.07364321044948118 0.0743807812962123 0.07512430640514281 0.07587381679243306 0.07662934343981313 0.07739091729186487 0.07815856925327958 0.07893233018609204 0.07971223090688999 0.08049830218400342 0.08129057473466798 0.08208907922216643 0.08289384625294627 0.08370490637371553 0.08452229006851528 0.08534602775576837 0.08617614978530966 0.08701268643538738 0.08785566790964733 0.08870512433409436 0.08956108575402852 0.09042358213096284 0.09129264333951735 0.0921682991642942 0.09305057929672597 0.09393951333190867 0.09483513076540923 0.09573746099005667 0.0966465332927048 0.09756237685098187 0.09848502073001839 0.09941449387915124 0.1003508251286064 0.1012940431861749 0.1022441766338459 0.1032012539244455 0.1041653033782361 0.1051363531795081 0.1061144313731521 0.1070995658612037 0.1080917843993819 0.1090911145936004 0.1100975838964651 0.1111112196037497 0.112132048850863 
SCALARS GB_eta_indicator double 1
LOOKUP_TABLE default
0.02574451510367332 0.02596459789114361 0.0261864710216691 0.02641014785239543 0.02663564182412783 0.02686296646163848 0.02709213537397195 0.02732316225474825 0.02755606088246408 0.02779084512079118 0.02802752891887268 0.02826612631161712 0.02850665141998969 0.02874911845130098 0.02899354169949351 0.02923993554542455 0.0294883144571476 0.02973869299018948 0.0299910857878259 0.0302455075813531 0.03050197319035671 0.0307604975229775 0.03102109557617405 0.03128378243598201 0.03154857327776944 0.03181548336648977 0.03208452805693081 0.03235572279395928 0.03262908311276305 0.03290462463908861 0.03318236308947507 0.03346231427148409 0.03374449408392619 0.03402891851708217 0.03431560365292072 0.03460456566531251 0.03489582082023819 0.03518938547599344 0.03548527608338869 0.03578350918594504 0.03608410142008377 0.03638706951531299 0.03669243029440716 0.03700020067358529 0.03731039766267853 0.03762303836529704 0.03793813997899071 0.0382557197954031 0.03857579520041905 0.03889838367431209 0.03922350279187729 0.03955117022256743 0.03988140373061596 0.04021422117515826 0.04054964051034624 0.04088767978545348 0.04122835714497889 0.04157169082873983 0.04191769917196095 0.0422664006053543 0.04261781365519601 
0.007959629840853145 0.008030521815515848 0.008102029512783434 0.008174158067227415 0.008246912653340998 0.008320298485809971 0.008394320819784872 0.008468984951154271 0.008544296216819663 0.008620259994971298 0.008696881705365471 0.008774166809603018 0.008852120811409221 0.008930749256914658 0.009010057734937753 0.009090051877268067 0.009170737358951433 0.009252119898575792 0.009334205258558603 0.009416999245435447 0.009500507710149717 0.009584736548343702 0.009669691700650884 0.009755379152989399 0.009841804936856536 0.009928975129624882 0.01001689585483941 0.01010557328251557 0.01019501362943896 0.01028522315946588 0.0103762081838253 0.01046797506142174 0.0105605301991396 0.01065388005214834 0.01074803112420902 0.01084298996798199 0.01093876318533554 0.01103535742765575 0.0111327793961575 0.01123103584219672 0.01133013356758323 0.01143007942489532 0.01153088031779461 0.01163254320134335 0.01173507508232075 0.01183848301954226 0.01194277412417867 0.01204795556007707 0.01215403454408164 0.01226101834635737 0.01236891429071216 0.01247772975492253 0.01258747217105822 0.01269814902580893 0.01280976786081188 0.01292233627297933 0.01303586191482847 0.01315035249481096 0.01326581577764407 0.01338225958464194 0.01349969179404889 
0.00237394812010167 0.002395559667285261 0.002417365404015292 0.002439367039925344 0.002461566299214612 0.002483964920765324 0.00250656465826097 0.00252936728030539 0.002552374570542762 0.002575588327778389 0.002599010366100461 0.002622642515002556 0.002646486619507187 0.002670544540290048 0.002694818153805364 0.002719309352411918 0.002744020044500184 0.002768952154620196 0.002794107623610453 0.002819488408727672 0.002845096483777465 0.002870933839246 0.002897002482432507 0.002923304437582827 0.002949841746023738 0.002976616466298434 0.003003630674302815 0.003030886463422755 0.003058385944672346 0.003086131246833105 0.003114124516594198 0.003142367918693523 0.003170863636059916 0.003199613869956217 0.003228620840123415 0.003257886784925768 0.003287413961496849 0.003317204645886738 0.00334726113321007 0.003377585737795274 0.003408180793334627 0.003439048653035455 0.003470191689772385 0.003501612296240684 0.003533312885110292 0.003565295889181375 0.003597563761540612 0.003630118975718714 0.003662964025848708 0.003696101426825857 0.003729533714467848 0.003763263445676868 0.003797293198602102 0.003831625572803729 0.003866263189417936 0.003901208691322708 0.003936464743305228 0.003972034032229959 0.004007919267208053 0.004044123179767639 0.004080648524025675 
0.0006942188194204418 0.0007006131381398745 0.0007070659497308341 0.0007135777836453565 0.0007201491740497532 0.000726780659865485 0.0007334727848104064 0.0007402260974403251 0.0007470411511909303 0.0007539185044200449 0.0007608587204502511 0.0007678623676118438 0.0007749300192861665 0.000782062253949281 0.0007892596552160169 0.0007965228118843654 0.000803852317980262 0.0008112487728027174 0.0008187127809693356 0.0008262449524621996 0.0008338459026741343 0.0008415162524553489 0.0008492566281604687 0.0008570676616959575 0.0008649499905679 0.0008729042579302056 0.0008809311126332246 0.0008890312092726957 0.0008972052082391533 0.0009054537757677307 0.000913777583988342 0.0009221773109763006 0.0009306536408033453 0.0009392072635890728 0.0009478388755527919 0.0009565491790658174 0.0009653388827041631 0.000974208701301678 0.0009831593560036089 0.0009921915743206242 0.001001306090183204 0.00101050364399657 0.001019784982695965 0.001029150859802492 0.001038602035479237 0.001048139276588034 0.001057763356746549 0.001067475056385916 0.001077275162808725 0.00108716447024767 0.001097143779924398 0.00110721390010911 0.001117375646180431 0.001127629840685862 0.001137977313402737 0.001148418901399552 0.001158955449097932 0.001169587808334981 0.001180316838426201 0.001191143406228822 0.001202068386205812 
0.0002008588644543332 0.0002027205496068727 0.0002045994271355346 0.0002064956549309424 0.0002084093923214863 0.0002103408000862423 0.0002122900404680106 0.0002142572771864614 0.0002162426754514035 0.0002182464019761621 0.0002202686249910842 0.000222309514257151 0.0002243692410797203 0.0002264479783223807 0.0002285459004209376 0.00023066318339751 0.0002328000048747601 0.0002349565440902448 0.0002371329819108952 0.0002393295008476162 0.0002415462850700218 0.0002437835204212956 0.0002460413944331829 0.0002483200963411152 0.0002506198170994594 0.0002529407493969127 0.000255283087672026 0.0002576470281288558 0.0002600327687527693 0.0002624405093263712 0.0002648704514455806 0.000267322798535843 0.0002697977558684878 0.0002722955305772233 0.0002748163316747773 0.0002773603700696909 0.0002799278585832433 0.000282519011966537 0.000285134046917726 0.0002877731820994016 0.000290436638156111 0.0002931246377320519 0.0002958374054889024 0.0002985751681238273 0.0003013381543876053 0.0003041265951029539 0.0003069407231829844 0.0003097807736498429 0.0003126469836534691 0.000315539592490591 0.0003184588416237915 0.0003214049747008316 0.0003243782375740663 0.0003273788783200796 0.0003304071472594739 0.000333463296976809 0.0003365475823407539 0.0003396602605243809 0.0003428015910256485 0.0003459718356880512 0.0003491712587214782 
5.778210341429783e-05 5.831945831683726e-05 5.886180074324117e-05 5.940917684997028e-05 5.99616332187345e-05 6.051921686038273e-05 6.108197521883061e-05 6.164995617502148e-05 6.222320805092578e-05 6.280177961357304e-05 6.338572007912475e-05 6.397507911698015e-05 6.456990685392215e-05 6.517025387829805e-05 6.577617124424067e-05 6.638771047592595e-05 6.70049235718693e-05 6.762786300926122e-05 6.825658174834239e-05 6.889113323681721e-05 6.95315714143079e-05 7.017795071684874e-05 7.083032608142123e-05 7.148875295053035e-05 7.215328727682009e-05 7.282398552773331e-05 7.350090469021394e-05 7.418410227544753e-05 7.487363632364926e-05 7.556956540889294e-05 7.627194864398326e-05 7.698084568537315e-05 7.769631673812512e-05 7.841842256091636e-05 7.914722447109032e-05 7.988278434975351e-05 8.062516464691726e-05 8.137442838668681e-05 8.213063917249697e-05 8.28938611923946e-05 8.366415922436933e-05 8.444159864173128e-05 8.522624541853753e-05 8.601816613507061e-05 8.681742798335754e-05 8.762409877274961e-05 8.843824693554404e-05 8.925994153266243e-05 9.008925225937102e-05 9.092624945106805e-05 9.17710040891026e-05 9.262358780666549e-05 9.348407289471887e-05 9.435253230798638e-05 9.522903967099738e-05 9.61136692841783e-05 9.700649613000935e-05 9.79075958792274e-05 9.881704489708931e-05 9.973492024968687e-05 0.0001006612997103325 
1.657137348228958e-05 1.672575770963386e-05 1.688157873960373e-05 1.703884992315409e-05 1.719758473500606e-05 1.735779677478996e-05 1.751949976819915e-05 1.768270756815426e-05 1.784743415597849e-05 1.801369364258298e-05 1.818150026966398e-05 1.835086841091021e-05 1.852181257322199e-05 1.869434739794077e-05 1.886848766209086e-05 1.904424827963181e-05 1.922164430272262e-05 1.940069092299765e-05 1.958140347285398e-05 1.97637974267508e-05 1.994788840252047e-05 2.013369216269189e-05 2.032122461582576e-05 2.051050181786274e-05 2.070153997348258e-05 2.08943554374772e-05 2.108896471613595e-05 2.12853844686427e-05 2.148363150848695e-05 2.168372280488717e-05 2.188567548422744e-05 2.208950683150719e-05 2.22952342918043e-05 2.250287547175133e-05 2.271244814102564e-05 2.292397023385337e-05 2.313745985052617e-05 2.335293525893308e-05 2.357041489610566e-05 2.378991736977751e-05 2.401146145995819e-05 2.423506612052116e-05 2.446075048080667e-05 2.468853384724022e-05 2.491843570496247e-05 2.515047571947862e-05 2.538467373831976e-05 2.562104979272075e-05 2.585962409931199e-05 2.610041706183034e-05 2.634344927283945e-05 2.658874151547291e-05 2.683631476518778e-05 2.708619019153697e-05 2.733838915995813e-05 2.75929332335761e-05 2.784984417502548e-05 2.810914394828724e-05 2.837085472054341e-05 2.863499886404708e-05 2.890159895801384e-05 
4.744685543141337e-06 4.788930827459951e-06 4.833588480904072e-06 4.878662343580186e-06 4.92415629131012e-06 4.970074235962527e-06 5.016420125787617e-06 5.063197945754712e-06 5.110411717893239e-06 5.158065501636559e-06 5.206163394169317e-06 5.254709530777677e-06 5.303708085203038e-06 5.353163269998913e-06 5.403079336891139e-06 5.453460577141381e-06 5.504311321914072e-06 5.555635942646703e-06 5.607438851423541e-06 5.659724501352801e-06 5.712497386947328e-06 5.765762044508752e-06 5.819523052515247e-06 5.873785032012968e-06 5.928552647010777e-06 5.98383060487901e-06 6.039623656751804e-06 6.095936597932965e-06 6.152774268305769e-06 6.210141552746604e-06 6.268043381542263e-06 6.32648473081118e-06 6.385470622928664e-06 6.445006126955816e-06 6.505096359072613e-06 6.565746483015048e-06 6.626961710516024e-06 6.688747301750608e-06 6.751108565785269e-06 6.814050861031332e-06 6.877579595702524e-06 6.941700228276848e-06 7.006418267962643e-06 7.071739275169216e-06 7.137668861981183e-06 7.204212692637978e-06 7.271376484017263e-06 7.339166006123129e-06 7.407587082578252e-06 7.476645591121728e-06 7.546347464109828e-06 7.616698689023178e-06 7.687705308977187e-06 7.759373423237952e-06 7.831709187743062e-06 7.904718815626231e-06 7.978408577748112e-06 8.052784803230983e-06 8.127853879998968e-06 8.203622255322165e-06 8.28009643636856e-06 
1.357291352143356e-06 1.369954875617219e-06 1.382736514784386e-06 1.395637370847836e-06 1.40865855527031e-06 1.421801189869747e-06 1.435066406915719e-06 1.448455349226658e-06 1.461969170268086e-06 1.475609034251627e-06 1.489376116235118e-06 1.503271602223473e-06 1.517296689270612e-06 1.53145258558224e-06 1.545740510619683e-06 1.560161695204578e-06 1.574717381624635e-06 1.589408823740312e-06 1.604237287092525e-06 1.619204049011341e-06 1.634310398725655e-06 1.649557637473939e-06 1.664947078615979e-06 1.680480047745687e-06 1.696157882804897e-06 1.711981934198286e-06 1.727953564909347e-06 1.74407415061739e-06 1.760345079815702e-06 1.776767753930746e-06 1.793343587442504e-06 1.810074008005933e-06 1.826960456573522e-06 1.844004387519007e-06 1.861207268762242e-06 1.878570581895245e-06 1.896095822309339e-06 1.913784499323564e-06 1.931638136314237e-06 1.94965827084571e-06 1.967846454802367e-06 1.986204254521838e-06 2.004733250929405e-06 2.023435039673806e-06 2.042311231264019e-06 2.061363451207627e-06 2.080593340150273e-06 2.100002554016511e-06 2.119592764151785e-06 2.139365657466106e-06 2.159322936578531e-06 2.179466319963491e-06 2.199797542098122e-06 2.220318353611144e-06 2.241030521433137e-06 2.261935828947995e-06 2.283036076146112e-06 2.304333079778715e-06 2.325828673513794e-06 2.347524708093226e-06 2.369423051492021e-06 
3.880911331332747e-07 3.917130112663386e-07 3.953686854001684e-07 3.990584708126759e-07 4.027826857219076e-07 4.065416513134384e-07 4.103356917680399e-07 4.141651342895871e-07 4.180303091332401e-07 4.219315496338817e-07 4.258691922348228e-07 4.298435765167691e-07 4.338550452270641e-07 4.379039443091997e-07 4.419906229326114e-07 4.461154335227316e-07 4.502787317913423e-07 4.544808767672029e-07 4.587222308269618e-07 4.630031597263523e-07 4.673240326316907e-07 4.716852221516564e-07 4.760871043693703e-07 4.805300588747916e-07 4.850144687973606e-07 4.895407208390234e-07 4.941092053075045e-07 4.98720316149907e-07 5.033744509866333e-07 5.080720111456133e-07 5.12813401696855e-07 5.175990314873102e-07 5.224293131760823e-07 5.273046632699334e-07 5.322255021591446e-07 5.371922541537172e-07 5.422053475198722e-07 5.472652145169317e-07 5.523722914345221e-07 5.5752701863013e-07 5.627298405670031e-07 5.679812058524087e-07 5.732815672762399e-07 5.786313818500125e-07 5.840311108461587e-07 5.894812198377606e-07 5.949821787386077e-07 6.005344618436515e-07 6.061385478697954e-07 6.117949199971534e-07 6.175040659105603e-07 6.232664778416016e-07 6.29082652610942e-07 6.349530916710805e-07 6.408783011495424e-07 6.4685879189237e-07 6.528950795081486e-07 6.589876844123213e-07 6.651371318720456e-07 6.713439520512452e-07 6.776086800564533e-07 
1.109391239873779e-07 1.119746196050607e-07 1.1301977962758e-07 1.140746942425283e-07 1.151394544789627e-07 1.162141522152522e-07 1.172988801870005e-07 1.183937319950413e-07 1.1949880211351e-07 1.206141858979873e-07 1.217399795937217e-07 1.228762803439271e-07 1.240231861981601e-07 1.25180796120771e-07 1.263492099994374e-07 1.275285286537774e-07 1.287188538440395e-07 1.299202882798763e-07 1.311329356292035e-07 1.32356900527131e-07 1.335922885849885e-07 1.34839206399429e-07 1.360977615616187e-07 1.373680626665138e-07 1.386502193222209e-07 1.399443421594463e-07 1.412505428410361e-07 1.425689340715986e-07 1.438996296072244e-07 1.452427442652895e-07 1.465983939343554e-07 1.479666955841588e-07 1.493477672756964e-07 1.507417281714001e-07 1.521486985454101e-07 1.535687997939454e-07 1.550021544457646e-07 1.564488861727305e-07 1.579091198004711e-07 1.593829813191384e-07 1.6087059789427e-07 1.6237209787775e-07 1.638876108188717e-07 1.654172674755113e-07 1.669611998253871e-07 1.685195410774452e-07 1.700924256833377e-07 1.71679989349015e-07 1.732823690464145e-07 1.748997030252839e-07 1.765321308250757e-07 1.781797932869922e-07 1.798428325661147e-07 1.815213921436593e-07 1.832156168393477e-07 1.849256528238804e-07 1.86651647631543e-07 1.883937501729188e-07 1.901521107477298e-07 1.919268810577629e-07 1.937182142199985e-07 
2.074825512198856e-07 2.093563091682645e-07 2.11246986917386e-07 2.131547372244091e-07 2.150797142252737e-07 2.170220734471356e-07 2.189819718209235e-07 2.209595676939984e-07 2.229550208429402e-07 2.249684924864352e-07 2.270001452982912e-07 2.290501434205652e-07 2.311186524768104e-07 2.332058395854413e-07 2.353118733732193e-07 2.374369239888625e-07 2.395811631167783e-07 2.417447639909126e-07 2.439279014087356e-07 2.461307517453448e-07 2.483534929676956e-07 2.505963046489648e-07 2.528593679830428e-07 2.551428657991525e-07 2.57446982576602e-07 2.597719044596703e-07 2.621178192726323e-07 2.644849165349094e-07 2.668733874763636e-07 2.692834250527261e-07 2.717152239611717e-07 2.741689806560213e-07 2.766448933646003e-07 2.79143162103227e-07 2.816639886933523e-07 2.842075767778504e-07 2.867741318374379e-07 2.89363861207259e-07 2.919769740936172e-07 2.946136815908463e-07 2.972741966983469e-07 2.999587343377711e-07 3.026675113703563e-07 3.054007466144362e-07 3.081586608630721e-07 3.10941476901882e-07 3.137494195270111e-07 3.165827155632662e-07 3.194415938824042e-07 3.223262854216244e-07 3.252370232021588e-07 3.281740423481084e-07 3.311375801053827e-07 3.341278758608467e-07 3.371451711616472e-07 3.401897097346713e-07 3.43261737506227e-07 3.463615026218732e-07 3.494892554664521e-07 3.526452486842308e-07 3.558297371993805e-07 
7.257469532706196e-07 7.32299806078196e-07 7.389118125653152e-07 7.455835065484172e-07 7.523154266588802e-07 7.59108116386397e-07 7.659621241227838e-07 7.728780032061414e-07 7.798563119654591e-07 7.868976137655705e-07 7.9400247705257e-07 8.011714753995759e-07 8.084051875529679e-07 8.157041974789867e-07 8.230690944107948e-07 8.305004728959386e-07 8.379989328442322e-07 8.455650795760888e-07 8.531995238713007e-07 8.609028820182022e-07 8.68675775863338e-07 8.765188328615373e-07 8.844326861264701e-07 8.924179744816291e-07 9.004753425117818e-07 9.086054406148866e-07 9.168089250545016e-07 9.250864580126004e-07 9.334387076429256e-07 9.418663481248081e-07 9.503700597174394e-07 9.589505288146686e-07 9.676084480002893e-07 9.763445161037876e-07 9.851594382566467e-07 9.940539259491135e-07 1.00302869708749e-06 1.012084476051959e-06 1.021221993754896e-06 1.030441987699727e-06 1.039745202040331e-06 1.049132387640932e-06 1.058604302136557e-06 1.068161709994094e-06 1.077805382573746e-06 1.087536098191212e-06 1.097354642180311e-06 1.107261806956253e-06 1.117258392079348e-06 1.127345204319506e-06 1.137523057721036e-06 1.147792773668317e-06 1.158155180951809e-06 1.168611115834829e-06 1.179161422120891e-06 1.189806951221547e-06 1.200548562225013e-06 1.211387121965239e-06 1.222323505091807e-06 1.233358594140068e-06 1.244493279602576e-06 
2.537692234476584e-06 2.560596793069067e-06 2.583707998745617e-06 2.607027714761255e-06 2.630557821155863e-06 2.654300214905114e-06 2.678256810072904e-06 2.702429537965003e-06 2.726820347284195e-06 2.751431204286731e-06 2.776264092940252e-06 2.801321015083111e-06 2.826603990585071e-06 2.852115057509509e-06 2.877856272277102e-06 2.903829709830851e-06 2.930037463802729e-06 2.956481646681743e-06 2.983164389983573e-06 3.010087844421621e-06 3.037254180079689e-06 3.064665586586186e-06 3.092324273289898e-06 3.120232469437336e-06 3.148392424351595e-06 3.176806407613001e-06 3.2054767092412e-06 3.234405639878935e-06 3.263595530977557e-06 3.293048734984052e-06 3.322767625529863e-06 3.352754597621352e-06 3.383012067832021e-06 3.413542474496364e-06 3.444348277905513e-06 3.475431960504731e-06 3.506796027092477e-06 3.538443005021408e-06 3.570375444401127e-06 3.602595918302819e-06 3.635107022965587e-06 3.66791137800474e-06 3.701011626621943e-06 3.734410435817302e-06 3.768110496603088e-06 3.802114524219762e-06 3.836425258353631e-06 3.871045463356714e-06 3.905977928468151e-06 3.94122546803836e-06 3.976790921754133e-06 4.012677154866858e-06 4.048887058421962e-06 4.085423549490792e-06 4.122289571404646e-06 4.159488093990519e-06 4.197022113809394e-06 4.234894654396396e-06 4.273108766503284e-06 4.311667528342549e-06 4.350574045835172e-06 
8.867728006934713e-06 8.947709939789876e-06 9.028412718856321e-06 9.109842833435294e-06 9.192006831146522e-06 9.274911318450917e-06 9.358562961177906e-06 9.44296848505751e-06 9.528134676257453e-06 9.614068381924434e-06 9.700776510731001e-06 9.788266033426586e-06 9.87654398339407e-06 9.96561745721086e-06 1.00554936152152e-05 1.014617968207746e-05 1.023768294737669e-05 1.033001076618191e-05 1.042317055963907e-05 1.051716981556309e-05 1.061201608903479e-05 1.070771700300386e-05 1.080428024889647e-05 1.09017135872291e-05 1.10000248482269e-05 1.109922193244834e-05 1.119931281141526e-05 1.130030552824819e-05 1.140220819830763e-05 1.15050290098412e-05 1.160877622463607e-05 1.171345817867765e-05 1.181908328281407e-05 1.192566002342637e-05 1.203319696310474e-05 1.214170274133123e-05 1.225118607516768e-05 1.236165575995051e-05 1.247312066999153e-05 1.258558975928473e-05 1.269907206221981e-05 1.281357669430151e-05 1.292911285287581e-05 1.304568981786286e-05 1.316331695249511e-05 1.328200370406367e-05 1.340175960467035e-05 1.352259427198688e-05 1.364451741001973e-05 1.376753880988437e-05 1.389166835058265e-05 1.401691599979094e-05 1.41432918146522e-05 1.427080594257705e-05 1.439946862205165e-05 1.452929018345139e-05 1.466028104986398e-05 1.479245173791828e-05 1.492581285862112e-05 1.506037511820038e-05 1.519614931895972e-05 
3.095008238022122e-05 3.12288701450532e-05 3.151016557500516e-05 3.179399117799712e-05 3.208036966331898e-05 3.236932394342203e-05 3.266087713572845e-05 3.295505256445547e-05 3.325187376245593e-05 3.355136447307525e-05 3.385354865202505e-05 3.415845046927224e-05 3.446609431094652e-05 3.477650478126295e-05 3.508970670446271e-05 3.540572512677044e-05 3.572458531836897e-05 3.60463127753914e-05 3.637093322193139e-05 3.66984726120699e-05 3.702895713192122e-05 3.736241320169581e-05 3.769886747778206e-05 3.803834685484729e-05 3.838087846795444e-05 3.87264896947003e-05 3.907520815737223e-05 3.942706172512158e-05 3.978207851615906e-05 4.014028689996782e-05 4.050171549953647e-05 4.086639319361241e-05 4.12343491189736e-05 4.160561267272149e-05 4.19802135145938e-05 4.23581815692982e-05 4.27395470288648e-05 4.312434035502193e-05 4.351259228159037e-05 4.390433381690061e-05 4.429959624623002e-05 4.469841113426214e-05 4.510081032756752e-05 4.550682595710733e-05 4.591649044075516e-05 4.632983648584733e-05 4.674689709174958e-05 4.71677055524507e-05 4.75922954591749e-05 4.802070070302346e-05 4.845295547763053e-05 4.888909428185128e-05 4.93291519224673e-05 4.977316351691939e-05 5.022116449606369e-05 5.067319060694924e-05 5.112927791562526e-05 5.158946280996741e-05 5.205378200253362e-05 5.252227253343978e-05 5.299497177326964e-05 
0.0001077785914217383 0.0001087470534171542 0.000109724194553087 0.0001107100922970446 0.0001117048248037543 0.000112708470921199 0.0001137211101967122 0.0001147428228831181 0.0001157736899449337 0.0001168137930646142 0.0001178632146488622 0.000118922037834986 0.0001199903464973136 0.000121068225253662 0.0001221557594718666 0.0001232530352763592 0.0001243601395548091 0.0001254771599648206 0.0001266041849406864 0.0001277413037002006 0.0001288886062515297 0.000130046183400144 0.0001312141267558089 0.000132392528739636 0.0001335814825911918 0.0001347810823756762 0.0001359914229911535 0.0001372126001758522 0.0001384447105155231 0.0001396878514508643 0.0001409421212850101 0.0001422076191910804 0.0001434844452198012 0.0001447727003071854 0.0001460724862822807 0.0001473839058749892 0.0001487070627239467 0.0001500420613844735 0.0001513890073365961 0.0001527480069931333 0.0001541191677078532 0.0001555025977837032 0.0001568984064811041 0.0001583067040263278 0.0001597276016199283 0.0001611612114452628 0.0001626076466770756 0.0001640670214901641 0.0001655394510681018 0.000167025051612068 0.000168523940349709 0.0001700362355441211 0.0001715620565028764 0.0001731015235871405 0.0001746547582208746 0.0001762218829000962 0.0001778030212022402 0.0001793982977955887 0.0001810078384487837 0.0001826317700404142 0.000184270220568715 
0.0003737465506317236 0.0003770895862809018 0.0003804623748874357 0.0003838651792372308 0.0003872982644100227 0.0003907618977990317 0.0003942563491307805 0.0003977818904850792 0.0004013387963151791 0.0004049273434680802 0.0004085478112050364 0.0004122004812221915 0.0004158856376714236 0.0004196035671813366 0.0004233545588784366 0.0004271389044084876 0.0004309568979580308 0.0004348088362760928 0.0004386950186960752 0.0004426157471578178 0.0004465713262298416 0.0004505620631317901 0.0004545882677570382 0.00045865025269551 0.000462748333256654 0.0004668828274926357 0.0004710540562217172 0.0004752623430518085 0.0004795080144042348 0.0004837913995376997 0.0004881128305724258 0.0004924726425145128 0.000496871173280494 0.00050130876372208 0.0005057857576511237 0.0005103025018647845 0.0005148593461708882 0.0005194566434135112 0.000524094749498761 0.0005287740234207877 0.0005334948272879726 0.0005382575263493752 0.0005430624890213583 0.0005479100869144744 0.000552800694860504 0.000557734690939789 0.0005627124565087453 0.0005677343762276173 0.0005728008380884296 0.0005779122334432375 0.000583068957032497 0.000588271407013789 0.00059351998499067 0.000598815096041828 0.0006041571487504663 0.0006095465552338683 0.0006149837311732946 0.0006204690958440476 0.0006260030721458145 0.0006315860866332361 0.0006372185695467761 
0.001285946995604759 0.001297351365346149 0.00130885592123541 0.001320461530613553 0.00133216906815912 0.001343979415947933 0.00135589346351336 0.001367912107906975 0.001380036253759737 0.001392266813343587 0.001404604706633563 0.00141705086137032 0.001429606213123208 0.001442271705353742 0.001455048289479628 0.001467936924939211 0.001480938579256466 0.001494054228106418 0.001507284855381121 0.001520631453256088 0.001534095022257234 0.001547676571328324 0.001561377117898935 0.001575197687952923 0.001589139316097373 0.001603203045632114 0.001617389928619766 0.001631701025956205 0.001646137407441678 0.001660700151852385 0.001675390347012612 0.001690209089867366 0.001705157486555625 0.00172023665248405 0.001735447712401278 0.001750791800472805 0.001766270060356343 0.001781883645277785 0.001797633718107734 0.001813521451438601 0.001829548027662186 0.001845714639047981 0.001862022487821893 0.001878472786245718 0.001895066756696952 0.001911805631749462 0.001928690654254535 0.001945723077422673 0.0019629041649058 0.001980235190880361 0.001997717440130626 0.002015352208133014 0.002033140801140698 0.002051084536269016 0.002069184741581494 0.002087442756176319 0.002105859930273696 0.002124437625303604 0.002143177213994337 0.002162080080461541 0.002181147620298129 
0.004360835549852224 0.004398895386503124 0.004437281446447415 0.004475996446891624 0.004515043126628175 0.004554424246192998 0.004594142588024036 0.004634200956620743 0.004674602178704627 0.004715349103380579 0.004756444602299428 0.00479789156982123 0.004839692923179713 0.004881851602647631 0.004924370571703141 0.004967252817197086 0.005010501349521418 0.005054119202778491 0.005098109434951402 0.005142475128075351 0.005187219388409971 0.005232345346612687 0.005277856157913092 0.005323755002288334 0.005370045084639454 0.005416729634968845 0.005463811908558772 0.005511295186150641 0.005559182774125632 0.005607478004686179 0.005656184236038482 0.005705304852576101 0.005754843265064619 0.005804802910827221 0.005855187253931363 0.00590599978537665 0.00595724402328343 0.006008923513082717 0.006061041827706988 0.006113602567782241 0.006166609361820803 0.006220065866415342 0.006273975766434029 0.006328342775216811 0.006383170634772155 0.006438463115975688 0.006494224018769326 0.006550457172361751 0.006607166435429514 0.006664355696320151 0.006722028873254909 0.006780189914534102 0.006838842798742278 0.006897991534955133 0.006957640162947555 0.007017792753402012 0.007078453408118955 0.00713962626022758 0.007201315474398022 0.00726352524705429 0.007326259806588859 
0.01439905234265851 0.01452101415114897 0.01464397331758107 0.01476793753364233 0.01489291454430293 0.01501891214810549 0.01514593819745551 0.01527400059891185 0.01540310731347829 0.01553326635689493 0.01566448579993038 0.01579677376867403 0.01593013844482923 0.01606458806600607 0.01620013092601534 0.01633677537516188 0.01647452982053926 0.01661340272632378 0.01675340261406933 0.01689453806300242 0.01703681771031706 0.01718025025147025 0.01732484444047742 0.01747060909020817 0.01761755307268175 0.01776568531936317 0.01791501482145926 0.01806555063021419 0.01821730185720592 0.01837027767464199 0.01852448731565549 0.01867994007460112 0.0188366453073511 0.01899461243159055 0.01915385092711345 0.01931437033611817 0.01947618026350238 0.01963929037715823 0.01980371040826729 0.01996945015159507 0.02013651946578501 0.02030492827365261 0.02047468656247834 0.0206458043843022 0.02081829185621454 0.02099215916064932 0.02116741654567589 0.02134407432529008 0.02152214287970377 0.02170163265563714 0.02188255416660548 0.02206491799320994 0.02224873478342414 0.02243401525288202 0.02262077018516486 0.02280901043208551 0.02299874691397465 0.02318999061996381 0.02338275260826887 0.02357704400647111 0.0237728760117996 
0.04530107397353105 0.04566384542117488 0.04602932310008694 0.04639752469915657 0.04676846799138144 0.04714217083385074 0.04751865116772272 0.04789792701819384 0.04828001649446226 0.0486649377896831 0.04905270918091613 0.04944334902906734 0.04983687577882186 0.0502333079585691 0.05063266418032143 0.05103496313962323 0.05144022361545379 0.05184846447012029 0.05225970464914421 0.0526739631811388 0.0530912591776774 0.05351161183315433 0.05393504042463714 0.05436156431170922 0.05479120293630371 0.05522397582252932 0.05565990257648673 0.05609900288607448 0.05654129652078749 0.05698680333150462 0.05743554325026769 0.05788753629004969 0.05834280254451493 0.0588013621877669 0.05926323547408806 0.05972844273766913 0.06019700439232636 0.06066894093121101 0.0611442729265058 0.06162302102911353 0.06210520596833122 0.06259084855151668 0.06307996966374119 0.06357259026743586 0.06406873140201849 0.06456841418351679 0.06507165980417724 0.06557848953206116 0.06608892471062797 0.06660298675831372 0.06712069716808532 0.06764207750699494 0.068167149415713 0.06869593460805305 0.06922845487048557 0.06976473206163179 0.07030478811175385 0.07084864502222528 0.0713963248649911 0.07194784978201223 0.07250324198470211 
0.1308655866164357 0.1318086390023603 0.1327575128972284 0.1337122327046474 0.1346728227895057 0.1356393074757876 0.1366117110443641 0.1375900577307609 0.1385743717229005 0.139564677158821 0.1405609981243705 0.141563358650877 0.1425717827127931 0.1435862942253175 0.1446069170419919 0.1456336749522702 0.1466665916790689 0.1477056908762864 0.1487509961263021 0.1498025309374497 0.1508603187414628 0.1519243828909001 0.152994746656543 0.1540714332247692 0.1551544656948993 0.1562438670765226 0.1573396602867948 0.1584418681477111 0.1595505133833548 0.1606656186171213 0.1617872063689166 0.1629152990523295 0.1640499189717845 0.1651910883196608 0.1663388291733927 0.1674931634925464 0.1686541131158645 0.1698216997582932 0.1709959450079807 0.1721768703232532 0.1733644970295629 0.1745588463164144 0.1757599392342648 0.1769677966914021 0.1781824394507924 0.179403888126909 0.1806321631825383 0.1818672849255555 0.1831092735056744 0.1843581489111903 0.1856139309656698 0.1868766393246468 0.1881462934722718 0.1894229127179496 0.1907065161929548 0.1919971228470092 0.1932947514448563 0.1945994205627962 0.1959111485852062 0.1972299537010296 0.1985558539002586 
0.3273555490388043 0.3292848139199571 0.3312216065001589 0.3331659146384077 0.3351177256495932 0.3370770263002721 0.339043802804462 0.3410180408194483 0.3429997254416131 0.3449888412022762 0.3469853720635592 0.3489893014142686 0.351000612065798 0.3530192862480506 0.3550453056053895 0.357078651192601 0.3591193034708936 0.3611672423039111 0.3632224469537766 0.3652848960771634 0.3673545677213894 0.369431439320542 0.3715154876916328 0.3736066890307824 0.3757050189094278 0.3778104522705764 0.3799229634250801 0.3820425260479467 0.384169113174689 0.3863026971977025 0.3884432498626882 0.3905907422650973 0.3927451448466391 0.3949064273918006 0.3970745590244222 0.3992495082043141 0.401431242723905 0.4036197297049438 0.4058149355952381 0.4080168261654452 0.4102253665058971 0.4124405210234834 0.4146622534385754 0.4168905267820058 0.419125303392084 0.4213665449116756 0.4236142122853336 0.4258682657564748 0.4281286648646 0.4303953684426098 0.4326683346141121 0.434947520790852 0.4372328836701486 0.4395243792324162 0.4418219627387484 0.4441255887285356 0.4464352110171791 0.4487507826938408 0.4510722561192696 0.453399582923682 0.4557327140047293 
0.6536371792665244 0.6562091900227801 0.6587805329637829 0.6613510998915129 0.6639207820233382 0.6664894699984152 0.6690570538842128 0.6716234231831453 0.6741884668393427 0.6767520732455192 0.6793141302499762 0.6818745251637183 0.6844331447676844 0.6869898753201042 0.6895446025639672 0.6920972117346089 0.6946475875674211 0.6971956143056697 0.6997411757084352 0.7022841550586706 0.7048244351713677 0.7073618984018454 0.7098964266541504 0.7124279013895766 0.7149562036352829 0.7174812139930445 0.7200028126481082 0.722520879378151 0.7250352935623652 0.7275459341906412 0.7300526798728716 0.7325554088483481 0.7350539989952924 0.737548327840465 0.740038272568901 0.7425237100337513 0.7450045167662114 0.7474805689855784 0.7499517426093877 0.7524179132636782 0.7548789562933282 0.7573347467725177 0.7597851595152743 0.7622300690861299 0.7646693498108549 0.7671028757873066 0.769530520896371 0.7719521588129885 0.7743676630172674 0.7767769068057221 0.7791797633025457 0.7815761054710277 0.7839658061250173 0.7863487379404944 0.7887247734672244 0.7910937851404772 0.7934556452928567 0.7958102261661851 0.7981573999234822 0.8004970386610043 0.8028290144203879 
0.952585780732083 0.9539042032476674 0.9552055902498507 0.9564898541943876 0.9577569085601118 0.9590066678599863 0.9602390476520324 0.9614539645501434 0.962651336234793 0.9638310814636152 0.964993120081869 0.966137373032779 0.9672637623677521 0.9683722112564693 0.9694626439968456 0.9705349860248625 0.9715891639242641 0.9726251054361253 0.9736427394682746 0.9746419961045854 0.9756228066141227 0.9765851034601525 0.9775288203089983 0.9784538920387637 0.979360254747893 0.9802478457635956 0.9811166036501103 0.981966468216819 0 0 0 0 0 0.9866656840873894 0.9873817163019297 0.9880784194187512 0.9887557447925874 0.9894136450956762 0.9900520743240877 0.9906709878038793 0.9912703421970709 0.9918500955074563 0.9924102070862358 0.992950637637469 0.9934713492233529 0.9939723052693237 0.9944534705689748 0.9949148112887971 0.9953562949727315 0.995777890546551 0.9961795683220431 0.9965613000010228 0.9969230586791479 0.9972648188495561 0.9975865564063099 0.9978882486476593 0.9981698742791102 0.9984314134163064 0.998672847587723 0.9988941597371646 0.9990953342260788 
0.9521023603134565 0.9507608531500841 0.9494025213839461 0.9480274559179523 0.9466357486286586 0.9452274923546667 0.9438027808849196 0.9423617089469094 0.9409043721947862 0.9394308671973847 0.9379412914261516 0.9364357432429999 0.9349143218880716 0.9333771274674216 0.9318242609406222 0.9302558241082988 0.928671919599578 0.9270726508594792 0.9254581221362267 0.9238284384685 0.9221837056726213 0.920524030329677 0.9188495197725851 0.917160282073099 0.9154564260287673 0.9137380611498299 0.9120052976460755 0 0 0 0 0 0 0 0.8976382846579695 0.895781001832044 0.8939104580312727 0.892026770281006 0.890130056145396 0.8882204337138301 0.8862980215873442 0.8843629388650226 0.8824153051303939 0.8804552404378024 0.8784828652987975 0.8764983006685005 0.8745016679319676 0.8724930888905692 0.8704726857483704 0.8684405810984892 0.8663968979095114 0.8643417595118649 0.862275289584246 0.8601976121400348 0.8581088515137321 0.8560091323474317 0.853898579577288 0.8517773184200257 0.8496454743594666 0.8475031731330929 0.8453505407186207 
0.6527021679056119 0.6501294198667048 0.6475562573763094 0.644982786620704 0.6424091131750205 0.6398353419974828 0.6372615774237641 0.634687923161468 0.6321144822847247 0.6295413572289058 0.6269686497854631 0.6243964610968812 0.6218248916517509 0.6192540412799615 0.6166840091480097 0.6141148937544286 0.6115467929253319 0.6089798038100765 0.606414022877044 0.6038495459095358 0.6012864680017878 0.5987248835550982 0.5961648862740713 0.5936065691629766 0.5910500245222304 0.5884953439449764 0 0 0 0 0 0 0 0 0 0.5630707001960151 0.5605423641104554 0.5580169349513295 0.5554944948579643 0.5529751252263677 0.5504589067074783 0.5479459192055013 0.54543624187636 0.5429299531262389 0.540427130610251 0.5379278512311857 0.5354321911383593 0.5329402257265808 0.5304520296352168 0.5279676767473185 0.5254872401889146 0.5230107923283283 0.5205384047756473 0.5180701483822593 0.515606093240481 0.5131463086833088 0.5106908632842256 0.5082398248571277 0.5057932604563277 0.5033512363766636 0.5009138181536698 
0.3266561731321161 0.3247371906838172 0.3228257624913773 0.3209218988968794 0.3190256097168895 0.3171369042467497 0.315255791264883 0.3133822790371104 0.3115163753209708 0.3096580873700587 0.3078074219383609 0.3059643852846073 0.3041289831766247 0.3023012208956974 0.3004811032409312 0.2986686345336288 0.2968638186216567 0.2950666588838284 0.293277158234282 0.2914953191268623 0.2897211435595038 0.2879546330786171 0.2861957887834689 0.2844446113305676 0.2827011009380487 0 0 0 0 0 0 0 0 0 0 0 0.2623765070666275 0.2607324968071529 0.2590961130792382 0.2574673500488178 0.2558462015129718 0.2542326609042038 0.2526267212947119 0.2510283754006457 0.2494376155863611 0.2478544338686534 0.2462788219209777 0.2447107710776659 0.2431502723381304 0.2415973163710333 0.240051893518481 0.2385139938001615 0.2369836069175028 0.2354607222577946 0.2339453288982984 0.2324374156103559 0.23093697086346 0.229443982829327 0.2279584393859425 0.2264803281215998 0.2250096363389047 
0.1305242464874477 0.1295890922088379 0.1286597016203487 0.1277360502038576 0.1268181134117756 0.1259058666691044 0.1249992853754688 0.1240983449071278 0.1232030206189596 0.1223132878464253 0.1214291219075092 0.1205504981046351 0.1196773917265596 0.1188097780502445 0.1179476323427022 0.117090929862825 0.1162396458631834 0.1153937555918092 0.1145532342939526 0.1137180572138174 0.1128881995962748 0.1120636366885546 0.1112443437419144 0.110430296013287 0.1096214687669073 0 0 0 0 0 0 0 0 0 0 0 0.1003137524101282 0.09957054662732896 0.09883221665253533 0.09809873804021049 0.09737008637528129 0.09664623727441216 0.09592716638726101 0.09521284939771753 0.09450326202512109 0.09379838002545972 0.09309817919254777 0.09240263535918933 0.09171172439832316 0.09102542222413947 0.09034370479319537 0.0896665481054945 0.08899392820556191 0.08832582118349384 0.08766220317598972 0.08700305036737298 0.08634833899058543 0.08569804532817135 0.08505214571324064 0.0844106165304182 0.08377343421677007 
0.04516988202951722 0.04481077211644422 0.04445432696170441 0.04410052915933367 0.04374936138746822 0.04340080640832551 0.04305484706817793 0.04271146629732217 0.04237064711004056 0.04203237260455789 0.04169662596299117 0.0413633904512945 0.04103264941919764 0.04070438630013931 0.04037858461119428 0.04005522795299631 0.03973430000965409 0.03941578454866315 0.03909966542081196 0.03878592656008326 0.0384745519835502 0.03816552579126752 0.03785883216615782 0.0375544553738932 0.03725237976277271 0 0 0 0 0 0 0 0 0 0 0 0.0338013795315251 0.03352783231404697 0.0332563757502979 0.03298699541026403 0.03271967694401639 0.03245440608152007 0.0321911686324393 0.03192995048594107 0.03167073761049399 0.03141351605366481 0.031158271941911 0.0309049914803713 0.03065366095265402 0.03040426672061886 0.03015679522416182 0.0299112329809912 0.02966756658640553 0.02942578271306671 0.02918586811077004 0.02894780960621436 0.02871159410276665 0.02847720858022642 0.02824464009458675 0.02801387577779419 0.02778490283750398 
0.01435496767200324 0.0142343534404589 0.01411471859784301 0.0139960556295631 0.01387835707305086 0.01376161551747526 0.01364582360345607 0.01353097402277826 0.01341705951810688 0.01330407288270238 0.01319200696013696 0.01308085464401124 0.0129706088776718 0.01286126265392936 0.01275280901477743 0.01264524105111231 0.01253855190245285 0.01243273475666178 0.01232778284966747 0.0122236894651863 0.01212044793444607 0.01201805163591002 0.01191649399500163 0.01181576848383034 0.01171586862091803 0 0 0 0 0 0 0 0 0 0 0 0.0105791737405435 0.01048943811546755 0.010400442120082 0.01031217993684822 0.01022464579038088 0.01013783394718934 0.01005173871542005 0.009966354444600171 0.009881675525381913 0.009797696389288053 0.009714411508457942 0.009631815395395078 0.009549902602715793 0.009468667722897584 0.009388105388030671 0.009308210269568247 0.009228977078079474 0.009150400563002595 0.009072475512398979 0.008995196752709057 0.008918559148508165 0.00884255760226421 0.00876718705409598 0.008692442481532857 0.008618318899274819 
0.004347081982373292 0.004309462604222702 0.004272163112205292 0.004235180860574495 0.00419851322449328 0.00416215759988166 0.004126111403265165 0.004090372071624318 0.004054937062244859 0.004019803852569169 0.003984969940048366 0.003950432841995477 0.0039161900954395 0.003882239256980348 0.003848577902644726 0.00381520362774299 0.003782114046726726 0.003749306793047449 0.003716779519016067 0.003684529895663264 0.003652555612600786 0.003620854377883636 0.003589423917873115 0.003558261977100733 0.003527366318133049 0 0 0 0 0 0 0 0 0 0 0 0.003176598003578946 0.003148968366885247 0.003121575507955515 0.003094417444243567 0.00306749220919137 0.003040797852108097 0.003014332438050002 0.002988094047701249 0.002962080777255415 0.0029362907382978 0.002910722057688504 0.002885372877446354 0.002860241354633725 0.002835325661241706 0.002810623984076682 0.002786134524647078 0.002761855499051314 0.002737785137866283 0.002713921686036581 0.002690263402764734 0.00266680856140184 0.002643555449339222 0.002620502367900695 0.002597647632235685 0.002574989571212855 
0.001281826426467829 0.001270557273855504 0.00125938628627319 0.001248312620626716 0.001237335440903862 0.001226453918116969 0.001215667230246002 0.001204974562182035 0.001194375105671162 0.001183868059258868 0.001173452628234778 0.001163128024577864 0.001152893466902057 0.001142748180402285 0.001132691396800902 0.001122722354294571 0.001112840297501497 0.001103044477409118 0.001093334151322171 0.001083708582811161 0.001074167041661235 0.001064708803821438 0.001055333151354377 0.001046039372386251 0.001036826761057287 0.00102769461747258 0 0 0 0 0 0 0 0 0 0.0009406490989521193 0.0009323575653271939 0.000924138548572626 0.0009159914220300368 0.0009079155643560281 0.0008999103594784976 0.0008919751965531612 0.0008841094699205283 0.0008763125790631627 0.0008685839285633002 0.0008609229280607773 0.0008533289922112804 0.0008458015406449693 0.0008383399979254218 0.0008309437935087946 0.0008236123617035024 0.000816345141630011 0.0008091415771810953 0.0008020011169823373 0.0007949232143529305 0.0007879073272668662 0.0007809529183143294 0.0007740594546634752 0.0007672264080224678 0.0007604532546018619 0.0007537394750772033 
0.0003725387556130169 0.0003692358681240699 0.0003659621215090196 0.000362717260555074 0.000359501032259373 0.0003563131858102031 0.0003531534725683375 0.0003500216460485569 0.0003469174619012998 0.0003438406778944865 0.0003407910538954757 0.0003377683518531842 0.000334772335780341 0.0003318027717359061 0.0003288594278076136 0.0003259420740946878 0.0003230504826906677 0.000320184427666406 0.0003173436850531912 0.0003145280328260143 0.0003117372508869779 0.0003089711210488398 0.0003062294270186921 0.000303511954381779 0.000300818490585451 0.0002981488249232531 0.0002955027485191272 0 0 0 0 0 0 0 0.0002751588772100414 0.0002727159990790777 0.0002702947187388052 0.0002678948464429311 0.0002655161940961514 0.000263158575239994 0.0002608218050387988 0.0002585057002657879 0.0002562100792892701 0.0002539347620589616 0.0002516795700924157 0.0002494443264615643 0.0002472288557793758 0.0002450329841866234 0.0002428565393387768 0.0002406993503929716 0.0002385612479951328 0.0002364420642671634 0.0002343416327942754 0.0002322597886124033 0.0002301963681957289 0.0002281512094443294 0.0002261241516718952 0.0002241150355935842 0.0002221237033139555 0.0002201499983150253 0.0002181937654443955 
0.0001074287133520538 0.0001064719615739517 0.0001055237085406971 0.0001045838790525854 0.0001036523985713803 0.0001027291932145478 0.000101814189749539 0.0001009073155881245 0.0001000084987807728 9.911766801108465e-05 9.823475259026584e-05 9.735968245165568e-05 9.649238814529828e-05 9.563280083256128e-05 9.478085228080128e-05 9.3936474858077e-05 9.309960152790192e-05 9.227016584405089e-05 9.144810194540422e-05 9.063334455083846e-05 8.982582895416389e-05 8.902549101910204e-05 8.823226717430699e-05 8.744609440843164e-05 8.666691026523466e-05 8.589465283873243e-05 8.512926076838569e-05 8.437067323433942e-05 0 0 0 0 0 7.995870432378477e-05 7.924609002283201e-05 7.85398126052231e-05 7.783981590939403e-05 7.714604426899804e-05 7.645844250857426e-05 7.577695593925034e-05 7.510153035448721e-05 7.443211202585335e-05 7.376864769884251e-05 7.311108458872407e-05 7.245937037643114e-05 7.181345320448221e-05 7.117328167293742e-05 7.053880483539362e-05 6.99099721950143e-05 6.928673370058373e-05 6.866903974261288e-05 6.805684114946159e-05 6.745008918350688e-05 6.68487355373378e-05 6.625273232998302e-05 6.566203210317837e-05 6.507658781765627e-05 6.44963528494751e-05 6.392128098637786e-05 6.33513264241835e-05 6.278644376320484e-05 
3.084936645246508e-05 3.05739619253549e-05 3.030101265656139e-05 3.003049680251517e-05 2.97623927133752e-05 2.949667893131959e-05 2.923333418885003e-05 2.897233740711149e-05 2.871366769422696e-05 2.845730434364692e-05 2.820322683251173e-05 2.795141482003105e-05 2.770184814587476e-05 2.745450682858013e-05 2.720937106397122e-05 2.69664212235938e-05 2.672563785316244e-05 2.648700167102263e-05 2.625049356662486e-05 2.601609459901382e-05 2.578378599532967e-05 2.555354914932235e-05 2.53253656198801e-05 2.509921712956942e-05 2.487508556318907e-05 2.465295296633671e-05 2.443280154398594e-05 2.421461365907997e-05 2.399837183113302e-05 2.37840587348482e-05 2.357165719874364e-05 2.33611502037947e-05 2.3152520882084e-05 2.29457525154668e-05 2.274082853424595e-05 2.253773251585916e-05 2.233644818357826e-05 2.213695940521914e-05 2.193925019186302e-05 2.174330469659004e-05 2.154910721322279e-05 2.135664217508121e-05 2.116589415374846e-05 2.097684785784828e-05 2.078948813183218e-05 2.060379995477776e-05 2.041976843919715e-05 2.023737882985662e-05 2.005661650260675e-05 1.987746696322068e-05 1.969991584624673e-05 1.952394891386628e-05 1.93495520547658e-05 1.917671128301654e-05 1.900541273696377e-05 1.883564267812837e-05 1.866738749011468e-05 1.850063367753082e-05 1.833536786491665e-05 1.817157679568253e-05 1.800924733105604e-05 
8.838833774931139e-06 8.75982434764082e-06 8.6815206580618e-06 8.603916409269831e-06 8.52700536043175e-06 8.450781326307043e-06 8.375238176753843e-06 8.300369836239457e-06 8.226170283354864e-06 8.152633550333975e-06 8.079753722576717e-06 8.007524938176653e-06 7.935941387452572e-06 7.864997312484441e-06 7.79468700665314e-06 7.725004814184805e-06 7.655945129698512e-06 7.587502397758584e-06 7.519671112430522e-06 7.452445816840942e-06 7.3858211027415e-06 7.319791610076604e-06 7.254352026554808e-06 7.189497087224374e-06 7.125221574052246e-06 7.061520315506992e-06 6.998388186145059e-06 6.935820106201466e-06 6.873811041182968e-06 6.812356001466242e-06 6.751450041898117e-06 6.691088261400745e-06 6.631265802579251e-06 6.571977851333315e-06 6.513219636472265e-06 6.454986429333261e-06 6.397273543403129e-06 6.34007633394354e-06 6.283390197619244e-06 6.22721057212992e-06 6.171532935845303e-06 6.11635280744303e-06 6.061665745550344e-06 6.007467348388706e-06 5.953753253421451e-06 5.900519137004806e-06 5.847760714041664e-06 5.795473737638701e-06 5.743653998766791e-06 5.692297325923442e-06 5.641399584799664e-06 5.590956677948385e-06 5.540964544456861e-06 5.491419159621428e-06 5.442316534625147e-06 5.393652716218746e-06 5.345423786403842e-06 5.297625862119365e-06 5.250255094930445e-06 5.203307670720798e-06 5.156779809386332e-06 
2.529417798265828e-06 2.506792026045472e-06 2.484368563001652e-06 2.462145601244271e-06 2.440121349024758e-06 2.418294030592161e-06 2.396661886050477e-06 2.375223171217333e-06 2.353976157483778e-06 2.332919131675524e-06 2.312050395915181e-06 2.291368267485964e-06 2.270871078696431e-06 2.25055717674649e-06 2.230424923594624e-06 2.210472695826282e-06 2.190698884523365e-06 2.171101895135025e-06 2.151680147349483e-06 2.132432074967015e-06 2.113356125774154e-06 2.094450761418885e-06 2.075714457287047e-06 2.05714570237977e-06 2.038742999192059e-06 2.020504863592466e-06 2.002429824703682e-06 1.984516424784483e-06 1.966763219112374e-06 1.949168775867637e-06 1.931731676018056e-06 1.914450513205018e-06 1.897323893630318e-06 1.880350435944195e-06 1.863528771134254e-06 1.846857542415371e-06 1.830335405120678e-06 1.813961026593412e-06 1.79773308607974e-06 1.781650274622622e-06 1.765711294956557e-06 1.749914861403228e-06 1.734259699768129e-06 1.718744547238154e-06 1.703368152280017e-06 1.688129274539616e-06 1.67302668474224e-06 1.65805916459377e-06 1.643225506682726e-06 1.628524514383016e-06 1.613955001757911e-06 1.599515793464458e-06 1.585205724659098e-06 1.571023640903913e-06 1.55696839807372e-06 1.543038862264162e-06 1.529233909700396e-06 1.515552426646733e-06 1.501993309317035e-06 1.488555463786033e-06 1.475237805901075e-06 
7.233796962430174e-07 7.169066466096246e-07 7.104915078830756e-07 7.041337621284165e-07 6.9783289604073e-07 6.915884009037951e-07 6.853997725490803e-07 6.792665113151257e-07 6.731881220072728e-07 6.671641138577738e-07 6.611940004862298e-07 6.552772998604057e-07 6.494135342573678e-07 6.436022302250099e-07 6.378429185438829e-07 6.321351341893847e-07 6.264784162942762e-07 6.208723081115533e-07 6.153163569776218e-07 6.098101142758204e-07 6.043531354002651e-07 5.989449797200155e-07 5.935852105435645e-07 5.882733950836197e-07 5.830091044222502e-07 5.777919134763045e-07 5.726214009631263e-07 5.674971493666388e-07 5.624187449036365e-07 5.573857774904961e-07 5.52397840710057e-07 5.474545317789054e-07 5.425554515148861e-07 5.377002043049285e-07 5.328883980731512e-07 5.28119644249257e-07 5.233935577372221e-07 5.187097568842227e-07 5.140678634498932e-07 5.094675025758172e-07 5.049083027553246e-07 5.003898958035198e-07 4.959119168276035e-07 4.914740041974653e-07 4.870757995165206e-07 4.827169475928185e-07 4.783970964103871e-07 4.741158971008721e-07 4.698730039154128e-07 4.656680741967274e-07 4.615007683515335e-07 4.57370749823129e-07 4.53277685064278e-07 4.492212435103071e-07 4.452010975524355e-07 4.412169225113956e-07 4.372683966112111e-07 4.33355200953277e-07 4.294770194906138e-07 4.256335390024521e-07 4.218244490688727e-07 
2.068056462598527e-07 2.049547144045504e-07 2.031203467211873e-07 2.013023950002556e-07 1.995007123580339e-07 1.97715153224732e-07 1.959455733327359e-07 1.941918297049729e-07 1.924537806433627e-07 1.907312857173894e-07 1.890242057527577e-07 1.873324028201643e-07 1.856557402241652e-07 1.839940824921408e-07 1.823472953633599e-07 1.807152457781456e-07 1.790978018671309e-07 1.774948329406186e-07 1.759062094780285e-07 1.743318031174442e-07 1.727714866452509e-07 1.712251339858685e-07 1.69692620191571e-07 1.681738214324025e-07 1.666686149861814e-07 1.651768792285954e-07 1.63698493623376e-07 1.622333387125795e-07 1.607812961069316e-07 1.59342248476283e-07 1.579160795401218e-07 1.56502674058205e-07 1.551019178212399e-07 1.537136976416707e-07 1.523379013445421e-07 1.509744177584389e-07 1.496231367065157e-07 1.482839489975991e-07 1.469567464173718e-07 1.456414217196394e-07 1.443378686176724e-07 1.430459817756186e-07 1.417656568000058e-07 1.404967902313112e-07 1.39239279535609e-07 1.379930230962927e-07 1.367579202058664e-07 1.355338710578194e-07 1.343207767385699e-07 1.331185392194653e-07 1.319270613488887e-07 1.307462468443948e-07 1.295760002849492e-07 1.284162271032194e-07 1.272668335779366e-07 1.26127726826334e-07 1.249988147966433e-07 1.238800062606638e-07 1.227712108063902e-07 1.21672338830732e-07 1.205833015322492e-07 
1.105651224205587e-07 1.095426601850741e-07 1.085296524979144e-07 1.075260119450811e-07 1.065316519206326e-07 1.055464866192153e-07 1.045704310286643e-07 1.036034009226753e-07 1.026453128535389e-07 1.016960841449497e-07 1.007556328848713e-07 9.982387791847867e-08 9.890073884115694e-08 9.798613599156968e-08 9.707999044478807e-08 9.618222400548758e-08 9.529275920120233e-08 9.44115192756473e-08 9.353842818209659e-08 9.267341057682862e-08 9.181639181262612e-08 9.096729793234157e-08 9.012605566251813e-08 8.929259240707051e-08 8.846683624102558e-08 8.764871590432134e-08 8.683816079565632e-08 8.60351009664087e-08 8.523946711459628e-08 8.445119057890872e-08 8.367020333277572e-08 8.28964379785117e-08 8.212982774149448e-08 8.137030646441176e-08 8.061780860155404e-08 7.987226921316078e-08 7.913362395982327e-08 7.840180909693229e-08 7.76767614691815e-08 7.695841850512241e-08 7.624671821176751e-08 7.554159916924188e-08 7.484300052548762e-08 7.415086199101574e-08 7.346512383370642e-08 7.278572687365755e-08 7.211261247807945e-08 7.144572255623804e-08 7.078499955444875e-08 7.013038645110447e-08 6.94818267517679e-08 6.883926448428928e-08 6.820264419398548e-08 6.757191093885562e-08 6.694701028483837e-08 6.632788830112331e-08 6.571449155549437e-08 6.510676710972435e-08 6.450466251500379e-08 6.390812580742948e-08 6.331710550350441e-08 
3.867829769774662e-07 3.832066761750629e-07 3.796634377511136e-07 3.761529561189699e-07 3.726749285154622e-07 3.692290549748351e-07 3.658150383029035e-07 3.624325840514667e-07 3.590814004929434e-07 3.557611985952498e-07 3.524716919969014e-07 3.49212596982356e-07 3.459836324575747e-07 3.427845199258121e-07 3.396149834636235e-07 3.364747496971144e-07 3.333635477783747e-07 3.302811093621661e-07 3.272271685827969e-07 3.242014620312301e-07 3.21203728732389e-07 3.182337101226814e-07 3.152911500277219e-07 3.1237579464027e-07 3.094873924983663e-07 3.066256944636749e-07 3.037904537000088e-07 3.009814256520875e-07 2.981983680244467e-07 2.9544104076059e-07 2.927092060222864e-07 2.90002628169101e-07 2.873210737380791e-07 2.846643114236442e-07 2.82032112057669e-07 2.79424248589724e-07 2.768404960675376e-07 2.74280631617589e-07 2.717444344259268e-07 2.692316857191382e-07 2.667421687455045e-07 2.642756687563192e-07 2.618319729873888e-07 2.594108706407063e-07 2.570121528662885e-07 2.54635612744178e-07 2.522810452666135e-07 2.499482473203666e-07 2.476370176692571e-07 2.453471569367792e-07 2.430784675889649e-07 2.408307539173268e-07 2.38603822022022e-07 2.363974797951306e-07 2.342115369040976e-07 2.320458047753524e-07 2.299000965780366e-07 2.277742272079231e-07 2.256680132714444e-07 2.235812730699302e-07 2.215138265838939e-07 
1.352717507206758e-06 1.340213275779736e-06 1.327824597612629e-06 1.315550405321573e-06 1.303389641375929e-06 1.291341258007444e-06 1.2794042171202e-06 1.267577490201422e-06 1.255860058233077e-06 1.244250911604331e-06 1.232749050024769e-06 1.221353482438449e-06 1.210063226938702e-06 1.198877310683784e-06 1.187794769813229e-06 1.176814649365051e-06 1.165936003193625e-06 1.155157893888401e-06 1.144479392693308e-06 1.133899579426941e-06 1.123417542403466e-06 1.113032378354254e-06 1.102743192350224e-06 1.092549097724938e-06 1.082449215998364e-06 1.072442676801387e-06 1.062528617800921e-06 1.052706184625888e-06 1.042974530793626e-06 1.033332817637271e-06 1.023780214233518e-06 1.014315897331288e-06 1.004939051280871e-06 9.956488679638542e-07 9.864445467236152e-07 9.773252942964745e-07 9.682903247435128e-07 9.5933885938297e-07 9.504701267233e-07 9.416833623968324e-07 9.32977809094058e-07 9.243527164984776e-07 9.158073412220906e-07 9.073409467414899e-07 8.989528033345016e-07 8.906421880174566e-07 8.824083844829654e-07 8.742506830383556e-07 8.661683805446563e-07 8.581607803560432e-07 8.502271922600305e-07 8.423669324180192e-07 8.345793233065396e-07 8.268636936589513e-07 8.192193784076913e-07 8.116457186271245e-07 8.041420614767982e-07 7.967077601453299e-07 7.893421737947523e-07 7.820446675054436e-07 7.748146122213908e-07 
4.728704837039749e-06 4.685015684974666e-06 4.641729966097768e-06 4.598843958036996e-06 4.556353972724095e-06 4.514256356079191e-06 4.472547487697958e-06 4.431223780542005e-06 4.390281680631764e-06 4.349717666742516e-06 4.309528250102879e-06 4.269709974096354e-06 4.230259413965408e-06 4.191173176518423e-06 4.152447899839161e-06 4.114080252999128e-06 4.076066935772304e-06 4.038404678352736e-06 4.001090241074547e-06 3.964120414134632e-06 3.927492017317844e-06 3.891201899724716e-06 3.855246939501632e-06 3.819624043573579e-06 3.784330147379249e-06 3.749362214608732e-06 3.714717236943253e-06 3.680392233797878e-06 3.64638425206591e-06 3.612690365866326e-06 3.579307676292828e-06 3.546233311165865e-06 3.513464424786388e-06 3.480998197692232e-06 3.448831836416557e-06 3.416962573248498e-06 3.385387665996174e-06 3.354104397751699e-06 3.323110076658375e-06 3.292402035680145e-06 3.26197763237313e-06 3.231834248659013e-06 3.201969290600882e-06 3.172380188180934e-06 3.14306439508024e-06 3.114019388460543e-06 3.085242668747977e-06 3.056731759418926e-06 3.02848420678789e-06 3.000497579796863e-06 2.972769469807367e-06 2.945297490393695e-06 2.918079277138529e-06 2.891112487430227e-06 2.864394800261907e-06 2.837923916032692e-06 2.811697556350361e-06 2.785713463836134e-06 2.759969401931095e-06 2.734463154704622e-06 2.709192526663994e-06 
1.651561180561573e-05 1.636316533500241e-05 1.621212459774898e-05 1.606247665093129e-05 1.59142086705232e-05 1.576730795030822e-05 1.562176190080086e-05 1.547755804817811e-05 1.533468403321988e-05 1.519312761026032e-05 1.505287664614736e-05 1.491391911921283e-05 1.477624311825111e-05 1.463983684150782e-05 1.450468859567715e-05 1.437078679490877e-05 1.423811995982324e-05 1.410667671653713e-05 1.397644579569637e-05 1.384741603151866e-05 1.371957636084485e-05 1.359291582219855e-05 1.346742355485448e-05 1.334308879791545e-05 1.321990088939756e-05 1.309784926532415e-05 1.297692345882686e-05 1.285711309925692e-05 1.273840791130206e-05 1.2620797714114e-05 1.250427242044153e-05 1.238882203577359e-05 1.227443665748853e-05 1.21611064740122e-05 1.204882176398311e-05 1.193757289542552e-05 1.182735032493008e-05 1.171814459684169e-05 1.160994634245499e-05 1.150274627921716e-05 1.139653520993822e-05 1.129130402200774e-05 1.118704368661966e-05 1.108374525800378e-05 1.098139987266423e-05 1.087999874862496e-05 1.077953318468185e-05 1.067999455966205e-05 1.058137433169047e-05 1.048366403746115e-05 1.038685529151806e-05 1.029093978553982e-05 1.019590928763275e-05 1.010175564162967e-05 1.000847076639466e-05 9.916046655135474e-06 9.824475374720737e-06 9.733749065004582e-06 9.643859938156561e-06 9.554800277998667e-06 9.466562439347153e-06 
5.758801418351738e-05 5.705738604528305e-05 5.653163800920565e-05 5.601072532103805e-05 5.549460363520636e-05 5.49832290111032e-05 5.447655790941182e-05 5.39745471884671e-05 5.347715410064492e-05 5.298433628878805e-05 5.249605178265987e-05 5.201225899543459e-05 5.153291672021509e-05 5.105798412658442e-05 5.058742075718716e-05 5.012118652434264e-05 4.965924170668691e-05 4.920154694584668e-05 4.874806324314214e-05 4.829875195631947e-05 4.785357479631366e-05 4.741249382403939e-05 4.697547144721121e-05 4.654247041719212e-05 4.611345382587134e-05 4.568838510257008e-05 4.526722801097204e-05 4.484994664608855e-05 4.443650543124208e-05 4.402686911508584e-05 4.362100276864207e-05 4.321887178237444e-05 4.282044186328067e-05 4.24256790320154e-05 4.203454962003736e-05 4.164702026678179e-05 4.126305791685997e-05 4.088262981728298e-05 4.05057035147104e-05 4.013224685272301e-05 3.976222796912389e-05 3.939561529325801e-05 3.903237754336085e-05 3.867248372392901e-05 3.83159031231146e-05 3.796260531014354e-05 3.761256013275613e-05 3.726573771467195e-05 3.692210845307861e-05 3.65816430161383e-05 3.624431234052497e-05 3.591008762897501e-05 3.557894034786693e-05 3.525084222481932e-05 3.492576524631009e-05 3.46036816553209e-05 3.428456394899856e-05 3.396838487634005e-05 3.365511743589795e-05 3.334473487350737e-05 3.303721068003083e-05 
0.0002001864142292543 0.0001983479186542725 0.0001965262479254793 0.0001947212488947973 0.0001929327697968411 0.0001911606602365914 0.0001894047711771706 0.0001876649549277366 0.0001859410651314694 0.0001842329567536758 0.0001825404860699849 0.0001808635106546592 0.000179201889368999 0.0001775554823498552 0.0001759241509982345 0.0001743077579680159 0.0001727061671547532 0.000171119243684587 0.0001695468539032449 0.0001679888653651444 0.000166445146822591 0.0001649155682150652 0.0001634000006586107 0.000161898316435312 0.0001604103889828634 0.000158936092884238 0.0001574753038574287 0.0001560278987453066 0.0001545937555055387 0.0001531727532006228 0.0001517647719879834 0.0001503696931101805 0.0001489873988851805 0.0001476177726967311 0.000146260698984812 0.0001449160632361689 0.0001435837519749377 0.0001422636527533451 0.0001409556541424938 0.000139659645723225 0.000138375518077072 0.0001371031627772792 0.0001358424723799101 0.0001345933404150324 0.0001333556613779789 0.0001321293307206879 0.0001309142448431127 0.0001297103010847172 0.0001285173977160475 0.0001273354339303569 0.0001261643098353393 0.0001250039264449025 0.0001238541856710383 0.0001227149903157506 0.000121586244063056 0.0001204678514710676 0.00011935971796413 0.0001182617498250391 0.0001171738541873234 0.0001160959390275983 0.0001150279131579797 
0.0006919090229869481 0.0006855936133003826 0.0006793354636418431 0.0006731340601199599 0.0006669888933831165 0.0006608994585803399 0.0006548652553225065 0.0006488857876438782 0.0006429605639639425 0.0006370890970495926 0.0006312709039775968 0.0006255055060973875 0.0006197924289941662 0.0006141312024523086 0.0006085213604190619 0.0006029624409685793 0.0005974539862662007 0.0005919955425330848 0.000586586660011091 0.0005812268929279894 0.000575915799462932 0.000570652941712235 0.0005654378856554224 0.0005602702011215795 0.0005551494617559656 0.0005500752449869275 0.000545047131993048 0.0005400647076706375 0.0005351275606014145 0.0005302352830205453 0.0005253874707848581 0.0005205837233414181 0.0005158236436962799 0.0005111068383835726 0.0005064329174347923 0.0005018014943483803 0.0004972121860595541 0.000492664612910386 0.0004881583986201355 0.0004836931702558207 0.0004792685582030766 0.0004748841961371956 0.0004705397209944671 0.0004662347729437363 0.0004619689953582037 0.0004577420347874692 0.00045355354092979 0.0004494031666046012 0.0004452905677252756 0.0004412154032720483 0.0004371773352652721 0.0004331760287388029 0.0004292111517136769 0.0004252823751719787 0.0004213893730309249 0.0004175318221172085 0.0004137094021415054 0.0004099217956732401 0.0004061686881155453 0.0004024497676804508 0.0003987647253642471 
0.002366140606573114 0.002344791103777257 0.002323631807070798 0.002302661054960998 0.002281877200018404 0.002261278608763924 0.002240863661556768 0.002220630752483197 0.00220057828924604 0.002180704693055119 0.002161008398518361 0.00214148785353377 0.002122141519182202 0.002102967869620906 0.002083965391977824 0.002065132586246752 0.002046467965183172 0.002027970054200929 0.002009637391269642 0.001991468526812892 0.001973462023607146 0.00195561645668144 0.001937930413217819 0.001920402492452504 0.001903031305577795 0.001885815475644771 0.001868753637466538 0.001851844437522496 0.001835086533862967 0.001818478596014907 0.001802019304887976 0.001785707352681637 0.001769541442792685 0.001753520289723653 0.001737642618991839 0.001721907167038996 0.001706312681141791 0.00169085791932285 0.001675541650262559 0.001660362653211436 0.001645319717903281 0.001630411644468941 0.001615637243350656 0.001600995335217213 0.001586484750879621 0.001572104331207499 0.001557852927046034 0.001543729399133644 0.001529732618020317 0.001515861463986358 0.001502114826962095 0.001488491606447865 0.00147499071143488 0.001461611060326562 0.001448351580860469 0.001435211210030972 0.001422188894012344 0.001409283588082592 0.001396494256547777 0.001383819872667043 0.001371259418578047 
0.007934013812360304 0.007863953159732796 0.00779449625139127 0.007725638085069344 0.007657373697255604 0.00758969816292967 0.007522606595299491 0.007456094145540157 0.007390156002533712 0.007324787392610467 0.007259983579291589 0.007195739863032887 0.00713205158097003 0.007068914106665009 0.007006322849853796 0.006944273256195576 0.006882760807022913 0.006821781019093554 0.0067613294443433 0.006701401669640317 0.006641993316540674 0.006583100041045173 0.006524717533357549 0.006466841517643853 0.006409467751793285 0.006352592027180227 0.006296210168427316 0.006240318033170576 0.006184911511824732 0.006129986527350993 0.006075539035024985 0.006021565022207038 0.005968060508112833 0.005915021543585977 0.00586244421087156 0.00581032462339096 0.005758658925518148 0.005707443292357089 0.00565667392952041 0.005606347072909349 0.005556458988495137 0.005507005972101421 0.005457984349187949 0.005409390474635753 0.005361220732533356 0.005313471535964362 0.005266139326796048 0.005219220575469557 0.005172711780791281 0.005126609469724931 0.005080910197185878 0.005035610545835577 0.004990707125878176 0.004946196574857773 0.004902075557456973 0.004858340765297034 0.004814988916738662 0.004772016756684536 0.004729421056382649 0.004687198613231233 0.004645346250584399 
0.02566496110595344 0.02544729803867326 0.02523139407587383 0.02501723613951411 0.02480481123384796 0.02459410644510661 0.02438510894117886 0.02417780597129056 0.0239721848656815 0.02376823303528139 0.02356593797138403 0.0233652872453203 0.02316626850812947 0.02296886949022949 0.0227730780010855 0.02257888192887803 0.02238626924016874 0.0221952279795662 0.02200574626938998 0.02181781230933378 0.02163141437612771 0.02144654082319958 0.02126318008033522 0.02108132065333792 0.02090095112368755 0.02072206014819815 0.02054463645867518 0.02036866886157271 0.02019414623764837 0.02002105754162011 0.01984939180181949 0.01967913811984761 0.01951028567022777 0.01934282370005956 0.01917674152867194 0.01901202854727555 0.01884867421861578 0.01868666807662442 0.01852599972607193 0.01836665884221876 0.01820863517046745 0.01805191852601384 0.01789649879349808 0.01774236592665644 0.01758950994797235 0.01743792094832785 0.0172875890866543 0.01713850458958415 0.01699065775110306 0.01684403893219971 0.01669863856051973 0.01655444713001582 0.01641145520060115 0.01626965339780108 0.01612903241240574 0.0159895830001237 0.01585129598123442 0.01571416224024245 0.01557817272553105 0.01544331844901731 0.01530959048580588 
0.07784346434803432 0.07723145484871066 0.07662379734103385 0.07602046664296196 0.07542143764493177 0.07482668531068039 0.07423618467804871 0.07364991085976721 0.07306783904422419 0.07248994449621683 0.07191620255768472 0.07134658864842655 0.07078107826679983 0.07021964699040451 0.06966227047674853 0.06910892446389963 0.06855958477111759 0.06801422729947383 0.06747282803245307 0.06693536303653981 0.0664018084617897 0.06587214054238545 0.06534633559717704 0.06482437003020743 0.06430622033122424 0.06379186307617518 0.06328127492768924 0.06277443263554605 0.0622713130371259 0.06177189305785335 0.06127614971161752 0.0607840601011894 0.06029560141861466 0.05981075094560268 0.05932948605389634 0.05885178420563034 0.0583776229536786 0.05790697994198615 0.05743983290589003 0.05697615967242679 0.05651593816062973 0.05605914638181166 0.05560576243983653 0.05515576453138017 0.05470913094617879 0.05426584006726585 0.05382587037119637 0.05338920042826226 0.05295580890269763 0.05252567455286612 0.05209877623144885 0.05167509288561008 0.05125460355716179 0.05083728738271202 0.05042312359380402 0.05001209151704922 0.04960417057424457 0.04919934028248423 0.04879758025425988 0.04839887019755334 0.04800318991591577 
0.2111959960900645 0.2097571726985873 0.2083260920571105 0.2069027365294169 0.2054870882142156 0.2040791289495352 0.202678840317093 0.201286203646638 0.1999012000202666 0.1985238102767125 0.1971540150156097 0.1957917946017285 0.1944371291691841 0.1930899986256187 0.1917503826563523 0.1904182607285139 0.1890936120951333 0.1877764157992147 0.1864666506777771 0.1851642953658663 0.1838693283005405 0.1825817277248253 0.1813014716916384 0.1800285380676891 0.1787629045373469 0.1775045486064785 0.1762534476062575 0.1750095786969465 0.1737729188716433 0.1725434449600086 0.171321133631946 0.1701059614012763 0.1688979046293562 0.1676969395286858 0.1665030421664797 0.1653161884682033 0.1641363542210885 0.1629635150776103 0.1617976465589397 0.1606387240583587 0.1594867228446557 0.1583416180654805 0.1572033847506744 0.156071997815566 0.1549474320642438 0.1538296621927912 0.1527186627924903 0.1516144083530025 0.1505168732655177 0.1494260318258587 0.1483418582375823 0.1472643266150215 0.1461934109863191 0.1451290852964187 0.1440713234100276 0.1430200991145569 0.1419753861230197 0.1409371580769093 0.1399053885490405 0.1388800510463698 0.1378611190127711 
0.4776413998677054 0.4751775149803145 0.4727193057964991 0.4702668340443071 0.4678201605987669 0.4653793454835338 0.4629444478726284 0.4605155260922649 0.4580926376227665 0.4556758391005699 0.4532651863203139 0.4508607342370118 0.4484625369683121 0.4460706477968349 0.4436851191725908 0.4413060027154867 0.4389333492178952 0.4365672086473172 0.4342076301491089 0.4318546620492884 0.4295083518574138 0.4271687462695363 0.4248358911712192 0.4225098316406297 0.4201906119517015 0.4178782755773581 0.4155728651928057 0.4132744226788929 0.4109829891255234 0.4086986048351545 0.4064213093263175 0.4041511413372456 0.4018881388295131 0.3996323389917684 0.3973837782435041 0.3951424922388813 0.3929085158706211 0.3906818832739329 0.3884626278305049 0.3862507821725336 0.3840463781868158 0.381849447018877 0.3796600190771524 0.3774781240372025 0.3753037908459937 0.3731370477262023 0.3709779221805614 0.3688264409962589 0.3666826302493779 0.3645465153093438 0.3624181208434613 0.3602974708214317 0.3581845885199496 0.3560794965273072 0.3539822167480337 0.3518927704075855 0.3498111780570398 0.3477374595778369 0.3456716341865426 0.3436137204396482 0.3415637362383734 
0.8240709025728757 0.8217407957268901 0.819401243380544 0.8170523866296922 0.8146943666389466 0.8123273246266647 0.8099514018500035 0.8075667395900574 0.8051734791370679 0.8027717617757172 0.8003617287705004 0.7979435213511856 0.7955172806983591 0.7930831479290568 0.7906412640824888 0.7881917701058561 0.7857348068402572 0.7832705150066989 0.780799035192198 0.7783205078359839 0.7758350732158076 0.7733428714343493 0.7708440424057311 0.7683387258421376 0.7658270612405514 0.7633091878695841 0.7607852447564316 0.758255370673938 0.7557197041277732 0.7531783833437318 0.7506315462551362 0.7480793304903843 0.745521873360582 0.7429593118473325 0.740391782590626 0.7378194218768578 0.7352423656269824 0.7326607493847792 0.7300747083052589 0.7274843771431833 0.724889890241737 0.7222913815213089 0.7196889844684201 0.7170828321247683 0.7144730570764329 0.7118597914431911 0.7092431668679681 0.7066233145064436 0.7040003650167915 0.7013744485495235 0.698745694737534 0.6961142326862177 0.6934801909637793 0.6908436975916549 0.6882048800350741 0.6855638651937899 0.6829207793929151 0.6802757483739278 0.6776288972858078 0.6749803506763282 0.6723302324834651 
0.9999996435176488 0.9999849275768705 0.9999486268148827 0.9998907439741258 0.9998112834272962 0.9997102511767137 0.9995876548534511 0.9994435037162283 0.9992778086500718 0.9990905821647368 0.9988818383928982 0.9986515930881019 0.9983998636224849 0.9981266689842638 0.9978320297749869 0.9975159682065537 0.9971785080980072 0.9968196748720903 0.996439495551575 0.9960379987553614 0.9956152146943482 0.9951711751670771 0.9947059135551478 0.9942194648184102 0.9937118654899334 0.9931831536707465 0.9926333690243642 0.9920625527710855 0.9914707476820767 0.9908579980732362 0.9902243497988411 0.9895698502449813 0.9888945483227731 0.9881984944613712 0.9874817406007629 0.9867443401843523 0.9859863481513437 0.985207820928913 0.9844088164241798 0.9835893940159735 0.9827496145464052 0.9818895403122334 0.9810092350560418 0.9801087639572152 0.9791881936227306 0.9782475920777522 0.9772870287560376 0.9763065744901652 0.9753063015015738 0.9742862833904123 0.9732465951252298 0.9721873130324669 0.9711085147857867 0.9700102793952325 0.9688926871961994 0.967755819838268 0.9665997602738415 0.9654245927466419 0.9642304027800379 0.9630172771652167 0.9617853039491966 
0.8249154748639311 0.8272324757968263 0.8295396981131963 0.8318370010595547 0.8341242440174933 0.8364012865190555 0.8386679882621595 0.8409242091260883 0.8431698091870249 0.8454046487336435 0.8476285882827465 0.8498414885949498 0.8520432106904123 0.8542336158646013 0.8564125657041047 0.8585799221024675 0.8607355472760768 0.8628793037800611 0.8650110545242262 0.8671306627890181 0.8692379922414974 0.8713329069513462 0.8734152714068817 0.8754849505310888 0.8775418096976585 0.8795857147470442 0.8816165320025104 0.8836341282861923 0.8856383709351546 0.8876291278174403 0.8896062673481233 0.891569658505337 0.8935191708463103 0.8954546745233678 0.8973760402999255 0.8992831395664622 0.9011758443564597 0.9030540273623255 0.9049175619512809 0.9067663221812131 0.9086001828164958 0.9104190193437639 0.912222707987655 0.9140111257264993 0.9157841503079546 0.9175416602646033 0.9192835349294888 0.9210096544515916 0.9227198998112375 0.9244141528354731 0.9260922962133227 0.9277542135110285 0.929399789187179 0.9310289086077803 0.9326414580612493 0.9342373247733065 0.9358163969218083 0.9373785636514728 0.9389237150885225 0.9404517423552222 0.9419625375843451 
0.4785383597268807 0.481009882301096 0.4834869312867059 0.4859694420756724 0.4884573492008422 0.4909505863348041 0.4934490862888516 0.4959527810120369 0.498461601590336 0.5009754782459048 0.5034943403364487 0.5060181163546896 0.508546733927942 0.5110801198177938 0.5136181999198992 0.5161608992638722 0.5187081420133024 0.5212598514658705 0.5238159500535826 0.5263763593431178 0.5289410000362872 0.5315097919706109 0.5340826541200133 0.5366595045956347 0.5392402606467542 0.5418248386618479 0.5444131541697574 0.5470051218409779 0.5496006554890805 0.5521996680722433 0.5548020716949246 0.5574077776096384 0.5600166962188876 0.562628737077195 0.5652438088932772 0.5678618195323509 0.5704826760185588 0.5731062845375315 0.575732550439084 0.5783613782400449 0.580992671627205 0.5836263334604229 0.5862622657758452 0.5889003697892783 0.5915405458996785 0.594182693692793 0.5968267119449402 0.5994724986269195 0.6021199509080475 0.6047689651603805 0.6074194369630094 0.6100712611065582 0.6127243315977778 0.6153785416643062 0.6180337837595722 0.620689949567812 0.6233469300092713 0.6260046152455153 0.6286628946849016 0.6313216569881785 0.6339807900742624 
0.2117208974079453 0.2131703057906147 0.2146274975268692 0.2160924893287718 0.2175652976238398 0.2190459385505164 0.220534427953619 0.2220307813797607 0.2235350140727542 0.2250471409689862 0.226567176692773 0.2280951355516939 0.2296310315318995 0.2311748782934017 0.2327266891653417 0.2342864771412332 0.2358542548741935 0.2374300346721443 0.2390138284930017 0.2406056479398418 0.2422055042560483 0.2438134083204433 0.2454293706423991 0.247053401356934 0.2486855102197854 0.2503257066024761 0.2519739994873572 0.2536303974626367 0.2552949087173961 0.256967541036589 0.2586483017960277 0.2603371979573543 0.2620342360630063 0.2637394222311575 0.2654527621506567 0.2671742610759557 0.2689039238220178 0.2706417547592267 0.2723877578082791 0.2741419364350746 0.27590429364559 0.2776748319807517 0.2794535535113011 0.2812404598326549 0.2830355520597512 0.2848388308219009 0.2866502962576368 0.2884699480095504 0.2902977852191215 0.2921338065215769 0.2939780100406978 0.2958303933836786 0.2976909536359457 0.299559687356001 0.3014365905702652 0.3033216587679048 0.3052148868956922 0.3071162693528447 0.3090257999858845 0.31094347208349 0.3128692783713765 
0.07806699909599293 0.07868498314051479 0.07930737897705657 0.07993421202517415 0.08056550777310337 0.08120129177684006 0.08184158965920048 0.08248642710886173 0.083135829879385 0.08378982378821692 0.08444843471567205 0.08511168860389615 0.08577961145580808 0.08645222933402223 0.08712956835975103 0.08781165471168453 0.08849851462485285 0.08919017438946372 0.08988666034972194 0.09058799890262587 0.09129421649674239 0.09200533963096144 0.09272139485322711 0.09344240875924859 0.09416840799118557 0.09489941923631565 0.09563546922567608 0.09637658473268389 0.09712279257173226 0.09787411959676494 0.09863059269982714 0.09939223880959147 0.1001590848898643 0.1009311579380626 0.101708484983671 0.1024910930866751 0.1032790093359668 0.1040722608477284 0.104870874763791 0.1056748782499698 0.1064842984943702 0.1072991627056736 0.1081194981113951 0.1089453319561182 0.1097766914996993 0.1106136040154515 0.1114560967883019 0.1123041971129205 0.1131579322918201 0.1140173296334432 0.1148824164502015 0.1157532200565104 0.1166297677667792 0.1175120868933851 0.1184002047446191 0.1192941486225968 0.120193945821153 0.1210996236237005 0.1220112093010658 0.122928730109292 0.1238522132874233 
SCALARS metal_fraction double 1
LOOKUP_TABLE default
1 1 1 1 1 1 1 1 1 1 1 1 1 1 1 1 1 1 1 1 1 1 1 1 1 1 1 1 1 1 1 1 1 1 1 1 1 1 1 1 1 1 1 1 1 1 1 1 1 1 1 1 1 1 1 1 1 1 1 1 1 
1 1 1 1 1 1 1 1 1 1 1 1 1 1 1 1 1 1 1 1 1 1 1 1 1 1 1 1 1 1 1 1 1 1 1 1 1 1 1 1 1 1 1 1 1 1 1 1 1 1 1 1 1 1 1 1 1 1 1 1 1 
1 1 1 1 1 1 1 1 1 1 1 1 1 1 1 1 1 1 1 1 1 1 1 1 1 1 1 1 1 1 1 1 1 1 1 1 1 1 1 1 1 1 1 1 1 1 1 1 1 1 1 1 1 1 1 1 1 1 1 1 1 
1 1 1 1 1 1 1 1 1 1 1 1 1 1 1 1 1 1 1 1 1 1 1 1 1 1 1 1 1 1 1 1 1 1 1 1 1 1 1 1 1 1 1 1 1 1 1 1 1 1 1 1 1 1 1 1 1 1 1 1 1 
1 1 1 1 1 1 1 1 1 1 1 1 1 1 1 1 1 1 1 1 1 1 1 1 1 1 1 1 1 1 1 1 1 1 1 1 1 1 1 1 1 1 1 1 1 1 1 1 1 1 1 1 1 1 1 1 1 1 1 1 1 
1 1 1 1 1 1 1 1 1 1 1 1 1 1 1 1 1 1 1 1 1 1 1 1 1 1 1 1 1 1 1 1 1 1 1 1 1 1 1 1 1 1 1 1 1 1 1 1 1 1 1 1 1 1 1 1 1 1 1 1 1 
1 1 1 1 1 1 1 1 1 1 1 1 1 1 1 1 1 1 1 1 1 1 1 1 1 1 1 1 1 1 1 1 1 1 1 1 1 1 1 1 1 1 1 1 1 1 1 1 1 1 1 1 1 1 1 1 1 1 1 1 1 
1 1 1 1 1 1 1 1 1 1 1 1 1 1 1 1 1 1 1 1 1 1 1 1 1 1 1 1 1 1 1 1 1 1 1 1 1 1 1 1 1 1 1 1 1 1 1 1 1 1 1 1 1 1 1 1 1 1 1 1 1 
1 1 1 1 1 1 1 1 1 1 1 1 1 1 1 1 1 1 1 1 1 1 1 1 1 1 1 1 1 1 1 1 1 1 1 1 1 1 1 1 1 1 1 1 1 1 1 1 1 1 1 1 1 1 1 1 1 1 1 1 1 
1 1 1 1 1 1 1 1 1 1 1 1 1 1 1 1 1 1 1 1 1 1 1 1 1 1 1 1 1 1 1 1 1 1 1 1 1 1 1 1 1 1 1 1 1 1 1 1 1 1 1 1 1 1 1 1 1 1 1 1 1 
1 1 1 1 1 1 1 1 1 1 1 1 1 1 1 1 1 1 1 1 1 1 1 1 1 1 1 1 1 1 1 1 1 1 1 1 1 1 1 1 1 1 1 1 1 1 1 1 1 1 1 1 1 1 1 1 1 1 1 1 1 
1 1 1 1 1 1 1 1 1 1 1 1 1 1 1 1 1 1 1 1 1 1 1 1 1 1 1 1 1 1 1 1 1 1 1 1 1 1 1 1 1 1 1 1 1 1 1 1 1 1 1 1 1 1 1 1 1 1 1 1 1 
1 1 1 1 1 1 1 1 1 1 1 1 1 1 1 1 1 1 1 1 1 1 1 1 1 1 1 1 1 1 1 1 1 1 1 1 1 1 1 1 1 1 1 1 1 1 1 1 1 1 1 1 1 1 1 1 1 1 1 1 1 
1 1 1 1 1 1 1 1 1 1 1 1 1 1 1 1 1 1 1 1 1 1 1 1 1 1 1 1 1 1 1 1 1 1 1 1 1 1 1 1 1 1 1 1 1 1 1 1 1 1 1 1 1 1 1 1 1 1 1 1 1 
1 1 1 1 1 1 1 1 1 1 1 1 1 1 1 1 1 1 1 1 1 1 1 1 1 1 1 1 1 1 1 1 1 1 1 1 1 1 1 1 1 1 1 1 1 1 1 1 1 1 1 1 1 1 1 1 1 1 1 1 1 
1 1 1 1 1 1 1 1 1 1 1 1 1 1 1 1 1 1 1 1 1 1 1 1 1 1 1 1 1 1 1 1 1 1 1 1 1 1 1 1 1 1 1 1 1 1 1 1 1 1 1 1 1 1 1 1 1 1 1 1 1 
1 1 1 1 1 1 1 1 1 1 1 1 1 1 1 1 1 1 1 1 1 1 1 1 1 1 1 1 1 1 1 1 1 1 1 1 1 1 1 1 1 1 1 1 1 1 1 1 1 1 1 1 1 1 1 1 1 1 1 1 1 
1 1 1 1 1 1 1 1 1 1 1 1 1 1 1 1 1 1 1 1 1 1 1 1 1 1 1 1 1 1 1 1 1 1 1 1 1 1 1 1 1 1 1 1 1 1 1 1 1 1 1 1 1 1 1 1 1 1 1 1 1 
1 1 1 1 1 1 1 1 1 1 1 1 1 1 1 1 1 1 1 1 1 1 1 1 1 1 1 1 1 1 1 1 1 1 1 1 1 1 1 1 1 1 1 1 1 1 1 1 1 1 1 1 1 1 1 1 1 1 1 1 1 
1 1 1 1 1 1 1 1 1 1 1 1 1 1 1 1 1 1 1 1 1 1 1 1 1 1 1 1 1 1 1 1 1 1 1 1 1 1 1 1 1 1 1 1 1 1 1 1 1 1 1 1 1 1 1 1 1 1 1 1 1 
1 1 1 1 1 1 1 1 1 1 1 1 1 1 1 1 1 1 1 1 1 1 1 1 1 1 1 1 1 1 1 1 1 1 1 1 1 1 1 1 1 1 1 1 1 1 1 1 1 1 1 1 1 1 1 1 1 1 1 1 1 
1 1 1 1 1 1 1 1 1 1 1 1 1 1 1 1 1 1 1 1 1 1 1 1 1 1 1 1 1 1 1 1 1 1 1 1 1 1 1 1 1 1 1 1 1 1 1 1 1 1 1 1 1 1 1 1 1 1 1 1 1 
1 1 1 1 1 1 1 1 1 1 1 1 1 1 1 1 1 1 1 1 1 1 1 1 1 1 1 1 1 1 1 1 1 1 1 1 1 1 1 1 1 1 1 1 1 1 1 1 1 1 1 1 1 1 1 1 1 1 1 1 1 
1 1 1 1 1 1 1 1 1 1 1 1 1 1 1 1 1 1 1 1 1 1 1 1 1 1 1 1 1 1 1 1 1 1 1 1 1 1 1 1 1 1 1 1 1 1 1 1 1 1 1 1 1 1 1 1 1 1 1 1 1 
1 1 1 1 1 1 1 1 1 1 1 1 1 1 1 1 1 1 1 1 1 1 1 1 1 1 1 1 1 1 1 1 1 1 1 1 1 1 1 1 1 1 1 1 1 1 1 1 1 1 1 1 1 1 1 1 1 1 1 1 1 
1 1 1 1 1 1 1 1 1 1 1 1 1 1 1 1 1 1 1 1 1 1 1 1 1 1 1 1 0 0 0 0 0 1 1 1 1 1 1 1 1 1 1 1 1 1 1 1 1 1 1 1 1 1 1 1 1 1 1 1 1 
1 1 1 1 1 1 1 1 1 1 1 1 1 1 1 1 1 1 1 1 1 1 1 1 1 1 1 0 0 0 0 0 0 0 1 1 1 1 1 1 1 1 1 1 1 1 1 1 1 1 1 1 1 1 1 1 1 1 1 1 1 
1 1 1 1 1 1 1 1 1 1 1 1 1 1 1 1 1 1 1 1 1 1 1 1 1 1 0 0 0 0 0 0 0 0 0 1 1 1 1 1 1 1 1 1 1 1 1 1 1 1 1 1 1 1 1 1 1 1 1 1 1 
1 1 1 1 1 1 1 1 1 1 1 1 1 1 1 1 1 1 1 1 1 1 1 1 1 0 0 0 0 0 0 0 0 0 0 0 1 1 1 1 1 1 1 1 1 1 1 1 1 1 1 1 1 1 1 1 1 1 1 1 1 
1 1 1 1 1 1 1 1 1 1 1 1 1 1 1 1 1 1 1 1 1 1 1 1 1 0 0 0 0 0 0 0 0 0 0 0 1 1 1 1 1 1 1 1 1 1 1 1 1 1 1 1 1 1 1 1 1 1 1 1 1 
1 1 1 1 1 1 1 1 1 1 1 1 1 1 1 1 1 1 1 1 1 1 1 1 1 0 0 0 0 0 0 0 0 0 0 0 1 1 1 1 1 1 1 1 1 1 1 1 1 1 1 1 1 1 1 1 1 1 1 1 1 
1 1 1 1 1 1 1 1 1 1 1 1 1 1 1 1 1 1 1 1 1 1 1 1 1 0 0 0 0 0 0 0 0 0 0 0 1 1 1 1 1 1 1 1 1 1 1 1 1 1 1 1 1 1 1 1 1 1 1 1 1 
1 1 1 1 1 1 1 1 1 1 1 1 1 1 1 1 1 1 1 1 1 1 1 1 1 0 0 0 0 0 0 0 0 0 0 0 1 1 1 1 1 1 1 1 1 1 1 1 1 1 1 1 1 1 1 1 1 1 1 1 1 
1 1 1 1 1 1 1 1 1 1 1 1 1 1 1 1 1 1 1 1 1 1 1 1 1 1 0 0 0 0 0 0 0 0 0 1 1 1 1 1 1 1 1 1 1 1 1 1 1 1 1 1 1 1 1 1 1 1 1 1 1 
1 1 1 1 1 1 1 1 1 1 1 1 1 1 1 1 1 1 1 1 1 1 1 1 1 1 1 0 0 0 0 0 0 0 1 1 1 1 1 1 1 1 1 1 1 1 1 1 1 1 1 1 1 1 1 1 1 1 1 1 1 
1 1 1 1 1 1 1 1 1 1 1 1 1 1 1 1 1 1 1 1 1 1 1 1 1 1 1 1 0 0 0 0 0 1 1 1 1 1 1 1 1 1 1 1 1 1 1 1 1 1 1 1 1 1 1 1 1 1 1 1 1 
1 1 1 1 1 1 1 1 1 1 1 1 1 1 1 1 1 1 1 1 1 1 1 1 1 1 1 1 1 1 1 1 1 1 1 1 1 1 1 1 1 1 1 1 1 1 1 1 1 1 1 1 1 1 1 1 1 1 1 1 1 
1 1 1 1 1 1 1 1 1 1 1 1 1 1 1 1 1 1 1 1 1 1 1 1 1 1 1 1 1 1 1 1 1 1 1 1 1 1 1 1 1 1 1 1 1 1 1 1 1 1 1 1 1 1 1 1 1 1 1 1 1 
1 1 1 1 1 1 1 1 1 1 1 1 1 1 1 1 1 1 1 1 1 1 1 1 1 1 1 1 1 1 1 1 1 1 1 1 1 1 1 1 1 1 1 1 1 1 1 1 1 1 1 1 1 1 1 1 1 1 1 1 1 
1 1 1 1 1 1 1 1 1 1 1 1 1 1 1 1 1 1 1 1 1 1 1 1 1 1 1 1 1 1 1 1 1 1 1 1 1 1 1 1 1 1 1 1 1 1 1 1 1 1 1 1 1 1 1 1 1 1 1 1 1 
1 1 1 1 1 1 1 1 1 1 1 1 1 1 1 1 1 1 1 1 1 1 1 1 1 1 1 1 1 1 1 1 1 1 1 1 1 1 1 1 1 1 1 1 1 1 1 1 1 1 1 1 1 1 1 1 1 1 1 1 1 
1 1 1 1 1 1 1 1 1 1 1 1 1 1 1 1 1 1 1 1 1 1 1 1 1 1 1 1 1 1 1 1 1 1 1 1 1 1 1 1 1 1 1 1 1 1 1 1 1 1 1 1 1 1 1 1 1 1 1 1 1 
1 1 1 1 1 1 1 1 1 1 1 1 1 1 1 1 1 1 1 1 1 1 1 1 1 1 1 1 1 1 1 1 1 1 1 1 1 1 1 1 1 1 1 1 1 1 1 1 1 1 1 1 1 1 1 1 1 1 1 1 1 
1 1 1 1 1 1 1 1 1 1 1 1 1 1 1 1 1 1 1 1 1 1 1 1 1 1 1 1 1 1 1 1 1 1 1 1 1 1 1 1 1 1 1 1 1 1 1 1 1 1 1 1 1 1 1 1 1 1 1 1 1 
1 1 1 1 1 1 1 1 1 1 1 1 1 1 1 1 1 1 1 1 1 1 1 1 1 1 1 1 1 1 1 1 1 1 1 1 1 1 1 1 1 1 1 1 1 1 1 1 1 1 1 1 1 1 1 1 1 1 1 1 1 
1 1 1 1 1 1 1 1 1 1 1 1 1 1 1 1 1 1 1 1 1 1 1 1 1 1 1 1 1 1 1 1 1 1 1 1 1 1 1 1 1 1 1 1 1 1 1 1 1 1 1 1 1 1 1 1 1 1 1 1 1 
1 1 1 1 1 1 1 1 1 1 1 1 1 1 1 1 1 1 1 1 1 1 1 1 1 1 1 1 1 1 1 1 1 1 1 1 1 1 1 1 1 1 1 1 1 1 1 1 1 1 1 1 1 1 1 1 1 1 1 1 1 
1 1 1 1 1 1 1 1 1 1 1 1 1 1 1 1 1 1 1 1 1 1 1 1 1 1 1 1 1 1 1 1 1 1 1 1 1 1 1 1 1 1 1 1 1 1 1 1 1 1 1 1 1 1 1 1 1 1 1 1 1 
1 1 1 1 1 1 1 1 1 1 1 1 1 1 1 1 1 1 1 1 1 1 1 1 1 1 1 1 1 1 1 1 1 1 1 1 1 1 1 1 1 1 1 1 1 1 1 1 1 1 1 1 1 1 1 1 1 1 1 1 1 
1 1 1 1 1 1 1 1 1 1 1 1 1 1 1 1 1 1 1 1 1 1 1 1 1 1 1 1 1 1 1 1 1 1 1 1 1 1 1 1 1 1 1 1 1 1 1 1 1 1 1 1 1 1 1 1 1 1 1 1 1 
1 1 1 1 1 1 1 1 1 1 1 1 1 1 1 1 1 1 1 1 1 1 1 1 1 1 1 1 1 1 1 1 1 1 1 1 1 1 1 1 1 1 1 1 1 1 1 1 1 1 1 1 1 1 1 1 1 1 1 1 1 
1 1 1 1 1 1 1 1 1 1 1 1 1 1 1 1 1 1 1 1 1 1 1 1 1 1 1 1 1 1 1 1 1 1 1 1 1 1 1 1 1 1 1 1 1 1 1 1 1 1 1 1 1 1 1 1 1 1 1 1 1 
1 1 1 1 1 1 1 1 1 1 1 1 1 1 1 1 1 1 1 1 1 1 1 1 1 1 1 1 1 1 1 1 1 1 1 1 1 1 1 1 1 1 1 1 1 1 1 1 1 1 1 1 1 1 1 1 1 1 1 1 1 
1 1 1 1 1 1 1 1 1 1 1 1 1 1 1 1 1 1 1 1 1 1 1 1 1 1 1 1 1 1 1 1 1 1 1 1 1 1 1 1 1 1 1 1 1 1 1 1 1 1 1 1 1 1 1 1 1 1 1 1 1 
1 1 1 1 1 1 1 1 1 1 1 1 1 1 1 1 1 1 1 1 1 1 1 1 1 1 1 1 1 1 1 1 1 1 1 1 1 1 1 1 1 1 1 1 1 1 1 1 1 1 1 1 1 1 1 1 1 1 1 1 1 
1 1 1 1 1 1 1 1 1 1 1 1 1 1 1 1 1 1 1 1 1 1 1 1 1 1 1 1 1 1 1 1 1 1 1 1 1 1 1 1 1 1 1 1 1 1 1 1 1 1 1 1 1 1 1 1 1 1 1 1 1 
1 1 1 1 1 1 1 1 1 1 1 1 1 1 1 1 1 1 1 1 1 1 1 1 1 1 1 1 1 1 1 1 1 1 1 1 1 1 1 1 1 1 1 1 1 1 1 1 1 1 1 1 1 1 1 1 1 1 1 1 1 
1 1 1 1 1 1 1 1 1 1 1 1 1 1 1 1 1 1 1 1 1 1 1 1 1 1 1 1 1 1 1 1 1 1 1 1 1 1 1 1 1 1 1 1 1 1 1 1 1 1 1 1 1 1 1 1 1 1 1 1 1 
1 1 1 1 1 1 1 1 1 1 1 1 1 1 1 1 1 1 1 1 1 1 1 1 1 1 1 1 1 1 1 1 1 1 1 1 1 1 1 1 1 1 1 1 1 1 1 1 1 1 1 1 1 1 1 1 1 1 1 1 1 
1 1 1 1 1 1 1 1 1 1 1 1 1 1 1 1 1 1 1 1 1 1 1 1 1 1 1 1 1 1 1 1 1 1 1 1 1 1 1 1 1 1 1 1 1 1 1 1 1 1 1 1 1 1 1 1 1 1 1 1 1 
1 1 1 1 1 1 1 1 1 1 1 1 1 1 1 1 1 1 1 1 1 1 1 1 1 1 1 1 1 1 1 1 1 1 1 1 1 1 1 1 1 1 1 1 1 1 1 1 1 1 1 1 1 1 1 1 1 1 1 1 1 
SCALARS eta_sum_sq double 1
LOOKUP_TABLE default
0.9197745129281325 0.9194323298538061 0.9190888279937977 0.9187440035252852 0.9183978526260985 0.9180503714748529 0.9177015562510868 0.9173514031354004 0.9169999083095925 0.916647067956803 0.9162928782616546 0.9159373354103961 0.9155804355910466 0.9152221749935441 0.9148625498098903 0.9145015562343026 0.9141391904633616 0.9137754486961669 0.9134103271344876 0.9130438219829189 0.912675929449039 0.9123066457435662 0.9119359670805183 0.9115638896773751 0.911190409755239 0.9108155235390014 0.9104392272575059 0.9100615171437174 0.9096823894348904 0.9093018403727389 0.9089198662036075 0.9085364631786468 0.9081516275539867 0.907765355590914 0.9073776435560497 0.9069884877215288 0.9065978843651838 0.9062058297707245 0.9058123202279236 0.9054173520328053 0.9050209214878302 0.9046230249020855 0.904223658591478 0.9038228188789238 0.9034205020945458 0.9030167045758691 0.9026114226680169 0.9022046527239116 0.9017963911044777 0.9013866341788395 0.9009753783245333 0.9005626199277061 0.9001483553833287 0.8997325810954049 0.8993152934771793 0.8988964889513555 0.8984761639503083 0.8980543149162999 0.8976309383017005 0.8972060305692082 0.8967795881920684 
0.9553916211882421 0.9551934105975586 0.9549943628175772 0.9547944747093141 0.9545937431256966 0.9543921649115803 0.9541897369037655 0.9539864559310134 0.9537823188140628 0.9535773223656496 0.9533714633905228 0.9531647386854651 0.9529571450393122 0.9527486792329709 0.9525393380394411 0.9523291182238356 0.9521180165434027 0.9519060297475459 0.9516931545778484 0.9514793877680954 0.951264726044297 0.9510491661247131 0.9508327047198777 0.9506153385326239 0.9503970642581094 0.9501778785838437 0.9499577781897142 0.9497367597480135 0.9495148199234693 0.9492919553732697 0.9490681627470956 0.9488434386871494 0.9486177798281845 0.9483911827975384 0.9481636442151629 0.947935160693655 0.9477057288382955 0.9474753452470752 0.947244006510735 0.9470117092127972 0.9467784499296028 0.9465442252303475 0.9463090316771186 0.9460728658249314 0.9458357242217696 0.9455976034086222 0.9453584999195239 0.9451184102815957 0.944877331015086 0.9446352586334104 0.9443921896431982 0.9441481205443305 0.9439030478299884 0.9436569679866957 0.9434098774943636 0.943161772826338 0.9429126504494461 0.9426625068240444 0.9424113384040658 0.9421591416370706 0.9419059129642935 
0.9756384107656042 0.9755277725406675 0.9754166448383501 0.9753050256128633 0.9751929128109798 0.9750803043720166 0.9749671982278201 0.9748535923027495 0.9747394845136588 0.9746248727698834 0.9745097549732233 0.9743941290179257 0.9742779927906706 0.9741613441705552 0.9740441810290765 0.9739265012301193 0.9738083026299356 0.9736895830771335 0.973570340412661 0.9734505724697893 0.9733302770740981 0.9732094520434633 0.9730880951880376 0.9729662043102396 0.9728437772047376 0.9727208116584343 0.972597305450454 0.9724732563521274 0.9723486621269768 0.9722235205307028 0.9720978293111711 0.971971586208396 0.9718447889545294 0.9717174352738465 0.9715895228827311 0.9714610494896636 0.9713320127952063 0.9712024104919927 0.9710722402647125 0.9709414997900991 0.9708101867369172 0.9706782987659506 0.9705458335299895 0.9704127886738175 0.9702791618342019 0.9701449506398776 0.9700101527115399 0.9698747656618296 0.9697387870953236 0.9696022146085199 0.9694650457898333 0.9693272782195774 0.9691889094699566 0.9690499371050569 0.9689103586808325 0.9687701717450981 0.9686293738375165 0.9684879624895899 0.9683459352246506 0.9682032895578505 0.9680600229961507 
0.9868259837234383 0.9867654511019464 0.9867046441404257 0.9866435616307587 0.9865822023598343 0.9865205651095319 0.9864586486567035 0.9863964517731556 0.9863339732256324 0.9862712117757972 0.9862081661802153 0.9861448351903359 0.9860812175524749 0.986017312007796 0.9859531172922955 0.985888632136781 0.9858238552668552 0.9857587854028993 0.9856934212600519 0.9856277615481948 0.9855618049719317 0.9854955502305729 0.9854289960181146 0.9853621410232234 0.9852949839292173 0.9852275234140462 0.9851597581502758 0.9850916868050683 0.9850233080401649 0.9849546205118671 0.9848856228710183 0.9848163137629862 0.9847466918276446 0.9846767556993543 0.9846065040069452 0.9845359353736978 0.9844650484173256 0.984393841749956 0.9843223139781123 0.9842504637026939 0.9841782895189612 0.9841057900165142 0.9840329637792735 0.9839598093854651 0.9838863254075982 0.9838125104124509 0.9837383629610474 0.9836638816086418 0.983589064904699 0.9835139113928766 0.9834384196110066 0.9833625880910737 0.9832864153592022 0.9832098999356329 0.9831330403347049 0.9830558350648406 0.982978282628522 0.9829003815222754 0.9828221302366522 0.9827435272562086 0.9826645710594906 
0.9929137657311105 0.9928810016574159 0.9928480871940519 0.9928150216609417 0.9927818043750276 0.9927484346502593 0.9927149117975822 0.9926812351249261 0.9926474039371898 0.9926134175362324 0.9925792752208582 0.9925449762868059 0.9925105200267357 0.9924759057302159 0.992441132683713 0.9924062001705749 0.9923711074710224 0.9923358538621341 0.9923004386178353 0.9922648610088827 0.9922291203028548 0.9921932157641367 0.9921571466539085 0.9921209122301322 0.9920845117475381 0.9920479444576116 0.9920112096085825 0.9919743064454081 0.9919372342097645 0.9918999921400287 0.9918625794712701 0.9918249954352332 0.9917872392603262 0.9917493101716095 0.9917112073907781 0.9916729301361511 0.9916344776226582 0.9915958490618249 0.9915570436617598 0.991518060627141 0.991478899159203 0.9914395584557214 0.9914000377109997 0.9913603361158574 0.9913204528576141 0.9912803871200759 0.9912401380835227 0.9911997049246937 0.9911590868167723 0.9911182829293741 0.9910772924285312 0.9910361144766791 0.9909947482326413 0.9909531928516178 0.9909114474851672 0.9908695112811965 0.9908273833839416 0.9907850629339592 0.9907425490681068 0.990699840919532 0.9906569376176562 
0.9961992729835498 0.996181641114404 0.9961639277658245 0.9961461325642296 0.9961282551343504 0.9961102950992271 0.9960922520801991 0.9960741256968979 0.996055915567241 0.9960376213074222 0.9960192425319063 0.9960007788534211 0.9959822298829475 0.9959635952297157 0.9959448745011947 0.9959260673030865 0.9959071732393163 0.9958881919120277 0.9958691229215717 0.9958499658665012 0.9958307203435632 0.9958113859476898 0.99579196227199 0.995772448907744 0.9957528454443942 0.9957331514695347 0.9957133665689082 0.9956934903263936 0.9956735223240019 0.9956534621418622 0.9956333093582215 0.9956130635494296 0.9955927242899347 0.9955722911522744 0.9955517637070663 0.9955311415230021 0.995510424166836 0.9954896112033804 0.9954687021954938 0.995447696704074 0.9954265942880505 0.9954053945043746 0.9953840969080108 0.9953627010519304 0.9953412064870999 0.9953196127624753 0.9952979194249902 0.9952761260195506 0.995254232089025 0.995232237174233 0.9952101408139409 0.99518794254485 0.995165641901588 0.9951432384167023 0.9951207316206476 0.9950981210417795 0.9950754062063452 0.9950525866384736 0.9950296618601675 0.9950066313912929 0.9949834947495708 
0.9979646024047935 0.997955143176795 0.997945640079027 0.9979360929088767 0.9979265014628045 0.9979168655363377 0.9979071849240677 0.9978974594196452 0.9978876888157766 0.9978778729042195 0.9978680114757776 0.9978581043202976 0.9978481512266644 0.9978381519827968 0.9978281063756429 0.9978180141911765 0.9978078752143913 0.9977976892292981 0.9977874560189202 0.9977771753652867 0.9977668470494321 0.9977564708513877 0.9977460465501797 0.9977355739238241 0.9977250527493213 0.9977144828026527 0.9977038638587761 0.99769319569162 0.9976824780740798 0.9976717107780126 0.9976608935742346 0.9976500262325132 0.9976391085215643 0.9976281402090474 0.997617121061561 0.9976060508446369 0.9975949293227366 0.9975837562592458 0.9975725314164696 0.9975612545556283 0.9975499254368514 0.9975385438191733 0.9975271094605296 0.9975156221177504 0.9975040815465563 0.9974924875015527 0.9974808397362256 0.9974691380029364 0.9974573820529171 0.9974455716362642 0.9974337065019354 0.9974217863977421 0.9974098110703469 0.9973977802652572 0.9973856937268202 0.9973735511982158 0.997361352421456 0.9973490971373753 0.9973367850856274 0.9973244160046801 0.9973119896318086 
0.9989108850447332 0.9989058187047541 0.9989007288231622 0.9988956152908088 0.9988904779980428 0.9988853168347054 0.9988801316901321 0.9988749224531444 0.9988696890120532 0.9988644312546531 0.9988591490682204 0.9988538423395124 0.9988485109547631 0.9988431547996814 0.99883777375945 0.9988323677187207 0.998826936561614 0.9988214801717146 0.9988159984320719 0.9988104912251949 0.9988049584330507 0.9987993999370621 0.9987938156181044 0.9987882053565051 0.9987825690320382 0.998776906523924 0.9987712177108257 0.9987655024708477 0.9987597606815308 0.9987539922198529 0.9987481969622238 0.9987423747844835 0.9987365255619001 0.9987306491691659 0.9987247454803969 0.9987188143691275 0.9987128557083103 0.9987068693703118 0.9987008552269103 0.9986948131492932 0.9986887430080549 0.9986826446731918 0.9986765180141042 0.9986703628995881 0.9986641791978357 0.9986579667764319 0.9986517255023533 0.9986454552419608 0.9986391558610022 0.998632827224605 0.9986264691972773 0.9986200816429023 0.9986136644247356 0.9986072174054041 0.9986007404469019 0.9985942334105882 0.9985876961571827 0.9985811285467641 0.9985745304387676 0.9985679016919811 0.9985612421645422 
0.9994174857615166 0.9994147746426338 0.9994120509131772 0.9994093145145579 0.9994065653879176 0.9994038034741231 0.9994010287137693 0.9993982410471738 0.9993954404143786 0.9993926267551474 0.9993898000089652 0.9993869601150367 0.9993841070122842 0.999381240639347 0.9993783609345814 0.9993754678360554 0.9993725612815532 0.9993696412085686 0.9993667075543058 0.9993637602556797 0.999360799249311 0.9993578244715278 0.999354835858363 0.9993518333455533 0.9993488168685374 0.9993457863624551 0.9993427417621459 0.9993396830021462 0.9993366100166916 0.9993335227397107 0.9993304211048271 0.9993273050453573 0.9993241744943087 0.9993210293843766 0.9993178696479479 0.9993146952170937 0.9993115060235722 0.9993083019988243 0.9993050830739731 0.9993018491798247 0.9992986002468631 0.9992953362052508 0.9992920569848267 0.9992887625151059 0.9992854527252759 0.9992821275441963 0.9992787869003981 0.9992754307220812 0.9992720589371125 0.9992686714730257 0.9992652682570184 0.999261849215952 0.9992584142763479 0.9992549633643888 0.9992514964059152 0.9992480133264232 0.9992445140510664 0.9992409985046491 0.9992374666116304 0.9992339182961176 0.9992303534818676 
0.9996885151957426 0.9996870650981167 0.999685608251778 0.9996841446253375 0.9996826741872609 0.9996811969058674 0.9996797127493295 0.999678221685671 0.9996767236827673 0.9996752187083462 0.9996737067299823 0.9996721877151034 0.9996706616309832 0.9996691284447443 0.9996675881233574 0.9996660406336382 0.9996644859422499 0.9996629240157 0.9996613548203404 0.9996597783223666 0.999658194487818 0.9996566032825756 0.9996550046723613 0.9996533986227396 0.9996517850991136 0.9996501640667257 0.9996485354906581 0.9996468993358296 0.999645255566997 0.9996436041487524 0.9996419450455249 0.9996402782215768 0.9996386036410061 0.999636921267743 0.9996352310655496 0.9996335329980222 0.9996318270285858 0.9996301131204963 0.999628391236838 0.9996266613405265 0.999624923394302 0.999623177360734 0.9996214232022178 0.9996196608809724 0.9996178903590442 0.9996161115983002 0.9996143245604334 0.9996125292069575 0.9996107254992073 0.9996089133983384 0.9996070928653262 0.9996052638609647 0.9996034263458664 0.9996015802804608 0.9995997256249929 0.9995978623395239 0.99959599038393 0.9995941097179004 0.9995922203009369 0.9995903220923548 0.9995884150512784 
0.9998334623736302 0.9998326869553764 0.999831907927293 0.9998311252725816 0.9998303389743644 0.9998295490156854 0.99982875537951 0.9998279580487244 0.9998271570061346 0.9998263522344673 0.9998255437163688 0.9998247314344044 0.9998239153710584 0.9998230955087337 0.9998222718297514 0.9998214443163507 0.9998206129506872 0.999819777714835 0.9998189385907841 0.9998180955604397 0.9998172486056243 0.9998163977080756 0.9998155428494464 0.9998146840113034 0.9998138211751284 0.9998129543223173 0.9998120834341782 0.9998112084919339 0.9998103294767189 0.9998094463695799 0.9998085591514763 0.9998076678032777 0.999806772305766 0.9998058726396337 0.999804968785482 0.9998040607238237 0.9998031484350802 0.9998022318995814 0.9998013110975668 0.9998003860091833 0.9997994566144857 0.9997985228934358 0.9997975848259031 0.999796642391662 0.9997956955703948 0.9997947443416875 0.9997937886850319 0.9997928285798252 0.9997918640053673 0.9997908949408638 0.9997899213654218 0.9997889432580518 0.9997879605976674 0.9997869733630835 0.9997859815330168 0.9997849850860847 0.9997839840008056 0.9997829782555983 0.99978196782878 0.9997809526985686 0.9997799328430796 
0.9997722487369851 0.9997712226468987 0.9997701919350208 0.9997691565805442 0.9997681165625656 0.9997670718600904 0.9997660224520277 0.9997649683171919 0.9997639094343038 0.9997628457819863 0.9997617773387679 0.9997607040830789 0.999759625993254 0.9997585430475295 0.9997574552240445 0.9997563625008394 0.9997552648558563 0.9997541622669366 0.9997530547118243 0.9997519421681618 0.9997508246134912 0.999749702025253 0.9997485743807886 0.9997474416573349 0.9997463038320273 0.9997451608818981 0.9997440127838777 0.9997428595147906 0.9997417010513587 0.9997405373701993 0.9997393684478229 0.999738194260636 0.999737014784938 0.9997358299969226 0.9997346398726761 0.9997334443881767 0.9997322435192955 0.999731037241794 0.9997298255313258 0.9997286083634342 0.9997273857135538 0.9997261575570067 0.999724923869006 0.999723684624652 0.9997224397989342 0.9997211893667282 0.999719933302798 0.9997186715817932 0.9997174041782499 0.9997161310665901 0.9997148522211192 0.9997135676160296 0.999712277225395 0.9997109810231746 0.9997096789832092 0.9997083710792229 0.9997070572848208 0.9997057375734903 0.9997044119185985 0.9997030802933939 0.999701742671004 
0.9995740460842795 0.9995721274120495 0.9995702001010456 0.9995682641124053 0.9995663194070923 0.9995643659458942 0.9995624036894228 0.9995604325981131 0.9995584526322225 0.9995564637518288 0.9995544659168334 0.9995524590869542 0.9995504432217304 0.9995484182805188 0.9995463842224934 0.9995443410066465 0.9995422885917842 0.9995402269365286 0.9995381559993159 0.999536075738396 0.9995339861118318 0.9995318870774956 0.9995297785930739 0.9995276606160604 0.9995255331037598 0.9995233960132839 0.9995212493015528 0.9995190929252933 0.9995169268410367 0.999514751005121 0.9995125653736867 0.9995103699026779 0.9995081645478414 0.9995059492647247 0.9995037240086766 0.9995014887348441 0.9994992433981744 0.9994969879534117 0.999494722355097 0.9994924465575674 0.999490160514956 0.9994878641811884 0.9994855575099837 0.9994832404548548 0.9994809129691049 0.9994785750058273 0.9994762265179056 0.9994738674580115 0.9994714977786046 0.9994691174319308 0.9994667263700219 0.9994643245446941 0.9994619119075485 0.9994594884099681 0.999457054003118 0.9994546086379441 0.9994521522651718 0.9994496848353069 0.999447206298631 0.999444716605205 0.9994422157048637 
0.9992034932149574 0.9991999067565169 0.9991963041622065 0.9991926853595468 0.999189050275733 0.9991853988376349 0.9991817309717959 0.9991780466044284 0.9991743456614168 0.9991706280683121 0.9991668937503322 0.9991631426323617 0.9991593746389464 0.999155589694297 0.9991517877222835 0.9991479686464351 0.9991441323899397 0.9991402788756403 0.9991364080260354 0.9991325197632768 0.9991286140091669 0.9991246906851596 0.9991207497123558 0.9991167910115042 0.9991128145029993 0.999108820106879 0.9991048077428228 0.9991007773301515 0.9990967287878247 0.9990926620344402 0.9990885769882309 0.9990844735670632 0.9990803516884383 0.9990762112694864 0.9990720522269672 0.999067874477269 0.9990636779364057 0.9990594625200158 0.9990552281433596 0.9990509747213188 0.999046702168396 0.9990424103987086 0.9990380993259926 0.9990337688635973 0.9990294189244833 0.9990250494212243 0.9990206602660014 0.9990162513706038 0.9990118226464255 0.9990073740044663 0.9990029053553255 0.998998416609205 0.9989939076759036 0.9989893784648183 0.9989848288849406 0.9989802588448544 0.9989756682527362 0.9989710570163517 0.9989664250430541 0.9989617722397828 0.9989570985130614 
0.9985110634661833 0.9985043638527544 0.9984976341391947 0.9984908741906791 0.9984840838717834 0.9984772630464809 0.998470411578138 0.9984635293295141 0.9984566161627564 0.9984496719394007 0.9984426965203652 0.998435689765949 0.99842865153583 0.9984215816890625 0.998414480084072 0.9984073465786556 0.9984001810299776 0.9983929832945657 0.9983857532283105 0.9983784906864619 0.9983711955236252 0.9983638675937596 0.9983565067501736 0.998349112845526 0.9983416857318179 0.9983342252603933 0.9983267312819353 0.9983192036464632 0.9983116422033298 0.9983040468012174 0.9982964172881368 0.9982887535114224 0.9982810553177301 0.9982733225530351 0.9982655550626278 0.9982577526911105 0.9982499152823958 0.9982420426797025 0.998234134725553 0.9982261912617698 0.9982182121294738 0.9982101971690782 0.9982021462202895 0.998194059122101 0.998185935712792 0.9981777758299222 0.9981695793103313 0.9981613459901337 0.9981530757047175 0.9981447682887383 0.9981364235761188 0.9981280414000446 0.9981196215929595 0.9981111639865663 0.9981026684118179 0.9980941346989196 0.9980855626773211 0.9980769521757171 0.9980683030220412 0.9980596150434642 0.9980508880663901 
0.9972183600888944 0.9972058601437539 0.9971933041857459 0.9971806919653041 0.9971680232317637 0.9971552977333553 0.9971425152172 0.9971296754293089 0.9971167781145713 0.9971038230167566 0.997090809878505 0.9970777384413236 0.9970646084455841 0.9970514196305145 0.9970381717341963 0.9970248644935578 0.9970114976443722 0.9969980709212496 0.9969845840576328 0.9969710367857934 0.9969574288368257 0.9969437599406423 0.9969300298259682 0.9969162382203369 0.9969023848500842 0.9968884694403439 0.9968744917150414 0.9968604513968915 0.9968463482073888 0.996832181866806 0.9968179520941878 0.9968036586073445 0.9967893011228481 0.9967748793560272 0.9967603930209592 0.9967458418304689 0.9967312254961198 0.9967165437282102 0.9967017962357676 0.996686982726543 0.996672102907006 0.9966571564823394 0.9966421431564327 0.9966270626318774 0.9966119146099617 0.9965966987906649 0.9965814148726502 0.9965660625532617 0.9965506415285168 0.9965351514931016 0.9965195921403653 0.9965039631623134 0.9964882642496029 0.9964724950915371 0.9964566553760583 0.9964407447897436 0.9964247630177978 0.9964087097440486 0.9963925846509398 0.9963763874195275 0.9963601177294705 
0.9948091765725047 0.9947859072357421 0.994762534139656 0.9947390568265508 0.9947154748367582 0.9946917877086254 0.9946679949785118 0.9946440961807759 0.9946200908477714 0.9945959785098359 0.9945717586952847 0.994547430930401 0.9945229947394285 0.9944984496445621 0.9944737951659419 0.9944490308216414 0.9944241561276608 0.99439917059792 0.994374073744247 0.9943488650763719 0.9943235441019169 0.9942981103263886 0.9942725632531688 0.9942469023835061 0.9942211272165067 0.9941952372491272 0.9941692319761639 0.9941431108902452 0.9941168734818226 0.9940905192391618 0.9940640476483338 0.9940374581932059 0.9940107503554325 0.9939839236144483 0.9939569774474548 0.9939299113294162 0.9939027247330481 0.9938754171288062 0.9938479879848825 0.9938204367671912 0.9937927629393615 0.9937649659627292 0.9937370452963254 0.9937090003968698 0.9936808307187588 0.9936525357140575 0.9936241148324902 0.9935955675214314 0.9935668932258956 0.9935380913885279 0.9935091614495948 0.9934801028469746 0.9934509150161479 0.9934215973901876 0.9933921493997506 0.9933625704730653 0.9933328600359255 0.9933030175116775 0.9932730423212126 0.993242933882956 0.9932126916128572 
0.9903337371410701 0.9902906026669915 0.9902472776251008 0.9902037611906758 0.990160052535582 0.9901161508282572 0.9900720552337001 0.9900277649134577 0.9899832790256093 0.9899385967247594 0.9898937171620197 0.9898486394849977 0.9898033628377854 0.9897578863609442 0.9897122091914925 0.9896663304628934 0.9896202493050408 0.9895739648442459 0.9895274762032249 0.9894807825010861 0.9894338828533156 0.9893867763717641 0.9893394621646343 0.9892919393364683 0.9892442069881311 0.989196264216802 0.9891481101159552 0.9890997437753533 0.9890511642810269 0.9890023707152664 0.9889533621566058 0.9889041376798093 0.9888546963558582 0.9888050372519368 0.9887551594314201 0.9887050619538575 0.9886547438749616 0.9886042042465926 0.9885534421167459 0.9885024565295364 0.9884512465251878 0.9883998111400139 0.9883481494064101 0.9882962603528351 0.9882441430037991 0.9881917963798488 0.9881392194975547 0.9880864113694947 0.9880333710042424 0.9879800974063508 0.9879265895763409 0.9878728465106834 0.9878188672017882 0.9877646506379893 0.9877101958035284 0.9876555016785422 0.9876005672390502 0.9875453914569339 0.9874899732999307 0.9874343117316116 0.9873784057113733 
0.9820699484412012 0.9819906179635021 0.9819109430785118 0.9818309223499546 0.981750554336096 0.981669837589727 0.9815887706581459 0.9815073520831457 0.9814255804009941 0.9813434541424224 0.981260971832606 0.9811781319911499 0.9810949331320724 0.9810113737637911 0.9809274523891036 0.9808431675051743 0.9807585176035183 0.9806735011699841 0.9805881166847399 0.9805023626222551 0.9804162374512886 0.9803297396348682 0.9802428676302777 0.9801556198890409 0.9800679948569058 0.9799799909738276 0.9798916066739547 0.9798028403856123 0.9797136905312864 0.9796241555276082 0.9795342337853392 0.9794439237093546 0.979353223698628 0.979262132146216 0.979170647439243 0.9790787679588844 0.9789864920803528 0.9788938181728799 0.9788007445997051 0.978707269718055 0.9786133918791327 0.9785191094280987 0.9784244207040582 0.9783293240400437 0.9782338177630014 0.9781379001937747 0.9780415696470894 0.9779448244315381 0.9778476628495671 0.9777500831974566 0.9776520837653113 0.9775536628370405 0.977454818690346 0.9773555495967057 0.9772558538213594 0.9771557296232933 0.9770551752552254 0.9769541889635904 0.9768527689885249 0.9767509135638539 0.9766486209170735 
0.9669816886036995 0.9668379155265265 0.9666935387407809 0.9665485559097533 0.9664029646894692 0.9662567627286853 0.9661099476688806 0.9659625171442543 0.9658144687817176 0.9656658002008907 0.9655165090140971 0.9653665928263578 0.9652160492353883 0.9650648758315947 0.9649130701980668 0.9647606299105775 0.964607552537577 0.9644538356401899 0.9642994767722119 0.9641444734801059 0.9639888233030007 0.9638325237726879 0.9636755724136186 0.9635179667429008 0.9633597042702999 0.9632007824982349 0.9630411989217766 0.9628809510286476 0.962720036299221 0.9625584522065187 0.962396196216212 0.9622332657866208 0.9620696583687127 0.9619053714061052 0.9617404023350631 0.961574748584503 0.9614084075759908 0.9612413767237447 0.9610736534346371 0.9609052351081941 0.9607361191366008 0.9605663029047002 0.960395783789999 0.9602245591626668 0.9600526263855425 0.9598799828141371 0.9597066257966356 0.9595325526739031 0.9593577607794872 0.9591822474396245 0.9590060099732447 0.9588290456919746 0.9586513519001461 0.9584729258947997 0.9582937649656926 0.958113866395303 0.9579332274588395 0.9577518454242449 0.9575697175522067 0.9573868410961639 0.9572032133023143 
0.9400019743186108 0.9397484146450299 0.939493857093719 0.9392382983828582 0.9389817352256251 0.9387241643302489 0.9384655824000592 0.9382059861335421 0.9379453722243896 0.9376837373615543 0.9374210782293062 0.9371573915072862 0.9368926738705616 0.9366269219896846 0.9363601325307491 0.9360923021554486 0.9358234275211368 0.935553505280885 0.9352825320835456 0.9350105045738115 0.9347374193922788 0.934463273175512 0.9341880625561036 0.9339117841627418 0.9336344346202761 0.9333560105497818 0.9330765085686288 0.9327959252905484 0.9325142573257028 0.9322315012807538 0.9319476537589346 0.9316627113601199 0.9313766706808992 0.9310895283146485 0.9308012808516057 0.9305119248789437 0.9302214569808485 0.9299298737385926 0.9296371717306162 0.9293433475326012 0.929048397717555 0.9287523188558875 0.9284551075154936 0.9281567602618341 0.9278572736580211 0.9275566442648994 0.9272548686411317 0.926951943343286 0.9266478649259209 0.926342629941673 0.9260362349413489 0.9257286764740087 0.9254199510870635 0.925110055326362 0.9247989857362866 0.9244867388598441 0.9241733112387622 0.9238586994135842 0.9235428999237663 0.9232259093077764 0.9229077241031898 
0.8935797552465568 0.8931544977301631 0.8927277725829201 0.8922995767195453 0.8918699070663243 0.8914387605613188 0.8910061341545743 0.8905720248083313 0.8901364294972369 0.8896993452085582 0.8892607689423977 0.8888206977119083 0.8883791285435136 0.8879360584771254 0.8874914845663653 0.8870454038787894 0.8865978134961083 0.8861487105144168 0.8856980920444191 0.8852459552116587 0.884792297156747 0.8843371150355976 0.883880406019659 0.8834221672961482 0.8829623960682895 0.8825010895555525 0.8820382449938895 0.8815738596359799 0.8811079307514715 0.8806404556272263 0.8801714315675642 0.8797008558945143 0.8792287259480605 0.8787550390863945 0.878279792686169 0.8778029841427488 0.87732461087047 0.8768446703028945 0.8763631598930706 0.8758800771137912 0.8753954194578595 0.8749091844383483 0.8744213695888694 0.8739319724638361 0.8734409906387355 0.8729484217103964 0.8724542632972616 0.8719585130396585 0.8714611686000806 0.8709622276634532 0.8704616879374238 0.8699595471526314 0.8694558030629926 0.8689504534459835 0.8684434961029237 0.8679349288592628 0.8674247495648659 0.8669129560943056 0.8663995463471483 0.8658845182482537 0.8653678697480593 
0.8191232556293957 0.8184727024643673 0.8178204780324994 0.8171665835352797 0.8165110202290708 0.8158537894255036 0.815194892491871 0.8145343308515287 0.8138721059842854 0.8132082194268032 0.8125426727729943 0.8118754676744173 0.8112066058406747 0.8105360890398137 0.8098639190987202 0.809190097903522 0.8085146273999835 0.8078375095939074 0.8071587465515337 0.8064783403999376 0.8057962933274296 0.8051126075839564 0.8044272854814973 0.8037403293944672 0.803051741760114 0.8023615250789193 0.8016696819149964 0.800976214896491 0.8002811267159793 0.7995844201308682 0.7988860979637928 0.798186163103016 0.7974846185028257 0.7967814671839322 0.7960767122338692 0.7953703568073858 0.7946624041268473 0.79395285748263 0.7932417202335171 0.7925289958070927 0.7918146877001389 0.7910987994790273 0.7903813347801152 0.7896622973101337 0.7889416908465861 0.7882195192381338 0.7874957864049879 0.7867704963392992 0.7860436531055492 0.7853152608409306 0.7845853237557445 0.7838538461337754 0.7831208323326837 0.7823862867843863 0.7816502139954368 0.7809126185474111 0.7801735050972833 0.7794328783778075 0.7786907431978919 0.7779471044429787 0.7772019670754147 
0.7139250320987505 0.7130832812818514 0.7122407227819758 0.711397368931602 0.710553232161079 0.7097083249986869 0.7088626600706884 0.7080162501013763 0.7071691079131108 0.7063212464263562 0.7054726786597041 0.7046234177298965 0.7037734768518364 0.7029228693385965 0.7020716086014169 0.7012197081497005 0.7003671815909955 0.6995140426309778 0.6986603050734206 0.6978059828201577 0.6969510898710453 0.6960956403239082 0.6952396483744838 0.6943831283163583 0.6935260945408941 0.6926685615371508 0.6918105438917971 0.6909520562890175 0.6900931135104089 0.6892337304348721 0.6883739220384919 0.6875137033944141 0.6866530896727082 0.6857920961402306 0.6849307381604712 0.6840690311933975 0.6832069907952886 0.6823446326185627 0.6814819724115924 0.6806190260185161 0.6797558093790392 0.6788923385282271 0.6780286295962887 0.6771646988083528 0.6763005624842375 0.6754362370382072 0.6745717389787212 0.6737070849081784 0.672842291522651 0.6719773756116016 0.6711123540576083 0.6702472438360627 0.6693820620148733 0.6685168257541507 0.6676515523058861 0.6667862590136266 0.6659209633121306 0.6650556827270238 0.6641904348744405 0.6633252374606609 0.6624601082817289 
0.5957608445281046 0.5949663007777068 0.5941735183099239 0.5933825200844434 0.5925933290852561 0.5918059683194719 0.5910204608161269 0.5902368296249816 0.5894550978153111 0.5886752884746898 0.5878974247077626 0.5871215296350154 0.5863476263915299 0.585575738125739 0.5848058879981655 0.5840380991801626 0.5832723948526384 0.5825087982047797 0.5817473324327641 0.5809880207384667 0.5802308863281602 0.5794759524112074 0.5787232421987443 0.5779727789023626 0.5772245857327788 0.5764786858985003 0.5757351026044847 0.5749938590507924 0.5742549784312313 0.5735184839319993 0.5727843987303156 0.5720527459930522 0.5713235488753516 0.5705968305192471 0.5698726140522725 0.5691509225860665 0.568431779214974 0.5677152070146414 0.5670012290406047 0.5662898683268751 0.5655811478845192 0.5648750907002341 0.5641717197349182 0.5634710579222351 0.5627731281671792 0.5620779533446316 0.5613855562979113 0.5606959598373271 0.5600091867387265 0.5593252597420285 0.5586442015497741 0.5579660348256518 0.5572907821930354 0.5566184662335119 0.5559491094854037 0.5552827344422984 0.5546193635515636 0.5539590192128683 0.5533017237766967 0.5526474995428649 0.5519963687590276 
0.5119974946959588 0.5116599025147364 0.5113269011266705 0.5109985035313319 0.5106747225617421 0.5103555708833226 0.5100410609928541 0.5097312052174483 0.5094260157135335 0.5091255044658524 0.508829683286472 0.5085385638138078 0.5082521575116592 0.507970475668261 0.5076935293953455 0.5074213296272204 0.5071538871198575 0.5068912124499996 0.5066333160142766 0.5063802080283386 0.5061318985260023 0.5058883973584124 0.5056497141932151 0.5054158585137498 0.5051868396182521 0.5049626666190731 0.5047433484419138 0.5045288938250739 0 0 0 0 0 0.5033447664406955 0.5031645855260694 0.502989331246614 0.5028190106227444 0.5026536304808098 0.5024931974525152 0.5023377179743579 0.5021871982870794 0.5020416444351353 0.501901062266181 0.501765457430572 0.5016348353808843 0.5015092013714486 0.5013885604579014 0.5012729174967543 0.501162277144979 0.5010566438596085 0.5009560218973574 0.5008604153142572 0.5007698279653091 0.5006842635041544 0.5006037253827604 0.500528216851127 0.5004577409570061 0.5003923005456413 0.500331898259524 0.500276536538166 0.500226217617891 
0.5121213367256524 0.5124651671033944 0.5128135568942969 0.5131664925464889 0.5135239603462832 0.5138859464192929 0.5142524367315572 0.5146234170906807 0.5149988731469826 0.5153787903946567 0.5157631541729421 0.516151949667305 0.516545161910631 0.516942775784426 0.5173447760200294 0.5177511471998355 0.5181618737585261 0.5185769399843108 0.5189963300201789 0.5194200278651585 0.5198480173755864 0.5202802822663848 0.5207168061123504 0.5211575723494474 0.5216025642761118 0.522051765054564 0.5225051577121291 0 0 0 0 0 0 0 0.5262811264425997 0.5267714606471721 0.5272658098806282 0.5277641557756853 0.5282664798465673 0.5287727634904178 0.529282987988711 0.5297971345086722 0.5303151841047038 0.5308371177198152 0.5313629161870568 0.5318925602309603 0.5324260304689834 0.5329633074129587 0.5335043714705434 0.5340492029466821 0.5345977820450596 0.5351500888695725 0.5357061034257919 0.5362658056224355 0.5368291752728449 0.5373961920964572 0.5379668357202895 0.538541085680419 0.539118921423469 0.5397003223080931 0.5402852676064697 
0.5960500749147204 0.5968469831854457 0.5976455985774765 0.5984458982214527 0.5992478592773893 0.6000514589358144 0.6008566744188989 0.6016634829815786 0.6024718619126677 0.6032817885359605 0.6040932402113272 0.6049061943358003 0.6057206283446499 0.6065365197124508 0.6073538459541434 0.6081725846260791 0.6089927133270624 0.6098142096993806 0.6106370514298247 0.6114612162507015 0.6122866819408352 0.6131134263265594 0.6139414272827014 0.6147706627335554 0.6156011106538448 0.6164327490696786 0 0 0 0 0 0 0 0 0 0.6248098148285274 0.6256531140404482 0.6264973444032393 0.627342484693397 0.6281885137511322 0.6290354104811759 0.6298831538535765 0.6307317229044851 0.6315810967369349 0.6324312545216026 0.6332821754975684 0.6341338389730613 0.6349862243261971 0.6358393110056989 0.6366930785316226 0.6375475064960532 0.6384025745638084 0.6392582624731207 0.6401145500363138 0.6409714171404731 0.6418288437480941 0.6426868098977364 0.643545295704655 0.6444042813614287 0.6452637471385734 0.6461236733851539 
0.7142307866773799 0.7150714165427515 0.7159112099662426 0.7167501549440496 0.7175882395699102 0.7184254520350121 0.7192617806278938 0.720097213734344 0.7209317398372885 0.7217653475166788 0.7225980254493667 0.7234297624089825 0.7242605472657999 0.7250903689865988 0.7259192166345243 0.7267470793689348 0.7275739464452524 0.7283998072148012 0.7292246511246446 0.7300484677174148 0.7308712466311413 0.7316929775990679 0.732513650449472 0.7333332551054743 0.7341517815848446 0 0 0 0 0 0 0 0 0 0 0 0.7438864963211489 0.7446901408057489 0.7454925771813137 0.7462937968590355 0.7470937913410527 0.7478925522201874 0.7486900711796726 0.7494863399928828 0.750281350523053 0.7510750947230003 0.7518675646348416 0.7526587523897066 0.7534486502074416 0.7542372503963255 0.7550245453527635 0.7558105275609932 0.7565951895927781 0.757378524107101 0.7581605238498592 0.7589411816535456 0.7597204904369392 0.7604984432047845 0.7612750330474718 0.7620502531407103 0.7628240967452085 
0.8193593024209056 0.8200075750143647 0.8206541737171249 0.8212990975093735 0.8219423454244557 0.8225839165484817 0.8232238100199374 0.8238620250292915 0.824498560818608 0.8251334166811557 0.8257665919610211 0.8263980860527202 0.8270278984008117 0.8276560284995118 0.8282824758923086 0.8289072401715776 0.8295303209781992 0.8301517180011753 0.8307714309772483 0.831389459690521 0.8320058039720757 0.8326204636995949 0.833233438796986 0.8338447292340033 0.8344543350258704 0 0 0 0 0 0 0 0 0 0 0 0.8416382681878858 0.8422259949902003 0.8428120419270808 0.8433964096514621 0.8439790988558895 0.8445601102721598 0.845139444670971 0.8457171028615635 0.8462930856913706 0.8468673940456675 0.8474400288472201 0.8480109910559406 0.8485802816685331 0.8491479017181571 0.8497138522740741 0.8502781344413126 0.8508407493603214 0.8514016982066299 0.8519609821905139 0.8525186025566505 0.8530745605837902 0.8536288575844169 0.8541814949044182 0.8547324739227498 0.8552817960511101 
0.8937339635284194 0.8941572249555452 0.8945790260886095 0.8949993700503018 0.8954182599739942 0.8958356990035389 0.8962516902930726 0.8966662370068208 0.8970793423189001 0.8974910094131274 0.8979012414828278 0.8983100417306427 0.8987174133683413 0.8991233596166344 0.8995278837049872 0.899930988871434 0.9003326783623962 0.9007329554325012 0.9011318233443999 0.9015292853685888 0.9019253447832341 0.9023200048739923 0.9027132689338393 0.9031051402628947 0.9034956221682502 0 0 0 0 0 0 0 0 0 0 0 0.90807424254932 0.9084469657602123 0.9088183464858501 0.9091883881182259 0.9095570940537396 0.909924467693052 0.910290512440936 0.9106552317061305 0.9110186289011935 0.9113807074423619 0.9117414707494071 0.9121009222454934 0.912459065357037 0.9128159035135726 0.9131714401476076 0.9135256786944945 0.913878622592289 0.91423027528162 0.914580640205557 0.9149297208094767 0.9152775205409351 0.9156240428495381 0.9159692911868127 0.9163132690060809 0.916655979762337 
0.9400938908123655 0.9403460951813318 0.9405973094089102 0.940847536759736 0.94109678049323 0.9413450438635504 0.9415923301195464 0.9418386425047129 0.9420839842571442 0.9423283586094899 0.9425717687889115 0.9428142180170385 0.9430557095099259 0.9432962464780124 0.9435358321260787 0.9437744696532075 0.9440121622527429 0.9442489131122498 0.9444847254134785 0.9447196023323223 0.9449535470387824 0.9451865626969307 0.945418652464872 0.9456498194947103 0.9458800669325109 0 0 0 0 0 0 0 0 0 0 0 0.948572444787489 0.9487910210132354 0.9490087210395688 0.9492255479181504 0.9494415046941147 0.9496565944060462 0.9498708200859516 0.9500841847592365 0.9502966914446784 0.9505083431544064 0.9507191428938733 0.9509290936618369 0.951138198450334 0.9513464602446606 0.9515538820233485 0.9517604667581447 0.9519662174139922 0.9521711369490069 0.9523752283144606 0.9525784944547597 0.9527809383074266 0.9529825628030828 0.9531833708654287 0.9533833654112269 0.9535825493502854 
0.9670337976771162 0.9671767513634666 0.9673191068351654 0.9674608664045332 0.9676020323766548 0.9677426070493846 0.9678825927133541 0.9680219916519797 0.9681608061414677 0.9682990384508248 0.968436690841864 0.9685737655692117 0.9687102648803179 0.9688461910154618 0.9689815462077622 0.9691163326831844 0.969250552660549 0.9693842083515407 0.9695173019607188 0.9696498356855221 0.9697818117162826 0.9699132322362318 0.9700440994215118 0.9701744154411822 0.9703041824572338 0 0 0 0 0 0 0 0 0 0 0 0.971819341723538 0.971942165234621 0.9720644692731839 0.9721862558963936 0.9723075271545165 0.97242828509093 0.9725485317421363 0.972668269137771 0.9727874993006183 0.97290622424662 0.9730244459848896 0.9731421665177256 0.9732593878406188 0.9733761119422721 0.9734923408046057 0.973608076402775 0.9737233207051801 0.9738380756734799 0.9739523432626052 0.9740661254207712 0.9741794240894894 0.9742922412035819 0.9744045786911961 0.9745164384738139 0.9746278224662679 
0.9820986981865294 0.9821775613771888 0.9822560835335519 0.9823342660736476 0.9824121104101156 0.9824896179502205 0.9825667900958686 0.9826436282436246 0.9827201337847256 0.9827963081050981 0.9828721525853745 0.9829476686009078 0.9830228575217879 0.9830977207128573 0.9831722595337273 0.9832464753387937 0.9833203694772523 0.9833939432931149 0.9834671981252257 0.9835401353072755 0.9836127561678205 0.9836850620302937 0.9837570542130254 0.9838287340292555 0.9839001027871501 0.9839711617898195 0 0 0 0 0 0 0 0 0 0.984664998378284 0.984732734647888 0.9848001764107883 0.9848673249057707 0.9849341813667825 0.9850007470229472 0.9850670230985816 0.9851330108132097 0.9851987113815792 0.9852641260136756 0.9853292559147397 0.9853941022852815 0.9854586663210956 0.9855229492132769 0.9855869521482374 0.9856506763077182 0.9857141228688087 0.9857772930039577 0.9858401878809928 0.985902808663133 0.9859651565090053 0.9860272325726585 0.9860890380035789 0.9861505739467071 0.9862118415424515 0.9862728419267022 
0.9903493684712732 0.9903922444332185 0.9904349317630632 0.990477431274138 0.9905197437764139 0.9905618700765169 0.9906038109777376 0.9906455672800463 0.9906871397801038 0.9907285292712742 0.990769736543637 0.9908107623840006 0.9908516075759135 0.9908922728996759 0.9909327591323542 0.9909730670477912 0.9910131974166185 0.9910531510062706 0.9910929285809926 0.9911325309018579 0.9911719587267762 0.9912112128105062 0.991250293904669 0.9912892027577582 0.9913279401151536 0.9913665067191308 0.9914049033088754 0 0 0 0 0 0 0 0.9917060432058933 0.9917429424266408 0.9917796788575688 0.99181625320463 0.9918526661708238 0.991888918456211 0.9919250107579205 0.9919609437701651 0.9919967181842499 0.992032334688584 0.9920677939686928 0.992103096707228 0.9921382435839792 0.9921732352758847 0.9922080724570428 0.9922427557987235 0.9922772859693769 0.9923116636346485 0.9923458894573853 0.9923799640976503 0.9924138882127316 0.9924476624571541 0.9924812874826887 0.9925147639383651 0.9925480924704819 0.9925812737226156 0.9926143083356331 
0.9948176088204368 0.9948407374176644 0.9948637633295205 0.9948866870071211 0.99490950889964 0.9949322294543224 0.9949548491164899 0.9949773683295475 0.994999787534995 0.9950221071724303 0.9950443276795611 0.9950664494922103 0.9950884730443248 0.9951103987679832 0.9951322270934027 0.9951539584489484 0.9951755932611379 0.9951971319546531 0.9952185749523441 0.9952399226752384 0.9952611755425482 0.9952823339716785 0.9953033983782338 0.995324369176025 0.9953452467770774 0.9953660315916395 0.9953867240281882 0.9954073244934367 0 0 0 0 0 0.9955290184432335 0.9955489863507612 0.995568865478085 0.9955886562163727 0.9956083589550999 0.9956279740820595 0.995647501983365 0.9956669430434597 0.995686297645124 0.9957055661694805 0.9957247489960026 0.9957438465025201 0.9957628590652281 0.9957817870586898 0.9958006308558489 0.9958193908280306 0.9958380673449532 0.995856660774731 0.9958751714838838 0.9958935998373422 0.995911946198454 0.9959302109289918 0.9959483943891596 0.9959664969375972 0.9959845189313898 0.9960024607260725 0.9960203226756374 0.9960381051325404 
0.9972228897009452 0.9972353136739698 0.9972476822196303 0.9972599955838304 0.9972722540113963 0.9972844577460789 0.9972966070305609 0.9973087021064593 0.9973207432143303 0.9973327305936761 0.997344664482946 0.9973565451195436 0.9973683727398299 0.9973801475791289 0.9973918698717292 0.9974035398508936 0.9974151577488577 0.9974267237968391 0.997438238225038 0.9974497012626449 0.9974611131378435 0.9974724740778125 0.9974837843087345 0.9974950440557984 0.9975062535432011 0.9975174129941562 0.9975285226308956 0.9975395826746729 0.9975505933457705 0.9975615548635017 0.9975724674462148 0.9975833313112987 0.9975941466751856 0.9976049137533554 0.9976156327603403 0.9976263039097295 0.9976369274141712 0.9976475034853791 0.9976580323341333 0.9976685141702881 0.9976789492027733 0.9976893376395997 0.9976996796878612 0.9977099755537415 0.9977202254425146 0.9977304295585518 0.997740588105325 0.9977507012854083 0.9977607693004846 0.9977707923513488 0.9977807706379103 0.997790704359198 0.9978005937133647 0.9978104388976892 0.9978202401085807 0.9978299975415839 0.9978397113913811 0.9978493818517964 0.9978590091157999 0.9978685933755098 0.9978781348221992 
0.9985134911894871 0.9985201499782375 0.9985267789831409 0.9985333783370214 0.998539948172116 0.998546488620073 0.99855299981196 0.9985594818782606 0.998565934948882 0.9985723591531539 0.9985787546198337 0.9985851214771069 0.9985914598525911 0.9985977698733368 0.9986040516658332 0.9986103053560058 0.9986165310692232 0.9986227289302976 0.9986288990634868 0.9986350415924978 0.9986411566404896 0.9986472443300733 0.9986533047833164 0.9986593381217452 0.9986653444663462 0.9986713239375691 0.9986772766553293 0.9986832027390102 0.9986891023074642 0.9986949754790169 0.9987008223714695 0.9987066431020981 0.9987124377876606 0.9987182065443947 0.9987239494880225 0.9987296667337533 0.9987353583962832 0.9987410245898005 0.9987466654279864 0.9987522810240153 0.9987578714905612 0.9987634369397962 0.9987689774833952 0.9987744932325369 0.9987799842979062 0.9987854507896954 0.9987908928176088 0.9987963104908615 0.9988017039181856 0.9988070732078282 0.9988124184675569 0.9988177398046594 0.998823037325947 0.9988283111377567 0.9988335613459525 0.9988387880559284 0.9988439913726095 0.9988491714004555 0.9988543282434603 0.998859462005157 0.9988645727886181 
0.999204792826009 0.9992083573997621 0.9992119060076678 0.9992154387211245 0.9992189556112128 0.9992224567486963 0.9992259422040231 0.9992294120473275 0.9992328663484302 0.9992363051768418 0.9992397286017622 0.9992431366920826 0.9992465295163884 0.9992499071429572 0.999253269639764 0.999256617074479 0.9992599495144718 0.9992632670268113 0.9992665696782672 0.9992698575353112 0.9992731306641196 0.9992763891305718 0.9992796330002549 0.9992828623384629 0.9992860772101984 0.9992892776801745 0.9992924638128151 0.9992956356722578 0.9992987933223523 0.9993019368266645 0.9993050662484781 0.9993081816507918 0.9993112830963251 0.9993143706475174 0.9993174443665283 0.9993205043152424 0.9993235505552667 0.9993265831479325 0.9993296021542992 0.9993326076351532 0.9993355996510094 0.9993385782621123 0.9993415435284381 0.9993444955096953 0.9993474342653264 0.9993503598545079 0.9993532723361525 0.9993561717689101 0.9993590582111684 0.9993619317210547 0.9993647923564382 0.999367640174927 0.999370475233875 0.999373297590378 0.9993761073012781 0.9993789044231636 0.999381689012369 0.9993844611249791 0.9993872208168277 0.9993899681434986 0.999392703160328 
0.99957474134452 0.9995766483002841 0.999578546708435 0.9995804366072543 0.9995823180348518 0.9995841910291661 0.9995860556279674 0.9995879118688575 0.9995897597892673 0.9995915994264641 0.999593430817546 0.9995952539994453 0.9995970690089306 0.9995988758826047 0.9996006746569075 0.9996024653681157 0.9996042480523439 0.9996060227455448 0.9996077894835114 0.9996095483018745 0.9996112992361084 0.9996130423215257 0.9996147775932842 0.9996165050863819 0.999618224835662 0.9996199368758099 0.9996216412413585 0.9996233379666841 0.9996250270860103 0.9996267086334074 0.999628382642793 0.9996300491479335 0.999631708182444 0.9996333597797893 0.9996350039732842 0.9996366407960953 0.9996382702812399 0.9996398924615881 0.999641507369863 0.9996431150386413 0.9996447155003536 0.9996463087872862 0.9996478949315803 0.9996494739652333 0.9996510459200996 0.9996526108278918 0.999654168720179 0.9996557196283911 0.9996572635838155 0.9996588006176013 0.999660330760757 0.9996618540441529 0.9996633704985209 0.9996648801544556 0.9996663830424153 0.9996678791927205 0.999669368635558 0.9996708514009778 0.9996723275188963 0.9996737970190959 0.9996752599312262 
0.9997726205559752 0.9997736403777147 0.9997746556264731 0.9997756663227466 0.9997766724869399 0.9997776741393669 0.9997786713002494 0.9997796639897196 0.999780652227819 0.9997816360344989 0.9997826154296223 0.9997835904329633 0.999784561064206 0.9997855273429477 0.9997864892886976 0.9997874469208772 0.9997884002588218 0.9997893493217784 0.9997902941289101 0.9997912346992925 0.9997921710519169 0.9997931032056884 0.999794031179428 0.9997949549918723 0.9997958746616744 0.9997967902074034 0.9997977016475457 0.9997986090005035 0.9997995122845988 0.9998004115180703 0.9998013067190745 0.999802197905687 0.9998030850959037 0.9998039683076374 0.9998048475587236 0.9998057228669153 0.9998065942498873 0.999807461725235 0.9998083253104753 0.9998091850230459 0.9998100408803074 0.9998108928995413 0.9998117410979528 0.9998125854926698 0.9998134261007434 0.9998142629391478 0.999815096024782 0.9998159253744687 0.9998167510049563 0.999817572932916 0.9998183911749465 0.9998192057475719 0.9998200166672404 0.9998208239503288 0.9998216276131386 0.9998224276719005 0.9998232241427707 0.9998240170418333 0.9998248063851005 0.9998255921885131 0.9998263744679401 
0.9998337433291411 0.9998345138524036 0.9998352808052335 0.9998360442041698 0.9998368040656753 0.9998375604061356 0.999838313241862 0.9998390625890894 0.9998398084639768 0.9998405508826109 0.9998412898610005 0.9998420254150835 0.9998427575607214 0.9998434863137042 0.9998442116897479 0.9998449337044959 0.9998456523735191 0.9998463677123164 0.999847079736315 0.9998477884608705 0.9998484939012673 0.9998491960727198 0.9998498949903711 0.9998505906692952 0.9998512831244939 0.9998519723709032 0.9998526584233867 0.999853341296741 0.9998540210056936 0.9998546975649043 0.9998553709889644 0.9998560412923974 0.9998567084896604 0.9998573725951434 0.9998580336231697 0.9998586915879955 0.9998593465038117 0.999859998384744 0.9998606472448524 0.9998612930981303 0.9998619359585086 0.9998625758398523 0.9998632127559626 0.9998638467205767 0.9998644777473682 0.9998651058499473 0.9998657310418619 0.9998663533365957 0.9998669727475715 0.9998675892881492 0.9998682029716268 0.999868813811241 0.9998694218201669 0.9998700270115191 0.9998706293983504 0.9998712289936544 0.9998718258103638 0.999872419861352 0.9998730111594321 0.9998735997173585 0.9998741855478259 
0.9996890406067596 0.999690481552983 0.9996919158241035 0.9996933434510242 0.9996947644645053 0.9996961788951644 0.9996975867734776 0.9996989881297809 0.999700382994269 0.9997017713969973 0.9997031533678831 0.9997045289367033 0.9997058981330993 0.9997072609865745 0.9997086175264949 0.9997099677820926 0.9997113117824634 0.999712649556568 0.9997139811332345 0.9997153065411575 0.9997166258088972 0.999717938964884 0.9997192460374156 0.9997205470546584 0.9997218420446499 0.9997231310352965 0.9997244140543768 0.99972569112954 0.9997269622883076 0.9997282275580746 0.9997294869661077 0.999730740539549 0.9997319883054148 0.9997332302905952 0.9997344665218575 0.9997356970258444 0.9997369218290759 0.999738140957948 0.9997393544387363 0.9997405622975937 0.9997417645605531 0.9997429612535258 0.9997441524023041 0.9997453380325605 0.9997465181698491 0.9997476928396061 0.9997488620671491 0.999750025877679 0.9997511842962807 0.9997523373479225 0.9997534850574568 0.9997546274496214 0.9997557645490402 0.9997568963802226 0.9997580229675651 0.9997591443353504 0.9997602605077496 0.9997613715088218 0.9997624773625147 0.9997635780926659 0.9997646737230013 
0.9994184680775728 0.99942116209614 0.9994238436415319 0.9994265127714319 0.9994291695432584 0.9994318140141627 0.9994344462410343 0.9994370662804997 0.9994396741889238 0.9994422700224115 0.9994448538368086 0.9994474256877039 0.9994499856304291 0.9994525337200606 0.9994550700114206 0.9994575945590782 0.9994601074173519 0.9994626086403078 0.9994650982817623 0.9994675763952858 0.9994700430341992 0.9994724982515779 0.9994749421002525 0.9994773746328094 0.9994797959015926 0.9994822059587052 0.999484604856008 0.9994869926451246 0.9994893693774376 0.9994917351040951 0.9994940898760072 0.9994964337438503 0.9994987667580653 0.999501088968862 0.9995034004262175 0.9995057011798778 0.9995079912793601 0.9995102707739518 0.9995125397127145 0.9995147981444807 0.9995170461178604 0.9995192836812374 0.999521510882772 0.999523727770403 0.9995259343918468 0.9995281307946002 0.9995303170259413 0.9995324931329279 0.9995346591624021 0.9995368151609896 0.9995389611751004 0.9995410972509293 0.9995432234344597 0.9995453397714615 0.9995474463074929 0.9995495430879022 0.999551630157828 0.999553707562201 0.999555775345744 0.9995578335529729 0.9995598822281986 
0.9989127207307871 0.9989177551472779 0.9989227662781346 0.9989277542308272 0.9989327191123321 0.9989376610291345 0.9989425800872291 0.9989474763921242 0.9989523500488435 0.9989572011619274 0.9989620298354358 0.9989668361729505 0.9989716202775769 0.9989763822519466 0.9989811221982201 0.9989858402180869 0.9989905364127705 0.9989952108830267 0.9989998637291506 0.9990044950509749 0.9990091049478731 0.9990136935187623 0.999018260862105 0.9990228070759091 0.9990273322577339 0.9990318365046893 0.999036319913438 0.999040782580199 0.9990452246007482 0.9990496460704208 0.999054047084114 0.9990584277362879 0.9990627881209693 0.9990671283317505 0.9990714484617944 0.9990757486038355 0.9990800288501811 0.9990842892927143 0.9990885300228944 0.9990927511317613 0.9990969527099354 0.9991011348476193 0.9991052976346011 0.9991094411602564 0.9991135655135488 0.9991176707830323 0.9991217570568531 0.999125824422753 0.9991298729680689 0.9991339027797357 0.9991379139442886 0.9991419065478642 0.9991458806762024 0.9991498364146485 0.9991537738481553 0.9991576930612847 0.9991615941382079 0.9991654771627099 0.9991693422181893 0.9991731893876612 0.9991770187537579 
0.9979680297857982 0.9979774295231687 0.9979867858659754 0.9979960990137404 0.9980053691650757 0.9980145965176881 0.9980237812683812 0.9980329236130634 0.9980420237467462 0.9980510818635548 0.998060098156726 0.998069072818617 0.998078006040706 0.9980868980135975 0.998095748927027 0.9981045589698629 0.9981133283301127 0.9981220571949247 0.9981307457505937 0.9981393941825631 0.9981480026754308 0.9981565714129508 0.9981651005780388 0.998173590352774 0.9981820409184059 0.9981904524553546 0.998198825143217 0.9982071591607691 0.9982154546859701 0.9982237118959669 0.9982319309670971 0.9982401120748914 0.9982482553940795 0.9982563610985924 0.9982644293615655 0.9982724603553443 0.998280454251486 0.9982884112207631 0.9982963314331672 0.9983042150579144 0.9983120622634456 0.9983198732174323 0.9983276480867787 0.9983353870376268 0.9983430902353581 0.9983507578445976 0.9983583900292183 0.9983659869523425 0.998373548776347 0.9983810756628659 0.9983885677727935 0.9983960252662885 0.9984034483027762 0.9984108370409528 0.9984181916387882 0.9984255122535299 0.998432799041705 0.9984400521591248 0.9984472717608872 0.9984544580013797 0.9984616110342843 
0.9962056616458361 0.9962231830185562 0.9962406237881398 0.9962579843225527 0.9962752649881097 0.9962924661494768 0.9963095881696817 0.9963266314101202 0.9963435962305616 0.9963604829891597 0.9963772920424543 0.9963940237453834 0.9964106784512869 0.9964272565119159 0.9964437582774373 0.9964601840964415 0.9964765343159507 0.9964928092814245 0.9965090093367661 0.9965251348243307 0.9965411860849307 0.9965571634578432 0.9965730672808177 0.9965888978900803 0.9966046556203429 0.9966203408048087 0.9966359537751774 0.9966514948616549 0.9966669643929575 0.9966823626963195 0.9966976900974984 0.9967129469207827 0.9967281334889977 0.9967432501235123 0.9967582971442448 0.9967732748696714 0.9967881836168275 0.9968030237013201 0.9968177954373301 0.9968324991376196 0.9968471351135386 0.9968617036750311 0.9968762051306399 0.9968906397875157 0.9969050079514192 0.9969193099267313 0.9969335460164563 0.9969477165222298 0.9969618217443228 0.9969758619816493 0.9969898375317716 0.9970037486909065 0.9970175957539313 0.9970313790143901 0.997045098764497 0.997058755295146 0.9970723488959152 0.9970858798550704 0.9970993484595743 0.9971127549950902 0.9971260997459883 
0.9929256375865163 0.9929581976977786 0.9929906090149452 0.9930228722081578 0.9930549879446315 0.9930869568886671 0.9931187797016594 0.9931504570421137 0.9931819895656528 0.9932133779250336 0.9932446227701561 0.9932757247480741 0.9933066845030099 0.9933375026763636 0.9933681799067255 0.9933987168298881 0.9934291140788558 0.9934593722838594 0.993489492072364 0.9935194740690831 0.9935493188959887 0.993579027172323 0.9936085995146091 0.9936380365366637 0.9936673388496053 0.9936965070618697 0.9937255417792163 0.9937544436047436 0.9937832131388968 0.9938118509794807 0.9938403577216697 0.9938687339580194 0.9938969802784774 0.9939250972703932 0.9939530855185306 0.993980945605077 0.9940086781096542 0.9940362836093306 0.9940637626786304 0.9940911158895436 0.9941183438115384 0.9941454470115711 0.9941724260540963 0.9941992815010761 0.9942260139119934 0.9942526238438594 0.9942791118512262 0.9943054784861958 0.9943317242984298 0.9943578498351611 0.9943838556412039 0.9944097422589631 0.994435510228443 0.9944611600872622 0.9944866923706575 0.9945121076114989 0.9945374063402965 0.9945625890852114 0.9945876563720668 0.9946126087243545 0.9946374466632493 
0.9868479181972309 0.9869080787000115 0.9869679676983802 0.9870275863837918 0.9870869359427836 0.9871460175569946 0.9872048324031832 0.9872633816532421 0.9873216664742173 0.9873796880283254 0.9874374474729692 0.9874949459607587 0.9875521846395225 0.9876091646523295 0.9876658871375051 0.9877223532286459 0.9877785640546395 0.9878345207396801 0.9878902244032859 0.9879456761603148 0.9880008771209834 0.988055828390882 0.9881105310709914 0.9881649862577018 0.9882191950428256 0.9882731585136177 0.988326877752792 0.9883803538385343 0.9884335878445236 0.9884865808399446 0.9885393338895065 0.9885918480534597 0.9886441243876103 0.988696163943338 0.9887479677676123 0.9887995369030074 0.9888508723877205 0.9889019752555874 0.9889528465360966 0.9890034872544087 0.9890538984313699 0.9891040810835294 0.9891540362231559 0.9892037648582512 0.9892532679925685 0.9893025466256276 0.9893516017527308 0.9894004343649774 0.9894490454492817 0.9894974359883879 0.9895456069608841 0.9895935593412204 0.9896412940997237 0.9896888122026124 0.9897361146120134 0.9897832022859754 0.9898300761784873 0.9898767372394912 0.9899231864148983 0.989969424646606 0.9900154528725105 
0.975678504329641 0.97578847844632 0.9758979678913231 0.9760069746855413 0.9761155008425004 0.9762235483683752 0.9763311192620101 0.9764382155149318 0.97654483911137 0.9766509920282729 0.9767566762353235 0.9768618936949576 0.9769666463623826 0.9770709361855912 0.9771747651053826 0.977278135055377 0.9773810479620344 0.977483505744672 0.9775855103154809 0.9776870635795458 0.9777881674348605 0.9778888237723462 0.9779890344758697 0.9780888014222604 0.9781881264813304 0.9782870115158879 0.9783854583817599 0.9784834689278077 0.9785810449959449 0.9786781884211559 0.9787749010315145 0.978871184648201 0.9789670410855209 0.979062472150922 0.9791574796450153 0.9792520653615897 0.9793462310876333 0.9794399786033496 0.9795333096821777 0.9796262260908084 0.979718729589204 0.9798108219306172 0.9799025048616086 0.9799937801220647 0.9800846494452169 0.9801751145576605 0.980265177179374 0.9803548390237338 0.9804441017975374 0.9805329672010192 0.9806214369278698 0.980709512665255 0.9807971960938324 0.9808844888877739 0.9809713927147801 0.9810579092361023 0.9811440401065583 0.9812297869745532 0.9813151514820979 0.9814001352648263 0.9814847399520152 
0.9554634593497646 0.9556605334951671 0.9558567778379532 0.9560521954897934 0.9562467895542064 0.9564405631265462 0.9566335192939883 0.956825661135519 0.9570169917219207 0.9572075141157628 0.9573972313713899 0.9575861465349087 0.9577742626441821 0.957961582728815 0.9581481098101479 0.9583338469012448 0.9585187970068885 0.9587029631235682 0.9588863482394736 0.9590689553344889 0.9592507873801819 0.9594318473398 0.9596121381682641 0.9597916628121612 0.959970424209738 0.9601484252908992 0.9603256689771984 0.9605021581818367 0.9606778958096569 0.9608528847571403 0.9610271279124021 0.9612006281551908 0.9613733883568827 0.9615454113804804 0.9617167000806111 0.9618872573035249 0.9620570858870916 0.9622261886608028 0.9623945684457669 0.9625622280547126 0.9627291702919858 0.9628953979535513 0.963060913826991 0.9632257206915087 0.9633898213179264 0.9635532184686892 0.9637159148978642 0.9638779133511453 0.96403921656585 0.96419982727093 0.9643597481869661 0.9645189820261748 0.9646775314924119 0.9648353992811742 0.9649925880796046 0.9651491005664954 0.9653049394122928 0.9654601072791018 0.9656146068206912 0.9657684406824958 0.9659216115016263 
0.919898562581634 0.9202389536824627 0.9205780350345798 0.9209158104620239 0.9212522837889126 0.9215874588393118 0.9219213394371116 0.9222539294059009 0.9225852325688415 0.9229152527485474 0.923243993766963 0.9235714594452435 0.9238976536036345 0.9242225800613577 0.9245462426364905 0.9248686451458545 0.9251897914049012 0.9255096852275979 0.9258283304263177 0.92614573081173 0.9264618901926904 0.926776812376134 0.9270905011669686 0.9274029603679703 0.9277141937796785 0.9280242052002927 0.9283329984255742 0.9286405772487389 0.9289469454603669 0.9292521068482953 0.9295560651975285 0.9298588242901367 0.9301603879051654 0.9304607598185393 0.930759943802969 0.931057943627863 0.9313547630592336 0.9316504058596096 0.9319448757879472 0.9322381765995436 0.93253031204595 0.9328212858748882 0.9331111018301652 0.9333997636515896 0.9336872750748917 0.9339736398316403 0.9342588616491654 0.934542944250478 0.9348258913541905 0.9351077066744444 0.9353883939208294 0.9356679567983111 0.9359463990071575 0.9362237242428639 0.9364999361960835 0.9367750385525546 0.937049034993031 0.9373219291932129 0.9375937248236783 0.9378644255498163 0.9381340350317602 
0.8604977918203134 0.8610472608683883 0.8615949808162346 0.8621409536492419 0.8626851813851362 0.8632276660736167 0.8637684097959941 0.8643074146648322 0.8648446828235896 0.8653802164462657 0.8659140177370461 0.8664460889299508 0.8669764322884854 0.8675050501052921 0.8680319447018061 0.8685571184279084 0.8690805736615863 0.8696023128085912 0.8701223383021037 0.8706406526023922 0.8711572581964842 0.8716721575978292 0.8721853533459711 0.8726968480062185 0.8732066441693174 0.8737147444511284 0.8742211514923024 0.8747258679579599 0.8752288965373733 0.875730239943648 0.8762299009134098 0.8767278822064888 0.8772241866056116 0.8777188169160903 0.8782117759655144 0.8787030666034479 0.8791926917011239 0.8796806541511444 0.8801669568671792 0.8806516027836706 0.8811345948555365 0.8816159360578759 0.882095629385679 0.8825736778535365 0.8830500844953504 0.8835248523640495 0.8839979845313062 0.8844694840872527 0.8849393541401993 0.8854075978163625 0.8858742182595791 0.8863392186310399 0.886802602109013 0.8872643718885729 0.8877245311813351 0.8881830832151849 0.8886400312340152 0.8890953784974629 0.8895491282806469 0.8900012838739091 0.8904518485825577 
0.7702196722464776 0.771003726723235 0.7717862339509782 0.7725671876523659 0.7733465816415868 0.774124409823939 0.7749006661954034 0.7756753448422141 0.7764484399404321 0.7772199457555096 0.7779898566418588 0.7787581670424147 0.7795248714881972 0.7802899645978714 0.7810534410773073 0.7818152957191353 0.7825755234023013 0.7833341190916217 0.784091077837334 0.784846394774648 0.7856000651232954 0.7863520841870761 0.7871024473534053 0.7878511500928598 0.7885981879587198 0.7893435565865128 0.7900872516935566 0.790829269078495 0.7915696046208454 0.7923082542805273 0.7930452140974107 0.7937804801908435 0.794514048759194 0.7952459160793819 0.7959760785064163 0.7967045324729278 0.7974312744887007 0.7981563011402073 0.79887960909014 0.7996011950769424 0.8003210559143407 0.8010391884908736 0.8017555897694248 0.8024702567867525 0.8031831866530174 0.803894376551314 0.8046038237372013 0.8053115255382317 0.8060174793534751 0.8067216826530594 0.807424132977687 0.8081248279381741 0.8088237652149732 0.8095209425577061 0.810216357784695 0.8109100087824865 0.8116018935053886 0.8122920099749953 0.8129803562797211 0.8136669305743276 0.814351731079461 
0.654441973082774 0.6553343957615168 0.6562270713841405 0.6571199794227189 0.6580130994472277 0.6589064111260907 0.6597998942267109 0.6606935286159927 0.6615872942608514 0.6624811712287113 0.6633751396879929 0.6642691799085865 0.6651632722623187 0.6660573972234021 0.666951535368878 0.6678456673790458 0.6687397740378815 0.6696338362334464 0.6705278349582816 0.6714217513097951 0.6723155664906351 0.6732092618090528 0.6741028186792577 0.674996218621756 0.6758894432636831 0.6767824743391231 0.6776752936894204 0.6785678832634748 0.6794602251180348 0.6803523014179694 0.6812440944365434 0.6821355865556644 0.6830267602661415 0.6839175981679111 0.6848080829702704 0.6856981974920914 0.686587924662027 0.6874772475187073 0.688366149210927 0.6892546129978222 0.6901426222490354 0.6910301604448755 0.6919172111764631 0.6928037581458708 0.6936897851662494 0.6945752761619477 0.6954602151686247 0.6963445863333495 0.6972283739146872 0.6981115622827931 0.698994135919472 0.6998760794182545 0.7007573774844444 0.7016380149351684 0.7025179766994174 0.7033972478180681 0.704275813443912 0.7051536588416618 0.7060307693879584 0.7069071305713628 0.7077827279923494 
0.5461082445745252 0.546750401068327 0.5473960772981127 0.5480452493253081 0.5486978931361643 0.5493539846435274 0.5500134996886007 0.5506764140427142 0.5513427034090863 0.552012343424588 0.5526853096615035 0.5533615776292904 0.5540411227763375 0.5547239204917196 0.5554099461069533 0.5560991748977436 0.5567915820857366 0.5574871428402619 0.5581858322800755 0.5588876254750996 0.5595924974481566 0.560300423176702 0.5610113775945523 0.5617253355936092 0.5624422720255786 0.5631621617036866 0.5638849794043916 0.5646106998690889 0.5653392978058135 0.5660707478909344 0.5668050247708496 0.5675421030636668 0.5682819573608885 0.5690245622290835 0.5697698922115555 0.5705179218300087 0.5712686255862004 0.5720219779635934 0.5727779534289988 0.573536526434214 0.574297671417651 0.5750613628059607 0.575827575015649 0.576596282454686 0.5773674595241056 0.5781410806196013 0.578917120133112 0.5796955524544013 0.5804763519726237 0.5812594930778955 0.5820449501628392 0.5828326976241373 0.5836227098640646 0.5844149612920193 0.5852094263260451 0.5860060793943376 0.5868048949367518 0.5876058474062928 0.5884089112706012 0.5892140610134251 0.5900212711360913 
0.5000000891205956 0.5000037681199809 0.5000128434612336 0.5000273147525642 0.5000471813692575 0.5000724424537306 0.5001030969156113 0.5001391434318375 0.5001805804467798 0.5002274061723829 0.5002796185883303 0.5003372154422291 0.5004001942498163 0.5004685522951873 0.5005422866310435 0.5006213940789629 0.5007058712296911 0.5007957144434529 0.5008909198502858 0.5009914833503937 0.5010974006145216 0.5012086670843514 0.5013252779729185 0.5014472282650485 0.5015745127178153 0.5017071258610186 0.5018450619976842 0.5019883152045814 0.5021368793327639 0.5022907480081277 0.5024499146319937 0.502614372381705 0.5027841142112481 0.5029591328518923 0.5031394208128493 0.5033249703819527 0.5035157736263558 0.5037118223932507 0.5039131083106055 0.5041196227879213 0.5043313570170076 0.5045483019727773 0.5047704484140607 0.5049977868844384 0.5052303077130909 0.5054680010156694 0.5057108566951833 0.5059588644429076 0.5062120137393038 0.5064702938549666 0.5067336938515792 0.5070022025828953 0.50727580869573 0.5075545006309755 0.5078382666246289 0.5081270947088395 0.5084209727129724 0.5087198882646881 0.5090238287910406 0.5093327815195882 0.509646733479526 
0.5458757122593169 0.5452383932770857 0.5446046503000945 0.5439745070011013 0.5433479869699758 0.542725113711934 0.5421059106457696 0.5414904011020905 0.5408786083215505 0.5402705554530896 0.5396662655521687 0.5390657615790105 0.5384690663968414 0.5378762027701339 0.5372871933628528 0.5367020607367038 0.5361208273493847 0.5355435155528396 0.5349701475915156 0.5344007456006243 0.5338353316044055 0.5332739275143968 0.5327165551277039 0.5321632361252784 0.5316139920701999 0.5310688444059608 0.5305278144547565 0.5299909234157834 0.5294581923635386 0.5289296422461289 0.5284052938835818 0.5278851679661671 0.5273692850527195 0.5268576655689727 0.5263503298058982 0.525847297918049 0.5253485899219146 0.5248542256942808 0.5243642249705978 0.5238786073433548 0.5233973922604663 0.5229205990236623 0.5224482467868913 0.5219803545547267 0.5215169411807887 0.5210580253661715 0.5206036256578779 0.5201537604472681 0.5197084479685183 0.5192677062970823 0.5188315533481744 0.5184000068752521 0.5179730844685176 0.5175508035534258 0.5171331813892029 0.5167202350673819 0.5163119815103415 0.5159084374698643 0.5155096195257016 0.5151155440841544 0.5147262273766632 
0.6541176646145108 0.6532256200708102 0.6523338773741733 0.6514424573776689 0.6505513810297565 0.6496606693736755 0.6487703435468284 0.6478804247801475 0.6469909343974523 0.6461018938147927 0.6452133245397846 0.6443252481709275 0.6434376863969139 0.6425506609959275 0.6416641938349243 0.6407783068689087 0.6398930221401899 0.6390083617776339 0.6381243479958958 0.6372410030946452 0.6363583494577778 0.6354764095526154 0.6345952059290909 0.6337147612189256 0.632835098134791 0.6319562394694591 0.6310782080949413 0.6302010269616145 0.6293247190973341 0.6284493076065379 0.6275748156693332 0.6267012665405768 0.6258286835489363 0.624957090095948 0.624086509655055 0.6232169657706337 0.6223484820570164 0.6214810821974905 0.6206147899432937 0.6197496291125923 0.6188856235894514 0.618022797322791 0.6171611743253289 0.6163007786725134 0.615441634501446 0.6145837660097877 0.613727197454655 0.6128719531515059 0.6120180574730163 0.6111655348479315 0.6103144097599293 0.6094647067464459 0.6086164503975104 0.6077696653545566 0.6069243763092235 0.6060806080021535 0.6052383852217671 0.604397732803035 0.6035586756262343 0.6027212386156986 0.6018854467385479 
0.7699343042694407 0.7691481504348434 0.7683604645538302 0.7675712532146832 0.7667805230990345 0.7659882809822782 0.7651945337339765 0.7643992883182646 0.7636025517942535 0.7628043313164286 0.7620046341350459 0.761203467596526 0.7604008391438424 0.7595967563169115 0.7587912267529735 0.757984258186976 0.7571758584519481 0.7563660354793773 0.7555547972995782 0.7547421520420592 0.7539281079358877 0.7531126733100486 0.7522958565937989 0.751477666317022 0.750658111110575 0.7498371997066331 0.7490149409390285 0.7481913437435892 0.7473664171584682 0.7465401703244727 0.745712612485387 0.7448837529882923 0.744053601283879 0.7432221669267589 0.7423894595757694 0.7415554889942741 0.7407202650504588 0.7398837977176227 0.7390460970744648 0.7382071733053621 0.7373670367006506 0.736525697656891 0.7356831666771384 0.7348394543711982 0.733994571455886 0.7331485287552731 0.7323013372009316 0.7314530078321719 0.7306035517962786 0.7297529803487295 0.7289013048534272 0.7280485367829037 0.7271946877185371 0.7263397693507507 0.7254837934792078 0.7246267720130073 0.7237687169708634 0.7229096404812843 0.7220495547827435 0.7211884722238471 0.7203264052634855 
0.8602976386241155 0.8597457815781335 0.8591921708701389 0.8586368046261914 0.8580796810062918 0.8575207982047555 0.8569601544505865 0.8563977480078555 0.8558335771760766 0.8552676402905892 0.854699935722939 0.8541304618812616 0.8535592172106692 0.8529862001936362 0.8524114093503914 0.8518348432393055 0.8512565004572863 0.8506763796401722 0.8500944794631284 0.849510798641044 0.8489253359289335 0.8483380901223372 0.8477490600577231 0.8471582446128936 0.8465656427073898 0.8459712533029018 0.8453750754036755 0.8447771080569269 0.8441773503532524 0.8435758014270451 0.8429724604569099 0.8423673266660816 0.8417603993228431 0.8411516777409479 0.8405411612800415 0.8399288493460834 0.8393147413917765 0.838698836916989 0.8380811354691871 0.8374616366438605 0.8368403400849566 0.8362172454853123 0.8355923525870868 0.8349656611821964 0.8343371711127543 0.8337068822715057 0.8330747946022664 0.8324409081003658 0.8318052228130881 0.8311677388401115 0.8305284563339603 0.8298873755004421 0.8292444965990999 0.8285998199436584 0.827953345902471 0.8273050748989732 0.8266550074121313 0.8260031439768949 0.8253494851846508 0.8246940316836788 0.8240367841796022 
SCALARS active_grain_id double 1
LOOKUP_TABLE default
2 2 2 2 2 2 2 2 2 2 2 2 2 2 2 2 2 2 2 2 2 2 2 2 2 2 2 2 2 2 2 2 2 2 2 2 2 2 2 2 2 2 2 2 2 2 2 2 2 2 2 2 2 2 2 2 2 2 2 2 2 
2 2 2 2 2 2 2 2 2 2 2 2 2 2 2 2 2 2 2 2 2 2 2 2 2 2 2 2 2 2 2 2 2 2 2 2 2 2 2 2 2 2 2 2 2 2 2 2 2 2 2 2 2 2 2 2 2 2 2 2 2 
2 2 2 2 2 2 2 2 2 2 2 2 2 2 2 2 2 2 2 2 2 2 2 2 2 2 2 2 2 2 2 2 2 2 2 2 2 2 2 2 2 2 2 2 2 2 2 2 2 2 2 2 2 2 2 2 2 2 2 2 2 
2 2 2 2 2 2 2 2 2 2 2 2 2 2 2 2 2 2 2 2 2 2 2 2 2 2 2 2 2 2 2 2 2 2 2 2 2 2 2 2 2 2 2 2 2 2 2 2 2 2 2 2 2 2 2 2 2 2 2 2 2 
2 2 2 2 2 2 2 2 2 2 2 2 2 2 2 2 2 2 2 2 2 2 2 2 2 2 2 2 2 2 2 2 2 2 2 2 2 2 2 2 2 2 2 2 2 2 2 2 2 2 2 2 2 2 2 2 2 2 2 2 2 
2 2 2 2 2 2 2 2 2 2 2 2 2 2 2 2 2 2 2 2 2 2 2 2 2 2 2 2 2 2 2 2 2 2 2 2 2 2 2 2 2 2 2 2 2 2 2 2 2 2 2 2 2 2 2 2 2 2 2 2 2 
2 2 2 2 2 2 2 2 2 2 2 2 2 2 2 2 2 2 2 2 2 2 2 2 2 2 2 2 2 2 2 2 2 2 2 2 2 2 2 2 2 2 2 2 2 2 2 2 2 2 2 2 2 2 2 2 2 2 2 2 2 
2 2 2 2 2 2 2 2 2 2 2 2 2 2 2 2 2 2 2 2 2 2 2 2 2 2 2 2 2 2 2 2 2 2 2 2 2 2 2 2 2 2 2 2 2 2 2 2 2 2 2 2 2 2 2 2 2 2 2 2 2 
2 2 2 2 2 2 2 2 2 2 2 2 2 2 2 2 2 2 2 2 2 2 2 2 2 2 2 2 2 2 2 2 2 2 2 2 2 2 2 2 2 2 2 2 2 2 2 2 2 2 2 2 2 2 2 2 2 2 2 2 2 
2 2 2 2 2 2 2 2 2 2 2 2 2 2 2 2 2 2 2 2 2 2 2 2 2 2 2 2 2 2 2 2 2 2 2 2 2 2 2 2 2 2 2 2 2 2 2 2 2 2 2 2 2 2 2 2 2 2 2 2 2 
2 2 2 2 2 2 2 2 2 2 2 2 2 2 2 2 2 2 2 2 2 2 2 2 2 2 2 2 2 2 2 2 2 2 2 2 2 2 2 2 2 2 2 2 2 2 2 2 2 2 2 2 2 2 2 2 2 2 2 2 2 
2 2 2 2 2 2 2 2 2 2 2 2 2 2 2 2 2 2 2 2 2 2 2 2 2 2 2 2 2 2 2 2 2 2 2 2 2 2 2 2 2 2 2 2 2 2 2 2 2 2 2 2 2 2 2 2 2 2 2 2 2 
2 2 2 2 2 2 2 2 2 2 2 2 2 2 2 2 2 2 2 2 2 2 2 2 2 2 2 2 2 2 2 2 2 2 2 2 2 2 2 2 2 2 2 2 2 2 2 2 2 2 2 2 2 2 2 2 2 2 2 2 2 
2 2 2 2 2 2 2 2 2 2 2 2 2 2 2 2 2 2 2 2 2 2 2 2 2 2 2 2 2 2 2 2 2 2 2 2 2 2 2 2 2 2 2 2 2 2 2 2 2 2 2 2 2 2 2 2 2 2 2 2 2 
2 2 2 2 2 2 2 2 2 2 2 2 2 2 2 2 2 2 2 2 2 2 2 2 2 2 2 2 2 2 2 2 2 2 2 2 2 2 2 2 2 2 2 2 2 2 2 2 2 2 2 2 2 2 2 2 2 2 2 2 2 
2 2 2 2 2 2 2 2 2 2 2 2 2 2 2 2 2 2 2 2 2 2 2 2 2 2 2 2 2 2 2 2 2 2 2 2 2 2 2 2 2 2 2 2 2 2 2 2 2 2 2 2 2 2 2 2 2 2 2 2 2 
2 2 2 2 2 2 2 2 2 2 2 2 2 2 2 2 2 2 2 2 2 2 2 2 2 2 2 2 2 2 2 2 2 2 2 2 2 2 2 2 2 2 2 2 2 2 2 2 2 2 2 2 2 2 2 2 2 2 2 2 2 
2 2 2 2 2 2 2 2 2 2 2 2 2 2 2 2 2 2 2 2 2 2 2 2 2 2 2 2 2 2 2 2 2 2 2 2 2 2 2 2 2 2 2 2 2 2 2 2 2 2 2 2 2 2 2 2 2 2 2 2 2 
2 2 2 2 2 2 2 2 2 2 2 2 2 2 2 2 2 2 2 2 2 2 2 2 2 2 2 2 2 2 2 2 2 2 2 2 2 2 2 2 2 2 2 2 2 2 2 2 2 2 2 2 2 2 2 2 2 2 2 2 2 
2 2 2 2 2 2 2 2 2 2 2 2 2 2 2 2 2 2 2 2 2 2 2 2 2 2 2 2 2 2 2 2 2 2 2 2 2 2 2 2 2 2 2 2 2 2 2 2 2 2 2 2 2 2 2 2 2 2 2 2 2 
2 2 2 2 2 2 2 2 2 2 2 2 2 2 2 2 2 2 2 2 2 2 2 2 2 2 2 2 2 2 2 2 2 2 2 2 2 2 2 2 2 2 2 2 2 2 2 2 2 2 2 2 2 2 2 2 2 2 2 2 2 
2 2 2 2 2 2 2 2 2 2 2 2 2 2 2 2 2 2 2 2 2 2 2 2 2 2 2 2 2 2 2 2 2 2 2 2 2 2 2 2 2 2 2 2 2 2 2 2 2 2 2 2 2 2 2 2 2 2 2 2 2 
2 2 2 2 2 2 2 2 2 2 2 2 2 2 2 2 2 2 2 2 2 2 2 2 2 2 2 2 2 2 2 2 2 2 2 2 2 2 2 2 2 2 2 2 2 2 2 2 2 2 2 2 2 2 2 2 2 2 2 2 2 
2 2 2 2 2 2 2 2 2 2 2 2 2 2 2 2 2 2 2 2 2 2 2 2 2 2 2 2 2 2 2 2 2 2 2 2 2 2 2 2 2 2 2 2 2 2 2 2 2 2 2 2 2 2 2 2 2 2 2 2 2 
2 2 2 2 2 2 2 2 2 2 2 2 2 2 2 2 2 2 2 2 2 2 2 2 2 2 2 2 2 2 2 2 2 2 2 2 2 2 2 2 2 2 2 2 2 2 2 2 2 2 2 2 2 2 2 2 2 2 2 2 2 
2 2 2 2 2 2 2 2 2 2 2 2 2 2 2 2 2 2 2 2 2 2 2 2 2 2 2 2 0 0 0 0 0 2 2 2 2 2 2 2 2 2 2 2 2 2 2 2 2 2 2 2 2 2 2 2 2 2 2 2 2 
1 1 1 1 1 1 1 1 1 1 1 1 1 1 1 1 1 1 1 1 1 1 1 1 1 1 1 0 0 0 0 0 0 0 1 1 1 1 1 1 1 1 1 1 1 1 1 1 1 1 1 1 1 1 1 1 1 1 1 1 1 
1 1 1 1 1 1 1 1 1 1 1 1 1 1 1 1 1 1 1 1 1 1 1 1 1 1 0 0 0 0 0 0 0 0 0 1 1 1 1 1 1 1 1 1 1 1 1 1 1 1 1 1 1 1 1 1 1 1 1 1 1 
1 1 1 1 1 1 1 1 1 1 1 1 1 1 1 1 1 1 1 1 1 1 1 1 1 0 0 0 0 0 0 0 0 0 0 0 1 1 1 1 1 1 1 1 1 1 1 1 1 1 1 1 1 1 1 1 1 1 1 1 1 
1 1 1 1 1 1 1 1 1 1 1 1 1 1 1 1 1 1 1 1 1 1 1 1 1 0 0 0 0 0 0 0 0 0 0 0 1 1 1 1 1 1 1 1 1 1 1 1 1 1 1 1 1 1 1 1 1 1 1 1 1 
1 1 1 1 1 1 1 1 1 1 1 1 1 1 1 1 1 1 1 1 1 1 1 1 1 0 0 0 0 0 0 0 0 0 0 0 1 1 1 1 1 1 1 1 1 1 1 1 1 1 1 1 1 1 1 1 1 1 1 1 1 
1 1 1 1 1 1 1 1 1 1 1 1 1 1 1 1 1 1 1 1 1 1 1 1 1 0 0 0 0 0 0 0 0 0 0 0 1 1 1 1 1 1 1 1 1 1 1 1 1 1 1 1 1 1 1 1 1 1 1 1 1 
1 1 1 1 1 1 1 1 1 1 1 1 1 1 1 1 1 1 1 1 1 1 1 1 1 0 0 0 0 0 0 0 0 0 0 0 1 1 1 1 1 1 1 1 1 1 1 1 1 1 1 1 1 1 1 1 1 1 1 1 1 
1 1 1 1 1 1 1 1 1 1 1 1 1 1 1 1 1 1 1 1 1 1 1 1 1 1 0 0 0 0 0 0 0 0 0 1 1 1 1 1 1 1 1 1 1 1 1 1 1 1 1 1 1 1 1 1 1 1 1 1 1 
1 1 1 1 1 1 1 1 1 1 1 1 1 1 1 1 1 1 1 1 1 1 1 1 1 1 1 0 0 0 0 0 0 0 1 1 1 1 1 1 1 1 1 1 1 1 1 1 1 1 1 1 1 1 1 1 1 1 1 1 1 
1 1 1 1 1 1 1 1 1 1 1 1 1 1 1 1 1 1 1 1 1 1 1 1 1 1 1 1 0 0 0 0 0 1 1 1 1 1 1 1 1 1 1 1 1 1 1 1 1 1 1 1 1 1 1 1 1 1 1 1 1 
1 1 1 1 1 1 1 1 1 1 1 1 1 1 1 1 1 1 1 1 1 1 1 1 1 1 1 1 1 1 1 1 1 1 1 1 1 1 1 1 1 1 1 1 1 1 1 1 1 1 1 1 1 1 1 1 1 1 1 1 1 
1 1 1 1 1 1 1 1 1 1 1 1 1 1 1 1 1 1 1 1 1 1 1 1 1 1 1 1 1 1 1 1 1 1 1 1 1 1 1 1 1 1 1 1 1 1 1 1 1 1 1 1 1 1 1 1 1 1 1 1 1 
1 1 1 1 1 1 1 1 1 1 1 1 1 1 1 1 1 1 1 1 1 1 1 1 1 1 1 1 1 1 1 1 1 1 1 1 1 1 1 1 1 1 1 1 1 1 1 1 1 1 1 1 1 1 1 1 1 1 1 1 1 
1 1 1 1 1 1 1 1 1 1 1 1 1 1 1 1 1 1 1 1 1 1 1 1 1 1 1 1 1 1 1 1 1 1 1 1 1 1 1 1 1 1 1 1 1 1 1 1 1 1 1 1 1 1 1 1 1 1 1 1 1 
1 1 1 1 1 1 1 1 1 1 1 1 1 1 1 1 1 1 1 1 1 1 1 1 1 1 1 1 1 1 1 1 1 1 1 1 1 1 1 1 1 1 1 1 1 1 1 1 1 1 1 1 1 1 1 1 1 1 1 1 1 
1 1 1 1 1 1 1 1 1 1 1 1 1 1 1 1 1 1 1 1 1 1 1 1 1 1 1 1 1 1 1 1 1 1 1 1 1 1 1 1 1 1 1 1 1 1 1 1 1 1 1 1 1 1 1 1 1 1 1 1 1 
1 1 1 1 1 1 1 1 1 1 1 1 1 1 1 1 1 1 1 1 1 1 1 1 1 1 1 1 1 1 1 1 1 1 1 1 1 1 1 1 1 1 1 1 1 1 1 1 1 1 1 1 1 1 1 1 1 1 1 1 1 
1 1 1 1 1 1 1 1 1 1 1 1 1 1 1 1 1 1 1 1 1 1 1 1 1 1 1 1 1 1 1 1 1 1 1 1 1 1 1 1 1 1 1 1 1 1 1 1 1 1 1 1 1 1 1 1 1 1 1 1 1 
1 1 1 1 1 1 1 1 1 1 1 1 1 1 1 1 1 1 1 1 1 1 1 1 1 1 1 1 1 1 1 1 1 1 1 1 1 1 1 1 1 1 1 1 1 1 1 1 1 1 1 1 1 1 1 1 1 1 1 1 1 
1 1 1 1 1 1 1 1 1 1 1 1 1 1 1 1 1 1 1 1 1 1 1 1 1 1 1 1 1 1 1 1 1 1 1 1 1 1 1 1 1 1 1 1 1 1 1 1 1 1 1 1 1 1 1 1 1 1 1 1 1 
1 1 1 1 1 1 1 1 1 1 1 1 1 1 1 1 1 1 1 1 1 1 1 1 1 1 1 1 1 1 1 1 1 1 1 1 1 1 1 1 1 1 1 1 1 1 1 1 1 1 1 1 1 1 1 1 1 1 1 1 1 
1 1 1 1 1 1 1 1 1 1 1 1 1 1 1 1 1 1 1 1 1 1 1 1 1 1 1 1 1 1 1 1 1 1 1 1 1 1 1 1 1 1 1 1 1 1 1 1 1 1 1 1 1 1 1 1 1 1 1 1 1 
1 1 1 1 1 1 1 1 1 1 1 1 1 1 1 1 1 1 1 1 1 1 1 1 1 1 1 1 1 1 1 1 1 1 1 1 1 1 1 1 1 1 1 1 1 1 1 1 1 1 1 1 1 1 1 1 1 1 1 1 1 
1 1 1 1 1 1 1 1 1 1 1 1 1 1 1 1 1 1 1 1 1 1 1 1 1 1 1 1 1 1 1 1 1 1 1 1 1 1 1 1 1 1 1 1 1 1 1 1 1 1 1 1 1 1 1 1 1 1 1 1 1 
1 1 1 1 1 1 1 1 1 1 1 1 1 1 1 1 1 1 1 1 1 1 1 1 1 1 1 1 1 1 1 1 1 1 1 1 1 1 1 1 1 1 1 1 1 1 1 1 1 1 1 1 1 1 1 1 1 1 1 1 1 
1 1 1 1 1 1 1 1 1 1 1 1 1 1 1 1 1 1 1 1 1 1 1 1 1 1 1 1 1 1 1 1 1 1 1 1 1 1 1 1 1 1 1 1 1 1 1 1 1 1 1 1 1 1 1 1 1 1 1 1 1 
1 1 1 1 1 1 1 1 1 1 1 1 1 1 1 1 1 1 1 1 1 1 1 1 1 1 1 1 1 1 1 1 1 1 1 1 1 1 1 1 1 1 1 1 1 1 1 1 1 1 1 1 1 1 1 1 1 1 1 1 1 
1 1 1 1 1 1 1 1 1 1 1 1 1 1 1 1 1 1 1 1 1 1 1 1 1 1 1 1 1 1 1 1 1 1 1 1 1 1 1 1 1 1 1 1 1 1 1 1 1 1 1 1 1 1 1 1 1 1 1 1 1 
1 1 1 1 1 1 1 1 1 1 1 1 1 1 1 1 1 1 1 1 1 1 1 1 1 1 1 1 1 1 1 1 1 1 1 1 1 1 1 1 1 1 1 1 1 1 1 1 1 1 1 1 1 1 1 1 1 1 1 1 1 
1 1 1 1 1 1 1 1 1 1 1 1 1 1 1 1 1 1 1 1 1 1 1 1 1 1 1 1 1 1 1 1 1 1 1 1 1 1 1 1 1 1 1 1 1 1 1 1 1 1 1 1 1 1 1 1 1 1 1 1 1 
1 1 1 1 1 1 1 1 1 1 1 1 1 1 1 1 1 1 1 1 1 1 1 1 1 1 1 1 1 1 1 1 1 1 1 1 1 1 1 1 1 1 1 1 1 1 1 1 1 1 1 1 1 1 1 1 1 1 1 1 1 
2 2 2 2 2 2 2 2 2 2 2 2 2 2 2 2 2 2 2 2 2 2 2 2 2 2 2 2 2 2 2 2 2 2 2 2 2 2 2 2 2 2 2 2 2 2 2 2 2 2 2 2 2 2 2 2 2 2 2 2 2 
2 2 2 2 2 2 2 2 2 2 2 2 2 2 2 2 2 2 2 2 2 2 2 2 2 2 2 2 2 2 2 2 2 2 2 2 2 2 2 2 2 2 2 2 2 2 2 2 2 2 2 2 2 2 2 2 2 2 2 2 2 
2 2 2 2 2 2 2 2 2 2 2 2 2 2 2 2 2 2 2 2 2 2 2 2 2 2 2 2 2 2 2 2 2 2 2 2 2 2 2 2 2 2 2 2 2 2 2 2 2 2 2 2 2 2 2 2 2 2 2 2 2 
2 2 2 2 2 2 2 2 2 2 2 2 2 2 2 2 2 2 2 2 2 2 2 2 2 2 2 2 2 2 2 2 2 2 2 2 2 2 2 2 2 2 2 2 2 2 2 2 2 2 2 2 2 2 2 2 2 2 2 2 2 
SCALARS eta_1 double 1
LOOKUP_TABLE default
0.04186546030225313 0.04205222467304959 0.04223978548054355 0.04242814579276992 0.04261730868664346 0.04280727724795706 0.04299805457137983 0.04318964376045466 0.04338204792759588 0.04357527019408604 0.04376931369007266 0.04396418155456478 0.0441598769354289 0.0443564029893846 0.04455376288200026 0.04475195978768755 0.04495099688969674 0.04515087738011038 0.04535160445983784 0.04555318133860865 0.04575561123496572 0.04595889737625828 0.04616304299863451 0.04636805134703366 0.04657392567517749 0.04678066924556205 0.04698828532944882 0.04719677720685473 0.04740614816654293 0.04761640150601237 0.04782754053148734 0.04803956855790636 0.04825248890891118 0.0484663049168346 0.04868101992268832 0.04889663727615089 0.04911316033555384 0.04933059246786883 0.04954893704869349 0.04976819746223757 0.04998837710130749 0.05020947936729187 0.05043150767014495 0.05065446542837233 0.0508783560690123 0.0511031830276199 0.05132894974824999 0.05155565968343887 0.05178331629418488 0.05201192304993232 0.05224148342854871 0.05247200091630804 0.0527034790078684 0.05293592120625211 0.05316933102282517 0.05340371197727385 0.05363906759758415 0.05387540142001816 0.0541127169890912 0.05435101785754737 0.05459030758633669 
0.02282517816410192 0.02292903536394152 0.02303335398710666 0.02313813598206767 0.02324338330459622 0.02334909791778415 0.02345528179206226 0.02356193690521879 0.02366906524241836 0.0237766687962204 0.02388474956659776 0.0239933095609552 0.02410235079414805 0.02421187528850039 0.02432188507382372 0.02443238218743496 0.02454336867417514 0.02465484658642736 0.02476681798413509 0.02487928493482034 0.02499224951360165 0.0251057138032122 0.0252196798940178 0.02533414988403483 0.02544912587894786 0.02556460999212775 0.02568060434464936 0.02579711106530902 0.02591413229064229 0.02603167016494145 0.02614972684027303 0.02626830447649512 0.02638740524127491 0.02650703131010567 0.02662718486632414 0.02674786810112769 0.02686908321359116 0.02699083241068399 0.02711311790728696 0.02723594192620933 0.0273593066982051 0.02748321446199005 0.02760766746425772 0.02773266795969704 0.02785821821100726 0.02798432048891526 0.02811097707219131 0.02823819024766553 0.02836596231024318 0.02849429556292188 0.02862319231680577 0.02875265489112274 0.02888268561323894 0.02901328681867484 0.02914446085112087 0.02927621006245191 0.02940853681274339 0.02954144347028583 0.0296749324116001 0.02980900602145175 0.02994366669286666 
0.01233289491416153 0.01238961632227962 0.01244659531577978 0.01250383303411332 0.01256133062149258 0.01261908922690833 0.01267711000414709 0.01273539411180842 0.01279394271332244 0.0128527569769672 0.01291183807588627 0.01297118718810608 0.01303080549655375 0.01309069418907436 0.01315085445844895 0.01321128750241182 0.01327199452366856 0.01333297672991356 0.01339423533384793 0.01345577155319726 0.01351758661072942 0.01357968173427255 0.0136420581567329 0.01370471711611287 0.01376765985552879 0.0138308876232292 0.01389440167261278 0.01395820326224643 0.01402229365588342 0.01408667412248148 0.01415134593622111 0.01421631037652368 0.01428156872806979 0.01434712228081741 0.01441297233002033 0.01447912017624649 0.01454556712539623 0.01461231448872087 0.01467936358284096 0.01474671572976501 0.01481437225690774 0.01488233449710861 0.01495060378865051 0.01501918147527851 0.01508806890621793 0.01515726743619348 0.01522677842544769 0.01529660323975981 0.01536674325046408 0.01543719983446925 0.01550797437427644 0.01557906825799873 0.01565048287937941 0.01572221963781111 0.01579427993835484 0.01586666519175837 0.0159393768144757 0.0160124162286857 0.01608578486231124 0.01615948414903784 0.01623351552833326 
0.006630978007618327 0.006661652057157371 0.006692467044934532 0.006723423609655484 0.006754522392838242 0.006785764038824703 0.006817149194792376 0.006848678510766025 0.006880352639629464 0.006912172237137283 0.006944137961926725 0.006976250475529492 0.007008510442383709 0.007040918529845825 0.007073475408202636 0.007106181750683269 0.007139038233471303 0.007172045535716838 0.007205204339548683 0.007238515330086532 0.00727197919545321 0.007305596626786928 0.007339368318253634 0.007373294967059395 0.00740737727346272 0.007441615940787045 0.007476011675433326 0.007510565186892399 0.007545277187757629 0.007580148393737573 0.007615179523668557 0.007650371299527416 0.007685724446444245 0.007721239692715166 0.007756917769815136 0.007792759412410873 0.007828765358373719 0.007864936348792609 0.007901273127987047 0.007937776443520256 0.007974447046212052 0.00801128569015218 0.008048293132713319 0.008085470134564531 0.008122817459684156 0.008160335875373424 0.00819802615226963 0.008235889064359649 0.008273925388993113 0.008312135906896317 0.008350521402185184 0.008389082662379307 0.00842782047841523 0.008466735644660188 0.008505828958925942 0.008545101222482204 0.00858455324007071 0.008624185819918858 0.008663999773753673 0.008703995916815496 0.008744175067872329 
0.003555760567659249 0.003572260214331048 0.003588836147870283 0.003605488718427813 0.003622218277737808 0.003639025179124674 0.003655909777510044 0.003672872429419737 0.003689913492990816 0.003707033327978594 0.003724232295763775 0.0037415107593595 0.003758869083418531 0.003776307634240381 0.00379382677977855 0.003811426889647706 0.003829108335130962 0.003846871489187155 0.003864716726458174 0.003882644423276277 0.00390065495767147 0.003918748709378915 0.003936926059846355 0.003955187392241597 0.003973533091459956 0.003991963544131819 0.004010479138630198 0.004029080265078268 0.004047767315357036 0.004066540683112938 0.004085400763765536 0.004104347954515216 0.004123382654350939 0.004142505264057979 0.004161716186225725 0.004181015825255553 0.004200404587368619 0.004219882880613791 0.004239451114875553 0.00425910970188201 0.004278859055212771 0.004298699590307064 0.004318631724471715 0.004338655876889332 0.004358772468626264 0.004378981922640872 0.00439928466379163 0.00441968111884544 0.004440171716485671 0.004460756887320736 0.00448143706389206 0.004502212680682714 0.004523084174125564 0.004544051982611795 0.004565116546499381 0.004586278308121411 0.004607537711794752 0.004628895203828497 0.004650351232532567 0.004671906248226253 0.004693560703247011 
0.001903988681122945 0.001912838393517675 0.00192172916005222 0.001930661170440314 0.001939634615265509 0.001948649685985073 0.001957706574933951 0.001966805475328704 0.001975946581271511 0.001985130087754125 0.00199435619066192 0.00200362508677789 0.002012936973786717 0.002022292050278812 0.002031690515754409 0.002041132570627663 0.002050618416230755 0.002060148254818033 0.00206972228957017 0.002079340724598323 0.002089003764948321 0.002098711616604874 0.002108464486495799 0.002118262582496267 0.002128106113433044 0.002137995289088783 0.00214793032020634 0.002157911418493053 0.0021679387966251 0.002178012668251857 0.002188133248000248 0.002198300751479158 0.002208515395283838 0.002218777397000326 0.002229086975209902 0.002239444349493562 0.002249849740436492 0.002260303369632578 0.002270805459688937 0.002281356234230458 0.002291955917904368 0.002302604736384814 0.002313302916377462 0.002324050685624163 0.002334848272907513 0.002345695908055595 0.002356593821946618 0.002367542246513661 0.002378541414749322 0.002389591560710586 0.002400692919523447 0.002411845727387806 0.002423050221582208 0.002434306640468691 0.002445615223497662 0.002456976211212699 0.002468389845255508 0.002479856368370793 0.002491376024411197 0.002502949058342218 0.002514575716247311 
0.001018736621908066 0.001023475914550216 0.001028237232292463 0.001033020677281278 0.001037826352134892 0.001042654359945448 0.001047504804281174 0.001052377789188561 0.00105727341919456 0.001062191799308765 0.001067133035025642 0.001072097232326733 0.001077084497682899 0.001082094938056543 0.001087128660903874 0.001092185774177158 0.001097266386326989 0.001102370606304573 0.001107498543564014 0.001112650308064617 0.001117826010273193 0.001123025761166387 0.001128249672233001 0.001133497855476353 0.001138770423416606 0.001144067489093145 0.001149389166066958 0.001154735568422997 0.001160106810772594 0.001165503008255857 0.001170924276544087 0.001176370731842209 0.001181842490891207 0.001187339670970573 0.001192862389900764 0.001198410766045687 0.001203984918315159 0.001209584966167419 0.001215211029611621 0.001220863229210355 0.001226541686082175 0.001232246521904128 0.001237977858914308 0.001243735819914442 0.001249520528272407 0.00125533210792486 0.00126117068337982 0.001267036379719276 0.001272929322601783 0.001278849638265155 0.001284797453529013 0.001290772895797531 0.001296776093062037 0.001302807173903713 0.001308866267496307 0.001314953503608788 0.001321069012608098 0.001327212925461861 0.001333385373741131 0.001339586489623109 0.00134581640589398 
0.0005448543438893473 0.0005473902837454588 0.0005499380202449328 0.0005524976082026051 0.0005550691026874522 0.0005576525590237609 0.0005602480327923131 0.0005628555798315616 0.0005654752562388269 0.0005681071183714839 0.0005707512228481712 0.0005734076265499881 0.0005760763866217105 0.0005787575604730067 0.0005814512057796592 0.0005841573804847912 0.0005868761428001015 0.0005896075512071037 0.0005923516644583703 0.0005951085415787827 0.0005978782418667882 0.0006006608248956597 0.0006034563505147644 0.0006062648788508419 0.0006090864703092731 0.0006119211855753722 0.0006147690856156807 0.0006176302316792559 0.0006205046852989765 0.0006233925082928548 0.0006262937627653475 0.0006292085111086761 0.0006321368160041588 0.0006350787404235356 0.00063803434763031 0.0006410037011810991 0.000643986864926976 0.0006469839030148316 0.0006499948798887372 0.0006530198602913154 0.0006560589092651131 0.0006591120921539856 0.0006621794746044818 0.0006652611225672507 0.0006683571022984216 0.0006714674803610292 0.0006745923236264187 0.0006777316992756753 0.0006808856748010308 0.0006840543180073319 0.0006872376970134358 0.0006904358802536965 0.000693648936479391 0.0006968769347601868 0.000700119944485622 0.0007033780353665492 0.000706651277436644 0.0007099397410538761 0.0007132434969020118 0.0007165626159920778 0.000719897169663951 
0.0002913419994022915 0.0002926983510077434 0.0002940610152922558 0.0002954300216187193 0.0002968053994864438 0.0002981871785317866 0.0002995753885287917 0.0003009700593898237 0.0003023712211662146 0.0003037789040488988 0.0003051931383690705 0.000306613954598826 0.0003080413833518216 0.0003094754553839248 0.0003109162015938785 0.0003123636530239583 0.0003138178408606409 0.00031527879643527 0.0003167465512247299 0.0003182211368521187 0.0003197025850874243 0.0003211909278482069 0.0003226861972002814 0.0003241884253584069 0.0003256976446869727 0.0003272138877006937 0.0003287371870653085 0.0003302675755982751 0.0003318050862694767 0.0003333497522019263 0.0003349016066724766 0.0003364606831125336 0.0003380270151087705 0.0003396006364038476 0.0003411815808971343 0.0003427698826454384 0.0003443655758637293 0.000345968694925875 0.0003475792743653763 0.0003491973488761062 0.0003508229533130525 0.0003524561226930653 0.0003540968921956024 0.0003557452971634921 0.0003574013731036745 0.0003590651556879738 0.0003607366807538565 0.0003624159843052028 0.0003641031025130656 0.0003657980717164649 0.0003675009284231418 0.0003692117093103581 0.0003709304512256701 0.0003726571911877204 0.0003743919663870358 0.0003761348141868095 0.0003778857721237145 0.0003796448779086987 0.0003814121694277959 0.0003831876847429208 0.0003849714620927214 
0.0001557666653827829 0.0001564919406690438 0.0001572205924256482 0.0001579526363665699 0.0001586880882788695 0.0001594269640230323 0.0001601692795333112 0.0001609150508180674 0.0001616642939601159 0.0001624170251170708 0.0001631732605216936 0.0001639330164822407 0.0001646963093828155 0.0001654631556837193 0.0001662335719218074 0.0001670075747108419 0.0001677851807418507 0.0001685664067834862 0.0001693512696823856 0.0001701397863635325 0.0001709319738306216 0.0001717278491664236 0.0001725274295331527 0.0001733307321728375 0.0001741377744076863 0.0001749485736404655 0.0001757631473548709 0.0001765815131159029 0.0001774036885702454 0.0001782296914466444 0.0001790595395562895 0.000179893250793196 0.0001807308431345913 0.0001815723346412987 0.0001824177434581269 0.0001832670878142616 0.0001841203860236541 0.0001849776564854166 0.0001858389176842178 0.0001867041881906798 0.000187573486661777 0.0001884468318412374 0.0001893242425599442 0.0001902057377363444 0.000191091336376849 0.0001919810575762464 0.0001928749205181105 0.0001937729444752148 0.0001946751488099418 0.0001955815529747084 0.0001964921765123716 0.0001974070390566588 0.0001983261603325836 0.00019924956015687 0.0002001772584383841 0.0002011092751785516 0.0002020456304717979 0.0002029863445059713 0.0002039314375627881 0.0002048809300182452 0.0002058348423430928 
8.327574803504679e-05 8.366352189676552e-05 8.405310127727429e-05 8.444449458185508e-05 8.483771025490629e-05 8.523275678012399e-05 8.562964268068518e-05 8.602837651943107e-05 8.642896689905222e-05 8.68314224622729e-05 8.723575189203785e-05 8.764196391169911e-05 8.805006728520441e-05 8.846007081728514e-05 8.887198335364646e-05 8.928581378115821e-05 8.970157102804553e-05 9.011926406408137e-05 9.053890190078097e-05 9.09604935915938e-05 9.138404823210007e-05 9.180957496020625e-05 9.22370829563417e-05 9.266658144365703e-05 9.309807968822192e-05 9.353158699922495e-05 9.396711272917482e-05 9.440466627410053e-05 9.484425707375505e-05 9.528589461181748e-05 9.572958841609797e-05 9.617534805874265e-05 9.662318315644036e-05 9.707310337062877e-05 9.752511840770301e-05 9.797923801922516e-05 9.843547200213325e-05 9.889383019895291e-05 9.935432249800923e-05 9.981695883363958e-05 0.0001002817491864077 0.0001007487035833185 0.0001012178320980335 0.0001016891448510901 0.0001021626520101155 0.0001026383637900489 0.0001031162904533602 0.0001035964423102717 0.0001040788297189779 0.0001045634630858734 0.0001050503528657706 0.00010553950956213 0.0001060309437272834 0.0001065246659626621 0.0001070206869190261 0.0001075190172966912 0.0001080196678457614 0.0001085226493663595 0.0001090279727088617 0.0001095356487741232 0.0001100456885137283 
0.0001138886021212411 0.0001144017643143602 0.0001149172384611457 0.0001154350349752602 0.0001159551643172511 0.0001164776369947604 0.0001170024635627376 0.0001175296546236514 0.0001180592208277048 0.0001185911728730483 0.0001191255215059964 0.0001196622775212443 0.0001202014517620853 0.0001207430551206296 0.0001212870985380229 0.0001218335930046683 0.0001223825495604472 0.0001229339792949415 0.0001234878933476579 0.000124044302908252 0.0001246032192167536 0.0001251646535637934 0.0001257286172908311 0.0001262951217903836 0.0001268641785062544 0.000127435798933764 0.0001280099946199829 0.0001285867771639631 0.000129166158216972 0.0001297481494827275 0.0001303327627176342 0.0001309200097310192 0.0001315099023853719 0.000132102452596581 0.0001326976723341756 0.0001332955736215679 0.0001338961685362922 0.0001344994692102509 0.0001351054878299585 0.0001357142366367862 0.0001363257279272095 0.000136939974053056 0.0001375569874217529 0.0001381767804965806 0.0001387993657969183 0.0001394247558985007 0.0001400529634336701 0.000140684001091631 0.0001413178816187035 0.0001419546178185861 0.0001425942225526055 0.0001432367087399834 0.0001438820893580912 0.0001445303774427129 0.0001451815860883114 0.0001458357284482864 0.0001464928177352436 0.0001471528672212593 0.0001478158902381512 0.0001484819001777348 0.0001491509104921148 
0.0002130223363760616 0.0002139820823068513 0.0002149461513252372 0.0002159145628957747 0.0002168873365705835 0.0002178644919897379 0.0002188460488816646 0.0002198320270635364 0.0002208224464416738 0.000221817327011942 0.0002228166888601569 0.0002238205521624846 0.0002248289371858515 0.000225841864288348 0.0002268593539196404 0.0002278814266213817 0.0002289081030276231 0.0002299394038652294 0.0002309753499542987 0.0002320159622085762 0.0002330612616358777 0.0002341112693385106 0.0002351660065136997 0.0002362254944540123 0.0002372897545477854 0.0002383588082795561 0.0002394326772304963 0.0002405113830788416 0.00024159494760033 0.0002426833926686401 0.0002437767402558287 0.0002448750124327732 0.0002459782313696168 0.0002470864193362109 0.0002481995987025658 0.0002493177919392986 0.0002504410216180841 0.000251569310412111 0.0002527026810965343 0.0002538411565489345 0.000254984759749779 0.0002561335137828804 0.0002572874418358611 0.000258446567200625 0.0002596109132738148 0.000260780503557291 0.0002619553616585991 0.0002631355112914493 0.0002643209762761829 0.0002655117805402658 0.000266707948118752 0.0002679095031547821 0.0002691164699000557 0.0002703288727153248 0.0002715467360708864 0.0002727700845470641 0.0002739989428347123 0.0002752333357357029 0.0002764732881634379 0.0002777188251433197 0.0002789699718132989 
0.0003984121247425195 0.0004002067872140695 0.0004020095305593509 0.0004038203911349689 0.0004056394054608373 0.0004074666102209048 0.0004093020422638954 0.0004111457386040408 0.0004129977364218252 0.0004148580730647262 0.0004167267860479648 0.0004186039130552566 0.0004204894919395639 0.000422383560723853 0.0004242861576018599 0.0004261973209388481 0.00042811708927238 0.0004300455013130872 0.0004319825959454474 0.0004339284122285583 0.0004358829893969207 0.0004378463668612238 0.0004398185842091345 0.0004417996812060892 0.0004437896977960847 0.0004457886741024842 0.0004477966504288162 0.0004498136672595784 0.0004518397652610529 0.0004538749852821142 0.0004559193683550485 0.0004579729556963738 0.0004600357887076657 0.0004621079089763824 0.0004641893582766957 0.0004662801785703318 0.0004683804120074037 0.0004704901009272562 0.0004726092878593119 0.0004747380155239245 0.0004768763268332272 0.0004790242648919934 0.0004811818729984972 0.0004833491946453848 0.0004855262735205303 0.0004877131535079208 0.0004899098786885262 0.0004921164933411887 0.0004943330419434896 0.0004965595691726677 0.0004987961199064752 0.0005010427392241053 0.0005032994724070743 0.0005055663649401301 0.0005078434625121695 0.0005101308110171361 0.000512428456554948 0.0005147364454324145 0.000517054824164166 0.000519383639473556 0.0005217229382936538 
0.0007450233266655568 0.0007483781434683889 0.0007517480555417989 0.0007551331307055992 0.0007585334370833784 0.0007619490431038532 0.0007653800175022232 0.0007688264293215337 0.0007722883479140565 0.0007757658429426495 0.0007792589843821554 0.000782767842520777 0.0007862924879614815 0.0007898329916233948 0.0007933894247432107 0.000796961858876601 0.0008005503658996421 0.000804155018010229 0.0008077758877295154 0.0008114130479033535 0.0008150665717037261 0.0008187365326302106 0.0008224230045114244 0.0008261260615065023 0.0008298457781065502 0.0008335822291361288 0.0008373354897547424 0.000841105635458317 0.0008448927420806993 0.000848696885795165 0.0008525181431159188 0.0008563565908996133 0.0008602123063468752 0.0008640853670038285 0.0008679758507636275 0.0008718838358680128 0.0008758094009088412 0.0008797526248296532 0.0008837135869272346 0.0008876923668531803 0.0008916890446154799 0.0008957037005800895 0.0008997364154725248 0.0009037872703794762 0.0009078563467503773 0.0009119437263990446 0.0009160494915052847 0.0009201737246165288 0.0009243165086494354 0.0009284779268915851 0.0009326580630030605 0.0009368570010181574 0.0009410748253470033 0.0009453116207772463 0.0009495674724757421 0.0009538424659902002 0.0009581366872509116 0.0009624502225724285 0.0009667831586552748 0.0009711355825876237 0.000975507581847115 
0.001392759735232862 0.001399027205244092 0.00140532283941 0.001411646763933935 0.001417999105581547 0.001424379991683234 0.001430789550136653 0.001437227909409206 0.001443695198540549 0.001450191547145109 0.001456717085414625 0.001463271944120671 0.001469856254617224 0.001476470148843217 0.001483113759325112 0.001489787219179491 0.001496490662115644 0.001503224222438177 0.001509988035049641 0.001516782235453144 0.001523606959755004 0.001530462344667392 0.001537348527510995 0.001544265646217711 0.001551213839333298 0.001558193246020095 0.001565204006059742 0.00157224625985587 0.001579320148436853 0.001586425813458547 0.001593563397207043 0.001600733042601442 0.001607934893196626 0.001615169093186049 0.001622435787404542 0.001629735121331139 0.001637067241091876 0.001644432293462661 0.001651830425872099 0.001659261786404374 0.001666726523802115 0.001674224787469279 0.001681756727474064 0.001689322494551826 0.001696922240107962 0.001704556116220902 0.001712224275645019 0.001719926871813618 0.001727664058841872 0.001735435991529883 0.001743242825365584 0.001751084716527836 0.001758961821889396 0.001766874299019987 0.001774822306189353 0.001782806002370286 0.001790825547241755 0.001798881101191952 0.001806972825321431 0.001815100881446171 0.00182326543210081 
0.002602183070479967 0.002613878744218521 0.002625626846509244 0.002637427611128515 0.002649281272883885 0.002661188067618505 0.002673148232215622 0.002685162004603024 0.002697229623757593 0.002709351329709763 0.002721527363548112 0.002733757967423899 0.002746043384555635 0.002758383859233677 0.002770779636824873 0.002783230963777147 0.002795738087624178 0.002808301256990072 0.002820920721594046 0.00283359673225514 0.002846329540896933 0.002859119400552301 0.002871966565368187 0.00288487129061039 0.002897833832668336 0.002910854449059955 0.002923933398436493 0.002937070940587387 0.002950267336445137 0.002963522848090221 0.002976837738756025 0.002990212272833766 0.003003646715877484 0.003017141334609003 0.003030696396922932 0.003044312171891725 0.003057988929770685 0.003071726942003041 0.003085526481225048 0.003099387821271083 0.003113311237178762 0.003127297005194111 0.003141345402776696 0.003155456708604885 0.003169631202580961 0.003183869165836421 0.003198170880737195 0.003212536630888975 0.003226966701142386 0.003241461377598501 0.003256020947613938 0.003270645699806422 0.003285335924060047 0.003300091911530695 0.00331491395465153 0.003329802347138337 0.003344757383995066 0.003359779361519302 0.003374868577307768 0.003390025330261797 0.00340524992059309 
0.004856719150370611 0.004878498413272368 0.004900374861230163 0.004922348923587595 0.004944421031546182 0.004966591618173034 0.004988861118408557 0.00501122996907421 0.005033698608880299 0.005056267478433712 0.005078937020245871 0.005101707678740472 0.005124579900261467 0.00514755413308093 0.005170630827407027 0.005193810435392014 0.005217093411140203 0.005240480210716022 0.005263971292152106 0.00528756711545737 0.005311268142625119 0.005335074837641247 0.005358987666492373 0.005383007097174136 0.005407133599699346 0.005431367646106309 0.005455709710467181 0.005480160268896207 0.005504719799558141 0.005529388782676674 0.005554167700542799 0.005579057037523299 0.005604057280069265 0.005629168916724557 0.005654392438134394 0.005679728337053956 0.005705177108356936 0.005730739249044229 0.005756415258252573 0.00578220563726333 0.005808110889511092 0.005834131520592583 0.005860268038275345 0.00588652095250673 0.005912890775422534 0.00593937802135607 0.005965983206847026 0.005992706850650465 0.00601954947374569 0.006046511599345508 0.006073593752904959 0.006100796462130718 0.006128120256989954 0.006155565669719608 0.006183133234835643 0.00621082348914203 0.006238636971740234 0.006266574224038368 0.00629463578976052 0.006322822214956047 0.006351134048009128 
0.00904687166634684 0.009087269484940944 0.009127846033964021 0.009168602089294641 0.009209538430046439 0.009250655838580334 0.009291955100516947 0.009333437004748873 0.009375102343453168 0.009416951912103686 0.009458986509483659 0.009501206937698081 0.009543614002186371 0.009586208511734837 0.009628991278489386 0.009671963117968094 0.009715124849073963 0.009758477294107545 0.009802021278779788 0.009845757632224799 0.009889687187012627 0.009933810779162174 0.009978129248154081 0.01002264343694368 0.01006735419197387 0.01011226236318821 0.01015736880404399 0.0102026743715252 0.01024817992615567 0.01029388633201225 0.01033979445673801 0.01038590517155533 0.01043221935127932 0.01047873787433099 0.01052546162275056 0.01057239148221092 0.01061952834203092 0.01066687309518881 0.01071442663833574 0.01076218987180929 0.01081016369964681 0.01085834902959922 0.0109067467731444 0.01095535784550115 0.01100418316564236 0.01105322365630915 0.01110248024402434 0.01115195385910647 0.01120164543568322 0.0112515559117058 0.01130168622896219 0.01135203733309162 0.01140261017359807 0.01145340570386445 0.01150442488116673 0.01155566866668762 0.01160713802553106 0.01165883392673604 0.01171075734329088 0.01176290925214722 0.01181529063423463 
0.0167910966239862 0.01686548688459098 0.01694020104091614 0.01701524045278964 0.01709060648530073 0.0171663005088164 0.01724232389899763 0.01731867803681576 0.01739536430856901 0.01747238410589862 0.01754973882580551 0.01762742987066648 0.01770545864825075 0.01778382657173633 0.01786253505972654 0.01794158553626632 0.01802097943085881 0.01810071817848179 0.0181808032196041 0.01826123600020219 0.01834201797177654 0.01842315059136818 0.01850463532157524 0.01858647363056939 0.01866866699211233 0.0187512168855723 0.01883412479594081 0.0189173922138488 0.01900102063558342 0.01908501156310449 0.01916936650406096 0.01925408697180752 0.01933917448542114 0.01942463056971752 0.01951045675526759 0.01959665457841424 0.01968322558128858 0.01977017131182662 0.01985749332378569 0.01994519317676115 0.02003327243620269 0.02012173267343078 0.02021057546565338 0.0202998023959826 0.02038941505345052 0.02047941503302632 0.02056980393563244 0.02066058336816125 0.02075175494349104 0.02084332028050338 0.02093528100409829 0.0210276387452119 0.02112039514083193 0.02121355183401449 0.0213071104739007 0.02140107271573242 0.02149544022086923 0.02159021465680443 0.02168539769718151 0.02178099102181015 0.02187699631668305 
0.03095737170348212 0.03109253863633715 0.03122827672004402 0.03136458820162868 0.03150147533550065 0.03163894038346407 0.03177698561472899 0.03191561330592198 0.03205482574109737 0.03219462521174771 0.03233501401681441 0.03247599446269811 0.03261756886326934 0.03275973953987835 0.03290250882136555 0.03304587904407103 0.03318985255184494 0.03333443169605667 0.03347961883560468 0.03362541633692596 0.03377182657400512 0.0339188519283836 0.03406649478916874 0.03421475755304265 0.03436364262427066 0.0345131524147101 0.03466328934381891 0.03481405583866336 0.03496545433392659 0.03511748727191639 0.03527015710257297 0.03542346628347664 0.0355774172798554 0.03573201256459193 0.03588725461823092 0.03604314592898627 0.03619968899274745 0.03635688631308632 0.03651474040126367 0.03667325377623555 0.03683242896465916 0.03699226850089895 0.03715277492703191 0.03731395079285441 0.03747579865588588 0.03763832108137496 0.03780152064230463 0.03796539991939681 0.03812996150111614 0.0382952079836764 0.03846114197104233 0.03862776607493566 0.03879508291483747 0.03896309511799256 0.03913180531941312 0.03930121616188083 0.03947133029595108 0.03964215037995496 0.03981367908000227 0.03998591906998304 0.04015887303157093 
0.05638994868998022 0.05662967074342745 0.05687035047126446 0.05711199117635554 0.05735459616848825 0.05759816876434681 0.05784271228748576 0.05808823006830238 0.05833472544400944 0.05858220175860695 0.05883066236285318 0.05908011061423615 0.05933054987694372 0.05958198352183336 0.05983441492640207 0.06008784747475469 0.06034228455757298 0.0605977295720829 0.06085418592202245 0.0611116570176086 0.06137014627550331 0.06162965711877953 0.06189019297688688 0.06215175728561614 0.06241435348706333 0.06267798502959381 0.0629426553678057 0.06320836796249188 0.06347512628060266 0.06374293379520704 0.06401179398545406 0.06428171033653277 0.06455268633963289 0.06482472549190338 0.0650978312964116 0.06537200726210186 0.06564725690375221 0.0659235837419323 0.06620099130295923 0.06647948311885438 0.06675906272729755 0.06703973367158259 0.06732149950057055 0.06760436376864523 0.06788833003566339 0.06817340186690869 0.06845958283304364 0.06874687651006019 0.06903528647922909 0.06932481632705292 0.06961546964521136 0.06990725003051304 0.07020016108484153 0.0704942064151033 0.07078938963317559 0.07108571435585005 0.07138318420478057 0.07168180280642682 0.07198157379199882 0.07228250079739929 0.07258458746316875 
0.1005483410790514 0.1009557026692604 0.1013645286527432 0.1017748227853494 0.1021865888201663 0.1025998305073944 0.1030145515942233 0.1034307558247055 0.1038484469396306 0.1042676286763974 0.1046883047688859 0.1051104789473281 0.1055341549381779 0.1059593364639801 0.106386027243239 0.106814230990285 0.1072439514151416 0.1076751922233903 0.1081079571160357 0.108542249789369 0.1089780739348305 0.1094154332388719 0.1098543313828171 0.1102947720427226 0.1107367588892357 0.111180295587454 0.1116253857967823 0.112072033170789 0.1125202413570618 0.1129700139970623 0.1134213547259802 0.1138742671725852 0.1143287549590808 0.1147848217009536 0.1152424710068241 0.1157017064782971 0.1161625317098086 0.1166249502884739 0.1170889657939346 0.1175545817982043 0.118021801865513 0.1184906295521515 0.1189610684063142 0.1194331219679425 0.1199067937685639 0.1203820873311339 0.1208590061698763 0.121337553790121 0.12181773368814 0.1222995493509898 0.1227830042563403 0.1232681018723161 0.123754845657327 0.1242432390599031 0.1247332855185285 0.1252249884614698 0.1257183513066107 0.1262133774612797 0.1267100703220808 0.1272084332747194 0.1277084696938335 
0.1729487562332546 0.1735928299792946 0.1742387969831461 0.1748866590467242 0.1755364179441097 0.1761880754213282 0.1768416331961306 0.1774970929577717 0.1781544563667916 0.1788137250547931 0.1794749006242224 0.1801379846481482 0.1808029786700412 0.1814698842035525 0.1821387027322948 0.1828094357096192 0.1834820845583969 0.184156650670797 0.1848331354080665 0.1855115401003102 0.1861918660462693 0.1868741145131019 0.1875582867361626 0.1882443839187831 0.1889324072320502 0.1896223578145884 0.1903142367723397 0.1910080451783434 0.1917037840725182 0.1924014544614424 0.1931010573181363 0.1938025935818414 0.1945060641578066 0.1952114699170665 0.1959188116962254 0.1966280902972414 0.1973393064872077 0.1980524609981374 0.1987675545267472 0.1994845877342427 0.2002035612461022 0.2009244756518624 0.2016473315049045 0.2023721293222416 0.2030988695843029 0.2038275527347226 0.2045581791801291 0.2052907492899329 0.2060252633961116 0.2067617217930089 0.2075001247371135 0.2082404724468601 0.2089827651024143 0.2097270028454672 0.2104731857790317 0.2112213139672297 0.211971387435093 0.2127234061683551 0.2134773701132487 0.2142332791763002 0.2149911332241322 
0.281184044768092 0.2820937119107082 0.2830051632988427 0.2839183949471366 0.284833402818588 0.285750182824498 0.2866687308244207 0.287589042626114 0.2885111139854966 0.289434940606603 0.2903605181415453 0.291287842190476 0.2922169083015534 0.2931477119709103 0.2940802486426259 0.2950145137086986 0.2959505025090255 0.2968882103313797 0.297827632411395 0.2987687639325511 0.299711600026162 0.3006561357713672 0.3016023661951276 0.3025502862722225 0.3034998909252483 0.3044511750246242 0.3054041333885985 0.3063587607832562 0.3073150519225343 0.3082730014682343 0.3092326040300444 0.3101938541655563 0.3111567463802962 0.3121212751277475 0.313087434809384 0.3140552197747052 0.3150246243212707 0.3159956426947432 0.3169682690889301 0.3179424976458332 0.3189183224556952 0.3198957375570554 0.3208747369368041 0.321855314530246 0.3228374642211574 0.3238211798418555 0.3248064551732694 0.3257932839450108 0.3267816598354457 0.3277715764717847 0.3287630274301515 0.3297560062356799 0.3307505063625958 0.3317465212343119 0.332744044223526 0.333743068652314 0.3347435877922377 0.3357455948644476 0.3367490830397931 0.3377540454389311 0.3387604751324481 
0.4225484193319503 0.4236458825120206 0.4247440994782782 0.4258430598954762 0.4269427533993301 0.4280431695968937 0.4291442980669371 0.4302461283603259 0.4313486500004061 0.4324518524833862 0.4335557252787265 0.4346602578295271 0.4357654395529198 0.4368712598404615 0.437977708058531 0.4390847735487247 0.4401924456282587 0.4413007135903695 0.4424095667047182 0.4435189942177967 0.4446289853533348 0.4457395293127104 0.4468506152753613 0.447962232399199 0.4490743698210217 0.4501870166569341 0.4513001620027652 0.4524137949344877 0 0 0 0 0 0.4591052176879773 0.4602219562693854 0.4613390943806659 0.4624566209382777 0.4635745248431151 0.4646927949809445 0.4658114202228446 0.4669303894256423 0.4680496914323556 0.4691693150726347 0.4702892491632073 0.4714094825083181 0.4725300039001765 0.4736508021194052 0.4747718659354849 0.4758931841071979 0.4770147453830901 0.4781365385019044 0.4792585521930453 0.4803807751770215 0.4815031961659016 0.4826258038637702 0.4837485869671742 0.4848715341655846 0.4859946341418473 0.4871178755726409 0.4882412471289279 0.4893647374764193 
0.5778502945583781 0.5789467133685579 0.5800423540830005 0.581137206466851 0.5822312603159018 0.5833245054569567 0.5844169317481901 0.5855085290795038 0.5865992873728839 0.587689196582751 0.5887782466963108 0.5898664277339015 0.5909537297493376 0.592040142830251 0.5931256570984318 0.5942102627101621 0.5952939498565519 0.5963767087638679 0.5974585296938623 0.5985394029440978 0.5996193188482694 0.6006982677765236 0.6017762401357764 0.6028532263700254 0.6039292169606598 0.6050042024267698 0.6060781733254514 0 0 0 0 0 0 0 0.6146322957167822 0.6156967169957126 0.6167600314333384 0.6178222300240603 0.6188833038037035 0.6199432438497848 0.6210020412817713 0.6220596872613399 0.6231161729926327 0.6241714897225108 0.625225628740799 0.6262785813805339 0.6273303390182078 0.6283808930740061 0.6294302350120393 0.6304783563405864 0.6315252486123094 0.6325709034244931 0.6336153124192581 0.6346584672837835 0.6357003597505271 0.6367409815974296 0.6377803246481323 0.6388183807721783 0.639855141885218 0.6408905999492037 0.6419247469725941 
0.7191461554701798 0.7200533835066457 0.7209588180832306 0.7218624553878513 0.722764291659805 0.7236643231897013 0.7245625463193928 0.7254589574419018 0.7263535530013475 0.7272463294928659 0.7281372834625318 0.7290264115072761 0.7299137102748006 0.7307991764634906 0.7316828068223271 0.7325645981507924 0.7334445472987775 0.7343226511664851 0.7351989067043304 0.7360733109128408 0.7369458608425512 0.7378165535938987 0.7386853863171156 0.7395523562121185 0.7404174605283951 0.7412806965648916 0 0 0 0 0 0 0 0 0 0.7498097424326435 0.7506522631460248 0.7514928869801683 0.7523316118656133 0.7531684357805414 0.7540033567506303 0.7548363728489091 0.75566748219561 0.7564966829580207 0.75732397335033 0.7581493516334762 0.7589728161149943 0.7597943651488588 0.7606139971353216 0.7614317105207616 0.7622475037975129 0.7630613755037106 0.763873324223121 0.7646833485849779 0.7654914472638178 0.7662976189793049 0.7671018624960676 0.7679041766235224 0.768704560215703 0.7695030121710826 0.7702995314324035 
0.8272848810114668 0.8279263762971435 0.8285659826931591 0.8292037020934376 0.8298395364187792 0.8304734876166407 0.8311055576609171 0.8317357485517229 0.8323640623151731 0.8329905010031657 0.8336150666931627 0.8342377614879732 0.8348585875155361 0.835477546928702 0.8360946419050178 0.8367098746465084 0.8373232473794627 0.8379347623542163 0.8385444218449365 0.839152228149407 0.8397581835888146 0.8403622905075325 0.8409645512729088 0.8415649682750519 0.8421635439266175 0 0 0 0 0 0 0 0 0 0 0 0.8492037344596625 0.8497786019797016 0.8503516641756634 0.8509229237731809 0.8514923835170918 0.8520600461712372 0.8526259145182559 0.8531899913593836 0.8537522795142478 0.8543127818206677 0.8548715011344541 0.8554284403292078 0.855983602296118 0.8565369899437684 0.857088606197932 0.8576384540013792 0.8581865363136769 0.8587328561109931 0.859277416385903 0.8598202201471907 0.8603612704196576 0.8609005702439279 0.8614381226762555 0.8619739307883306 0.8625079976670919 
0.8995993633759353 0.9000047343559603 0.9004086498298488 0.9008111135618456 0.901212129318429 0.9016117008681904 0.9020098319817175 0.9024065264314755 0.902801787991692 0.9031956204382406 0.903588027548527 0.903979013101374 0.9043685808769097 0.904756734656455 0.9051434782224124 0.9055288153581552 0.9059127498479194 0.9062952854766932 0.9066764260301108 0.907056175294345 0.907434537056001 0.9078115151020106 0.9081871132195295 0.9085613351958328 0.9089341848182115 0 0 0 0 0 0 0 0 0 0 0 0.9133027148397925 0.9136580683307171 0.9140121024360767 0.9143648209316654 0.9147162275917652 0.9150663261890561 0.9154151204945308 0.9157626142774045 0.9161088113050303 0.9164537153428142 0.9167973301541291 0.917139659500233 0.9174807071401822 0.9178204768307539 0.9181589723263595 0.9184961973789683 0.9188321557380243 0.9191668511503682 0.9195002873601601 0.9198324681087984 0.920163397134847 0.9204930781739558 0.9208215149587876 0.9211487112189409 0.9214746706808785 
0.9436969481123458 0.9439353697079932 0.9441728414078294 0.9444093664912464 0.9446449482306046 0.944879589891208 0.9451132947312811 0.9453460660019468 0.9455779069472027 0.9458088208038999 0.9460388108017215 0.9462678801631609 0.9464960321035011 0.9467232698307949 0.946949596545845 0.9471750154421834 0.9473995297060538 0.9476231425163925 0.9478458570448095 0.9480676764555711 0.9482886039055833 0.9485086425443731 0.9487277955140729 0.9489460659494048 0.9491634569776631 0 0 0 0 0 0 0 0 0 0 0 0.9517046836979444 0.9519109236122825 0.9521163271138581 0.9523208972169127 0.952524636928057 0.9527275492462614 0.9529296371628467 0.9531309036614753 0.9533313517181409 0.9535309843011621 0.9537298043711737 0.9539278148811182 0.954125018776238 0.9543214189940711 0.9545170184644397 0.9547118201094483 0.9549058268434737 0.9550990415731613 0.955291467197419 0.9554831066074112 0.9556739626865546 0.9558640383105133 0.9560533363471935 0.95624185965674 0.9564296110915335 
0.9690916172840682 0.9692260090730968 0.9693598349927858 0.9694930972654102 0.9696257981059122 0.9697579397219117 0.9698895243137191 0.9700205540743474 0.9701510311895233 0.9702809578377004 0.9704103361900711 0.970539168410579 0.9706674566559312 0.9707952030756114 0.9709224098118918 0.9710490789998466 0.9711752127673647 0.9713008132351618 0.9714258825167953 0.9715504227186751 0.9716744359400785 0.9717979242731631 0.9719208898029796 0.9720433346074862 0.9721652607575608 0 0 0 0 0 0 0 0 0 0 0 0.973588663709072 0.9737040326053998 0.9738189111040044 0.9739333011712462 0.9740472047666322 0.9741606238428314 0.9742735603456889 0.9743860162142411 0.97449799338073 0.9746094937706189 0.9747205193026067 0.9748310718886438 0.9749411534339459 0.9750507658370107 0.9751599109896312 0.9752685907769125 0.975376807077287 0.9754845617625282 0.975591856697768 0.975698693741511 0.9758050747456497 0.9759110015554814 0.9760164760097221 0.976121499940523 0.9762260751734859 
0.9832358625335645 0.9833098133513671 0.9833834434665535 0.9834567542213746 0.9835297469528916 0.9836024229929915 0.9836747836684037 0.9837468303007161 0.9838185642063911 0.9838899866967825 0.9839610990781511 0.9840319026516804 0.9841023987134943 0.9841725885546712 0.984242473461262 0.9843120547143053 0.9843813335898427 0.9844503113589363 0.9845189892876846 0.9845873686372366 0.9846554506638105 0.984723236618708 0.9847907277483305 0.9848579252941949 0.9849248304929507 0 0 0 0 0 0 0 0 0 0 0 0.9857053333676387 0.9857685484027455 0.9858314879015068 0.9858941530294399 0.9859565449474451 0.9860186648118208 0.9860805137742802 0.986142092981965 0.9862034035774627 0.9862644466988204 0.9863252234795609 0.9863857350486985 0.9864459825307528 0.9865059670457661 0.9865656897093165 0.9866251516325348 0.9866843539221186 0.9867432976803481 0.986801984005101 0.9868604139898679 0.9869185887237667 0.9869765092915581 0.9870341767736615 0.9870915922461677 0.9871487567808563 
0.9909677678761252 0.9910079232442124 0.9910479017028542 0.9910877040171376 0.9911273309489687 0.9911667832570829 0.9912060616970584 0.9912451670213278 0.99128409997919 0.9913228613168219 0.9913614517772912 0.9913998721005672 0.9914381230235337 0.9914762052799999 0.9915141196007127 0.9915518667133681 0.9915894473426237 0.991626862210109 0.9916641120344384 0.991701197531222 0.9917381194130777 0.9917748783896416 0.9918114751675816 0.9918479104506064 0.9918841849394785 0.9919202993320256 0 0 0 0 0 0 0 0 0 0.9922727894055714 0.9923071879669685 0.9923414345811189 0.9923755299087124 0.9924094746076595 0.9924432693331016 0.9924769147374228 0.9925104114702601 0.9925437601785141 0.9925769615063598 0.9926100160952576 0.9926429245839635 0.9926756876085401 0.9927083058023667 0.9927407797961507 0.992773110217937 0.9928052976931196 0.9928373428444509 0.992869246292053 0.9929010086534278 0.9929326305434675 0.9929641125744644 0.9929954553561214 0.9930266594955628 0.993057725597344 0.9930886542634612 
0.995151173113461 0.9951728205552172 0.9951943718193207 0.9952158273289223 0.9952371875053477 0.9952584527681061 0.9952796235348965 0.995300700221616 0.9953216832423671 0.9953425730094649 0.9953633699334444 0.9953840744230685 0.9954046868853349 0.9954252077254829 0.9954456373470021 0.9954659761516381 0.9954862245394006 0.9955063829085709 0.9955264516557076 0.9955464311756558 0.9955663218615528 0.9955861241048352 0.995605838295247 0.9956254648208455 0.9956450040680092 0.9956644564214439 0.9956838222641906 0 0 0 0 0 0 0 0.995835680042236 0.9958542842542761 0.9958728056959611 0.9958912447324665 0.9959096017273833 0.9959278770427263 0.995946071038939 0.9959641840749013 0.9959822165079358 0.996000168693814 0.9960180409867633 0.9960358337394729 0.9960535473031007 0.9960711820272796 0.9960887382601236 0.9961062163482349 0.9961236166367092 0.9961409394691434 0.9961581851876402 0.9961753541328158 0.9961924466438056 0.9962094630582704 0.9962264037124026 0.9962432689409324 0.9962600590771344 0.9962767744528327 0.9962934153984078 
0.9974020550924758 0.99741367965591 0.9974252523392437 0.9974367733728182 0.9974482429859614 0.997459661406994 0.9974710288632344 0.9974823455810002 0.9974936117856162 0.9975048277014156 0.9975159935517456 0.9975271095589718 0.997538175944482 0.9975491929286908 0.997560160731043 0.997571079570019 0.9975819496631374 0.9975927712269608 0.9976035444770989 0.9976142696282123 0.9976249468940179 0.9976355764872918 0.997646158619874 0.9976566935026721 0.9976671813456647 0.9976776223579072 0.9976880167475344 0.9976983647217643 0 0 0 0 0 0.9977594893335704 0.9977695181259904 0.9977795021282441 0.997789441539479 0.9977993365579648 0.9978091873810986 0.9978189942054064 0.9978287572265486 0.9978384766393232 0.9978481526376695 0.9978577854146717 0.9978673751625629 0.9978769220727288 0.9978864263357106 0.9978958881412101 0.9979053076780918 0.9979146851343879 0.9979240206973002 0.9979333145532059 0.9979425668876594 0.9979517778853962 0.9979609477303375 0.9979700766055927 0.9979791646934625 0.9979882121754439 0.9979972192322325 0.9980061860437265 0.99801511278903 
0.9986095113919033 0.998615740663073 0.9986219420661461 0.9986281157254524 0.998634261764771 0.9986403803073307 0.9986464714758146 0.9986525353923608 0.998658572178565 0.9986645819554845 0.998670564843638 0.9986765209630105 0.9986824504330536 0.9986883533726895 0.9986942299003114 0.9987000801337882 0.9987059041904646 0.998711702187165 0.9987174742401944 0.9987232204653423 0.998728940977884 0.9987346358925819 0.9987403053236897 0.9987459493849541 0.9987515681896154 0.9987571618504121 0.9987627304795816 0.9987682741888626 0.9987737930894979 0.998779287292236 0.9987847569073331 0.9987902020445564 0.9987956228131847 0.9988010193220115 0.998806391679347 0.9988117399930205 0.9988170643703818 0.9988223649183039 0.9988276417431843 0.9988328949509485 0.9988381246470509 0.9988433309364774 0.9988485139237469 0.9988536737129143 0.9988588104075714 0.99886392411085 0.9988690149254236 0.9988740829535085 0.9988791282968674 0.9988841510568104 0.9988891513341969 0.9988941292294379 0.9988990848424983 0.9989040182728984 0.9989089296197157 0.9989138189815872 0.9989186864567117 0.9989235321428507 0.9989283561373316 0.9989331585370478 0.9989379394384632 
0.9992561923449158 0.9992595266883936 0.9992628460956918 0.9992661506336181 0.999269440368683 0.9992727153670993 0.9992759756947854 0.9992792214173651 0.99928245260017 0.9992856693082398 0.9992888716063245 0.9992920595588852 0.9992952332300956 0.9992983926838424 0.9993015379837284 0.9993046691930718 0.9993077863749088 0.9993108895919943 0.9993139789068031 0.9993170543815312 0.9993201160780976 0.9993231640581445 0.9993261983830392 0.9993292191138754 0.999332226311474 0.9993352200363845 0.9993382003488864 0.9993411673089904 0.9993441209764385 0.9993470614107071 0.9993499886710069 0.9993529028162839 0.9993558039052218 0.9993586919962416 0.9993615671475041 0.9993644294169105 0.9993672788621033 0.999370115540468 0.999372939509134 0.9993757508249751 0.999378549544612 0.9993813357244122 0.9993841094204917 0.9993868706887161 0.9993896195847017 0.9993923561638161 0.9993950804811802 0.9993977925916681 0.99940049254991 0.9994031804102914 0.9994058562269554 0.999408520053803 0.9994111719444946 0.9994138119524513 0.9994164401308554 0.999419056532652 0.9994216612105493 0.9994242542170211 0.9994268356043057 0.9994294054244088 0.999431963729104 
0.9996022381985539 0.9996040219012263 0.9996057976083083 0.9996075653556121 0.9996093251787904 0.9996110771133364 0.9996128211945842 0.9996145574577103 0.9996162859377336 0.9996180066695164 0.9996197196877652 0.9996214250270312 0.9996231227217113 0.9996248128060481 0.9996264953141316 0.9996281702798987 0.9996298377371351 0.9996314977194749 0.9996331502604021 0.9996347953932508 0.9996364331512062 0.9996380635673046 0.9996396866744349 0.9996413025053388 0.9996429110926114 0.9996445124687023 0.9996461066659157 0.9996476937164114 0.9996492736522051 0.9996508465051693 0.9996524123070347 0.9996539710893889 0.9996555228836789 0.9996570677212109 0.9996586056331505 0.9996601366505249 0.9996616608042219 0.9996631781249908 0.9996646886434438 0.9996661923900562 0.9996676893951666 0.9996691796889779 0.9996706633015581 0.9996721402628403 0.9996736106026245 0.9996750743505763 0.9996765315362292 0.9996779821889844 0.9996794263381116 0.999680864012749 0.9996822952419058 0.9996837200544595 0.9996851384791602 0.999686550544628 0.9996879562793555 0.9996893557117079 0.999690748869923 0.9996921357821129 0.9996935164762636 0.9996948909802353 0.9996962593217644 
0.9997873254417923 0.9997882793244977 0.9997892289297735 0.9997901742767931 0.9997911153846434 0.9997920522723256 0.9997929849587565 0.9997939134627679 0.9997948378031066 0.9997957579984369 0.9997966740673381 0.9997975860283067 0.9997984938997568 0.9997993977000196 0.9998002974473442 0.9998011931598981 0.9998020848557676 0.9998029725529575 0.9998038562693926 0.9998047360229165 0.999805611831294 0.9998064837122093 0.9998073516832682 0.999808215761997 0.9998090759658441 0.999809932312179 0.9998107848182943 0.9998116335014042 0.9998124783786467 0.9998133194670823 0.9998141567836955 0.9998149903453944 0.9998158201690118 0.9998166462713048 0.9998174686689553 0.9998182873785708 0.9998191024166843 0.9998199137997545 0.9998207215441668 0.9998215256662328 0.9998223261821912 0.9998231231082083 0.9998239164603773 0.9998247062547195 0.9998254925071848 0.9998262752336514 0.9998270544499263 0.9998278301717458 0.9998286024147756 0.9998293711946113 0.999830136526779 0.9998308984267343 0.9998316569098645 0.9998324119914872 0.9998331636868523 0.9998339120111402 0.9998346569794646 0.9998353986068703 0.9998361369083354 0.9998368718987706 0.9998376035930201 
0.9998862973496949 0.9998868073762872 0.9998873151153533 0.9998878205771504 0.9998883237718901 0.9998888247097383 0.9998893234008152 0.9998898198551955 0.9998903140829091 0.9998908060939403 0.9998912958982294 0.999891783505672 0.9998922689261187 0.9998927521693767 0.9998932332452088 0.9998937121633343 0.9998941889334291 0.9998946635651247 0.9998951360680108 0.9998956064516333 0.9998960747254958 0.9998965408990587 0.9998970049817402 0.9998974669829166 0.9998979269119219 0.9998983847780484 0.9998988405905467 0.9998992943586256 0.9998997460914533 0.9999001957981565 0.9999006434878207 0.9999010891694912 0.9999015328521726 0.9999019745448289 0.9999024142563844 0.9999028519957229 0.9999032877716886 0.9999037215930859 0.9999041534686801 0.9999045834071968 0.9999050114173229 0.9999054375077057 0.9999058616869544 0.9999062839636395 0.9999067043462927 0.9999071228434077 0.9999075394634402 0.9999079542148078 0.9999083671058908 0.9999087781450312 0.9999091873405341 0.9999095947006678 0.9999100002336623 0.9999104039477118 0.9999108058509731 0.9999112059515672 0.9999116042575781 0.9999120007770534 0.999912395518005 0.9999127884884088 0.9999131796962049 
0.9999168647531013 0.9999172500786523 0.9999176336183959 0.9999180153806071 0.9999183953735226 0.9999187736053406 0.9999191500842222 0.9999195248182898 0.9999198978156285 0.9999202690842866 0.9999206386322735 0.9999210064675635 0.9999213725980923 0.9999217370317599 0.9999220997764291 0.9999224608399266 0.9999228202300426 0.9999231779545316 0.9999235340211116 0.9999238884374653 0.9999242412112396 0.9999245923500463 0.9999249418614614 0.9999252897530265 0.9999256360322473 0.9999259807065958 0.9999263237835084 0.9999266652703879 0.9999270051746023 0.9999273435034857 0.999927680264338 0.9999280154644253 0.9999283491109803 0.999928681211202 0.9999290117722563 0.9999293408012754 0.9999296683053586 0.9999299942915728 0.9999303187669519 0.9999306417384968 0.9999309632131763 0.9999312831979272 0.9999316016996538 0.9999319187252284 0.9999322342814915 0.9999325483752519 0.9999328610132874 0.9999331722023433 0.9999334819491347 0.999933790260345 0.9999340971426268 0.999934402602602 0.9999347066468615 0.9999350092819661 0.9999353105144456 0.9999356103508003 0.9999359087974997 0.9999362058609839 0.9999365015476626 0.9999367958639164 0.9999370888160959 
0.9998444961219237 0.9998452168186582 0.9998459341757736 0.9998466482087403 0.9998473589329573 0.9998480663637523 0.9998487705163821 0.9998494714060329 0.9998501690478203 0.9998508634567902 0.999851554647919 0.9998522426361131 0.9998529274362107 0.9998536090629808 0.9998542875311238 0.999854962855273 0.9998556350499929 0.9998563041297809 0.9998569701090676 0.9998576330022166 0.9998582928235248 0.9998589495872231 0.9998596033074765 0.9998602539983842 0.9998609016739807 0.9998615463482345 0.9998621880350508 0.999862826748269 0.9998634625016654 0.9998640953089523 0.999864725183778 0.9998653521397283 0.9998659761903258 0.9998665973490304 0.9998672156292396 0.9998678310442893 0.9998684436074535 0.9998690533319441 0.9998696602309127 0.9998702643174495 0.9998708656045845 0.9998714641052867 0.9998720598324655 0.9998726527989706 0.999873243017592 0.9998738305010606 0.9998744152620481 0.9998749973131678 0.9998755766669746 0.999876153335965 0.9998767273325778 0.9998772986691942 0.9998778673581379 0.9998784334116759 0.9998789968420183 0.9998795576613183 0.9998801158816729 0.9998806715151236 0.9998812245736555 0.9998817750691987 0.9998823230136276 
0.9997091494447409 0.9997104972362197 0.9997118387838795 0.9997131741166286 0.9997145032632425 0.9997158262523625 0.9997171431124984 0.9997184538720276 0.9997197585591967 0.9997210572021212 0.9997223498287867 0.9997236364670496 0.9997249171446372 0.9997261918891487 0.9997274607280555 0.999728723688702 0.9997299807983067 0.9997312320839612 0.9997324775726321 0.9997337172911619 0.9997349512662683 0.9997361795245456 0.9997374020924652 0.9997386189963756 0.999739830262504 0.9997410359169563 0.999742235985717 0.9997434304946512 0.9997446194695034 0.9997458029359001 0.9997469809193484 0.999748153445238 0.9997493205388404 0.9997504822253112 0.9997516385296888 0.9997527894768962 0.9997539350917409 0.9997550753989157 0.9997562104229993 0.9997573401884562 0.9997584647196386 0.9997595840407852 0.999760698176023 0.9997618071493674 0.9997629109847223 0.9997640097058812 0.9997651033365281 0.9997661919002364 0.9997672754204712 0.9997683539205887 0.9997694274238373 0.9997704959533572 0.9997715595321826 0.9997726181832401 0.9997736719293508 0.9997747207932302 0.999775764797488 0.9997768039646303 0.9997778383170587 0.9997788678770707 0.9997798926668612 
0.9994560644995649 0.9994585844428334 0.9994610927180088 0.9994635893790593 0.9994660744797048 0.999468548073417 0.9994710102134202 0.9994734609526937 0.9994759003439723 0.9994783284397469 0.9994807452922664 0.9994831509535383 0.9994855454753305 0.9994879289091713 0.9994903013063517 0.9994926627179257 0.9994950131947117 0.9994973527872929 0.9994996815460199 0.9995019995210104 0.9995043067621505 0.9995066033190965 0.9995088892412751 0.9995111645778846 0.9995134293778967 0.9995156836900566 0.9995179275628844 0.9995201610446764 0.9995223841835059 0.9995245970272238 0.9995267996234607 0.9995289920196264 0.9995311742629128 0.9995333464002931 0.9995355084785237 0.9995376605441453 0.9995398026434836 0.9995419348226504 0.9995440571275442 0.9995461696038522 0.9995482722970501 0.9995503652524034 0.9995524485149688 0.9995545221295952 0.999556586140924 0.9995586405933903 0.9995606855312241 0.9995627209984513 0.9995647470388943 0.9995667636961729 0.9995687710137057 0.9995707690347105 0.9995727578022056 0.9995747373590105 0.9995767077477469 0.9995786690108399 0.9995806211905182 0.9995825643288153 0.9995844984675712 0.999586423648432 0.9995883399128516 
0.9989829805643666 0.9989876899900281 0.9989923776301475 0.9989970435853004 0.9990016879555998 0.9990063108406987 0.999010912339791 0.9990154925516158 0.9990200515744564 0.9990245895061459 0.9990291064440661 0.9990336024851518 0.9990380777258916 0.9990425322623301 0.9990469661900706 0.9990513796042763 0.9990557725996728 0.9990601452705499 0.9990644977107637 0.9990688300137383 0.9990731422724684 0.9990774345795204 0.9990817070270351 0.9990859597067293 0.9990901927098979 0.9990944061274153 0.9990986000497382 0.9991027745669068 0.9991069297685468 0.9991110657438718 0.9991151825816847 0.9991192803703797 0.9991233591979439 0.9991274191519598 0.9991314603196063 0.9991354827876617 0.9991394866425046 0.9991434719701155 0.9991474388560795 0.9991513873855878 0.9991553176434393 0.9991592297140424 0.9991631236814167 0.9991669996291956 0.999170857640627 0.9991746977985752 0.9991785201855236 0.9991823248835752 0.9991861119744554 0.9991898815395129 0.999193633659722 0.9991973684156841 0.9992010858876291 0.9992047861554177 0.9992084692985428 0.999212135396131 0.9992157845269444 0.9992194167693825 0.9992230322014837 0.9992266309009264 0.9992302129450321 
0.9980992178501368 0.9981080118902708 0.9981167653212145 0.9981254783297843 0.9981341511019445 0.9981427838228095 0.9981513766766492 0.9981599298468917 0.9981684435161272 0.998176917866113 0.9981853530777748 0.9981937493312132 0.9982021068057054 0.9982104256797101 0.9982187061308704 0.9982269483360177 0.9982351524711753 0.9982433187115631 0.9982514472315992 0.9982595382049052 0.9982675918043088 0.998275608201848 0.9982835875687748 0.9982915300755575 0.9982994358918856 0.9983073051866732 0.9983151381280612 0.9983229348834223 0.9983306956193636 0.9983384205017307 0.9983461096956102 0.998353763365334 0.9983613816744821 0.9983689647858864 0.998376512861634 0.9983840260630709 0.9983915045508037 0.9983989484847055 0.9984063580239171 0.9984137333268515 0.9984210745511964 0.9984283818539185 0.9984356553912651 0.9984428953187695 0.9984501017912522 0.9984572749628253 0.9984644149868958 0.9984715220161678 0.9984785962026468 0.9984856376976419 0.9984926466517694 0.9984996232149561 0.9985065675364425 0.9985134797647853 0.9985203600478605 0.9985272085328674 0.9985340253663311 0.9985408106941047 0.9985475646613743 0.9985542874126599 0.99856097909182 
0.9964502178398738 0.9964666140324939 0.9964829347595672 0.9964991803659689 0.9965153511950218 0.9965314475885022 0.9965474698866461 0.9965634184281569 0.9965792935502108 0.9965950955884652 0.9966108248770641 0.9966264817486449 0.9966420665343452 0.9966575795638095 0.9966730211651955 0.9966883916651809 0.9967036913889687 0.9967189206602962 0.9967340798014387 0.9967491691332171 0.9967641889750049 0.9967791396447334 0.9967940214588985 0.9968088347325678 0.9968235797793847 0.9968382569115777 0.9968528664399635 0.9968674086739558 0.9968818839215698 0.9968962924894291 0.9969106346827715 0.9969249108054553 0.9969391211599653 0.9969532660474189 0.9969673457675718 0.9969813606188249 0.9969953108982288 0.9970091969014913 0.9970230189229823 0.9970367772557397 0.9970504721914759 0.9970641040205837 0.997077673032141 0.9970911795139178 0.9971046237523814 0.9971180060327022 0.9971313266387596 0.9971445858531478 0.9971577839571808 0.9971709212308988 0.9971839979530737 0.9971970144012146 0.9972099708515725 0.9972228675791481 0.997235704857695 0.9972484829597266 0.9972612021565208 0.9972738627181261 0.997286464913367 0.9972990090098484 0.9973114952739627 
0.9933801365059354 0.993410619413492 0.9934409628812652 0.9934711675385867 0.9935012340120254 0.9935311629253996 0.993560954899789 0.9935906105535447 0.9936201305023009 0.9936495153589869 0.993678765733837 0.9937078822344032 0.9937368654655648 0.9937657160295404 0.9937944345258992 0.9938230215515705 0.9938514777008567 0.9938798035654425 0.9939079997344069 0.9939360667942334 0.9939640053288212 0.9939918159194958 0.9940194991450193 0.9940470555816023 0.9940744858029129 0.9941017903800885 0.9941289698817466 0.9941560248739938 0.9941829559204383 0.9942097635821983 0.9942364484179139 0.9942630109837574 0.9942894518334425 0.9943157715182361 0.9943419705869674 0.9943680495860384 0.9943940090594345 0.994419849548735 0.9944455715931212 0.994471175729389 0.9944966624919576 0.9945220324128792 0.9945472860218504 0.9945724238462206 0.9945974464110022 0.9946223542388817 0.9946471478502281 0.9946718277631027 0.9946963944932699 0.9947208485542063 0.99474519045711 0.9947694207109108 0.9947935398222797 0.9948175482956382 0.9948414466331682 0.994865235334821 0.9948889148983271 0.9949124858192058 0.9949359485907738 0.9949593037041561 0.9949825516482932 
0.9876876584093763 0.9877440304331361 0.9878001475457562 0.9878560108708005 0.9879116215271473 0.9879669806290049 0.9880220892859308 0.9880769486028468 0.9881315596800569 0.9881859236132648 0.9882400414935892 0.9882939144075817 0.9883475434372444 0.9884009296600443 0.9884540741489329 0.9885069779723606 0.9885596421942946 0.9886120678742349 0.9886642560672312 0.9887162078238995 0.9887679241904386 0.9888194062086458 0.9888706549159346 0.9889216713453498 0.9889724565255851 0.9890230114809977 0.9890733372316262 0.9891234347932062 0.989173305177186 0.9892229493907435 0.9892723684368016 0.9893215633140445 0.9893705350169343 0.989419284535725 0.9894678128564816 0.9895161209610924 0.9895642098272878 0.9896120804286541 0.9896597337346505 0.989707170710624 0.989754392317825 0.9898013995134238 0.9898481932505256 0.9898947744781856 0.9899411441414249 0.9899873031812459 0.9900332525346489 0.9900789931346444 0.9901245259102718 0.9901698517866124 0.9902149716848058 0.9902598865220644 0.9903045972116886 0.9903491046630828 0.990393409781769 0.9904375134694032 0.9904814166237893 0.9905251201388943 0.9905686249048637 0.9906119318080362 0.9906550417309574 
0.9772124575855939 0.9773156887716803 0.9774184631106935 0.9775207825266841 0.9776226489364833 0.9777240642497226 0.9778250303688518 0.9779255491891593 0.9780256225987896 0.9781252524787636 0.9782244407029976 0.9783231891383214 0.9784214996444986 0.9785193740742453 0.9786168142732492 0.9787138220801885 0.9788103993267525 0.9789065478376591 0.9790022694306748 0.979097565916635 0.9791924390994613 0.9792868907761823 0.9793809227369525 0.9794745367650722 0.9795677346370052 0.9796605181224004 0.9797528889841094 0.9798448489782071 0.9799363998540103 0.9800275433540977 0.9801182812143285 0.9802086151638634 0.980298546925182 0.9803880782141041 0.9804772107398076 0.9805659462048496 0.980654286305184 0.9807422327301829 0.9808297871626543 0.980916951278863 0.9810037267485491 0.981090115234948 0.9811761183948092 0.9812617378784172 0.981346975329609 0.9814318323857955 0.9815163106779792 0.9816004118307755 0.9816841374624299 0.9817674891848401 0.9818504686035732 0.9819330773178859 0.9820153169207447 0.982097188998844 0.9821786951326265 0.9822598368963019 0.982340615857867 0.9824210335791247 0.9825010916157036 0.9825807915170763 0.9826601348265808 
0.9582022275052982 0.9583879108803278 0.9585728050345876 0.9587569130062368 0.958940237824552 0.959122782509925 0.9593045500738653 0.9594855435189996 0.9596657658390721 0.9598452200189469 0.9600239090346082 0.9602018358531632 0.9603790034328425 0.9605554147230047 0.9607310726641359 0.9609059801878549 0.9610801402169157 0.96125355566521 0.9614262294377715 0.9615981644307796 0.9617693635315635 0.9619398296186062 0.9621095655615498 0.9622785742211997 0.9624468584495296 0.9626144210896871 0.9627812649760004 0.9629473929339807 0.9631128077803328 0.9632775123229571 0.9634415093609594 0.963604801684655 0.9637673920755778 0.9639292833064859 0.9640904781413691 0.9642509793354577 0.9644107896352289 0.9645699117784156 0.9647283484940138 0.9648861025022922 0.9650431765147995 0.9651995732343744 0.965355295355154 0.9655103455625823 0.9656647265334211 0.9658184409357579 0.9659714914290173 0.96612388066397 0.9662756112827425 0.9664266859188293 0.9665771071971005 0.966726877733815 0.9668760001366302 0.9670244770046127 0.9671723109282503 0.9673195044894631 0.9674660602616146 0.9676119808095238 0.9677572686894765 0.967901926449238 0.9680459566280646 
0.9245572940253844 0.9248807249501844 0.9252028814673265 0.9255237676377442 0.9258433875177212 0.9261617451588168 0.9264788446077918 0.9267946899065358 0.9271092850919948 0.9274226341960997 0.9277347412456967 0.9280456102624759 0.928355245262904 0.9286636502581552 0.9289708292540451 0.9292767862509621 0.9295815252438041 0.9298850502219118 0.9301873651690061 0.930488474063123 0.930788380876553 0.9310870895757778 0.9313846041214099 0.9316809284681329 0.9319760665646405 0.9322700223535796 0.9325627997714913 0.9328544027487533 0.9331448352095251 0.93343410107169 0.9337222042468023 0.9340091486400308 0.9342949381501077 0.9345795766692737 0.9348630680832268 0.9351454162710713 0.9354266251052661 0.9357066984515755 0.9359856401690193 0.9362634541098249 0.936540144119379 0.9368157140361802 0.9370901676917928 0.9373635089108009 0.9376357415107628 0.9379068693021665 0.9381768960883869 0.9384458256656417 0.9387136618229477 0.9389804083420822 0.9392460689975376 0.9395106475564841 0.939774147778728 0.9400365734166723 0.9402979282152797 0.9405582159120318 0.940817440236894 0.9410756049122774 0.9413327136530029 0.9415887701662652 0.9418437781515983 
0.8675728990598175 0.8681057774086377 0.8686368361619456 0.8691660789213751 0.8696935093030352 0.8702191309372999 0.8707429474685954 0.8712649625551906 0.8717851798689884 0.8723036030953163 0.8728202359327205 0.8733350820927593 0.8738481452997976 0.8743594292908029 0.8748689378151432 0.8753766746343833 0.8758826435220848 0.876386848263606 0.8768892926559031 0.8773899805073314 0.8778889156374499 0.8783861018768238 0.8788815430668306 0.8793752430594673 0.8798672057171557 0.8803574349125523 0.8808459345283579 0.8813327084571261 0.8818177606010787 0.8823010948719133 0.8827827151906227 0.8832626254873044 0.8837408297009806 0.8842173317794123 0.8846921356789195 0.8851652453641994 0.885636664808146 0.8861063979916723 0.8865744489035327 0.8870408215401461 0.8875055199054206 0.8879685480105788 0.8884299098739854 0.8888896095209748 0.889347650983679 0.8898040383008583 0.8902587755177335 0.8907118666858173 0.891163315862745 0.8916131271121153 0.8920613045033181 0.8925078521113775 0.8929527740167851 0.8933960743053406 0.8938377570679931 0.8942778264006781 0.8947162864041643 0.895153141183893 0.8955883948498243 0.8960220515162809 0.896454115301797 
0.7778866433303101 0.7786883526105072 0.7794879884575906 0.7802855503078234 0.7810810376450427 0.7818744500004308 0.7826657869522866 0.7834550481257943 0.7842422331927922 0.7850273418715399 0.7858103739264837 0.7865913291680215 0.7873702074522677 0.7881470086808139 0.7889217328004922 0.7896943798031347 0.7904649497253339 0.7912334426482014 0.7919998586971247 0.7927641980415255 0.7935264608946143 0.7942866475131457 0.7950447581971739 0.7958007932898051 0.7965547531769497 0.7973066382870748 0.7980564490909569 0.798804186101429 0.7995498498731345 0.8002934410022715 0.8010349601263476 0.8017744079239196 0.8025117851143501 0.8032470924575461 0.8039803307537104 0.8047115008430855 0.8054406036056986 0.8061676399611064 0.8068926108681398 0.8076155173246484 0.808336360367242 0.8090551410710357 0.8097718605493913 0.8104865199536615 0.8111991204729292 0.8119096633337509 0.8126181497998994 0.8133245811721046 0.8140289587877901 0.814731284020824 0.8154315582812475 0.8161297830150257 0.8168259597037816 0.8175200898645378 0.8182121750494608 0.8189022168455937 0.8195902168746033 0.8202761767925159 0.820960098289459 0.8216419830893993 0.8223218329498867 
0.6518358399300462 0.6528895043296415 0.6539416728798811 0.6549923374320615 0.6560414898931763 0.6570891222260907 0.6581352264497078 0.6591797946391347 0.6602228189258421 0.6612642914978205 0.6623042045997323 0.6633425505330598 0.6643793216562496 0.6654145103848507 0.6664481091916536 0.6674801106068174 0.6685105072180021 0.6695392916704884 0.6705664566672995 0.6715919949693161 0.6726158993953869 0.6736381628224366 0.6746587781855701 0.6756777384781709 0.6766950367519962 0.6777106661172685 0.6787246197427647 0.6797368908558965 0.6807474727427931 0.6817563587483728 0.6827635422764202 0.6837690167896466 0.6847727758097613 0.685774812917526 0.6867751217528121 0.6877736960146558 0.6887705294613018 0.6897656159102505 0.6907589492382976 0.6917505233815726 0.6927403323355688 0.6937283701551746 0.6947146309546985 0.695699108907892 0.6966817982479642 0.6976626932675983 0.6986417883189638 0.6996190778137217 0.7005945562230238 0.7015682180775228 0.7025400579673552 0.7035100705421445 0.704478250510983 0.7054445926424194 0.7064090917644438 0.7073717427644586 0.7083325405892605 0.7092914802450075 0.7102485567971885 0.7112037653705836 0.7121571011492325 
0.5002110931023059 0.5013726106478231 0.5025341133788529 0.5036955887598764 0.5048570242565559 0.506018407336275 0.5071797254686804 0.5083409661262214 0.5095021167846918 0.5106631649237684 0.5118240980275521 0.5129849035851066 0.5141455690909972 0.515306082045829 0.5164664299567863 0.5176266003381668 0.5187865807119216 0.5199463586081889 0.5211059215658291 0.5222652571329609 0.5234243528674926 0.5245831963376556 0.5257417751225369 0.5269000768126093 0.528058089010259 0.5292157993303167 0.530373195400585 0.5315302648623623 0.5326869953709708 0.5338433745962757 0.534999390223215 0.5361550299523108 0.5373102815001983 0.5384651326001376 0.5396195710025323 0.5407735844754464 0.5419271608051143 0.543080287796455 0.5442329532735809 0.5453851450803088 0.5465368510806627 0.5476880591593812 0.5488387572224189 0.5499889331974508 0.5511385750343657 0.5522876707057663 0.5534362082074665 0.5545841755589824 0.5557315608040174 0.5568783520109651 0.5580245372733781 0.5591701047104669 0.5603150424675721 0.5614593387166482 0.5626029816567427 0.5637459595144646 0.5648882605444634 0.5660298730298949 0.5671707852828912 0.5683109856450197 0.5694504624877544 
0.3485475119727034 0.3496032026985187 0.3506603697940586 0.3517190049246006 0.3527790997005252 0.3538406456775108 0.3549036343567323 0.3559680571850634 0.3570339055552847 0.3581011708062933 0.3591698442233188 0.3602399170381425 0.3613113804293203 0.3623842255224098 0.3634584433902033 0.3645340250529606 0.3656109614786519 0.3666892435831983 0.3677688622307216 0.3688498082337957 0.3699320723537011 0.3710156453006862 0.3721005177342306 0.3731866802633133 0.3742741234466827 0.375362837793135 0.3764528137617929 0.3775440417623884 0.3786365121555527 0.3797302152531049 0.3808251413183514 0.3819212805663799 0.3830186231643697 0.3841171592318932 0.385216878841229 0.3863177720176789 0.3874198287398831 0.3885230389401451 0.3896273925047575 0.3907328792743333 0.3918394890441381 0.3929472115644285 0.3940560365407935 0.3951659536345022 0.3962769524628474 0.3973890225995008 0.3985021535748719 0.399616334876465 0.4007315559492384 0.4018478061959838 0.4029650749776802 0.4040833516138826 0.4052026253830897 0.4063228855231284 0.4074441212315421 0.4085663216659696 0.4096894759445457 0.41081357314629 0.411938602311508 0.4130645524421872 0.4141914125024103 
0.2224052732718877 0.2232098086358457 0.2240164159101368 0.2248250943693548 0.2256358432395402 0.2264486616979588 0.2272635488728831 0.2280805038433731 0.2288995256390612 0.2297206132399358 0.2305437655761286 0.2313689815277028 0.2321962599244421 0.2330255995456424 0.2338569991199053 0.234690457324931 0.2355259727873169 0.2363635440823539 0.2372031697338268 0.2380448482138164 0.238888577942502 0.239734357287967 0.2405821845660065 0.2414320580399364 0.2422839759204028 0.2431379363651969 0.2439939374790693 0.2448519773135459 0.2457120538667491 0.2465741650832159 0.2474383088537246 0.2483044830151154 0.2491726853501234 0.2500429135872038 0.2509151654003653 0.2517894384090055 0.2526657301777447 0.2535440382162661 0.2544243599791565 0.2553066928657506 0.2561910342199743 0.2570773813301951 0.2579657314290714 0.2588560816934072 0.2597484292440049 0.2606427711455245 0.2615391044063461 0.2624374259784321 0.2633377327571882 0.2642400215813427 0.2651442892328044 0.2660505324365475 0.2669587478604803 0.2678689321153278 0.2687810817545163 0.2696951932740509 0.2706112631124108 0.2715292876504353 0.2724492632112189 0.273371186060004 0.2742950524040867 
0.132621241584764 0.1331566066869655 0.133693799838284 0.1342328245900931 0.1347736844783535 0.1353163830233949 0.1358609237296989 0.136407310085678 0.1369555455634575 0.1375056336186529 0.1380575776901483 0.1386113811998738 0.1391670475525812 0.1397245801356194 0.1402839823187091 0.1408452574537154 0.1414084088744216 0.1419734398962996 0.1425403538162818 0.1431091539125309 0.1436798434442083 0.1442524256512432 0.1448269037540998 0.1454032809535444 0.1459815604304099 0.1465617453453623 0.1471438388386646 0.1477278440299394 0.1483137640179329 0.1489016018802757 0.1494913606732446 0.1500830434315218 0.1506766531679574 0.1512721928733251 0.1518696655160819 0.1524690740421265 0.1530704213745543 0.1536737104134147 0.1542789440354662 0.1548861250939321 0.155495256418253 0.1561063408138417 0.1567193810618355 0.1573343799188497 0.157951340116727 0.1585702643622899 0.1591911553370924 0.1598140156971691 0.1604388480727819 0.1610656550681759 0.1616944392613187 0.1623252032036565 0.1629579494198556 0.1635926804075521 0.1642293986370995 0.1648681065513106 0.1655088065652077 0.1661515010657647 0.1667961924116537 0.1674428829329862 0.1680915749310621 
0.0755605822828684 0.07588575738479773 0.07621221651035116 0.07653996373554237 0.07686900314069878 0.0771993388103825 0.07753097483331021 0.07786391530227169 0.07819816431404863 0.07853372596933135 0.07887060437263517 0.07920880363221611 0.07954832785998518 0.07988918117142212 0.08023136768548836 0.0805748915245383 0.08091975681423105 0.08126596768343969 0.08161352826416086 0.08196244269142287 0.08231271510319262 0.08266434964028231 0.08301735044625466 0.08337172166732768 0.0837274674522773 0.08408459195234087 0.0844430993211185 0.08480299371447364 0.08516427929043263 0.08552696020908364 0.08589104063247453 0.08625652472450911 0.08662341665084422 0.0869917205787831 0.08736144067716994 0.08773258111628342 0.08810514606772737 0.08847913970432249 0.08885456619999592 0.08923142972967099 0.08960973446915388 0.08998948459502139 0.09037068428450656 0.09075333771538434 0.09113744906585396 0.09152302251442268 0.0919100622397885 0.09229857242072011 0.0926885572359353 0.09308002086398393 0.09347296748312028 0.09386740127118455 0.0942633264054752 0.09466074706262502 0.0950596674184757 0.09546009164794794 0.0958620239249154 0.09626546842207377 0.09667042931081105 0.09707691076107415 0.09748491694123909 
SCALARS eta_2 double 1
LOOKUP_TABLE default
0.9581345396977468 0.9579477753269504 0.9577602145194565 0.95757185420723 0.9573826913133566 0.957192722752043 0.95700194542862 0.9568103562395452 0.9566179520724041 0.9564247298059139 0.9562306863099274 0.9560358184454353 0.9558401230645711 0.9556435970106153 0.9554462371179997 0.9552480402123125 0.9550490031103033 0.9548491226198896 0.9546483955401622 0.9544468186613912 0.9542443887650341 0.9540411026237416 0.9538369570013654 0.9536319486529664 0.9534260743248225 0.953219330754438 0.9530117146705512 0.9528032227931452 0.952593851833457 0.9523835984939877 0.9521724594685127 0.9519604314420936 0.9517475110910888 0.9515336950831654 0.9513189800773116 0.951103362723849 0.9508868396644461 0.9506694075321312 0.9504510629513064 0.9502318025377624 0.9500116228986926 0.9497905206327082 0.9495684923298551 0.9493455345716277 0.9491216439309877 0.9488968169723802 0.94867105025175 0.9484443403165612 0.9482166837058152 0.9479880769500677 0.9477585165714514 0.947527999083692 0.9472965209921316 0.9470640787937479 0.9468306689771749 0.9465962880227261 0.9463609324024159 0.9461245985799819 0.9458872830109087 0.9456489821424526 0.9454096924136633 
0.977174821835898 0.9770709646360584 0.9769666460128933 0.9768618640179324 0.9767566166954039 0.9766509020822158 0.9765447182079378 0.9764380630947812 0.9763309347575816 0.9762233312037797 0.9761152504334023 0.9760066904390448 0.9758976492058519 0.9757881247114996 0.9756781149261763 0.975567617812565 0.9754566313258248 0.9753451534135726 0.975233182015865 0.9751207150651797 0.9750077504863984 0.9748942861967878 0.9747803201059821 0.9746658501159652 0.9745508741210522 0.9744353900078723 0.9743193956553506 0.9742028889346909 0.9740858677093578 0.9739683298350585 0.9738502731597269 0.9737316955235048 0.973612594758725 0.9734929686898943 0.973372815133676 0.9732521318988722 0.9731309167864088 0.973009167589316 0.9728868820927131 0.9727640580737907 0.9726406933017949 0.97251678553801 0.9723923325357422 0.9722673320403029 0.9721417817889927 0.9720156795110848 0.9718890229278087 0.9717618097523345 0.9716340376897569 0.9715057044370781 0.9713768076831942 0.9712473451088772 0.971117314386761 0.9709867131813251 0.9708555391488792 0.9707237899375482 0.9705914631872565 0.9704585565297141 0.9703250675883999 0.9701909939785484 0.9700563333071333 
0.9876671050858383 0.9876103836777205 0.9875534046842203 0.9874961669658866 0.9874386693785074 0.9873809107730916 0.9873228899958528 0.9872646058881916 0.9872060572866777 0.9871472430230327 0.9870881619241137 0.9870288128118939 0.9869691945034463 0.9869093058109257 0.986849145541551 0.9867887124975883 0.9867280054763314 0.9866670232700864 0.986605764666152 0.9865442284468028 0.9864824133892705 0.9864203182657275 0.9863579418432671 0.9862952828838871 0.9862323401444713 0.9861691123767707 0.9861055983273871 0.9860417967377535 0.9859777063441165 0.9859133258775185 0.985848654063779 0.9857836896234763 0.9857184312719302 0.9856528777191825 0.9855870276699796 0.9855208798237536 0.9854544328746038 0.9853876855112791 0.9853206364171591 0.9852532842702351 0.9851856277430924 0.9851176655028915 0.9850493962113496 0.9849808185247214 0.9849119310937822 0.9848427325638065 0.9847732215745523 0.9847033967602402 0.9846332567495361 0.9845628001655307 0.9844920256257235 0.9844209317420013 0.9843495171206206 0.9842777803621889 0.9842057200616452 0.9841333348082417 0.9840606231855243 0.9839875837713142 0.9839142151376887 0.9838405158509622 0.9837664844716667 
0.9933690219923816 0.9933383479428426 0.9933075329550654 0.9932765763903445 0.9932454776071618 0.9932142359611753 0.9931828508052077 0.993151321489234 0.9931196473603705 0.9930878277628628 0.9930558620380734 0.9930237495244706 0.9929914895576164 0.9929590814701541 0.9929265245917973 0.9928938182493168 0.9928609617665286 0.9928279544642833 0.9927947956604513 0.9927614846699134 0.9927280208045467 0.9926944033732131 0.9926606316817463 0.9926267050329405 0.9925926227265373 0.9925583840592129 0.9925239883245667 0.9924894348131076 0.9924547228122423 0.9924198516062624 0.9923848204763315 0.9923496287004725 0.9923142755535557 0.9922787603072848 0.9922430822301849 0.9922072405875891 0.9921712346416264 0.9921350636512074 0.9920987268720131 0.9920622235564797 0.9920255529537878 0.9919887143098479 0.9919517068672867 0.9919145298654356 0.9918771825403158 0.9918396641246265 0.9918019738477304 0.9917641109356404 0.9917260746110069 0.9916878640931036 0.9916494785978149 0.9916109173376206 0.9915721795215847 0.9915332643553398 0.991494171041074 0.9914548987775178 0.9914154467599294 0.9913758141800812 0.9913360002262465 0.9912960040831844 0.9912558249321277 
0.9964442394323407 0.996427739785669 0.9964111638521297 0.9963945112815722 0.9963777817222622 0.9963609748208754 0.9963440902224898 0.9963271275705803 0.9963100865070091 0.9962929666720215 0.9962757677042363 0.9962584892406405 0.9962411309165815 0.9962236923657596 0.9962061732202215 0.9961885731103524 0.9961708916648691 0.9961531285108127 0.9961352832735419 0.9961173555767238 0.9960993450423286 0.9960812512906211 0.9960630739401536 0.9960448126077583 0.9960264669085401 0.9960080364558681 0.9959895208613698 0.9959709197349216 0.9959522326846429 0.9959334593168869 0.9959145992362345 0.9958956520454848 0.9958766173456489 0.995857494735942 0.9958382838137744 0.9958189841747445 0.9957995954126315 0.9957801171193863 0.9957605488851244 0.9957408902981179 0.9957211409447871 0.995701300409693 0.9956813682755282 0.9956613441231106 0.9956412275313737 0.9956210180773591 0.9956007153362083 0.9955803188811545 0.9955598282835143 0.9955392431126793 0.995518562936108 0.9954977873193174 0.9954769158258744 0.9954559480173882 0.9954348834535005 0.9954137216918787 0.9953924622882052 0.9953711047961715 0.9953496487674675 0.9953280937517738 0.995306439296753 
0.998096011318877 0.9980871616064823 0.9980782708399477 0.9980693388295597 0.9980603653847345 0.9980513503140148 0.998042293425066 0.9980331945246712 0.9980240534187285 0.9980148699122459 0.998005643809338 0.9979963749132221 0.9979870630262133 0.9979777079497212 0.9979683094842455 0.9979588674293723 0.9979493815837692 0.9979398517451821 0.9979302777104299 0.9979206592754016 0.9979109962350516 0.9979012883833952 0.9978915355135042 0.9978817374175036 0.9978718938865671 0.9978620047109111 0.9978520696797937 0.9978420885815068 0.997832061203375 0.9978219873317481 0.9978118667519997 0.9978016992485208 0.9977914846047161 0.9977812226029997 0.9977709130247902 0.9977605556505066 0.9977501502595635 0.9977396966303674 0.9977291945403112 0.9977186437657695 0.9977080440820956 0.9976973952636152 0.9976866970836225 0.9976759493143759 0.9976651517270925 0.9976543040919446 0.9976434061780535 0.9976324577534863 0.9976214585852508 0.9976104084392895 0.9975993070804766 0.9975881542726123 0.9975769497784177 0.9975656933595313 0.9975543847765024 0.9975430237887873 0.9975316101547445 0.9975201436316291 0.9975086239755887 0.9974970509416577 0.9974854242837526 
0.9989812633780919 0.9989765240854498 0.9989717627677076 0.9989669793227187 0.9989621736478651 0.9989573456400546 0.9989524951957188 0.9989476222108115 0.9989427265808054 0.9989378082006912 0.9989328669649744 0.9989279027676733 0.998922915502317 0.9989179050619434 0.9989128713390961 0.998907814225823 0.9989027336136731 0.9988976293936954 0.998892501456436 0.9988873496919353 0.9988821739897268 0.9988769742388336 0.998871750327767 0.9988665021445237 0.9988612295765834 0.9988559325109068 0.998850610833933 0.998845264431577 0.9988398931892275 0.9988344969917441 0.9988290757234559 0.9988236292681578 0.9988181575091089 0.9988126603290295 0.9988071376100992 0.9988015892339543 0.9987960150816848 0.9987904150338325 0.9987847889703884 0.9987791367707897 0.998773458313918 0.9987677534780959 0.9987620221410857 0.9987562641800855 0.9987504794717276 0.9987446678920752 0.9987388293166202 0.9987329636202806 0.9987270706773982 0.9987211503617348 0.9987152025464711 0.9987092271042025 0.9987032239069379 0.9986971928260963 0.9986911337325038 0.9986850464963912 0.9986789309873919 0.9986727870745381 0.9986666146262588 0.9986604135103769 0.998654183594106 
0.9994551456561106 0.9994526097162544 0.9994500619797549 0.9994475023917974 0.9994449308973126 0.9994423474409762 0.9994397519672078 0.9994371444201684 0.9994345247437612 0.9994318928816286 0.9994292487771518 0.99942659237345 0.9994239236133783 0.9994212424395269 0.9994185487942203 0.9994158426195152 0.9994131238572 0.9994103924487928 0.9994076483355415 0.9994048914584213 0.9994021217581333 0.9993993391751045 0.9993965436494853 0.9993937351211493 0.9993909135296908 0.9993880788144247 0.9993852309143842 0.9993823697683207 0.9993794953147009 0.9993766074917071 0.9993737062372346 0.9993707914888913 0.9993678631839958 0.9993649212595764 0.9993619656523697 0.9993589962988189 0.9993560131350729 0.9993530160969851 0.9993500051201113 0.9993469801397087 0.999343941090735 0.9993408879078459 0.9993378205253955 0.9993347388774328 0.9993316428977016 0.9993285325196388 0.9993254076763736 0.9993222683007242 0.9993191143251989 0.9993159456819926 0.9993127623029865 0.9993095641197464 0.9993063510635207 0.9993031230652398 0.9992998800555143 0.9992966219646334 0.9992933487225635 0.9992900602589461 0.999286756503098 0.9992834373840079 0.9992801028303362 
0.9997086580005977 0.9997073016489922 0.9997059389847078 0.9997045699783813 0.9997031946005136 0.9997018128214681 0.9997004246114712 0.9996990299406102 0.9996976287788338 0.9996962210959511 0.9996948068616309 0.9996933860454011 0.9996919586166483 0.999690524544616 0.9996890837984063 0.999687636346976 0.9996861821591393 0.9996847212035649 0.9996832534487752 0.9996817788631479 0.9996802974149126 0.9996788090721518 0.9996773138027997 0.9996758115746416 0.999674302355313 0.9996727861122993 0.9996712628129348 0.9996697324244016 0.9996681949137305 0.999666650247798 0.9996650983933274 0.9996635393168873 0.9996619729848913 0.9996603993635961 0.9996588184191028 0.9996572301173544 0.9996556344241363 0.9996540313050742 0.9996524207256346 0.9996508026511238 0.999649177046687 0.9996475438773069 0.9996459031078043 0.9996442547028365 0.9996425986268964 0.9996409348443122 0.9996392633192462 0.9996375840156949 0.999635896897487 0.9996342019282836 0.9996324990715768 0.9996307882906897 0.9996290695487743 0.9996273428088123 0.9996256080336131 0.9996238651858131 0.9996221142278764 0.9996203551220912 0.9996185878305722 0.9996168123152571 0.9996150285379072 
0.9998442333346172 0.9998435080593309 0.9998427794075743 0.9998420473636335 0.9998413119117211 0.9998405730359768 0.9998398307204667 0.9998390849491819 0.9998383357060397 0.999837582974883 0.9998368267394783 0.9998360669835178 0.9998353036906172 0.9998345368443162 0.9998337664280783 0.9998329924252891 0.9998322148192581 0.9998314335932165 0.9998306487303177 0.9998298602136364 0.9998290680261693 0.9998282721508336 0.9998274725704668 0.999826669267827 0.9998258622255923 0.9998250514263595 0.9998242368526451 0.9998234184868841 0.9998225963114298 0.9998217703085533 0.9998209404604438 0.9998201067492067 0.9998192691568654 0.9998184276653588 0.9998175822565417 0.9998167329121856 0.9998158796139763 0.9998150223435147 0.9998141610823157 0.9998132958118093 0.9998124265133381 0.9998115531681586 0.9998106757574401 0.9998097942622636 0.9998089086636233 0.9998080189424237 0.9998071250794818 0.9998062270555248 0.9998053248511901 0.9998044184470253 0.9998035078234877 0.9998025929609433 0.9998016738396673 0.9998007504398432 0.9997998227415617 0.9997988907248214 0.9997979543695282 0.9997970136554941 0.9997960685624372 0.9997951190699819 0.9997941651576568 
0.9999167242519649 0.9999163364781033 0.9999159468987227 0.9999155555054181 0.9999151622897451 0.9999147672432199 0.9999143703573193 0.9999139716234806 0.999913571033101 0.9999131685775376 0.9999127642481079 0.9999123580360884 0.9999119499327148 0.9999115399291827 0.9999111280166463 0.9999107141862188 0.9999102984289718 0.9999098807359358 0.9999094610980993 0.9999090395064084 0.9999086159517678 0.9999081904250398 0.9999077629170438 0.9999073334185563 0.9999069019203117 0.9999064684130009 0.9999060328872708 0.9999055953337259 0.9999051557429264 0.9999047141053883 0.999904270411584 0.9999038246519413 0.9999033768168435 0.9999029268966294 0.9999024748815922 0.9999020207619808 0.9999015645279979 0.9999011061698011 0.999900645677502 0.9999001830411663 0.9998997182508136 0.9998992512964167 0.999898782167902 0.9998983108551488 0.99989783734799 0.99989736163621 0.9998968837095465 0.9998964035576897 0.9998959211702809 0.9998954365369142 0.9998949496471342 0.9998944604904378 0.9998939690562727 0.9998934753340373 0.999892979313081 0.9998924809827032 0.9998919803321542 0.9998914773506337 0.9998909720272912 0.999890464351226 0.9998899543114863 
0.9998861113978789 0.9998855982356857 0.9998850827615388 0.9998845649650248 0.9998840448356827 0.9998835223630053 0.9998829975364374 0.9998824703453763 0.9998819407791723 0.9998814088271268 0.9998808744784941 0.9998803377224788 0.9998797985482379 0.9998792569448794 0.9998787129014619 0.9998781664069953 0.9998776174504397 0.999877066020705 0.9998765121066523 0.9998759556970918 0.9998753967807833 0.9998748353464361 0.9998742713827091 0.9998737048782096 0.9998731358214938 0.9998725642010662 0.9998719900053801 0.999871413222836 0.999870833841783 0.9998702518505174 0.9998696672372824 0.9998690799902691 0.9998684900976146 0.9998678975474034 0.9998673023276657 0.9998667044263784 0.9998661038314638 0.9998655005307898 0.9998648945121701 0.9998642857633631 0.9998636742720728 0.9998630600259468 0.9998624430125782 0.9998618232195033 0.9998612006342031 0.9998605752441015 0.9998599470365664 0.9998593159989084 0.9998586821183814 0.9998580453821815 0.9998574057774473 0.9998567632912601 0.9998561179106419 0.9998554696225573 0.9998548184139117 0.9998541642715518 0.9998535071822647 0.9998528471327789 0.9998521841097618 0.9998515180998223 0.9998508490895079 
0.9997869776636239 0.9997860179176932 0.9997850538486748 0.9997840854371042 0.9997831126634293 0.9997821355080102 0.9997811539511183 0.9997801679729365 0.9997791775535584 0.9997781826729879 0.9997771833111398 0.9997761794478376 0.9997751710628142 0.9997741581357117 0.9997731406460802 0.9997721185733787 0.9997710918969724 0.9997700605961348 0.9997690246500457 0.9997679840377913 0.9997669387383642 0.9997658887306614 0.9997648339934864 0.999763774505546 0.9997627102454523 0.9997616411917205 0.9997605673227695 0.9997594886169212 0.9997584050523997 0.9997573166073315 0.9997562232597442 0.9997551249875672 0.9997540217686304 0.9997529135806638 0.9997518004012975 0.9997506822080607 0.9997495589783819 0.9997484306895879 0.9997472973189034 0.999746158843451 0.9997450152402503 0.9997438664862173 0.9997427125581642 0.9997415534327994 0.9997403890867261 0.9997392194964426 0.9997380446383413 0.9997368644887085 0.9997356790237237 0.9997344882194598 0.9997332920518813 0.9997320904968452 0.9997308835300999 0.9997296711272846 0.9997284532639291 0.999727229915453 0.9997260010571652 0.9997247666642644 0.9997235267118365 0.9997222811748566 0.9997210300281867 
0.9996015878752575 0.9995997932127859 0.9995979904694406 0.999596179608865 0.9995943605945392 0.999592533389779 0.9995906979577361 0.9995888542613959 0.9995870022635781 0.9995851419269353 0.9995832732139519 0.9995813960869449 0.9995795105080604 0.9995776164392761 0.9995757138423982 0.9995738026790612 0.9995718829107277 0.9995699544986869 0.9995680174040545 0.9995660715877714 0.999564117010603 0.9995621536331388 0.9995601814157908 0.9995582003187938 0.9995562103022038 0.9995542113258975 0.9995522033495713 0.9995501863327405 0.9995481602347389 0.9995461250147178 0.999544080631645 0.9995420270443035 0.9995399642112923 0.9995378920910237 0.9995358106417233 0.9995337198214296 0.9995316195879925 0.9995295098990729 0.9995273907121408 0.999525261984476 0.9995231236731669 0.9995209757351079 0.9995188181270014 0.9995166508053547 0.9995144737264794 0.9995122868464921 0.9995100901213115 0.9995078835066589 0.9995056669580564 0.9995034404308274 0.9995012038800936 0.999498957260776 0.9994967005275929 0.9994944336350597 0.9994921565374879 0.9994898691889829 0.999487571543445 0.9994852635545676 0.9994829451758359 0.9994806163605264 0.9994782770617063 
0.9992549766733344 0.9992516218565316 0.9992482519444583 0.9992448668692945 0.9992414665629166 0.9992380509568961 0.9992346199824979 0.9992311735706786 0.9992277116520859 0.9992242341570573 0.9992207410156179 0.9992172321574793 0.9992137075120384 0.9992101670083766 0.9992066105752567 0.9992030381411233 0.9991994496341005 0.9991958449819899 0.9991922241122705 0.9991885869520967 0.9991849334282963 0.9991812634673699 0.9991775769954885 0.9991738739384934 0.9991701542218935 0.9991664177708639 0.9991626645102453 0.9991588943645416 0.9991551072579192 0.9991513031142047 0.9991474818568841 0.9991436434091004 0.9991397876936531 0.9991359146329961 0.9991320241492364 0.999128116164132 0.9991241905990912 0.9991202473751704 0.9991162864130728 0.9991123076331467 0.9991083109553847 0.9991042962994199 0.9991002635845274 0.9990962127296205 0.9990921436532497 0.999088056273601 0.9990839505084947 0.9990798262753834 0.9990756834913506 0.9990715220731085 0.9990673419369969 0.9990631429989819 0.9990589251746529 0.9990546883792227 0.9990504325275242 0.9990461575340098 0.999041863312749 0.9990375497774276 0.9990332168413447 0.9990288644174123 0.9990244924181528 
0.9986072402647671 0.9986009727947559 0.99859467716059 0.998588353236066 0.9985820008944184 0.9985756200083169 0.9985692104498632 0.9985627720905909 0.9985563048014594 0.9985498084528549 0.9985432829145855 0.9985367280558793 0.9985301437453828 0.9985235298511568 0.998516886240675 0.9985102127808204 0.9985035093378843 0.9984967757775619 0.9984900119649504 0.9984832177645468 0.998476393040245 0.9984695376553328 0.998462651472489 0.9984557343537823 0.9984487861606668 0.99844180675398 0.9984347959939401 0.9984277537401441 0.9984206798515631 0.9984135741865414 0.9984064366027929 0.9983992669573986 0.9983920651068033 0.998384830906814 0.9983775642125954 0.9983702648786688 0.9983629327589081 0.9983555677065373 0.998348169574128 0.9983407382135957 0.9983332734761978 0.9983257752125307 0.9983182432725259 0.9983106775054481 0.9983030777598919 0.9982954438837791 0.998287775724355 0.9982800731281865 0.9982723359411582 0.9982645640084701 0.9982567571746345 0.9982489152834723 0.9982410381781106 0.99823312570098 0.9982251776938106 0.9982171939976298 0.9982091744527583 0.998201118898808 0.9981930271746785 0.9981848991185539 0.9981767345678993 
0.99739781692952 0.9973861212557816 0.9973743731534909 0.9973625723888715 0.9973507187271162 0.9973388119323815 0.9973268517677845 0.997314837995397 0.9973027703762424 0.9972906486702902 0.9972784726364518 0.9972662420325761 0.9972539566154444 0.9972416161407662 0.9972292203631751 0.9972167690362229 0.9972042619123758 0.9971916987430101 0.997179079278406 0.9971664032677449 0.9971536704591031 0.9971408805994477 0.9971280334346319 0.9971151287093897 0.9971021661673316 0.99708914555094 0.9970760666015634 0.9970629290594125 0.9970497326635548 0.9970364771519098 0.997023162261244 0.9970097877271663 0.9969963532841225 0.9969828586653912 0.9969693036030771 0.9969556878281082 0.9969420110702294 0.9969282730579969 0.9969144735187749 0.9969006121787289 0.9968866887628212 0.9968727029948059 0.9968586545972232 0.996844543291395 0.996830368797419 0.9968161308341636 0.9968018291192627 0.9967874633691109 0.9967730332988576 0.9967585386224015 0.9967439790523861 0.9967293543001936 0.99671466407594 0.9966999080884693 0.9966850860453486 0.9966701976528617 0.9966552426160049 0.9966402206384807 0.9966251314226922 0.9966099746697382 0.9965947500794069 
0.9951432808496294 0.9951215015867275 0.9950996251387698 0.9950776510764123 0.9950555789684539 0.9950334083818269 0.9950111388815913 0.9949887700309259 0.9949663013911196 0.9949437325215662 0.9949210629797542 0.9948982923212595 0.9948754200997385 0.9948524458669191 0.9948293691725929 0.994806189564608 0.9947829065888598 0.994759519789284 0.9947360287078478 0.9947124328845426 0.9946887318573749 0.9946649251623588 0.9946410123335075 0.9946169929028259 0.9945928664003005 0.9945686323538938 0.9945442902895327 0.9945198397311038 0.9944952802004418 0.9944706112173233 0.9944458322994572 0.9944209429624767 0.9943959427199308 0.9943708310832754 0.9943456075618656 0.994320271662946 0.9942948228916431 0.9942692607509558 0.9942435847417475 0.9942177943627366 0.9941918891104891 0.9941658684794074 0.9941397319617247 0.9941134790474933 0.9940871092245775 0.9940606219786439 0.994034016793153 0.9940072931493495 0.9939804505262543 0.9939534884006545 0.9939264062470952 0.9938992035378693 0.9938718797430099 0.9938444343302805 0.9938168667651645 0.9937891765108579 0.9937613630282599 0.9937334257759616 0.9937053642102396 0.9936771777850438 0.9936488659519909 
0.9909531283336532 0.9909127305150591 0.9908721539660361 0.9908313979107055 0.9907904615699535 0.9907493441614197 0.9907080448994829 0.9906665629952512 0.9906248976565468 0.9905830480878963 0.9905410134905164 0.9904987930623019 0.9904563859978135 0.9904137914882651 0.9903710087215106 0.9903280368820319 0.990284875150926 0.9902415227058924 0.9901979787212203 0.9901542423677751 0.9901103128129873 0.9900661892208379 0.990021870751846 0.9899773565630563 0.9899326458080262 0.9898877376368118 0.9898426311959559 0.9897973256284748 0.9897518200738443 0.9897061136679877 0.9896602055432621 0.9896140948284448 0.9895677806487208 0.989521262125669 0.9894745383772495 0.9894276085177891 0.9893804716579692 0.9893331269048111 0.9892855733616642 0.9892378101281907 0.9891898363003532 0.9891416509704007 0.9890932532268556 0.9890446421544988 0.9889958168343577 0.988946776343691 0.9888975197559757 0.9888480461408934 0.9887983545643169 0.9887484440882941 0.9886983137710378 0.9886479626669084 0.988597389826402 0.9885465942961356 0.9884955751188332 0.9884443313333124 0.988392861974469 0.9883411660732641 0.988289242656709 0.9882370907478527 0.9881847093657653 
0.9832089033760137 0.983134513115409 0.9830597989590838 0.9829847595472104 0.9829093935146992 0.9828336994911837 0.9827576761010024 0.9826813219631843 0.982604635691431 0.9825276158941013 0.9824502611741945 0.9823725701293337 0.9822945413517492 0.9822161734282637 0.9821374649402734 0.9820584144637337 0.9819790205691411 0.9818992818215182 0.981819196780396 0.9817387639997979 0.9816579820282234 0.9815768494086318 0.9814953646784248 0.9814135263694306 0.9813313330078876 0.9812487831144276 0.9811658752040593 0.9810826077861512 0.9809989793644166 0.9809149884368955 0.980830633495939 0.9807459130281925 0.9806608255145788 0.9805753694302826 0.9804895432447324 0.9804033454215858 0.9803167744187115 0.9802298286881733 0.9801425066762144 0.9800548068232388 0.9799667275637973 0.9798782673265691 0.9797894245343466 0.9797001976040175 0.9796105849465494 0.9795205849669736 0.9794301960643674 0.9793394166318389 0.9792482450565089 0.9791566797194966 0.9790647189959018 0.9789723612547881 0.9788796048591681 0.9787864481659855 0.9786928895260993 0.9785989272842675 0.9785045597791308 0.9784097853431956 0.9783146023028184 0.9782190089781898 0.9781230036833169 
0.9690426282965179 0.9689074613636628 0.9687717232799559 0.9686354117983713 0.9684985246644994 0.9683610596165361 0.9682230143852709 0.9680843866940779 0.9679451742589027 0.9678053747882522 0.9676649859831855 0.9675240055373019 0.9673824311367307 0.9672402604601216 0.9670974911786345 0.9669541209559289 0.9668101474481552 0.9666655683039435 0.9665203811643954 0.9663745836630742 0.9662281734259948 0.9660811480716164 0.9659335052108313 0.9657852424469574 0.9656363573757294 0.9654868475852899 0.9653367106561811 0.9651859441613366 0.9650345456660735 0.9648825127280837 0.9647298428974271 0.9645765337165233 0.9644225827201447 0.9642679874354081 0.9641127453817692 0.9639568540710137 0.9638003110072526 0.9636431136869136 0.9634852595987364 0.9633267462237645 0.9631675710353408 0.9630077314991011 0.9628472250729682 0.9626860492071455 0.962524201344114 0.962361678918625 0.9621984793576953 0.9620346000806033 0.9618700384988839 0.9617047920163235 0.9615388580289578 0.9613722339250644 0.9612049170851626 0.9610369048820073 0.9608681946805868 0.9606987838381191 0.960528669704049 0.9603578496200451 0.9601863209199977 0.9600140809300169 0.959841126968429 
0.9436100513100197 0.9433703292565725 0.9431296495287356 0.9428880088236445 0.9426454038315117 0.9424018312356532 0.9421572877125143 0.9419117699316977 0.9416652745559905 0.9414177982413929 0.9411693376371468 0.9409198893857638 0.9406694501230564 0.9404180164781667 0.9401655850735978 0.9399121525252453 0.939657715442427 0.9394022704279171 0.9391458140779775 0.9388883429823915 0.9386298537244968 0.9383703428812205 0.9381098070231132 0.9378482427143839 0.9375856465129366 0.9373220149704062 0.9370573446321944 0.9367916320375081 0.9365248737193973 0.936257066204793 0.9359882060145459 0.9357182896634673 0.9354473136603672 0.9351752745080967 0.9349021687035884 0.9346279927378981 0.9343527430962477 0.9340764162580677 0.9337990086970408 0.9335205168811456 0.9332409372727025 0.9329602663284174 0.9326785004994294 0.9323956362313548 0.9321116699643366 0.9318265981330912 0.9315404171669565 0.9312531234899398 0.930964713520771 0.930675183672947 0.9303845303547886 0.930092749969487 0.9297998389151586 0.9295057935848966 0.9292106103668243 0.9289142856441499 0.9286168157952194 0.9283181971935733 0.9280184262080012 0.9277174992026008 0.9274154125368312 
0.8994516589209486 0.8990442973307395 0.8986354713472569 0.8982251772146506 0.8978134111798337 0.8974001694926057 0.8969854484057767 0.8965692441752945 0.8961515530603694 0.8957323713236025 0.895311695231114 0.8948895210526719 0.894465845061822 0.8940406635360199 0.8936139727567609 0.893185769009715 0.8927560485848585 0.8923248077766097 0.8918920428839643 0.891457750210631 0.8910219260651694 0.8905845667611282 0.8901456686171829 0.8897052279572775 0.8892632411107643 0.888819704412546 0.8883746142032177 0.887927966829211 0.8874797586429382 0.8870299860029376 0.8865786452740197 0.8861257328274147 0.8856712450409193 0.8852151782990464 0.8847575289931759 0.8842982935217029 0.8838374682901914 0.883375049711526 0.8829110342060654 0.8824454182017957 0.8819781981344871 0.8815093704478485 0.8810389315936858 0.8805668780320575 0.8800932062314361 0.8796179126688661 0.8791409938301238 0.8786624462098791 0.87818226631186 0.8777004506490101 0.8772169957436597 0.876731898127684 0.876245154342673 0.8757567609400969 0.8752667144814716 0.8747750115385303 0.8742816486933893 0.8737866225387203 0.8732899296779193 0.8727915667252806 0.8722915303061666 
0.8270512437667455 0.8264071700207054 0.8257612030168539 0.8251133409532758 0.8244635820558903 0.8238119245786718 0.8231583668038694 0.8225029070422283 0.8218455436332084 0.821186274945207 0.8205250993757776 0.8198620153518518 0.8191970213299589 0.8185301157964475 0.8178612972677052 0.8171905642903808 0.816517915441603 0.815843349329203 0.8151668645919337 0.8144884598996899 0.8138081339537308 0.8131258854868982 0.8124417132638373 0.8117556160812169 0.8110675927679498 0.8103776421854116 0.8096857632276604 0.8089919548216566 0.8082962159274818 0.8075985455385576 0.8068989426818638 0.8061974064181586 0.8054939358421933 0.8047885300829335 0.8040811883037746 0.8033719097027586 0.8026606935127921 0.8019475390018626 0.8012324454732528 0.8005154122657573 0.7997964387538978 0.7990755243481377 0.7983526684950956 0.7976278706777583 0.7969011304156971 0.7961724472652775 0.7954418208198708 0.7947092507100671 0.7939747366038883 0.7932382782069912 0.7924998752628865 0.7917595275531398 0.7910172348975858 0.7902729971545327 0.7895268142209683 0.7887786860327702 0.788028612564907 0.7872765938316449 0.7865226298867513 0.7857667208236998 0.7850088667758679 
0.718815955231908 0.7179062880892918 0.7169948367011574 0.7160816050528634 0.715166597181412 0.7142498171755018 0.7133312691755793 0.7124109573738859 0.7114888860145033 0.7105650593933971 0.7096394818584547 0.708712157809524 0.7077830916984464 0.7068522880290897 0.7059197513573741 0.7049854862913013 0.7040494974909745 0.7031117896686203 0.702172367588605 0.7012312360674489 0.7002883999738381 0.6993438642286329 0.6983976338048723 0.6974497137277775 0.6965001090747518 0.6955488249753757 0.6945958666114015 0.6936412392167437 0.6926849480774657 0.6917269985317657 0.6907673959699555 0.6898061458344437 0.6888432536197039 0.6878787248722525 0.6869125651906159 0.6859447802252949 0.6849753756787292 0.6840043573052569 0.6830317309110699 0.682057502354167 0.6810816775443048 0.6801042624429446 0.6791252630631959 0.6781446854697539 0.6771625357788424 0.6761788201581445 0.6751935448267306 0.6742067160549891 0.6732183401645543 0.6722284235282152 0.6712369725698486 0.6702439937643202 0.6692494936374042 0.6682534787656882 0.667255955776474 0.666256931347686 0.6652564122077622 0.6642544051355523 0.6632509169602069 0.6622459545610689 0.6612395248675518 
0.5774515806680497 0.5763541174879795 0.5752559005217217 0.5741569401045239 0.5730572466006698 0.5719568304031062 0.5708557019330629 0.5697538716396741 0.5686513499995939 0.5675481475166138 0.5664442747212735 0.565339742170473 0.5642345604470802 0.5631287401595385 0.5620222919414689 0.5609152264512755 0.5598075543717412 0.5586992864096304 0.5575904332952818 0.5564810057822033 0.5553710146466651 0.5542604706872896 0.5531493847246386 0.5520377676008009 0.5509256301789782 0.5498129833430658 0.5486998379972348 0.5475862050655123 0 0 0 0 0 0.5408947823120227 0.5397780437306146 0.538660905619334 0.5375433790617223 0.536425475156885 0.5353072050190555 0.5341885797771554 0.5330696105743578 0.5319503085676444 0.5308306849273654 0.5297107508367928 0.5285905174916818 0.5274699960998235 0.5263491978805948 0.5252281340645152 0.5241068158928021 0.5229852546169099 0.5218634614980956 0.5207414478069546 0.5196192248229784 0.5184968038340985 0.5173741961362298 0.5162514130328258 0.5151284658344154 0.5140053658581526 0.5128821244273591 0.5117587528710722 0.5106352625235807 
0.4221497054416218 0.4210532866314421 0.4199576459169995 0.4188627935331491 0.4177687396840982 0.4166754945430433 0.41558306825181 0.4144914709204962 0.413400712627116 0.4123108034172491 0.4112217533036892 0.4101335722660984 0.4090462702506624 0.4079598571697491 0.4068743429015682 0.4057897372898379 0.404706050143448 0.403623291236132 0.4025414703061377 0.4014605970559022 0.4003806811517307 0.3993017322234763 0.3982237598642236 0.3971467736299746 0.3960707830393402 0.3949957975732301 0.3939218266745487 0 0 0 0 0 0 0 0.3853677042832178 0.3843032830042873 0.3832399685666616 0.3821777699759398 0.3811166961962965 0.3800567561502151 0.3789979587182287 0.3779403127386601 0.3768838270073674 0.3758285102774893 0.3747743712592009 0.373721418619466 0.3726696609817922 0.3716191069259938 0.3705697649879606 0.3695216436594137 0.3684747513876906 0.3674290965755069 0.366384687580742 0.3653415327162165 0.3642996402494729 0.3632590184025704 0.3622196753518677 0.3611816192278217 0.360144858114782 0.3591094000507962 0.3580752530274059 
0.2808538445298202 0.2799466164933543 0.2790411819167695 0.2781375446121487 0.277235708340195 0.2763356768102987 0.2754374536806073 0.2745410425580981 0.2736464469986525 0.2727536705071341 0.2718627165374681 0.2709735884927238 0.2700862897251994 0.2692008235365093 0.2683171931776728 0.2674354018492076 0.2665554527012226 0.265677348833515 0.2648010932956696 0.2639266890871591 0.2630541391574487 0.2621834464061013 0.2613146136828845 0.2604476437878815 0.2595825394716049 0.2587193034351083 0 0 0 0 0 0 0 0 0 0.2501902575673564 0.2493477368539753 0.2485071130198317 0.2476683881343868 0.2468315642194585 0.2459966432493696 0.2451636271510908 0.24433251780439 0.2435033170419792 0.2426760266496699 0.2418506483665239 0.2410271838850057 0.2402056348511412 0.2393860028646784 0.2385682894792382 0.237752496202487 0.2369386244962894 0.2361266757768789 0.2353166514150221 0.2345085527361823 0.2337023810206951 0.2328981375039325 0.2320958233764777 0.231295439784297 0.2304969878289173 0.2297004685675966 
0.1727151189885331 0.1720736237028566 0.171434017306841 0.1707962979065623 0.1701604635812208 0.1695265123833594 0.1688944423390828 0.1682642514482771 0.1676359376848268 0.1670094989968343 0.1663849333068374 0.1657622385120268 0.1651414124844639 0.164522453071298 0.1639053580949822 0.1632901253534916 0.1626767526205372 0.1620652376457837 0.1614555781550636 0.1608477718505929 0.1602418164111854 0.1596377094924675 0.1590354487270912 0.158435031724948 0.1578364560733825 0 0 0 0 0 0 0 0 0 0 0 0.1507962655403375 0.1502213980202984 0.1496483358243366 0.1490770762268192 0.1485076164829081 0.1479399538287628 0.1473740854817441 0.1468100086406164 0.1462477204857522 0.1456872181793323 0.1451284988655459 0.1445715596707921 0.144016397703882 0.1434630100562316 0.142911393802068 0.1423615459986207 0.1418134636863231 0.141267143889007 0.140722583614097 0.1401797798528094 0.1396387295803423 0.1390994297560721 0.1385618773237444 0.1380260692116693 0.1374920023329081 
0.1004006366240648 0.09999526564403961 0.09959135017015117 0.09918888643815432 0.09878787068157102 0.0983882991318096 0.09799016801828256 0.09759347356852459 0.09719821200830808 0.09680437956175934 0.09641197245147304 0.09602098689862607 0.09563141912309028 0.09524326534354506 0.09485652177758762 0.09447118464184476 0.09408725015208068 0.0937047145233068 0.09332357396988909 0.09294382470565486 0.09256546294399909 0.09218848489798941 0.09181288678047048 0.09143866480416729 0.09106581518178858 0 0 0 0 0 0 0 0 0 0 0 0.08669728516020753 0.08634193166928288 0.08598789756392343 0.08563517906833461 0.08528377240823488 0.08493367381094377 0.08458487950546925 0.08423738572259561 0.08389118869496959 0.08354628465718587 0.08320266984587078 0.08286034049976697 0.08251929285981786 0.08217952316924625 0.08184102767364058 0.08150380262103174 0.08116784426197567 0.08083314884963171 0.08049971263984 0.08016753189120163 0.07983660286515311 0.07950692182604413 0.07917848504121229 0.07885128878105904 0.07852532931912147 
0.0563030518876542 0.05606463029200678 0.05582715859217068 0.05559063350875356 0.05535505176939532 0.05512041010879205 0.05488670526871881 0.05465393399805318 0.05442209305279726 0.05419117919609997 0.05396118919827838 0.05373211983683908 0.05350396789649883 0.05327673016920498 0.05305040345415501 0.05282498455781659 0.0526004702939461 0.05237685748360751 0.05215414295519061 0.05193232354442882 0.05171139609441671 0.05149135745562698 0.05127220448592701 0.05105393405059515 0.05083654302233695 0 0 0 0 0 0 0 0 0 0 0 0.04829531630205567 0.0480890763877176 0.04788367288614197 0.04767910278308735 0.04747536307194299 0.0472724507537386 0.04707036283715316 0.04686909633852477 0.04666864828185907 0.04646901569883775 0.04627019562882627 0.0460721851188819 0.04587498122376197 0.04567858100592901 0.04548298153556022 0.04528817989055172 0.04509417315652624 0.04490095842683867 0.04470853280258097 0.04451689339258879 0.04432603731344537 0.04413596168948686 0.0439466636528066 0.04375814034325989 0.04357038890846657 
0.03090838271593186 0.03077399092690322 0.03064016500721424 0.03050690273458968 0.03037420189408774 0.03024206027808828 0.03011047568628078 0.02997944592565258 0.02984896881047671 0.02971904216229958 0.02958966380992887 0.029460831589421 0.02933254334406875 0.02920479692438866 0.02907759018810818 0.02895092100015334 0.02882478723263535 0.02869918676483804 0.02857411748320468 0.02844957728132487 0.02832556405992141 0.02820207572683688 0.02807911019702033 0.02795666539251389 0.02783473924243916 0 0 0 0 0 0 0 0 0 0 0 0.02641133629092803 0.02629596739460012 0.02618108889599556 0.02606669882875382 0.02595279523336774 0.02583937615716854 0.02572643965431101 0.0256139837857589 0.02550200661926996 0.02539050622938115 0.02527948069739326 0.02516892811135613 0.02505884656605407 0.0249492341629894 0.02484008901036897 0.02473140922308746 0.02462319292271306 0.02451543823747182 0.02440814330223193 0.02430130625848907 0.02419492525435023 0.02408899844451862 0.02398352399027791 0.02387850005947709 0.02377392482651412 
0.01676413746643555 0.01669018664863278 0.01661655653344645 0.01654324577862531 0.01647025304710835 0.01639757700700849 0.01632521633159634 0.01625316969928406 0.01618143579360895 0.01611001330321751 0.01603890092184904 0.0159680973483196 0.01589760128650582 0.01582741144532878 0.01575752653873785 0.01568794528569478 0.01561866641015737 0.01554968864106361 0.01548101071231558 0.01541263136276346 0.01534454933618946 0.01527676338129198 0.01520927225166958 0.01514207470580502 0.01507516950704938 0 0 0 0 0 0 0 0 0 0 0 0.01429466663236144 0.01423145159725451 0.01416851209849313 0.01410584697055998 0.01404345505255489 0.01398133518817914 0.01391948622571988 0.01385790701803492 0.01379659642253726 0.01373555330117962 0.01367477652043903 0.01361426495130152 0.01355401746924712 0.0134940329542339 0.0134343102906835 0.01337484836746526 0.01331564607788146 0.01325670231965198 0.01319801599489898 0.01313958601013219 0.01308141127623346 0.01302349070844186 0.01296582322633862 0.01290840775383234 0.01285124321914357 
0.009032232123874736 0.008992076755787627 0.008952098297145945 0.008912295982862356 0.008872669051031349 0.008833216742917132 0.008793938302941577 0.008754832978672189 0.008715900020810087 0.00867713868317811 0.00863854822270883 0.008600127899432706 0.008561876976466199 0.008523794720000024 0.008485880399287264 0.008448133286631774 0.008410552657376311 0.008373137789890987 0.008335887965561579 0.00829880246877792 0.008261880586922371 0.008225121610358257 0.008188524832418408 0.008152089549393641 0.008115815060521376 0.008079700667974355 0 0 0 0 0 0 0 0 0 0.007727210594428609 0.007692812033031537 0.007658565418881133 0.007624470091287613 0.007590525392340573 0.007556730666898395 0.007523085262577119 0.007489588529739833 0.007456239821485871 0.007423038493640143 0.007389983904742404 0.007357075416036515 0.007324312391459945 0.007291694197633271 0.007259220203849276 0.007226889782062913 0.007194702306880423 0.007162657155549146 0.007130753707947021 0.007098991346572111 0.007067369456532483 0.007035887425535682 0.007004544643878579 0.006973340504437072 0.006942274402656009 0.006911345736538798 
0.004848826886538983 0.004827179444782795 0.004805628180679277 0.004784172671077778 0.004762812494652273 0.004741547231893928 0.004720376465103502 0.004699299778383939 0.004678316757632845 0.004657426990535127 0.004636630066555551 0.004615925576931408 0.004595313114665117 0.004574792274516989 0.004554362652997846 0.004534023848361883 0.004513775460599306 0.004493617091429217 0.004473548344292402 0.004453568824344179 0.00443367813844729 0.004413875895164806 0.004394161704753034 0.004374535179154486 0.004354995931990874 0.004335543578556149 0.004316177735809419 0 0 0 0 0 0 0 0.004164319957764032 0.004145715745723971 0.004127194304038889 0.004108755267533608 0.004090398272616693 0.004072122957273778 0.004053928961061081 0.00403581592509872 0.004017783492064194 0.0039998313061859 0.003981959013236621 0.003964166260527032 0.003946452696899255 0.003928817972720427 0.003911261739876395 0.003893783651765165 0.003876383363290757 0.003859060530856713 0.003841814812359927 0.003824645867184299 0.003807553356194457 0.003790536941729656 0.003773596287597425 0.003756731059067496 0.003739940922865585 0.003723225547167365 0.003706584601592216 
0.002597944907524082 0.002586320344090041 0.002574747660756122 0.002563226627181851 0.002551757014038731 0.002540338593005891 0.002528971136765744 0.002517654418999692 0.002506388214383793 0.002495172298584539 0.00248400644825453 0.002472890441028276 0.002461824055517951 0.002450807071309185 0.002439839268956871 0.002428920429981013 0.002418050336862518 0.002407228773039113 0.002396455522901185 0.002385730371787674 0.00237505310598201 0.002364423512708025 0.002353841380125885 0.002343306497328068 0.002332818654335333 0.00232237764209274 0.002311983252465598 0.002301635278235581 0 0 0 0 0 0.002240510666429635 0.002230481874009568 0.002220497871755911 0.002210558460521104 0.002200663442035061 0.002190812618901393 0.002181005794593607 0.002171242773451387 0.002161523360676786 0.002151847362330533 0.002142214585328307 0.002132624837437051 0.002123077927271267 0.00211357366428933 0.002104111858789854 0.002094692321908095 0.002085314865612205 0.002075979302699768 0.002066685446794092 0.002057433112340699 0.002048222114603736 0.002039052269662391 0.002029923394407435 0.002020835306537629 0.002011787824556248 0.002002780767767593 0.001993813956273532 0.001984887210969977 
0.001390488608096649 0.001384259336927002 0.001378057933854013 0.00137188427454754 0.001365738235229037 0.001359619692669153 0.001353528524185311 0.001347464607639308 0.001341427821434933 0.001335418044515594 0.001329435156361924 0.001323479036989456 0.001317549566946249 0.001311646627310568 0.00130577009968854 0.001299919866211851 0.001294095809535428 0.00128829781283515 0.001282525759805541 0.001276779534657517 0.001271059022116104 0.001265364107418173 0.001259694676310206 0.00125405061504604 0.00124843181038465 0.00124283814958794 0.001237269520418486 0.001231725811137396 0.001226206910502062 0.00122071270776403 0.001215243092666773 0.001209797955443585 0.001204377186815373 0.001198980677988551 0.001193608320652885 0.001188260006979366 0.00118293562961811 0.00117763508169623 0.001172358256815742 0.001167105049051485 0.001161875352949033 0.001156669063522619 0.001151486076253071 0.001146326287085771 0.001141189592428599 0.001136075889149905 0.00113098507457646 0.001125917046491461 0.001120871703132523 0.001115848943189635 0.001110848665803237 0.001105870770562167 0.001100915157501732 0.001095981727101729 0.00109107038028446 0.001086181018412831 0.001081313543288359 0.001076467857149278 0.00107164386266859 0.001066841462952165 0.001062060561536818 
0.0007438076550842637 0.0007404733116064063 0.0007371539043082019 0.0007338493663817271 0.0007305596313170004 0.0007272846329006621 0.0007240243052146565 0.0007207785826349295 0.0007175473998301152 0.0007143306917602484 0.0007111283936754641 0.0007079404411147163 0.0007047667699044927 0.0007016073161575461 0.0006984620162716138 0.0006953308069281697 0.0006922136250911484 0.0006891104080057039 0.0006860210931969578 0.0006829456184687564 0.0006798839219024366 0.0006768359418555959 0.0006738016169608587 0.0006707808861246658 0.0006677736885260535 0.0006647799636154496 0.0006617996511134546 0.0006588326910096672 0.0006558790235614588 0.0006529385892928211 0.0006500113289931455 0.000647097183716077 0.0006441960947783212 0.0006413080037584814 0.0006384328524959012 0.0006355705830894989 0.0006327211378966192 0.0006298844595318886 0.0006270604908660644 0.0006242491750249036 0.0006214504553880369 0.0006186642755878231 0.0006158905795082399 0.0006131293112837667 0.0006103804152982664 0.0006076438361838852 0.0006049195188199381 0.0006022074083318151 0.0005995074500899038 0.0005968195897084676 0.0005941437730446007 0.0005914799461971173 0.0005888280555054985 0.0005861880475488154 0.0005835598691446568 0.0005809434673480849 0.0005783387894505667 0.0005757457829789302 0.0005731643956943088 0.0005705945755911301 0.0005680362708960266 
0.0003977618014460967 0.0003959780987736409 0.000394202391691813 0.0003924346443879639 0.0003906748212095971 0.0003889228866636566 0.0003871788054158142 0.0003854425422897664 0.0003837140622665232 0.0003819933304837147 0.0003802803122348838 0.0003785749729687996 0.0003768772782887598 0.0003751871939519029 0.000373504685868523 0.0003718297201013885 0.0003701622628650563 0.0003685022805252022 0.0003668497395979426 0.0003652046067491628 0.0003635668487938536 0.000361936432695442 0.0003603133255651315 0.000358697494661241 0.0003570889073885503 0.0003554875312976497 0.0003538933340842797 0.0003523062835886979 0.0003507263477950188 0.0003491534948305882 0.0003475876929653273 0.0003460289106111132 0.0003444771163211327 0.0003429322787892593 0.0003413943668494236 0.0003398633494749851 0.0003383391957781162 0.0003368218750091796 0.0003353113565561092 0.0003338076099438007 0.0003323106048335008 0.0003308203110221941 0.0003293366984419988 0.0003278597371595676 0.0003263893973754843 0.0003249256494236677 0.0003234684637707714 0.0003220178110155973 0.0003205736618885084 0.0003191359872508272 0.000317704758094272 0.0003162799455403559 0.0003148615208398209 0.0003134494553720559 0.0003120437206445174 0.0003106442882921693 0.0003092511300769039 0.0003078642178869785 0.0003064835237364505 0.0003051090197646268 0.0003037406782354791 
0.0002126745582077659 0.0002117206755024233 0.0002107710702264234 0.000209825723206863 0.0002088846153567047 0.000207947727674396 0.0002070150412434842 0.000206086537232238 0.0002051621968932672 0.0002042420015631472 0.0002033259326620426 0.0002024139716933337 0.0002015061002432426 0.0002006022999804661 0.0001997025526558047 0.0001988068401017963 0.0001979151442323492 0.0001970274470423808 0.0001961437306074529 0.0001952639770834123 0.0001943881687060312 0.0001935162877906508 0.0001926483167318252 0.0001917842380029644 0.0001909240341559858 0.000190067687820962 0.0001892151817057675 0.0001883664985957376 0.0001875216213533131 0.000186680532917706 0.0001858432163045459 0.0001850096546055452 0.0001841798309881561 0.000183353728695232 0.0001825313310446902 0.0001817126214291758 0.0001808975833157302 0.0001800862002454533 0.0001792784558331767 0.0001784743337671311 0.0001776738178086209 0.0001768768917916944 0.0001760835396228182 0.0001752937452805562 0.0001745074928152454 0.0001737247663486753 0.0001729455500737657 0.0001721698282542516 0.0001713975852243675 0.0001706288053885252 0.000169863473221009 0.0001691015732656556 0.0001683430901355479 0.0001675880085127035 0.0001668363131477627 0.0001660879888596897 0.0001653430205354581 0.0001646013931297523 0.000163863091664659 0.0001631281012293782 0.0001623964069799045 
0.0001137026503050161 0.0001131926237127062 0.0001126848846467508 0.0001121794228496457 0.0001116762281098622 0.000111175290261641 0.0001106765991847859 0.0001101801448044622 0.0001096859170909911 0.0001091939060596497 0.0001087041017704678 0.0001082164943280283 0.000107731073881268 0.0001072478306232788 0.0001067667547911089 0.0001062878366655679 0.0001058110665710288 0.0001053364348752346 0.0001048639319891028 0.0001043935483665327 0.0001039252745042126 0.0001034591009414287 0.0001029950182598738 0.0001025330170834569 0.0001020730880781155 0.000101615221951627 0.000101159409453419 0.0001007056413743871 0.0001002539085467045 9.980420184364153e-05 9.935651217937667e-05 9.891083050881902e-05 9.846714782742104e-05 9.802545517099906e-05 9.758574361555286e-05 9.714800427708436e-05 9.671222831141976e-05 9.627840691403032e-05 9.584653131985449e-05 9.541659280312229e-05 9.498858267717924e-05 9.456249229430922e-05 9.413831304556209e-05 9.371603636057943e-05 9.329565370742172e-05 9.287715659239652e-05 9.246053655988564e-05 9.204578519217617e-05 9.163289410929177e-05 9.122185496881861e-05 9.081265946574454e-05 9.040529933228469e-05 8.999976633771918e-05 8.959605228822543e-05 8.919414902671206e-05 8.879404843265616e-05 8.839574242193819e-05 8.799922294667937e-05 8.760448199507732e-05 8.721151159125127e-05 8.682030379507076e-05 
8.313524689880974e-05 8.274992134763929e-05 8.236638160399941e-05 8.198461939284999e-05 8.160462647748355e-05 8.122639465934721e-05 8.084991577786578e-05 8.047518171026686e-05 8.010218437140458e-05 7.97309157135872e-05 7.936136772640151e-05 7.899353243654213e-05 7.862740190763874e-05 7.82629682400855e-05 7.790022357087028e-05 7.753916007340622e-05 7.717976995736199e-05 7.682204546849501e-05 7.646597888848331e-05 7.611156253476035e-05 7.575878876034835e-05 7.540764995369452e-05 7.505813853850657e-05 7.471024697358914e-05 7.436396775268192e-05 7.401929340429832e-05 7.367621649156235e-05 7.333472961205152e-05 7.299482539763398e-05 7.265649651431349e-05 7.231973566206686e-05 7.19845355746915e-05 7.165088901964484e-05 7.131878879789083e-05 7.098822774374401e-05 7.065919872471468e-05 7.03316946413566e-05 7.000570842711243e-05 6.968123304816185e-05 6.935826150327076e-05 6.90367868236401e-05 6.871680207275489e-05 6.839830034623537e-05 6.80812747716883e-05 6.776571850855882e-05 6.745162474798304e-05 6.713898671264081e-05 6.682779765660967e-05 6.651805086522126e-05 6.62097396549129e-05 6.590285737308833e-05 6.559739739796981e-05 6.529335313845848e-05 6.499071803399163e-05 6.468948555439947e-05 6.43896491997673e-05 6.409120250029314e-05 6.379413901614966e-05 6.349845233734298e-05 6.320413608358051e-05 6.291118390412454e-05 
0.0001555038780762395 0.0001547831813416861 0.0001540658242264063 0.0001533517912597787 0.0001526410670428038 0.000151933636247775 0.0001512294836179463 0.0001505285939672069 0.0001498309521797526 0.0001491365432097619 0.0001484453520810711 0.0001477573638868537 0.0001470725637892987 0.0001463909370192921 0.0001457124688760978 0.0001450371447270446 0.000144364950007207 0.0001436958702190958 0.0001430298909323438 0.0001423669977833968 0.0001417071764752037 0.0001410504127769099 0.0001403966925235497 0.0001397460016157428 0.0001390983260193903 0.0001384536517653747 0.0001378119649492549 0.000137173251730973 0.0001365374983345503 0.0001359046910477972 0.0001352748162220123 0.0001346478602716937 0.0001340238096742428 0.000133402650969676 0.0001327843707603341 0.0001321689557105924 0.0001315563925465786 0.0001309466680558808 0.0001303397690872677 0.0001297356825504042 0.0001291343954155706 0.0001285358947133801 0.0001279401675345009 0.0001273472010293793 0.0001267569824079627 0.0001261694989394238 0.0001255847379518865 0.0001250026868321526 0.0001244233330254349 0.0001238466640350779 0.0001232726674222997 0.0001227013308059153 0.0001221326418620761 0.0001215665883240021 0.0001210031579817161 0.0001204423386817861 0.0001198841183270579 0.0001193284848763992 0.0001187754263444353 0.0001182249308013011 0.0001176769863723704 
0.0002908505552590148 0.0002895027637801912 0.0002881612161204981 0.0002868258833712792 0.0002854967367575687 0.0002841737476374772 0.0002828568875015761 0.0002815461279722876 0.0002802414408032738 0.0002789427978788344 0.0002776501712133017 0.000276363532950442 0.0002750828553628559 0.000273808110851387 0.0002725392719445264 0.0002712763112978288 0.0002700192016933196 0.0002687679160389169 0.0002675224273678468 0.0002662827088380663 0.0002650487337316887 0.0002638204754544095 0.0002625979075349346 0.0002613810036244155 0.0002601697374958814 0.0002589640830436804 0.0002577640142829118 0.0002565695053488809 0.0002553805304965284 0.0002541970640998957 0.0002530190806515586 0.0002518465547620932 0.0002506794611595216 0.000249517774688776 0.0002483614703111565 0.0002472105231037926 0.0002460649082591114 0.0002449246010843028 0.0002437895770007903 0.0002426598115437042 0.0002415352803613577 0.0002404159592147211 0.0002393018239769022 0.0002381928506326318 0.0002370890152777454 0.0002359902941186728 0.0002348966634719219 0.0002338080997635751 0.0002327245795287857 0.0002316460794112638 0.0002305725761627887 0.0002295040466426986 0.0002284404678174007 0.0002273818167598742 0.0002263280706491756 0.0002252792067699562 0.0002242352025119649 0.0002231960353695693 0.000222161682941269 0.0002211321229292234 0.0002201073331387552 
0.0005439355004350374 0.0005414155571666352 0.00053890728199139 0.0005364106209407232 0.0005339255202951357 0.0005314519265830725 0.0005289897865797727 0.0005265390473061456 0.0005240996560276325 0.0005216715602530923 0.0005192547077336727 0.0005168490464617041 0.0005144545246695856 0.0005120710908286872 0.0005096986936482443 0.0005073372820742722 0.0005049868052884698 0.000502647212707142 0.0005003184539801161 0.0004980004789896719 0.0004956932378494717 0.0004933966809034969 0.0004911107587249857 0.000488835422115383 0.0004865706221032874 0.0004843163099434146 0.0004820724371155408 0.0004798389553234891 0.0004776158164940767 0.0004754029727761124 0.000473200376539352 0.0004710079803735028 0.0004688257370871965 0.0004666535997069908 0.0004644915214763647 0.0004623394558547163 0.0004601973565163769 0.000458065177349618 0.0004559428724556638 0.0004538303961477169 0.0004517277029499857 0.0004496347475967004 0.0004475514850311571 0.0004454778704047548 0.0004434138590760368 0.0004413594066097382 0.0004393144687758305 0.0004372790015485827 0.0004352529611056286 0.000433236303827008 0.0004312289862942632 0.0004292309652894894 0.0004272421977944239 0.0004252626409895242 0.0004232922522530456 0.0004213309891601458 0.0004193788094819629 0.0004174356711847217 0.0004155015324288311 0.0004135763515680047 0.0004116600871483398 
0.001017019435633433 0.001012310009972064 0.00100762236985263 0.001002956414699665 0.000998312044400143 0.0009936891593013682 0.0009890876602088759 0.0009845074483843487 0.0009799484255435208 0.0009754104938541271 0.0009708935559338221 0.0009663975148481415 0.0009619222741084455 0.000957467737669898 0.0009530338099294297 0.0009486203957237332 0.000944227400327242 0.000939854729450146 0.0009355022892363944 0.000931169986261715 0.0009268577275316496 0.0009225654204795871 0.0009182929729648067 0.0009140402932705388 0.0009098072901020252 0.0009055938725846028 0.0009013999502617561 0.0008972254330932493 0.0008930702314531794 0.0008889342561281268 0.0008848174183152303 0.0008807196296203475 0.0008766408020561603 0.0008725808480403312 0.0008685396803936452 0.0008645172123381686 0.0008605133574954202 0.000856528029884539 0.0008525611439204674 0.0008486126144121436 0.0008446823565607092 0.0008407702859576951 0.0008368763185832515 0.0008330003708043698 0.0008291423593731144 0.0008253022014248594 0.0008214798144765288 0.0008176751164248563 0.0008138880255446674 0.0008101184604871034 0.0008063663402779542 0.0008026315843159034 0.0007989141123708438 0.0007952138445821782 0.0007915307014571077 0.0007878646038689803 0.000784215473055587 0.0007805832306175128 0.0007769677985164608 0.0007733690990736223 0.0007697870549680033 
0.001900782149863197 0.001891988109729158 0.001883234678785551 0.001874521670215634 0.001865848898055536 0.001857216177190446 0.001848623323350765 0.001840070153108346 0.001831556483872672 0.001823082133887124 0.001814646922225194 0.001806250668786785 0.001797893194294471 0.001789574320289804 0.001781293869129624 0.001773051663982399 0.001764847528824558 0.001756681288436861 0.00174855276840078 0.00174046179509488 0.001732408195691249 0.001724391798151909 0.001716412431225259 0.001708469924442531 0.001700564108114267 0.001692694813326818 0.0016848618719388 0.001677065116577687 0.001669304380636263 0.001661579498269247 0.001653890304389784 0.001646236634666094 0.001638618325518011 0.001631035214113621 0.001623487138365879 0.001615973936929237 0.001608495449196313 0.001601051515294554 0.00159364197608292 0.001586266673148556 0.001578925448803557 0.001571618146081638 0.001564344608734906 0.001557104681230608 0.001549898208747902 0.001542725037174641 0.001535585013104158 0.001528477983832081 0.001521403797353192 0.001514362302358193 0.001507353348230651 0.001500376785043785 0.0014934324635574 0.001486520235214765 0.001479639952139498 0.001472791467132534 0.00146597463366902 0.001459189305895282 0.001452435338625782 0.001445712587340115 0.001439020908179959 
0.003549782160126294 0.00353338596750598 0.003517065240432945 0.003500819634031208 0.00348464880497816 0.003468552411497778 0.003452530113353841 0.00343658157184324 0.003420706449789232 0.003404904411534805 0.003389175122935981 0.003373518251355239 0.003357933465654887 0.003342420436190524 0.003326978834804458 0.003311608334819246 0.003296308611031154 0.003281079339703737 0.003265920198561372 0.003250830866782868 0.003235811024995103 0.003220860355266626 0.003205978541101361 0.003191165267432294 0.003176420220615185 0.003161743088422373 0.003147133560036439 0.003132591326044148 0.003118116078430136 0.003103707510570894 0.003089365317228516 0.003075089194544734 0.003060878840034727 0.003046733952581154 0.003032654232428109 0.003018639381175095 0.003004689101771105 0.002990803098508642 0.002976981077017812 0.002963222744260392 0.002949527808524029 0.002935895979416319 0.002922326967859007 0.002908820486082208 0.002895376247618616 0.002881993967297775 0.002868673361240288 0.002855414146852163 0.002842216042819192 0.002829078769101122 0.002816002046926235 0.002802985598785568 0.002790029148427445 0.002777132420851863 0.00276429514230492 0.002751517040273401 0.00273879784347918 0.002726137281873811 0.002713535086633069 0.002700990990151553 0.002688504726037221 
0.006619863494064731 0.006589380586508159 0.006559037118734821 0.006528832461413422 0.006498765987974754 0.006468837074600306 0.006439045100210873 0.006409389446455274 0.006379869497699022 0.006350484641013141 0.00632123426616294 0.006292117765596823 0.006263134534435224 0.006234283970459506 0.00620556547410087 0.006176978448429475 0.006148522299143323 0.00612019643455747 0.006092000265593044 0.006063933205766482 0.00603599467117866 0.006008184080504188 0.005980500854980613 0.005952944418397794 0.005925514197087219 0.005898209619911456 0.005871030118253432 0.005843975126006117 0.005817044079561795 0.005790236417801858 0.005763551582086125 0.005736989016242712 0.005710548166557485 0.005684228481763923 0.005658029413032734 0.005631950413961668 0.005605990940565347 0.005580150451265102 0.005554428406878865 0.005528824270611021 0.005503337508042542 0.005477967587120778 0.005452713978149614 0.00542757615377953 0.005402553588997701 0.005377645761118176 0.005352852149771959 0.005328172236897302 0.005303605506730066 0.005279151445793734 0.005254809542890071 0.005230579289089238 0.005206460177720342 0.005182451704361836 0.005158553366831907 0.005134764665179166 0.005111085101673013 0.005087514180794325 0.005064051409226039 0.005040696295843873 0.005017448351706869 
0.01231234159062357 0.01225596956686393 0.01219985245424384 0.0121439891291994 0.01208837847285275 0.01203301937099501 0.01197791071406919 0.01192305139715324 0.01186844031994296 0.01181407638673521 0.01175995850641091 0.01170608559241822 0.01165245656275569 0.01159907033995559 0.011545925851067 0.01149302202763931 0.01144035780570542 0.01138793212576518 0.01133574393276883 0.01128379217610043 0.01123207580956143 0.01118059379135414 0.01112934508406539 0.01107832865465011 0.01102754347441501 0.01097698851900245 0.01092666276837383 0.01087656520679387 0.01082669482281395 0.01077705060925649 0.01072763156319836 0.01067843668595536 0.01062946498306584 0.0105807154642749 0.01053218714351855 0.01048387903890763 0.01043579017271226 0.01038791957134583 0.01034026626534946 0.01029282928937607 0.01024560768217493 0.01019860048657604 0.01015180674947435 0.0101052255218145 0.01005885585857521 0.01001269681875391 0.009966747465351181 0.009921006865355514 0.009875474089728184 0.009830148213387506 0.009785028315194195 0.009740113477935679 0.009695402788311321 0.009650895336917193 0.009606590218230873 0.009562486530596754 0.00951858337621078 0.009474879861105723 0.009431375095136151 0.009388068191963849 0.009344958269042679 
0.02278754241440609 0.02268431122831973 0.0225815368893065 0.02247921747331593 0.02237735106351666 0.02227593575027745 0.02217496963114812 0.02207445081084075 0.02197437740121045 0.0218747475212363 0.02177555929700239 0.02167681086167855 0.02157850035550127 0.02148062592575463 0.02138318572675083 0.02128617791981139 0.02118960067324747 0.02109345216234099 0.02099773056932511 0.02090243408336506 0.02080756090053884 0.02071310922381781 0.02061907726304746 0.02052546323492791 0.02043226536299479 0.02033948187759969 0.02024711101589054 0.02015515102179289 0.02006360014598961 0.01997245664590236 0.01988171878567133 0.01979138483613657 0.01970145307481792 0.01961192178589595 0.01952278926019238 0.01943405379515051 0.01934571369481595 0.0192577672698171 0.01917021283734563 0.01908304872113691 0.01899627325145082 0.0189098847650521 0.01882388160519076 0.01873826212158284 0.0186530246703909 0.01856816761420454 0.01848368932202074 0.01839958816922457 0.01831586253757005 0.01823251081515982 0.01814953139642686 0.018066922682114 0.01798468307925524 0.01790281100115601 0.01782130486737358 0.01774016310369816 0.01765938414213296 0.0175789664208752 0.01749890838429644 0.01741920848292366 0.01733986517341929 
0.04179777249470171 0.04161208911967214 0.04142719496541247 0.04124308699376317 0.04105976217544816 0.04087721749007509 0.04069544992613464 0.04051445648100042 0.04033423416092786 0.04015477998105314 0.03997609096539176 0.03979816414683687 0.03962099656715733 0.0394445852769954 0.03926892733586416 0.03909401981214505 0.03891985978308431 0.03874644433479004 0.03857377056222856 0.03840183556922043 0.03823063646843656 0.03806017038139377 0.03789043443845019 0.03772142577880036 0.03755314155047048 0.03738557891031276 0.03721873502399976 0.0370526070660193 0.03688719221966729 0.03672248767704293 0.03655849063904063 0.03639519831534489 0.03623260792442211 0.03607071669351415 0.0359095218586309 0.03574902066454227 0.03558921036477108 0.03543008822158451 0.03527165150598632 0.03511389749770791 0.0349568234852004 0.03480042676562543 0.03464470464484598 0.03448965443741762 0.03433527346657894 0.03418155906424215 0.03402850857098274 0.03387611933602996 0.03372438871725737 0.03357331408117065 0.03342289280289948 0.0332731222661849 0.03312399986336982 0.03297552299538738 0.03282768907174959 0.03268049551053679 0.03253393973838527 0.03238801919047619 0.03224273131052336 0.032098073550762 0.03195404337193541 
0.07544270597461553 0.07511927504981558 0.0747971185326735 0.0744762323622558 0.07415661248227876 0.07383825484118316 0.07352115539220813 0.07320531009346416 0.07289071490800521 0.07257736580390017 0.07226525875430335 0.07195438973752417 0.07164475473709603 0.07133634974184468 0.07102917074595491 0.07072321374903792 0.07041847475619598 0.07011494977808815 0.06981263483099398 0.06951152593687697 0.06921161912344696 0.06891291042422223 0.06861539587859009 0.06831907153186717 0.06802393343535945 0.06772997764642039 0.06743720022850871 0.06714559725124671 0.06685516479047486 0.06656589892831007 0.06627779575319774 0.06599085135996925 0.06570506184989235 0.06542042333072634 0.06513693191677321 0.06485458372892865 0.06457337489473379 0.06429330154842447 0.06401435983098071 0.06373654589017499 0.06345985588062089 0.06318428596381978 0.06290983230820719 0.06263649108919911 0.06236425848923723 0.06209313069783347 0.06182310391161304 0.06155417433435823 0.06128633817705223 0.06101959165791778 0.06075393100246246 0.06048935244351587 0.06022585222127204 0.05996342658332771 0.05970207178472037 0.05944178408796828 0.05918255976310609 0.05892439508772268 0.05866728634699705 0.05841122983373485 0.05815622184840185 
0.1324271009401824 0.1318942225913623 0.1313631638380544 0.130833921078625 0.1303064906969648 0.1297808690627001 0.1292570525314047 0.1287350374448094 0.1282148201310117 0.1276963969046838 0.1271797640672795 0.1266649179072407 0.1261518547002025 0.1256405707091971 0.1251310621848568 0.1246233253656168 0.1241173564779153 0.123613151736394 0.123110707344097 0.1226100194926685 0.1221110843625501 0.1216138981231764 0.1211184569331694 0.1206247569405327 0.1201327942828442 0.1196425650874476 0.1191540654716422 0.1186672915428739 0.1181822393989214 0.1176989051280868 0.1172172848093772 0.1167373745126956 0.1162591702990196 0.1157826682205876 0.1153078643210804 0.1148347546358006 0.114363335191854 0.1138936020083275 0.1134255510964673 0.1129591784598539 0.1124944800945795 0.1120314519894212 0.1115700901260146 0.1111103904790252 0.110652349016321 0.1101959616991417 0.1097412244822664 0.1092881333141828 0.108836684137255 0.1083868728878848 0.1079386954966819 0.1074921478886225 0.107047225983215 0.1066039256946594 0.106162242932007 0.1057221735993217 0.1052837135958356 0.1048468588161071 0.1044116051501757 0.1039779484837192 0.1035458846982031 
0.2221133566696899 0.2213116473894927 0.2205120115424094 0.2197144496921766 0.2189189623549573 0.2181255499995692 0.2173342130477134 0.2165449518742058 0.2157577668072078 0.2149726581284601 0.2141896260735165 0.2134086708319784 0.2126297925477322 0.2118529913191862 0.2110782671995078 0.2103056201968654 0.2095350502746661 0.2087665573517986 0.2080001413028752 0.2072358019584745 0.2064735391053857 0.2057133524868543 0.2049552418028261 0.2041992067101949 0.2034452468230504 0.2026933617129251 0.2019435509090431 0.2011958138985711 0.2004501501268655 0.1997065589977284 0.1989650398736525 0.1982255920760803 0.19748821488565 0.1967529075424538 0.1960196692462896 0.1952884991569144 0.1945593963943014 0.1938323600388935 0.1931073891318602 0.1923844826753517 0.191663639632758 0.1909448589289642 0.1902281394506087 0.1895134800463386 0.1888008795270708 0.1880903366662491 0.1873818502001006 0.1866754188278955 0.1859710412122099 0.1852687159791761 0.1845684417187526 0.1838702169849743 0.1831740402962186 0.1824799101354622 0.1817878249505392 0.1810977831544062 0.1804097831253967 0.1797238232074842 0.1790399017105409 0.1783580169106006 0.1776781670501134 
0.3481641600699537 0.3471104956703585 0.3460583271201189 0.3450076625679385 0.3439585101068235 0.3429108777739093 0.3418647735502922 0.3408202053608653 0.3397771810741578 0.3387357085021795 0.3376957954002678 0.3366574494669402 0.3356206783437505 0.3345854896151492 0.3335518908083464 0.3325198893931826 0.3314894927819979 0.3304607083295115 0.3294335433327004 0.3284080050306839 0.3273841006046131 0.3263618371775634 0.32534122181443 0.324322261521829 0.3233049632480039 0.3222893338827315 0.3212753802572353 0.3202631091441034 0.3192525272572069 0.3182436412516271 0.3172364577235797 0.3162309832103533 0.3152272241902386 0.3142251870824741 0.3132248782471879 0.3122263039853442 0.3112294705386982 0.3102343840897494 0.3092410507617024 0.3082494766184274 0.3072596676644312 0.3062716298448253 0.3052853690453015 0.304300891092108 0.3033182017520357 0.3023373067324017 0.3013582116810362 0.3003809221862783 0.2994054437769762 0.2984317819224771 0.2974599420326448 0.2964899294578555 0.2955217494890169 0.2945554073575805 0.2935909082355562 0.2926282572355414 0.2916674594107395 0.2907085197549925 0.2897514432028116 0.2887962346294164 0.2878428988507675 
0.499788906897694 0.4986273893521768 0.497465886621147 0.4963044112401236 0.4951429757434441 0.493981592663725 0.4928202745313196 0.4916590338737786 0.4904978832153082 0.4893368350762315 0.4881759019724478 0.4870150964148934 0.4858544309090028 0.484693917954171 0.4835335700432137 0.4823733996618332 0.4812134192880784 0.4800536413918111 0.4788940784341708 0.477734742867039 0.4765756471325074 0.4754168036623443 0.4742582248774631 0.4730999231873906 0.471941910989741 0.4707842006696832 0.469626804599415 0.4684697351376377 0.4673130046290294 0.4661566254037243 0.465000609776785 0.4638449700476893 0.4626897184998017 0.4615348673998624 0.4603804289974677 0.4592264155245535 0.4580728391948857 0.456919712203545 0.4557670467264191 0.4546148549196912 0.4534631489193373 0.4523119408406188 0.4511612427775811 0.4500110668025492 0.4488614249656342 0.4477123292942337 0.4465637917925334 0.4454158244410176 0.4442684391959825 0.4431216479890349 0.4419754627266219 0.4408298952895331 0.4396849575324278 0.4385406612833519 0.4373970183432573 0.4362540404855355 0.4351117394555367 0.433970126970105 0.4328292147171088 0.4316890143549803 0.4305495375122457 
0.6514524880272966 0.6503967973014813 0.6493396302059413 0.6482809950753995 0.6472209002994748 0.6461593543224893 0.6450963656432677 0.6440319428149367 0.6429660944447153 0.6418988291937068 0.6408301557766812 0.6397600829618575 0.6386886195706797 0.6376157744775902 0.6365415566097968 0.6354659749470394 0.6343890385213481 0.6333107564168017 0.6322311377692783 0.6311501917662043 0.6300679276462988 0.6289843546993138 0.6278994822657695 0.6268133197366869 0.6257258765533172 0.624637162206865 0.6235471862382072 0.6224559582376116 0.6213634878444474 0.6202697847468951 0.6191748586816486 0.6180787194336201 0.6169813768356303 0.6158828407681067 0.614783121158771 0.6136822279823212 0.612580171260117 0.6114769610598548 0.6103726074952426 0.6092671207256667 0.608160510955862 0.6070527884355714 0.6059439634592064 0.6048340463654978 0.6037230475371526 0.6026109774004992 0.6014978464251282 0.600383665123535 0.5992684440507615 0.5981521938040162 0.5970349250223198 0.5959166483861174 0.5947973746169103 0.5936771144768715 0.5925558787684579 0.5914336783340304 0.5903105240554543 0.5891864268537099 0.5880613976884921 0.5869354475578128 0.5858085874975898 
0.7775947267281124 0.7767901913641543 0.7759835840898632 0.7751749056306452 0.7743641567604599 0.7735513383020411 0.7727364511271169 0.7719194961566268 0.7711004743609389 0.7702793867600641 0.7694562344238713 0.7686310184722973 0.7678037400755579 0.7669744004543576 0.7661430008800948 0.7653095426750691 0.764474027212683 0.7636364559176461 0.7627968302661733 0.7619551517861837 0.761111422057498 0.7602656427120331 0.7594178154339934 0.7585679419600636 0.7577160240795972 0.756862063634803 0.7560060625209307 0.7551480226864541 0.7542879461332509 0.7534258349167839 0.7525616911462754 0.7516955169848847 0.7508273146498765 0.7499570864127961 0.7490848345996348 0.7482105615909945 0.7473342698222554 0.7464559617837339 0.7455756400208434 0.7446933071342495 0.7438089657800256 0.7429226186698049 0.7420342685709287 0.7411439183065928 0.7402515707559951 0.7393572288544756 0.7384608955936539 0.7375625740215679 0.7366622672428119 0.7357599784186573 0.7348557107671956 0.7339494675634526 0.7330412521395198 0.7321310678846722 0.7312189182454838 0.7303048067259491 0.7293887368875891 0.7284707123495646 0.7275507367887811 0.7266288139399959 0.7257049475959133 
0.8673787584152359 0.8668433933130345 0.866306200161716 0.8657671754099069 0.8652263155216465 0.864683616976605 0.8641390762703012 0.863592689914322 0.8630444544365424 0.8624943663813471 0.8619424223098516 0.8613886188001263 0.8608329524474188 0.8602754198643806 0.8597160176812909 0.8591547425462847 0.8585915911255785 0.8580265601037005 0.8574596461837183 0.8568908460874691 0.8563201565557916 0.8557475743487569 0.8551730962459002 0.8545967190464556 0.8540184395695901 0.8534382546546377 0.8528561611613353 0.8522721559700605 0.8516862359820669 0.8510983981197242 0.8505086393267555 0.8499169565684781 0.8493233468320426 0.8487278071266749 0.8481303344839181 0.8475309259578736 0.8469295786254458 0.8463262895865853 0.8457210559645338 0.8451138749060679 0.8445047435817471 0.8438936591861582 0.8432806189381644 0.8426656200811502 0.842048659883273 0.8414297356377101 0.8408088446629075 0.840185984302831 0.839561151927218 0.8389343449318242 0.8383055607386813 0.8376747967963435 0.8370420505801444 0.8364073195924479 0.8357706013629006 0.8351318934486893 0.8344911934347924 0.8338484989342353 0.8332038075883463 0.8325571170670139 0.8319084250689379 
0.9244394177171316 0.9241142426152024 0.9237877834896489 0.9234600362644576 0.9231309968593011 0.9228006611896175 0.9224690251666898 0.9221360846977285 0.9218018356859513 0.9214662740306686 0.9211293956273647 0.9207911963677838 0.9204516721400149 0.9201108188285778 0.9197686323145117 0.9194251084754617 0.9190802431857689 0.9187340323165603 0.9183864717358392 0.9180375573085772 0.9176872848968074 0.9173356503597178 0.9169826495537453 0.9166282783326725 0.9162725325477227 0.9159154080476593 0.9155569006788815 0.9151970062855264 0.9148357207095674 0.9144730397909164 0.9141089593675256 0.9137434752754909 0.9133765833491558 0.9130082794212169 0.9126385593228301 0.9122674188837164 0.9118948539322727 0.9115208602956775 0.9111454338000041 0.9107685702703291 0.910390265530846 0.9100105154049786 0.9096293157154934 0.9092466622846156 0.908862550934146 0.9084769774855773 0.9080899377602114 0.90770142757928 0.9073114427640648 0.9069199791360161 0.9065270325168797 0.9061325987288155 0.9057366735945248 0.9053392529373749 0.9049403325815243 0.904539908352052 0.9041379760750846 0.9037345315779262 0.9033295706891888 0.9029230892389258 0.9025150830587608 
