# vtk DataFile Version 3.0
NiCr evolving metal grains; coordinates in metres
ASCII
DATASET STRUCTURED_POINTS
DIMENSIONS 61 61 1
ORIGIN 5e-09 5e-09 0
SPACING 1e-08 1e-08 1
POINT_DATA 3721
SCALARS phi double 1
LOOKUP_TABLE default
0 0 0 0 0 0 0 0 0 0 0 0 0 0 0 0 0 0 0 0 0 0 0 0 0 0 0 0 0 0 0 0 0 0 0 0 0 0 0 0 0 0 0 0 0 0 0 0 0 0 0 0 0 0 0 0 0 0 0 0 0 
0 0 0 0 0 0 0 0 0 0 0 0 0 0 0 0 0 0 0 0 0 0 0 0 0 0 0 0 0 0 0 0 0 0 0 0 0 0 0 0 0 0 0 0 0 0 0 0 0 0 0 0 0 0 0 0 0 0 0 0 0 
0 0 0 0 0 0 0 0 0 0 0 0 0 0 0 0 0 0 0 0 0 0 0 0 0 0 0 0 0 0 0 0 0 0 0 0 0 0 0 0 0 0 0 0 0 0 0 0 0 0 0 0 0 0 0 0 0 0 0 0 0 
0 0 0 0 0 0 0 0 0 0 0 0 0 0 0 0 0 0 0 0 0 0 0 0 0 0 0 0 0 0 0 0 0 0 0 0 0 0 0 0 0 0 0 0 0 0 0 0 0 0 0 0 0 0 0 0 0 0 0 0 0 
0 0 0 0 0 0 0 0 0 0 0 0 0 0 0 0 0 0 0 0 0 0 0 0 0 0 0 0 0 0 0 0 0 0 0 0 0 0 0 0 0 0 0 0 0 0 0 0 0 0 0 0 0 0 0 0 0 0 0 0 0 
0 0 0 0 0 0 0 0 0 0 0 0 0 0 0 0 0 0 0 0 0 0 0 0 0 0 0 0 0 0 0 0 0 0 0 0 0 0 0 0 0 0 0 0 0 0 0 0 0 0 0 0 0 0 0 0 0 0 0 0 0 
0 0 0 0 0 0 0 0 0 0 0 0 0 0 0 0 0 0 0 0 0 0 0 0 0 0 0 0 0 0 0 0 0 0 0 0 0 0 0 0 0 0 0 0 0 0 0 0 0 0 0 0 0 0 0 0 0 0 0 0 0 
0 0 0 0 0 0 0 0 0 0 0 0 0 0 0 0 0 0 0 0 0 0 0 0 0 0 0 0 0 0 0 0 0 0 0 0 0 0 0 0 0 0 0 0 0 0 0 0 0 0 0 0 0 0 0 0 0 0 0 0 0 
0 0 0 0 0 0 0 0 0 0 0 0 0 0 0 0 0 0 0 0 0 0 0 0 0 0 0 0 0 0 0 0 0 0 0 0 0 0 0 0 0 0 0 0 0 0 0 0 0 0 0 0 0 0 0 0 0 0 0 0 0 
0 0 0 0 0 0 0 0 0 0 0 0 0 0 0 0 0 0 0 0 0 0 0 0 0 0 0 0 0 0 0 0 0 0 0 0 0 0 0 0 0 0 0 0 0 0 0 0 0 0 0 0 0 0 0 0 0 0 0 0 0 
0 0 0 0 0 0 0 0 0 0 0 0 0 0 0 0 0 0 0 0 0 0 0 0 0 0 0 0 0 0 0 0 0 0 0 0 0 0 0 0 0 0 0 0 0 0 0 0 0 0 0 0 0 0 0 0 0 0 0 0 0 
0 0 0 0 0 0 0 0 0 0 0 0 0 0 0 0 0 0 0 0 0 0 0 0 0 0 0 0 0 0 0 0 0 0 0 0 0 0 0 0 0 0 0 0 0 0 0 0 0 0 0 0 0 0 0 0 0 0 0 0 0 
0 0 0 0 0 0 0 0 0 0 0 0 0 0 0 0 0 0 0 0 0 0 0 0 0 0 0 0 0 0 0 0 0 0 0 0 0 0 0 0 0 0 0 0 0 0 0 0 0 0 0 0 0 0 0 0 0 0 0 0 0 
0 0 0 0 0 0 0 0 0 0 0 0 0 0 0 0 0 0 0 0 0 0 0 0 0 0 0 0 0 0 0 0 0 0 0 0 0 0 0 0 0 0 0 0 0 0 0 0 0 0 0 0 0 0 0 0 0 0 0 0 0 
0 0 0 0 0 0 0 0 0 0 0 0 0 0 0 0 0 0 0 0 0 0 0 0 0 0 0 0 0 0 0 0 0 0 0 0 0 0 0 0 0 0 0 0 0 0 0 0 0 0 0 0 0 0 0 0 0 0 0 0 0 
0 0 0 0 0 0 0 0 0 0 0 0 0 0 0 0 0 0 0 0 0 0 0 0 0 0 0 0 0 0 0 0 0 0 0 0 0 0 0 0 0 0 0 0 0 0 0 0 0 0 0 0 0 0 0 0 0 0 0 0 0 
0 0 0 0 0 0 0 0 0 0 0 0 0 0 0 0 0 0 0 0 0 0 0 0 0 0 0 0 0 0 0 0 0 0 0 0 0 0 0 0 0 0 0 0 0 0 0 0 0 0 0 0 0 0 0 0 0 0 0 0 0 
0 0 0 0 0 0 0 0 0 0 0 0 0 0 0 0 0 0 0 0 0 0 0 0 0 0 0 0 0 0 0 0 0 0 0 0 0 0 0 0 0 0 0 0 0 0 0 0 0 0 0 0 0 0 0 0 0 0 0 0 0 
0 0 0 0 0 0 0 0 0 0 0 0 0 0 0 0 0 0 0 0 0 0 0 0 0 0 0 0 0 0 0 0 0 0 0 0 0 0 0 0 0 0 0 0 0 0 0 0 0 0 0 0 0 0 0 0 0 0 0 0 0 
0 0 0 0 0 0 0 0 0 0 0 0 0 0 0 0 0 0 0 0 0 0 0 0 0 0 0 0 0 0 0 0 0 0 0 0 0 0 0 0 0 0 0 0 0 0 0 0 0 0 0 0 0 0 0 0 0 0 0 0 0 
0 0 0 0 0 0 0 0 0 0 0 0 0 0 0 0 0 0 0 0 0 0 0 0 0 0 0 0 0 0 0 0 0 0 0 0 0 0 0 0 0 0 0 0 0 0 0 0 0 0 0 0 0 0 0 0 0 0 0 0 0 
0 0 0 0 0 0 0 0 0 0 0 0 0 0 0 0 0 0 0 0 0 0 0 0 0 0 0 0 0 0 0 0 0 0 0 0 0 0 0 0 0 0 0 0 0 0 0 0 0 0 0 0 0 0 0 0 0 0 0 0 0 
0 0 0 0 0 0 0 0 0 0 0 0 0 0 0 0 0 0 0 0 0 0 0 0 0 0 0 0 0 0 0 0 0 0 0 0 0 0 0 0 0 0 0 0 0 0 0 0 0 0 0 0 0 0 0 0 0 0 0 0 0 
0 0 0 0 0 0 0 0 0 0 0 0 0 0 0 0 0 0 0 0 0 0 0 0 0 0 0 0 0 0 0 0 0 0 0 0 0 0 0 0 0 0 0 0 0 0 0 0 0 0 0 0 0 0 0 0 0 0 0 0 0 
0 0 0 0 0 0 0 0 0 0 0 0 0 0 0 0 0 0 0 0 0 0 0 0 0 0 0 0 0 0 0 0 0 0 0 0 0 0 0 0 0 0 0 0 0 0 0 0 0 0 0 0 0 0 0 0 0 0 0 0 0 
0 0 0 0 0 0 0 0 0 0 0 0 0 0 0 0 0 0 0 0 0 0 0 0 0 0 0 0 1 1 1 1 1 0 0 0 0 0 0 0 0 0 0 0 0 0 0 0 0 0 0 0 0 0 0 0 0 0 0 0 0 
0 0 0 0 0 0 0 0 0 0 0 0 0 0 0 0 0 0 0 0 0 0 0 0 0 0 0 1 1 1 1 1 1 1 0 0 0 0 0 0 0 0 0 0 0 0 0 0 0 0 0 0 0 0 0 0 0 0 0 0 0 
0 0 0 0 0 0 0 0 0 0 0 0 0 0 0 0 0 0 0 0 0 0 0 0 0 0 1 1 1 1 1 1 1 1 1 0 0 0 0 0 0 0 0 0 0 0 0 0 0 0 0 0 0 0 0 0 0 0 0 0 0 
0 0 0 0 0 0 0 0 0 0 0 0 0 0 0 0 0 0 0 0 0 0 0 0 0 1 1 1 1 1 1 1 1 1 1 1 0 0 0 0 0 0 0 0 0 0 0 0 0 0 0 0 0 0 0 0 0 0 0 0 0 
0 0 0 0 0 0 0 0 0 0 0 0 0 0 0 0 0 0 0 0 0 0 0 0 0 1 1 1 1 1 1 1 1 1 1 1 0 0 0 0 0 0 0 0 0 0 0 0 0 0 0 0 0 0 0 0 0 0 0 0 0 
0 0 0 0 0 0 0 0 0 0 0 0 0 0 0 0 0 0 0 0 0 0 0 0 0 1 1 1 1 1 1 1 1 1 1 1 0 0 0 0 0 0 0 0 0 0 0 0 0 0 0 0 0 0 0 0 0 0 0 0 0 
0 0 0 0 0 0 0 0 0 0 0 0 0 0 0 0 0 0 0 0 0 0 0 0 0 1 1 1 1 1 1 1 1 1 1 1 0 0 0 0 0 0 0 0 0 0 0 0 0 0 0 0 0 0 0 0 0 0 0 0 0 
0 0 0 0 0 0 0 0 0 0 0 0 0 0 0 0 0 0 0 0 0 0 0 0 0 1 1 1 1 1 1 1 1 1 1 1 0 0 0 0 0 0 0 0 0 0 0 0 0 0 0 0 0 0 0 0 0 0 0 0 0 
0 0 0 0 0 0 0 0 0 0 0 0 0 0 0 0 0 0 0 0 0 0 0 0 0 0 1 1 1 1 1 1 1 1 1 0 0 0 0 0 0 0 0 0 0 0 0 0 0 0 0 0 0 0 0 0 0 0 0 0 0 
0 0 0 0 0 0 0 0 0 0 0 0 0 0 0 0 0 0 0 0 0 0 0 0 0 0 0 1 1 1 1 1 1 1 0 0 0 0 0 0 0 0 0 0 0 0 0 0 0 0 0 0 0 0 0 0 0 0 0 0 0 
0 0 0 0 0 0 0 0 0 0 0 0 0 0 0 0 0 0 0 0 0 0 0 0 0 0 0 0 1 1 1 1 1 0 0 0 0 0 0 0 0 0 0 0 0 0 0 0 0 0 0 0 0 0 0 0 0 0 0 0 0 
0 0 0 0 0 0 0 0 0 0 0 0 0 0 0 0 0 0 0 0 0 0 0 0 0 0 0 0 0 0 0 0 0 0 0 0 0 0 0 0 0 0 0 0 0 0 0 0 0 0 0 0 0 0 0 0 0 0 0 0 0 
0 0 0 0 0 0 0 0 0 0 0 0 0 0 0 0 0 0 0 0 0 0 0 0 0 0 0 0 0 0 0 0 0 0 0 0 0 0 0 0 0 0 0 0 0 0 0 0 0 0 0 0 0 0 0 0 0 0 0 0 0 
0 0 0 0 0 0 0 0 0 0 0 0 0 0 0 0 0 0 0 0 0 0 0 0 0 0 0 0 0 0 0 0 0 0 0 0 0 0 0 0 0 0 0 0 0 0 0 0 0 0 0 0 0 0 0 0 0 0 0 0 0 
0 0 0 0 0 0 0 0 0 0 0 0 0 0 0 0 0 0 0 0 0 0 0 0 0 0 0 0 0 0 0 0 0 0 0 0 0 0 0 0 0 0 0 0 0 0 0 0 0 0 0 0 0 0 0 0 0 0 0 0 0 
0 0 0 0 0 0 0 0 0 0 0 0 0 0 0 0 0 0 0 0 0 0 0 0 0 0 0 0 0 0 0 0 0 0 0 0 0 0 0 0 0 0 0 0 0 0 0 0 0 0 0 0 0 0 0 0 0 0 0 0 0 
0 0 0 0 0 0 0 0 0 0 0 0 0 0 0 0 0 0 0 0 0 0 0 0 0 0 0 0 0 0 0 0 0 0 0 0 0 0 0 0 0 0 0 0 0 0 0 0 0 0 0 0 0 0 0 0 0 0 0 0 0 
0 0 0 0 0 0 0 0 0 0 0 0 0 0 0 0 0 0 0 0 0 0 0 0 0 0 0 0 0 0 0 0 0 0 0 0 0 0 0 0 0 0 0 0 0 0 0 0 0 0 0 0 0 0 0 0 0 0 0 0 0 
0 0 0 0 0 0 0 0 0 0 0 0 0 0 0 0 0 0 0 0 0 0 0 0 0 0 0 0 0 0 0 0 0 0 0 0 0 0 0 0 0 0 0 0 0 0 0 0 0 0 0 0 0 0 0 0 0 0 0 0 0 
0 0 0 0 0 0 0 0 0 0 0 0 0 0 0 0 0 0 0 0 0 0 0 0 0 0 0 0 0 0 0 0 0 0 0 0 0 0 0 0 0 0 0 0 0 0 0 0 0 0 0 0 0 0 0 0 0 0 0 0 0 
0 0 0 0 0 0 0 0 0 0 0 0 0 0 0 0 0 0 0 0 0 0 0 0 0 0 0 0 0 0 0 0 0 0 0 0 0 0 0 0 0 0 0 0 0 0 0 0 0 0 0 0 0 0 0 0 0 0 0 0 0 
0 0 0 0 0 0 0 0 0 0 0 0 0 0 0 0 0 0 0 0 0 0 0 0 0 0 0 0 0 0 0 0 0 0 0 0 0 0 0 0 0 0 0 0 0 0 0 0 0 0 0 0 0 0 0 0 0 0 0 0 0 
0 0 0 0 0 0 0 0 0 0 0 0 0 0 0 0 0 0 0 0 0 0 0 0 0 0 0 0 0 0 0 0 0 0 0 0 0 0 0 0 0 0 0 0 0 0 0 0 0 0 0 0 0 0 0 0 0 0 0 0 0 
0 0 0 0 0 0 0 0 0 0 0 0 0 0 0 0 0 0 0 0 0 0 0 0 0 0 0 0 0 0 0 0 0 0 0 0 0 0 0 0 0 0 0 0 0 0 0 0 0 0 0 0 0 0 0 0 0 0 0 0 0 
0 0 0 0 0 0 0 0 0 0 0 0 0 0 0 0 0 0 0 0 0 0 0 0 0 0 0 0 0 0 0 0 0 0 0 0 0 0 0 0 0 0 0 0 0 0 0 0 0 0 0 0 0 0 0 0 0 0 0 0 0 
0 0 0 0 0 0 0 0 0 0 0 0 0 0 0 0 0 0 0 0 0 0 0 0 0 0 0 0 0 0 0 0 0 0 0 0 0 0 0 0 0 0 0 0 0 0 0 0 0 0 0 0 0 0 0 0 0 0 0 0 0 
0 0 0 0 0 0 0 0 0 0 0 0 0 0 0 0 0 0 0 0 0 0 0 0 0 0 0 0 0 0 0 0 0 0 0 0 0 0 0 0 0 0 0 0 0 0 0 0 0 0 0 0 0 0 0 0 0 0 0 0 0 
0 0 0 0 0 0 0 0 0 0 0 0 0 0 0 0 0 0 0 0 0 0 0 0 0 0 0 0 0 0 0 0 0 0 0 0 0 0 0 0 0 0 0 0 0 0 0 0 0 0 0 0 0 0 0 0 0 0 0 0 0 
0 0 0 0 0 0 0 0 0 0 0 0 0 0 0 0 0 0 0 0 0 0 0 0 0 0 0 0 0 0 0 0 0 0 0 0 0 0 0 0 0 0 0 0 0 0 0 0 0 0 0 0 0 0 0 0 0 0 0 0 0 
0 0 0 0 0 0 0 0 0 0 0 0 0 0 0 0 0 0 0 0 0 0 0 0 0 0 0 0 0 0 0 0 0 0 0 0 0 0 0 0 0 0 0 0 0 0 0 0 0 0 0 0 0 0 0 0 0 0 0 0 0 
0 0 0 0 0 0 0 0 0 0 0 0 0 0 0 0 0 0 0 0 0 0 0 0 0 0 0 0 0 0 0 0 0 0 0 0 0 0 0 0 0 0 0 0 0 0 0 0 0 0 0 0 0 0 0 0 0 0 0 0 0 
0 0 0 0 0 0 0 0 0 0 0 0 0 0 0 0 0 0 0 0 0 0 0 0 0 0 0 0 0 0 0 0 0 0 0 0 0 0 0 0 0 0 0 0 0 0 0 0 0 0 0 0 0 0 0 0 0 0 0 0 0 
0 0 0 0 0 0 0 0 0 0 0 0 0 0 0 0 0 0 0 0 0 0 0 0 0 0 0 0 0 0 0 0 0 0 0 0 0 0 0 0 0 0 0 0 0 0 0 0 0 0 0 0 0 0 0 0 0 0 0 0 0 
0 0 0 0 0 0 0 0 0 0 0 0 0 0 0 0 0 0 0 0 0 0 0 0 0 0 0 0 0 0 0 0 0 0 0 0 0 0 0 0 0 0 0 0 0 0 0 0 0 0 0 0 0 0 0 0 0 0 0 0 0 
0 0 0 0 0 0 0 0 0 0 0 0 0 0 0 0 0 0 0 0 0 0 0 0 0 0 0 0 0 0 0 0 0 0 0 0 0 0 0 0 0 0 0 0 0 0 0 0 0 0 0 0 0 0 0 0 0 0 0 0 0 
0 0 0 0 0 0 0 0 0 0 0 0 0 0 0 0 0 0 0 0 0 0 0 0 0 0 0 0 0 0 0 0 0 0 0 0 0 0 0 0 0 0 0 0 0 0 0 0 0 0 0 0 0 0 0 0 0 0 0 0 0 
SCALARS conc_O double 1
LOOKUP_TABLE default
0 0 0 0 0 0 0 0 0 0 0 0 0 0 0 0 0 0 0 0 0 0 0 0 0 0 0 0 0 0 0 0 0 0 0 0 0 0 0 0 0 0 0 0 0 0 0 0 0 0 0 0 0 0 0 0 0 0 0 0 0 
0 0 0 0 0 0 0 0 0 0 0 0 0 0 0 0 0 0 0 0 0 0 0 0 0 0 0 0 0 0 0 0 0 0 0 0 0 0 0 0 0 0 0 0 0 0 0 0 0 0 0 0 0 0 0 0 0 0 0 0 0 
0 0 0 0 0 0 0 0 0 0 0 0 0 0 0 0 0 0 0 0 0 0 0 0 0 0 0 0 0 0 0 0 0 0 0 0 0 0 0 0 0 0 0 0 0 0 0 0 0 0 0 0 0 0 0 0 0 0 0 0 0 
0 0 0 0 0 0 0 0 0 0 0 0 0 0 0 0 0 0 0 0 0 0 0 0 0 0 0 0 0 0 0 0 0 0 0 0 0 0 0 0 0 0 0 0 0 0 0 0 0 0 0 0 0 0 0 0 0 0 0 0 0 
0 0 0 0 0 0 0 0 0 0 0 0 0 0 0 0 0 0 0 0 0 0 0 0 0 0 0 0 0 0 0 0 0 0 0 0 0 0 0 0 0 0 0 0 0 0 0 0 0 0 0 0 0 0 0 0 0 0 0 0 0 
0 0 0 0 0 0 0 0 0 0 0 0 0 0 0 0 0 0 0 0 0 0 0 0 0 0 0 0 0 0 0 0 0 0 0 0 0 0 0 0 0 0 0 0 0 0 0 0 0 0 0 0 0 0 0 0 0 0 0 0 0 
0 0 0 0 0 0 0 0 0 0 0 0 0 0 0 0 0 0 0 0 0 0 0 0 0 0 0 0 0 0 0 0 0 0 0 0 0 0 0 0 0 0 0 0 0 0 0 0 0 0 0 0 0 0 0 0 0 0 0 0 0 
0 0 0 0 0 0 0 0 0 0 0 0 0 0 0 0 0 0 0 0 0 0 0 0 0 0 0 0 0 0 0 0 0 0 0 0 0 0 0 0 0 0 0 0 0 0 0 0 0 0 0 0 0 0 0 0 0 0 0 0 0 
0 0 0 0 0 0 0 0 0 0 0 0 0 0 0 0 0 0 0 0 0 0 0 0 0 0 0 0 0 0 0 0 0 0 0 0 0 0 0 0 0 0 0 0 0 0 0 0 0 0 0 0 0 0 0 0 0 0 0 0 0 
0 0 0 0 0 0 0 0 0 0 0 0 0 0 0 0 0 0 0 0 0 0 0 0 0 0 0 0 0 0 0 0 0 0 0 0 0 0 0 0 0 0 0 0 0 0 0 0 0 0 0 0 0 0 0 0 0 0 0 0 0 
0 0 0 0 0 0 0 0 0 0 0 0 0 0 0 0 0 0 0 0 0 0 0 0 0 0 0 0 0 0 0 0 0 0 0 0 0 0 0 0 0 0 0 0 0 0 0 0 0 0 0 0 0 0 0 0 0 0 0 0 0 
0 0 0 0 0 0 0 0 0 0 0 0 0 0 0 0 0 0 0 0 0 0 0 0 0 0 0 0 0 0 0 0 0 0 0 0 0 0 0 0 0 0 0 0 0 0 0 0 0 0 0 0 0 0 0 0 0 0 0 0 0 
0 0 0 0 0 0 0 0 0 0 0 0 0 0 0 0 0 0 0 0 0 0 0 0 0 0 0 0 0 0 0 0 0 0 0 0 0 0 0 0 0 0 0 0 0 0 0 0 0 0 0 0 0 0 0 0 0 0 0 0 0 
0 0 0 0 0 0 0 0 0 0 0 0 0 0 0 0 0 0 0 0 0 0 0 0 0 0 0 0 0 0 0 0 0 0 0 0 0 0 0 0 0 0 0 0 0 0 0 0 0 0 0 0 0 0 0 0 0 0 0 0 0 
0 0 0 0 0 0 0 0 0 0 0 0 0 0 0 0 0 0 0 0 0 0 0 0 0 0 0 0 0 0 0 0 0 0 0 0 0 0 0 0 0 0 0 0 0 0 0 0 0 0 0 0 0 0 0 0 0 0 0 0 0 
0 0 0 0 0 0 0 0 0 0 0 0 0 0 0 0 0 0 0 0 0 0 0 0 0 0 0 0 0 0 0 0 0 0 0 0 0 0 0 0 0 0 0 0 0 0 0 0 0 0 0 0 0 0 0 0 0 0 0 0 0 
0 0 0 0 0 0 0 0 0 0 0 0 0 0 0 0 0 0 0 0 0 0 0 0 0 0 0 0 0 0 0 0 0 0 0 0 0 0 0 0 0 0 0 0 0 0 0 0 0 0 0 0 0 0 0 0 0 0 0 0 0 
0 0 0 0 0 0 0 0 0 0 0 0 0 0 0 0 0 0 0 0 0 0 0 0 0 0 0 0 0 0 0 0 0 0 0 0 0 0 0 0 0 0 0 0 0 0 0 0 0 0 0 0 0 0 0 0 0 0 0 0 0 
0 0 0 0 0 0 0 0 0 0 0 0 0 0 0 0 0 0 0 0 0 0 0 0 0 0 0 0 0 0 0 0 0 0 0 0 0 0 0 0 0 0 0 0 0 0 0 0 0 0 0 0 0 0 0 0 0 0 0 0 0 
0 0 0 0 0 0 0 0 0 0 0 0 0 0 0 0 0 0 0 0 0 0 0 0 0 0 0 0 0 0 0 0 0 0 0 0 0 0 0 0 0 0 0 0 0 0 0 0 0 0 0 0 0 0 0 0 0 0 0 0 0 
0 0 0 0 0 0 0 0 0 0 0 0 0 0 0 0 0 0 0 0 0 0 0 0 0 0 0 0 0 0 0 0 0 0 0 0 0 0 0 0 0 0 0 0 0 0 0 0 0 0 0 0 0 0 0 0 0 0 0 0 0 
0 0 0 0 0 0 0 0 0 0 0 0 0 0 0 0 0 0 0 0 0 0 0 0 0 0 0 0 0 0 0 0 0 0 0 0 0 0 0 0 0 0 0 0 0 0 0 0 0 0 0 0 0 0 0 0 0 0 0 0 0 
0 0 0 0 0 0 0 0 0 0 0 0 0 0 0 0 0 0 0 0 0 0 0 0 0 0 0 0 0 0 0 0 0 0 0 0 0 0 0 0 0 0 0 0 0 0 0 0 0 0 0 0 0 0 0 0 0 0 0 0 0 
0 0 0 0 0 0 0 0 0 0 0 0 0 0 0 0 0 0 0 0 0 0 0 0 0 0 0 0 0 0 0 0 0 0 0 0 0 0 0 0 0 0 0 0 0 0 0 0 0 0 0 0 0 0 0 0 0 0 0 0 0 
0 0 0 0 0 0 0 0 0 0 0 0 0 0 0 0 0 0 0 0 0 0 0 0 0 0 0 0 0.0001437690794689285 8.285183603770647e-05 8.283468216642693e-05 8.296192140652501e-05 0.0001444331338749814 0 0 0 0 0 0 0 0 0 0 0 0 0 0 0 0 0 0 0 0 0 0 0 0 0 0 0 0 
0 0 0 0 0 0 0 0 0 0 0 0 0 0 0 0 0 0 0 0 0 0 0 0 0 0 0 0.0009026007887734524 0.5623192204693973 0.5629238900708983 0.5628543350656974 0.5629238169814844 0.5623169681537944 0.0009081952622357113 0 0 0 0 0 0 0 0 0 0 0 0 0 0 0 0 0 0 0 0 0 0 0 0 0 0 0 
0 0 0 0 0 0 0 0 0 0 0 0 0 0 0 0 0 0 0 0 0 0 0 0 0 0 0.0008235058020839294 0.5620573832293368 0.5632810105108458 0.5630722723447618 0.5630719619978346 0.5630722724546959 0.5632810110040917 0.5620605532134841 0.0008083571372225065 0 0 0 0 0 0 0 0 0 0 0 0 0 0 0 0 0 0 0 0 0 0 0 0 0 0 
0 0 0 0 0 0 0 0 0 0 0 0 0 0 0 0 0 0 0 0 0 0 0 0 0 0.0005499502626001637 0.5621743095070598 0.5632808306163949 0.5630025152911975 0.5630020141848462 0.56300206141036 0.5630020141874997 0.5630025148316072 0.5632808343846696 0.5621848070690948 0.00053344751411982 0 0 0 0 0 0 0 0 0 0 0 0 0 0 0 0 0 0 0 0 0 0 0 0 0 
0 0 0 0 0 0 0 0 0 0 0 0 0 0 0 0 0 0 0 0 0 0 0 0 0.0001179641144585325 0.562451636873438 0.5632810691105538 0.5630025074153586 0.5630019610385388 0.563002025553468 0.5630020256769659 0.5630020255535148 0.5630019610379822 0.5630025064399303 0.5632810730790691 0.562457731115965 0.0001169275871821958 0 0 0 0 0 0 0 0 0 0 0 0 0 0 0 0 0 0 0 0 0 0 0 0 
0 0 0 0 0 0 0 0 0 0 0 0 0 0 0 0 0 0 0 0 0 0 0 0 7.063271703037011e-05 0.5629319924341917 0.5630722507778224 0.5630020138542605 0.5630020255543499 0.5630020300043969 0.5630020299981605 0.5630020300043969 0.5630020255544396 0.5630020138491263 0.5630722498864049 0.5629321028326225 7.046712019953351e-05 0 0 0 0 0 0 0 0 0 0 0 0 0 0 0 0 0 0 0 0 0 0 0 0 
0 0 0 0 0 0 0 0 0 0 0 0 0 0 0 0 0 0 0 0 0 0 0 0 6.932198905939224e-05 0.5628632618859259 0.5630719507716677 0.5630020610552372 0.5630020256774065 0.5630020299981706 0.563002030000711 0.5630020299981706 0.5630020256774088 0.5630020610536766 0.5630719507105194 0.5628633011674786 6.92622129166439e-05 0 0 0 0 0 0 0 0 0 0 0 0 0 0 0 0 0 0 0 0 0 0 0 0 
0 0 0 0 0 0 0 0 0 0 0 0 0 0 0 0 0 0 0 0 0 0 0 0 6.891546780693079e-05 0.5629331388180147 0.5630722330725677 0.5630020137897584 0.5630020255579723 0.5630020300044122 0.5630020299981708 0.5630020300044122 0.5630020255579735 0.5630020137892231 0.5630722330507109 0.562933151722408 6.889590653542694e-05 0 0 0 0 0 0 0 0 0 0 0 0 0 0 0 0 0 0 0 0 0 0 0 0 
0 0 0 0 0 0 0 0 0 0 0 0 0 0 0 0 0 0 0 0 0 0 0 0 0.0001047100487501104 0.5625469401491456 0.5632811460237129 0.5630024725224824 0.5630019610112156 0.5630020255579807 0.5630020256774371 0.5630020255579807 0.5630019610112155 0.563002472520821 0.5632811460189088 0.5625469577141273 0.0001046946541779132 0 0 0 0 0 0 0 0 0 0 0 0 0 0 0 0 0 0 0 0 0 0 0 0 
0 0 0 0 0 0 0 0 0 0 0 0 0 0 0 0 0 0 0 0 0 0 0 0 0 0.0002865274449180695 0.5624398733964241 0.5632809888877157 0.5630024725112864 0.5630020137842792 0.5630020610397111 0.5630020137842788 0.5630024725106502 0.5632809888892889 0.5624398837480991 0.0002865021324788769 0 0 0 0 0 0 0 0 0 0 0 0 0 0 0 0 0 0 0 0 0 0 0 0 0 
0 0 0 0 0 0 0 0 0 0 0 0 0 0 0 0 0 0 0 0 0 0 0 0 0 0 0.0002862583684731464 0.5624399642994533 0.5632811459746806 0.5630722328470089 0.5630719501013844 0.5630722328468691 0.5632811459750114 0.5624399666831951 0.000286252461391646 0 0 0 0 0 0 0 0 0 0 0 0 0 0 0 0 0 0 0 0 0 0 0 0 0 0 
0 0 0 0 0 0 0 0 0 0 0 0 0 0 0 0 0 0 0 0 0 0 0 0 0 0 0 0.0002862532881179289 0.5625471225780938 0.5629332712925549 0.5628636818804152 0.5629332712973828 0.5625471230251187 0.0002862520070114748 0 0 0 0 0 0 0 0 0 0 0 0 0 0 0 0 0 0 0 0 0 0 0 0 0 0 0 
0 0 0 0 0 0 0 0 0 0 0 0 0 0 0 0 0 0 0 0 0 0 0 0 0 0 0 0 0.0001045564280220463 6.871460908276601e-05 6.868072672876924e-05 6.871460181813745e-05 0.000104556390976614 0 0 0 0 0 0 0 0 0 0 0 0 0 0 0 0 0 0 0 0 0 0 0 0 0 0 0 0 
0 0 0 0 0 0 0 0 0 0 0 0 0 0 0 0 0 0 0 0 0 0 0 0 0 0 0 0 0 0 0 0 0 0 0 0 0 0 0 0 0 0 0 0 0 0 0 0 0 0 0 0 0 0 0 0 0 0 0 0 0 
0 0 0 0 0 0 0 0 0 0 0 0 0 0 0 0 0 0 0 0 0 0 0 0 0 0 0 0 0 0 0 0 0 0 0 0 0 0 0 0 0 0 0 0 0 0 0 0 0 0 0 0 0 0 0 0 0 0 0 0 0 
0 0 0 0 0 0 0 0 0 0 0 0 0 0 0 0 0 0 0 0 0 0 0 0 0 0 0 0 0 0 0 0 0 0 0 0 0 0 0 0 0 0 0 0 0 0 0 0 0 0 0 0 0 0 0 0 0 0 0 0 0 
0 0 0 0 0 0 0 0 0 0 0 0 0 0 0 0 0 0 0 0 0 0 0 0 0 0 0 0 0 0 0 0 0 0 0 0 0 0 0 0 0 0 0 0 0 0 0 0 0 0 0 0 0 0 0 0 0 0 0 0 0 
0 0 0 0 0 0 0 0 0 0 0 0 0 0 0 0 0 0 0 0 0 0 0 0 0 0 0 0 0 0 0 0 0 0 0 0 0 0 0 0 0 0 0 0 0 0 0 0 0 0 0 0 0 0 0 0 0 0 0 0 0 
0 0 0 0 0 0 0 0 0 0 0 0 0 0 0 0 0 0 0 0 0 0 0 0 0 0 0 0 0 0 0 0 0 0 0 0 0 0 0 0 0 0 0 0 0 0 0 0 0 0 0 0 0 0 0 0 0 0 0 0 0 
0 0 0 0 0 0 0 0 0 0 0 0 0 0 0 0 0 0 0 0 0 0 0 0 0 0 0 0 0 0 0 0 0 0 0 0 0 0 0 0 0 0 0 0 0 0 0 0 0 0 0 0 0 0 0 0 0 0 0 0 0 
0 0 0 0 0 0 0 0 0 0 0 0 0 0 0 0 0 0 0 0 0 0 0 0 0 0 0 0 0 0 0 0 0 0 0 0 0 0 0 0 0 0 0 0 0 0 0 0 0 0 0 0 0 0 0 0 0 0 0 0 0 
0 0 0 0 0 0 0 0 0 0 0 0 0 0 0 0 0 0 0 0 0 0 0 0 0 0 0 0 0 0 0 0 0 0 0 0 0 0 0 0 0 0 0 0 0 0 0 0 0 0 0 0 0 0 0 0 0 0 0 0 0 
0 0 0 0 0 0 0 0 0 0 0 0 0 0 0 0 0 0 0 0 0 0 0 0 0 0 0 0 0 0 0 0 0 0 0 0 0 0 0 0 0 0 0 0 0 0 0 0 0 0 0 0 0 0 0 0 0 0 0 0 0 
0 0 0 0 0 0 0 0 0 0 0 0 0 0 0 0 0 0 0 0 0 0 0 0 0 0 0 0 0 0 0 0 0 0 0 0 0 0 0 0 0 0 0 0 0 0 0 0 0 0 0 0 0 0 0 0 0 0 0 0 0 
0 0 0 0 0 0 0 0 0 0 0 0 0 0 0 0 0 0 0 0 0 0 0 0 0 0 0 0 0 0 0 0 0 0 0 0 0 0 0 0 0 0 0 0 0 0 0 0 0 0 0 0 0 0 0 0 0 0 0 0 0 
0 0 0 0 0 0 0 0 0 0 0 0 0 0 0 0 0 0 0 0 0 0 0 0 0 0 0 0 0 0 0 0 0 0 0 0 0 0 0 0 0 0 0 0 0 0 0 0 0 0 0 0 0 0 0 0 0 0 0 0 0 
0 0 0 0 0 0 0 0 0 0 0 0 0 0 0 0 0 0 0 0 0 0 0 0 0 0 0 0 0 0 0 0 0 0 0 0 0 0 0 0 0 0 0 0 0 0 0 0 0 0 0 0 0 0 0 0 0 0 0 0 0 
0 0 0 0 0 0 0 0 0 0 0 0 0 0 0 0 0 0 0 0 0 0 0 0 0 0 0 0 0 0 0 0 0 0 0 0 0 0 0 0 0 0 0 0 0 0 0 0 0 0 0 0 0 0 0 0 0 0 0 0 0 
0 0 0 0 0 0 0 0 0 0 0 0 0 0 0 0 0 0 0 0 0 0 0 0 0 0 0 0 0 0 0 0 0 0 0 0 0 0 0 0 0 0 0 0 0 0 0 0 0 0 0 0 0 0 0 0 0 0 0 0 0 
0 0 0 0 0 0 0 0 0 0 0 0 0 0 0 0 0 0 0 0 0 0 0 0 0 0 0 0 0 0 0 0 0 0 0 0 0 0 0 0 0 0 0 0 0 0 0 0 0 0 0 0 0 0 0 0 0 0 0 0 0 
0 0 0 0 0 0 0 0 0 0 0 0 0 0 0 0 0 0 0 0 0 0 0 0 0 0 0 0 0 0 0 0 0 0 0 0 0 0 0 0 0 0 0 0 0 0 0 0 0 0 0 0 0 0 0 0 0 0 0 0 0 
0 0 0 0 0 0 0 0 0 0 0 0 0 0 0 0 0 0 0 0 0 0 0 0 0 0 0 0 0 0 0 0 0 0 0 0 0 0 0 0 0 0 0 0 0 0 0 0 0 0 0 0 0 0 0 0 0 0 0 0 0 
0 0 0 0 0 0 0 0 0 0 0 0 0 0 0 0 0 0 0 0 0 0 0 0 0 0 0 0 0 0 0 0 0 0 0 0 0 0 0 0 0 0 0 0 0 0 0 0 0 0 0 0 0 0 0 0 0 0 0 0 0 
0 0 0 0 0 0 0 0 0 0 0 0 0 0 0 0 0 0 0 0 0 0 0 0 0 0 0 0 0 0 0 0 0 0 0 0 0 0 0 0 0 0 0 0 0 0 0 0 0 0 0 0 0 0 0 0 0 0 0 0 0 
0 0 0 0 0 0 0 0 0 0 0 0 0 0 0 0 0 0 0 0 0 0 0 0 0 0 0 0 0 0 0 0 0 0 0 0 0 0 0 0 0 0 0 0 0 0 0 0 0 0 0 0 0 0 0 0 0 0 0 0 0 
0 0 0 0 0 0 0 0 0 0 0 0 0 0 0 0 0 0 0 0 0 0 0 0 0 0 0 0 0 0 0 0 0 0 0 0 0 0 0 0 0 0 0 0 0 0 0 0 0 0 0 0 0 0 0 0 0 0 0 0 0 
0 0 0 0 0 0 0 0 0 0 0 0 0 0 0 0 0 0 0 0 0 0 0 0 0 0 0 0 0 0 0 0 0 0 0 0 0 0 0 0 0 0 0 0 0 0 0 0 0 0 0 0 0 0 0 0 0 0 0 0 0 
SCALARS conc_Cr double 1
LOOKUP_TABLE default
0.1986 0.1986 0.1986 0.1986 0.1986 0.1986 0.1986 0.1986 0.1986 0.1986 0.1986 0.1986 0.1986 0.1986 0.1986 0.1986 0.1986 0.1986 0.1986 0.1986 0.1986 0.1986 0.1986 0.1986 0.1986 0.1986 0.1986 0.1986 0.1986 0.1986 0.1986 0.1986 0.1986 0.1986 0.1986 0.1986 0.1986 0.1986 0.1986 0.1986 0.1986 0.1986 0.1986 0.1986 0.1986 0.1986 0.1986 0.1986 0.1986 0.1986 0.1986 0.1986 0.1986 0.1986 0.1986 0.1986 0.1986 0.1986 0.1986 0.1986 0.1986 
0.1986 0.1986 0.1986 0.1986 0.1986 0.1986 0.1986 0.1986 0.1986 0.1986 0.1986 0.1986 0.1986 0.1986 0.1986 0.1986 0.1986 0.1986 0.1986 0.1986 0.1986 0.1986 0.1986 0.1986 0.1986 0.1986 0.1986 0.1986 0.1986 0.1986 0.1986 0.1986 0.1986 0.1986 0.1986 0.1986 0.1986 0.1986 0.1986 0.1986 0.1986 0.1986 0.1986 0.1986 0.1986 0.1986 0.1986 0.1986 0.1986 0.1986 0.1986 0.1986 0.1986 0.1986 0.1986 0.1986 0.1986 0.1986 0.1986 0.1986 0.1986 
0.1986 0.1986 0.1986 0.1986 0.1986 0.1986 0.1986 0.1986 0.1986 0.1986 0.1986 0.1986 0.1986 0.1986 0.1986 0.1986 0.1986 0.1986 0.1986 0.1986 0.1986 0.1986 0.1986 0.1986 0.1986 0.1986 0.1986 0.1986 0.1986 0.1986 0.1986 0.1986 0.1986 0.1986 0.1986 0.1986 0.1986 0.1986 0.1986 0.1986 0.1986 0.1986 0.1986 0.1986 0.1986 0.1986 0.1986 0.1986 0.1986 0.1986 0.1986 0.1986 0.1986 0.1986 0.1986 0.1986 0.1986 0.1986 0.1986 0.1986 0.1986 
0.1986 0.1986 0.1986 0.1986 0.1986 0.1986 0.1986 0.1986 0.1986 0.1986 0.1986 0.1986 0.1986 0.1986 0.1986 0.1986 0.1986 0.1986 0.1986 0.1986 0.1986 0.1986 0.1986 0.1986 0.1986 0.1986 0.1986 0.1986 0.1986 0.1986 0.1986 0.1986 0.1986 0.1986 0.1986 0.1986 0.1986 0.1986 0.1986 0.1986 0.1986 0.1986 0.1986 0.1986 0.1986 0.1986 0.1986 0.1986 0.1986 0.1986 0.1986 0.1986 0.1986 0.1986 0.1986 0.1986 0.1986 0.1986 0.1986 0.1986 0.1986 
0.1986 0.1986 0.1986 0.1986 0.1986 0.1986 0.1986 0.1986 0.1986 0.1986 0.1986 0.1986 0.1986 0.1986 0.1986 0.1986 0.1986 0.1986 0.1986 0.1986 0.1986 0.1986 0.1986 0.1986 0.1986 0.1986 0.1986 0.1986 0.1986 0.1986 0.1986 0.1986 0.1986 0.1986 0.1986 0.1986 0.1986 0.1986 0.1986 0.1986 0.1986 0.1986 0.1986 0.1986 0.1986 0.1986 0.1986 0.1986 0.1986 0.1986 0.1986 0.1986 0.1986 0.1986 0.1986 0.1986 0.1986 0.1986 0.1986 0.1986 0.1986 
0.1986 0.1986 0.1986 0.1986 0.1986 0.1986 0.1986 0.1986 0.1986 0.1986 0.1986 0.1986 0.1986 0.1986 0.1986 0.1986 0.1986 0.1986 0.1986 0.1986 0.1986 0.1986 0.1986 0.1986 0.1986 0.1986 0.1986 0.1986 0.1986 0.1986 0.1986 0.1986 0.1986 0.1986 0.1986 0.1986 0.1986 0.1986 0.1986 0.1986 0.1986 0.1986 0.1986 0.1986 0.1986 0.1986 0.1986 0.1986 0.1986 0.1986 0.1986 0.1986 0.1986 0.1986 0.1986 0.1986 0.1986 0.1986 0.1986 0.1986 0.1986 
0.1986 0.1986 0.1986 0.1986 0.1986 0.1986 0.1986 0.1986 0.1986 0.1986 0.1986 0.1986 0.1986 0.1986 0.1986 0.1986 0.1986 0.1986 0.1986 0.1986 0.1986 0.1986 0.1986 0.1986 0.1986 0.1986 0.1986 0.1986 0.1986 0.1986 0.1986 0.1986 0.1986 0.1986 0.1986 0.1986 0.1986 0.1986 0.1986 0.1986 0.1986 0.1986 0.1986 0.1986 0.1986 0.1986 0.1986 0.1986 0.1986 0.1986 0.1986 0.1986 0.1986 0.1986 0.1986 0.1986 0.1986 0.1986 0.1986 0.1986 0.1986 
0.1986 0.1986 0.1986 0.1986 0.1986 0.1986 0.1986 0.1986 0.1986 0.1986 0.1986 0.1986 0.1986 0.1986 0.1986 0.1986 0.1986 0.1986 0.1986 0.1986 0.1986 0.1986 0.1986 0.1986 0.1986 0.1986 0.1986 0.1986 0.1986 0.1986 0.1986 0.1986 0.1986 0.1986 0.1986 0.1986 0.1986 0.1986 0.1986 0.1986 0.1986 0.1986 0.1986 0.1986 0.1986 0.1986 0.1986 0.1986 0.1986 0.1986 0.1986 0.1986 0.1986 0.1986 0.1986 0.1986 0.1986 0.1986 0.1986 0.1986 0.1986 
0.1986 0.1986 0.1986 0.1986 0.1986 0.1986 0.1986 0.1986 0.1986 0.1986 0.1986 0.1986 0.1986 0.1986 0.1986 0.1986 0.1986 0.1986 0.1986 0.1986 0.1986 0.1986 0.1986 0.1986 0.1986 0.1986 0.1986 0.1986 0.1986 0.1986 0.1986 0.1986 0.1986 0.1986 0.1986 0.1986 0.1986 0.1986 0.1986 0.1986 0.1986 0.1986 0.1986 0.1986 0.1986 0.1986 0.1986 0.1986 0.1986 0.1986 0.1986 0.1986 0.1986 0.1986 0.1986 0.1986 0.1986 0.1986 0.1986 0.1986 0.1986 
0.1986 0.1986 0.1986 0.1986 0.1986 0.1986 0.1986 0.1986 0.1986 0.1986 0.1986 0.1986 0.1986 0.1986 0.1986 0.1986 0.1986 0.1986 0.1986 0.1986 0.1986 0.1986 0.1986 0.1986 0.1986 0.1986 0.1986 0.1986 0.1986 0.1986 0.1986 0.1986 0.1986 0.1986 0.1986 0.1986 0.1986 0.1986 0.1986 0.1986 0.1986 0.1986 0.1986 0.1986 0.1986 0.1986 0.1986 0.1986 0.1986 0.1986 0.1986 0.1986 0.1986 0.1986 0.1986 0.1986 0.1986 0.1986 0.1986 0.1986 0.1986 
0.1986 0.1986 0.1986 0.1986 0.1986 0.1986 0.1986 0.1986 0.1986 0.1986 0.1986 0.1986 0.1986 0.1986 0.1986 0.1986 0.1986 0.1986 0.1986 0.1986 0.1986 0.1986 0.1986 0.1986 0.1986 0.1986 0.1986 0.1986 0.1986 0.1986 0.1986 0.1986 0.1986 0.1986 0.1986 0.1986 0.1986 0.1986 0.1986 0.1986 0.1986 0.1986 0.1986 0.1986 0.1986 0.1986 0.1986 0.1986 0.1986 0.1986 0.1986 0.1986 0.1986 0.1986 0.1986 0.1986 0.1986 0.1986 0.1986 0.1986 0.1986 
0.1986 0.1986 0.1986 0.1986 0.1986 0.1986 0.1986 0.1986 0.1986 0.1986 0.1986 0.1986 0.1986 0.1986 0.1986 0.1986 0.1986 0.1986 0.1986 0.1986 0.1986 0.1986 0.1986 0.1986 0.1986 0.1986 0.1986 0.1986 0.1986 0.1986 0.1986 0.1986 0.1986 0.1986 0.1986 0.1986 0.1986 0.1986 0.1986 0.1986 0.1986 0.1986 0.1986 0.1986 0.1986 0.1986 0.1986 0.1986 0.1986 0.1986 0.1986 0.1986 0.1986 0.1986 0.1986 0.1986 0.1986 0.1986 0.1986 0.1986 0.1986 
0.1986 0.1986 0.1986 0.1986 0.1986 0.1986 0.1986 0.1986 0.1986 0.1986 0.1986 0.1986 0.1986 0.1986 0.1986 0.1986 0.1986 0.1986 0.1986 0.1986 0.1986 0.1986 0.1986 0.1986 0.1986 0.1986 0.1986 0.1986 0.1986 0.1986 0.1986 0.1986 0.1986 0.1986 0.1986 0.1986 0.1986 0.1986 0.1986 0.1986 0.1986 0.1986 0.1986 0.1986 0.1986 0.1986 0.1986 0.1986 0.1986 0.1986 0.1986 0.1986 0.1986 0.1986 0.1986 0.1986 0.1986 0.1986 0.1986 0.1986 0.1986 
0.1986 0.1986 0.1986 0.1986 0.1986 0.1986 0.1986 0.1986 0.1986 0.1986 0.1986 0.1986 0.1986 0.1986 0.1986 0.1986 0.1986 0.1986 0.1986 0.1986 0.1986 0.1986 0.1986 0.1986 0.1986 0.1986 0.1986 0.1986 0.1986 0.1986 0.1986 0.1986 0.1986 0.1986 0.1986 0.1986 0.1986 0.1986 0.1986 0.1986 0.1986 0.1986 0.1986 0.1986 0.1986 0.1986 0.1986 0.1986 0.1986 0.1986 0.1986 0.1986 0.1986 0.1986 0.1986 0.1986 0.1986 0.1986 0.1986 0.1986 0.1986 
0.1986 0.1986 0.1986 0.1986 0.1986 0.1986 0.1986 0.1986 0.1986 0.1986 0.1986 0.1986 0.1986 0.1986 0.1986 0.1986 0.1986 0.1986 0.1986 0.1986 0.1986 0.1986 0.1986 0.1986 0.1986 0.1986 0.1986 0.1986 0.1986 0.1986 0.1986 0.1986 0.1986 0.1986 0.1986 0.1986 0.1986 0.1986 0.1986 0.1986 0.1986 0.1986 0.1986 0.1986 0.1986 0.1986 0.1986 0.1986 0.1986 0.1986 0.1986 0.1986 0.1986 0.1986 0.1986 0.1986 0.1986 0.1986 0.1986 0.1986 0.1986 
0.1986 0.1986 0.1986 0.1986 0.1986 0.1986 0.1986 0.1986 0.1986 0.1986 0.1986 0.1986 0.1986 0.1986 0.1986 0.1986 0.1986 0.1986 0.1986 0.1986 0.1986 0.1986 0.1986 0.1986 0.1986 0.1986 0.1986 0.1986 0.1986 0.1986 0.1986 0.1986 0.1986 0.1986 0.1986 0.1986 0.1986 0.1986 0.1986 0.1986 0.1986 0.1986 0.1986 0.1986 0.1986 0.1986 0.1986 0.1986 0.1986 0.1986 0.1986 0.1986 0.1986 0.1986 0.1986 0.1986 0.1986 0.1986 0.1986 0.1986 0.1986 
0.1986 0.1986 0.1986 0.1986 0.1986 0.1986 0.1986 0.1986 0.1986 0.1986 0.1986 0.1986 0.1986 0.1986 0.1986 0.1986 0.1986 0.1986 0.1986 0.1986 0.1986 0.1986 0.1986 0.1986 0.1986 0.1986 0.1986 0.1986 0.1986 0.1986 0.1986 0.1986 0.1986 0.1986 0.1986 0.1986 0.1986 0.1986 0.1986 0.1986 0.1986 0.1986 0.1986 0.1986 0.1986 0.1986 0.1986 0.1986 0.1986 0.1986 0.1986 0.1986 0.1986 0.1986 0.1986 0.1986 0.1986 0.1986 0.1986 0.1986 0.1986 
0.1986 0.1986 0.1986 0.1986 0.1986 0.1986 0.1986 0.1986 0.1986 0.1986 0.1986 0.1986 0.1986 0.1986 0.1986 0.1986 0.1986 0.1986 0.1986 0.1986 0.1986 0.1986 0.1986 0.1986 0.1986 0.1986 0.1986 0.1986 0.1986 0.1986 0.1986 0.1986 0.1986 0.1986 0.1986 0.1986 0.1986 0.1986 0.1986 0.1986 0.1986 0.1986 0.1986 0.1986 0.1986 0.1986 0.1986 0.1986 0.1986 0.1986 0.1986 0.1986 0.1986 0.1986 0.1986 0.1986 0.1986 0.1986 0.1986 0.1986 0.1986 
0.1986 0.1986 0.1986 0.1986 0.1986 0.1986 0.1986 0.1986 0.1986 0.1986 0.1986 0.1986 0.1986 0.1986 0.1986 0.1986 0.1986 0.1986 0.1986 0.1986 0.1986 0.1986 0.1986 0.1986 0.1986 0.1986 0.1986 0.1986 0.1986 0.1986 0.1986 0.1986 0.1986 0.1986 0.1986 0.1986 0.1986 0.1986 0.1986 0.1986 0.1986 0.1986 0.1986 0.1986 0.1986 0.1986 0.1986 0.1986 0.1986 0.1986 0.1986 0.1986 0.1986 0.1986 0.1986 0.1986 0.1986 0.1986 0.1986 0.1986 0.1986 
0.1986 0.1986 0.1986 0.1986 0.1986 0.1986 0.1986 0.1986 0.1986 0.1986 0.1986 0.1986 0.1986 0.1986 0.1986 0.1986 0.1986 0.1986 0.1986 0.1986 0.1986 0.1986 0.1986 0.1986 0.1986 0.1986 0.1986000000000037 0.1985999999999797 0.1985999999994493 0.1985999999994229 0.1985999999994139 0.1985999999994011 0.1985999999994074 0.1985999999999769 0.1986000000000042 0.1986 0.1986 0.1986 0.1986 0.1986 0.1986 0.1986 0.1986 0.1986 0.1986 0.1986 0.1986 0.1986 0.1986 0.1986 0.1986 0.1986 0.1986 0.1986 0.1986 0.1986 0.1986 0.1986 0.1986 0.1986 0.1986 
0.1986 0.1986 0.1986 0.1986 0.1986 0.1986 0.1986 0.1986 0.1986 0.1986 0.1986 0.1986 0.1986 0.1986 0.1986 0.1986 0.1986 0.1986 0.1986 0.1986 0.1986 0.1986 0.1986 0.1986 0.1986000000000022 0.1986000000001008 0.1985999999992349 0.1985999999753761 0.1986000000442356 0.1986000000293932 0.1986000000295832 0.1986000000304665 0.1986000000476139 0.1985999999729879 0.1985999999991173 0.1986000000001187 0.1986000000000028 0.1986 0.1986 0.1986 0.1986 0.1986 0.1986 0.1986 0.1986 0.1986 0.1986 0.1986 0.1986 0.1986 0.1986 0.1986 0.1986 0.1986 0.1986 0.1986 0.1986 0.1986 0.1986 0.1986 0.1986 
0.1986 0.1986 0.1986 0.1986 0.1986 0.1986 0.1986 0.1986 0.1986 0.1986 0.1986 0.1986 0.1986 0.1986 0.1986 0.1986 0.1986 0.1986 0.1986 0.1986 0.1986 0.1986 0.1985999999999992 0.1986000000000335 0.1986000000011688 0.1985999999874728 0.1985999995999849 0.1986000018193607 0.198600040706773 0.1986000425165456 0.1986000428539387 0.1986000434794502 0.198600042531414 0.1986000019772223 0.1985999995590841 0.1985999999856024 0.1986000000013602 0.1986000000000407 0.1985999999999985 0.1986 0.1986 0.1986 0.1986 0.1986 0.1986 0.1986 0.1986 0.1986 0.1986 0.1986 0.1986 0.1986 0.1986 0.1986 0.1986 0.1986 0.1986 0.1986 0.1986 0.1986 0.1986 
0.1986 0.1986 0.1986 0.1986 0.1986 0.1986 0.1986 0.1986 0.1986 0.1986 0.1986 0.1986 0.1986 0.1986 0.1986 0.1986 0.1986 0.1986 0.1986 0.1986 0.1986 0.1985999999999917 0.1986000000002016 0.1986000000066725 0.1985999999051838 0.198599997079664 0.1986000211755704 0.1986005788689348 0.1985990570046904 0.1985993877555538 0.1985993897411576 0.1985993752899131 0.1985990172601331 0.1986006071156768 0.1986000229387363 0.1985999968163861 0.1985999998933484 0.1986000000075457 0.198600000000236 0.1985999999999903 0.1986 0.1986 0.1986 0.1986 0.1986 0.1986 0.1986 0.1986 0.1986 0.1986 0.1986 0.1986 0.1986 0.1986 0.1986 0.1986 0.1986 0.1986 0.1986 0.1986 0.1986 
0.1986 0.1986 0.1986 0.1986 0.1986 0.1986 0.1986 0.1986 0.1986 0.1986 0.1986 0.1986 0.1986 0.1986 0.1986 0.1986 0.1986 0.1986 0.1986 0.1986 0.1985999999999798 0.1986000000005738 0.1986000000185216 0.1985999996664626 0.1985999898557435 0.1986001017551564 0.1986028534651659 0.198588571966731 0.1983484775847189 0.1983398681556583 0.1983395463270699 0.1983377117536221 0.1983444529109212 0.1985881277157275 0.1986029699727156 0.1986001081028324 0.1985999892296857 0.1985999996388653 0.1986000000200448 0.1986000000006354 0.1985999999999777 0.1986 0.1986 0.1986 0.1986 0.1986 0.1986 0.1986 0.1986 0.1986 0.1986 0.1986 0.1986 0.1986 0.1986 0.1986 0.1986 0.1986 0.1986 0.1986 0.1986 
0.1986 0.1986 0.1986 0.1986 0.1986 0.1986 0.1986 0.1986 0.1986 0.1986 0.1986 0.1986 0.1986 0.1986 0.1986 0.1986 0.1986 0.1986 0.1986 0.1985999999999777 0.1986000000007467 0.198600000024453 0.1985999994648246 0.1985999830787274 0.1986002178063824 0.1986063902183789 0.1985619573069312 0.1975291825351747 0.1996754061409856 0.1992067700462536 0.1992007145456199 0.1992114049646239 0.1996916487313313 0.1975159281413681 0.1985610448664809 0.1986065151540545 0.1986002231937865 0.1985999827502688 0.1985999994515965 0.1986000000249453 0.1986000000007682 0.1985999999999771 0.1986 0.1986 0.1986 0.1986 0.1986 0.1986 0.1986 0.1986 0.1986 0.1986 0.1986 0.1986 0.1986 0.1986 0.1986 0.1986 0.1986 0.1986 0.1986 
0.1986 0.1986 0.1986 0.1986 0.1986 0.1986 0.1986 0.1986 0.1986 0.1986 0.1986 0.1986 0.1986 0.1986 0.1986 0.1986 0.1986 0.1986 0.1985999999999898 0.1986000000004006 0.1986000000143448 0.1985999996353613 0.1985999869023027 0.1986002038782698 0.1986069869030277 0.1985470223592511 0.1969250618790476 0.2020548920860466 0.3553689029344176 0.3564387763541779 0.3564382976414519 0.3564364405906969 0.3553578095453542 0.2020768243413636 0.1969240393370943 0.198547408833781 0.1986068795611146 0.1986001978521869 0.198599987387709 0.1985999996542957 0.1986000000135027 0.1986000000003713 0.1985999999999905 0.1986 0.1986 0.1986 0.1986 0.1986 0.1986 0.1986 0.1986 0.1986 0.1986 0.1986 0.1986 0.1986 0.1986 0.1986 0.1986 0.1986 0.1986 
0.1986 0.1986 0.1986 0.1986 0.1986 0.1986 0.1986 0.1986 0.1986 0.1986 0.1986 0.1986 0.1986 0.1986 0.1986 0.1986 0.1986 0.1985999999999993 0.1986000000000706 0.1986000000032151 0.1985999999099784 0.1985999957380679 0.1986000761342549 0.1986036250650728 0.1985668114851393 0.1971434160219222 0.2019431489098631 0.3550345067644409 0.3567797321560832 0.3567793008578828 0.3567792990182868 0.3567793008529326 0.3567797321406038 0.3550432542147848 0.2019000288083198 0.1971745815948279 0.1985685675933684 0.1986034009974074 0.1986000685683644 0.1985999961977737 0.1985999999233821 0.198600000002712 0.1986000000000564 0.1986 0.1986 0.1986 0.1986 0.1986 0.1986 0.1986 0.1986 0.1986 0.1986 0.1986 0.1986 0.1986 0.1986 0.1986 0.1986 0.1986 0.1986 
0.1986 0.1986 0.1986 0.1986 0.1986 0.1986 0.1986 0.1986 0.1986 0.1986 0.1986 0.1986 0.1986 0.1986 0.1986 0.1986 0.1986 0.1986000000000024 0.1986000000002173 0.1985999999936299 0.198599999505568 0.1986000097230379 0.1986007939918187 0.198591345304089 0.1978760044252852 0.2009099848131898 0.3553918939515299 0.356779731399142 0.3567791529719967 0.3567791501576421 0.356779150158706 0.3567791501587477 0.3567791529516297 0.3567797316560521 0.3554280974195841 0.2008197521218709 0.1979108812817692 0.1985922401376819 0.1986007037590409 0.1986000080071686 0.1985999995980973 0.1985999999952577 0.1986000000001595 0.1986000000000011 0.1986 0.1986 0.1986 0.1986 0.1986 0.1986 0.1986 0.1986 0.1986 0.1986 0.1986 0.1986 0.1986 0.1986 0.1986 0.1986 0.1986 
0.1986 0.1986 0.1986 0.1986 0.1986 0.1986 0.1986 0.1986 0.1986 0.1986 0.1986 0.1986 0.1986 0.1986 0.1986 0.1986 0.1986 0.1986000000000024 0.198599999999911 0.1985999999851474 0.198600000300597 0.1986000537792234 0.1985993637821774 0.1984699318945805 0.199128518879506 0.3560331322807365 0.3567797373911203 0.3567791524846143 0.3567791499988648 0.3567791499999285 0.3567791499999284 0.3567791499999285 0.3567791499988643 0.3567791524280352 0.3567797378099193 0.3560705441061887 0.1990932658477532 0.1984797488966268 0.1985994612044918 0.1986000448787028 0.1986000002252649 0.1985999999890777 0.1985999999999426 0.1986000000000004 0.1986 0.1986 0.1986 0.1986 0.1986 0.1986 0.1986 0.1986 0.1986 0.1986 0.1986 0.1986 0.1986 0.1986 0.1986 0.1986 0.1986 
0.1986 0.1986 0.1986 0.1986 0.1986 0.1986 0.1986 0.1986 0.1986 0.1986 0.1986 0.1986 0.1986 0.1986 0.1986 0.1986 0.1986 0.1986 0.1986000000000026 0.1985999999988933 0.1985999999946232 0.19860000905124 0.1985999732459807 0.1985473609422132 0.1987057580912869 0.3567269247351064 0.3567793011190566 0.3567791500212351 0.3567791499999284 0.35677915 0.35677915 0.35677915 0.3567791499999284 0.3567791500191763 0.3567793010860836 0.3567312771334607 0.1986965401442904 0.1985521138993147 0.1985999791553736 0.1986000072668123 0.1985999999956428 0.1985999999992405 0.1986000000000007 0.1986 0.1986 0.1986 0.1986 0.1986 0.1986 0.1986 0.1986 0.1986 0.1986 0.1986 0.1986 0.1986 0.1986 0.1986 0.1986 0.1986 0.1986 
0.1986 0.1986 0.1986 0.1986 0.1986 0.1986 0.1986 0.1986 0.1986 0.1986 0.1986 0.1986 0.1986 0.1986 0.1986 0.1986 0.1986 0.1986 0.1986 0.198599999999958 0.1985999999993699 0.198600001084605 0.1985999982582714 0.1985816140057016 0.1986367380983629 0.3567606268999632 0.3567792999638668 0.3567791500060128 0.3567791499999281 0.35677915 0.35677915 0.35677915 0.3567791499999281 0.3567791500052504 0.3567792999671768 0.3567622380102613 0.1986333752098301 0.1985833684492576 0.1985999986398251 0.1986000008602232 0.1985999999995592 0.1985999999999718 0.1986 0.1986 0.1986 0.1986 0.1986 0.1986 0.1986 0.1986 0.1986 0.1986 0.1986 0.1986 0.1986 0.1986 0.1986 0.1986 0.1986 0.1986 0.1986 
0.1986 0.1986 0.1986 0.1986 0.1986 0.1986 0.1986 0.1986 0.1986 0.1986 0.1986 0.1986 0.1986 0.1986 0.1986 0.1986 0.1986 0.1986 0.1986 0.1986 0.1985999999999741 0.1986000001292799 0.1985999998117548 0.19859364437235 0.1986128076015647 0.3567726992932783 0.356779299984472 0.3567791499995638 0.3567791499999312 0.35677915 0.35677915 0.35677915 0.3567791499999312 0.3567791499993126 0.3567792999852022 0.3567732300481827 0.1986116987736941 0.1985942222496878 0.1985999998397128 0.1986000001037538 0.1985999999999827 0.1986 0.1986 0.1986 0.1986 0.1986 0.1986 0.1986 0.1986 0.1986 0.1986 0.1986 0.1986 0.1986 0.1986 0.1986 0.1986 0.1986 0.1986 0.1986 0.1986 
0.1986 0.1986 0.1986 0.1986 0.1986 0.1986 0.1986 0.1986 0.1986 0.1986 0.1986 0.1986 0.1986 0.1986 0.1986 0.1986 0.1986 0.1986 0.1986 0.1986 0.1986 0.1986000000198939 0.19859999990453 0.1985975032951211 0.1986083489848521 0.3567718259446947 0.356779749968731 0.356779149991416 0.356779149998831 0.3567791499999312 0.3567791499999281 0.3567791499999312 0.356779149998831 0.3567791499911544 0.3567797499705314 0.356772153488782 0.1986078179052237 0.1985976815555443 0.1985999999146254 0.1986000000167684 0.1986 0.1986 0.1986 0.1986 0.1986 0.1986 0.1986 0.1986 0.1986 0.1986 0.1986 0.1986 0.1986 0.1986 0.1986 0.1986 0.1986 0.1986 0.1986 0.1986 0.1986 
0.1986 0.1986 0.1986 0.1986 0.1986 0.1986 0.1986 0.1986 0.1986 0.1986 0.1986 0.1986 0.1986 0.1986 0.1986 0.1986 0.1986 0.1986 0.1986 0.1986 0.1986 0.1986000000000011 0.1986000000446383 0.198599999644614 0.1985954570404199 0.1986107835779544 0.3567733814295705 0.3567797499806158 0.3567791499894178 0.3567791499969806 0.3567791499977896 0.3567791499969806 0.3567791499893454 0.356779749981335 0.3567734819515549 0.198610478028552 0.198595653604922 0.1985999996784321 0.1986000000396566 0.1986 0.1986 0.1986 0.1986 0.1986 0.1986 0.1986 0.1986 0.1986 0.1986 0.1986 0.1986 0.1986 0.1986 0.1986 0.1986 0.1986 0.1986 0.1986 0.1986 0.1986 0.1986 
0.1986 0.1986 0.1986 0.1986 0.1986 0.1986 0.1986 0.1986 0.1986 0.1986 0.1986 0.1986 0.1986 0.1986 0.1986 0.1986 0.1986 0.1986 0.1986 0.1986 0.1986 0.1986 0.1986000000000036 0.1986000000526208 0.1985999996421882 0.1985957606684592 0.1986082794296225 0.3567742644407453 0.3567797499861173 0.3567792999911117 0.3567792999951228 0.3567792999910973 0.3567797499862791 0.3567742876138298 0.1986082075689793 0.1985958348916699 0.1985999996604924 0.1986000000492322 0.198600000000003 0.1986 0.1986 0.1986 0.1986 0.1986 0.1986 0.1986 0.1986 0.1986 0.1986 0.1986 0.1986 0.1986 0.1986 0.1986 0.1986 0.1986 0.1986 0.1986 0.1986 0.1986 0.1986 
0.1986 0.1986 0.1986 0.1986 0.1986 0.1986 0.1986 0.1986 0.1986 0.1986 0.1986 0.1986 0.1986 0.1986 0.1986 0.1986 0.1986 0.1986 0.1986 0.1986 0.1986 0.1986 0.1986 0.1986000000000034 0.1986000000472819 0.1985999997238645 0.198596402939699 0.1986075576247119 0.3567751666348957 0.3567781587597245 0.3567780088609412 0.3567781589572273 0.3567751713581806 0.1986075418708658 0.1985964200697409 0.1985999997288487 0.1986000000458983 0.1986000000000031 0.1986 0.1986 0.1986 0.1986 0.1986 0.1986 0.1986 0.1986 0.1986 0.1986 0.1986 0.1986 0.1986 0.1986 0.1986 0.1986 0.1986 0.1986 0.1986 0.1986 0.1986 0.1986 0.1986 
0.1986 0.1986 0.1986 0.1986 0.1986 0.1986 0.1986 0.1986 0.1986 0.1986 0.1986 0.1986 0.1986 0.1986 0.1986 0.1986 0.1986 0.1986 0.1986 0.1986 0.1986 0.1986 0.1986 0.1986 0.1986000000000021 0.1986000000377325 0.1985999997957209 0.1985974334734019 0.198603177547907 0.1986018333389479 0.1986018331218105 0.198601833013759 0.1986031762034028 0.1985974366338834 0.19859999979673 0.1986000000373587 0.198600000000002 0.1986 0.1986 0.1986 0.1986 0.1986 0.1986 0.1986 0.1986 0.1986 0.1986 0.1986 0.1986 0.1986 0.1986 0.1986 0.1986 0.1986 0.1986 0.1986 0.1986 0.1986 0.1986 0.1986 0.1986 
0.1986 0.1986 0.1986 0.1986 0.1986 0.1986 0.1986 0.1986 0.1986 0.1986 0.1986 0.1986 0.1986 0.1986 0.1986 0.1986 0.1986 0.1986 0.1986 0.1986 0.1986 0.1986 0.1986 0.1986 0.1986 0.1986 0.1986000000253859 0.1985999998929709 0.198599157971669 0.1985991579510039 0.1985991580248629 0.1985991580786656 0.1985991582269196 0.198599999893129 0.1986000000253108 0.1986 0.1986 0.1986 0.1986 0.1986 0.1986 0.1986 0.1986 0.1986 0.1986 0.1986 0.1986 0.1986 0.1986 0.1986 0.1986 0.1986 0.1986 0.1986 0.1986 0.1986 0.1986 0.1986 0.1986 0.1986 0.1986 
0.1986 0.1986 0.1986 0.1986 0.1986 0.1986 0.1986 0.1986 0.1986 0.1986 0.1986 0.1986 0.1986 0.1986 0.1986 0.1986 0.1986 0.1986 0.1986 0.1986 0.1986 0.1986 0.1986 0.1986 0.1986 0.1986 0.1986 0.1986000000112186 0.1985999999782606 0.1985999999862526 0.1985999999862547 0.1985999999862553 0.1985999999782706 0.1986000000112075 0.1986 0.1986 0.1986 0.1986 0.1986 0.1986 0.1986 0.1986 0.1986 0.1986 0.1986 0.1986 0.1986 0.1986 0.1986 0.1986 0.1986 0.1986 0.1986 0.1986 0.1986 0.1986 0.1986 0.1986 0.1986 0.1986 0.1986 
0.1986 0.1986 0.1986 0.1986 0.1986 0.1986 0.1986 0.1986 0.1986 0.1986 0.1986 0.1986 0.1986 0.1986 0.1986 0.1986 0.1986 0.1986 0.1986 0.1986 0.1986 0.1986 0.1986 0.1986 0.1986 0.1986 0.1986 0.1986 0.1986000000022191 0.1986000000022193 0.1986000000022191 0.1986000000022189 0.1986000000022184 0.1986 0.1986 0.1986 0.1986 0.1986 0.1986 0.1986 0.1986 0.1986 0.1986 0.1986 0.1986 0.1986 0.1986 0.1986 0.1986 0.1986 0.1986 0.1986 0.1986 0.1986 0.1986 0.1986 0.1986 0.1986 0.1986 0.1986 0.1986 
0.1986 0.1986 0.1986 0.1986 0.1986 0.1986 0.1986 0.1986 0.1986 0.1986 0.1986 0.1986 0.1986 0.1986 0.1986 0.1986 0.1986 0.1986 0.1986 0.1986 0.1986 0.1986 0.1986 0.1986 0.1986 0.1986 0.1986 0.1986 0.1986 0.1986 0.1986 0.1986 0.1986 0.1986 0.1986 0.1986 0.1986 0.1986 0.1986 0.1986 0.1986 0.1986 0.1986 0.1986 0.1986 0.1986 0.1986 0.1986 0.1986 0.1986 0.1986 0.1986 0.1986 0.1986 0.1986 0.1986 0.1986 0.1986 0.1986 0.1986 0.1986 
0.1986 0.1986 0.1986 0.1986 0.1986 0.1986 0.1986 0.1986 0.1986 0.1986 0.1986 0.1986 0.1986 0.1986 0.1986 0.1986 0.1986 0.1986 0.1986 0.1986 0.1986 0.1986 0.1986 0.1986 0.1986 0.1986 0.1986 0.1986 0.1986 0.1986 0.1986 0.1986 0.1986 0.1986 0.1986 0.1986 0.1986 0.1986 0.1986 0.1986 0.1986 0.1986 0.1986 0.1986 0.1986 0.1986 0.1986 0.1986 0.1986 0.1986 0.1986 0.1986 0.1986 0.1986 0.1986 0.1986 0.1986 0.1986 0.1986 0.1986 0.1986 
0.1986 0.1986 0.1986 0.1986 0.1986 0.1986 0.1986 0.1986 0.1986 0.1986 0.1986 0.1986 0.1986 0.1986 0.1986 0.1986 0.1986 0.1986 0.1986 0.1986 0.1986 0.1986 0.1986 0.1986 0.1986 0.1986 0.1986 0.1986 0.1986 0.1986 0.1986 0.1986 0.1986 0.1986 0.1986 0.1986 0.1986 0.1986 0.1986 0.1986 0.1986 0.1986 0.1986 0.1986 0.1986 0.1986 0.1986 0.1986 0.1986 0.1986 0.1986 0.1986 0.1986 0.1986 0.1986 0.1986 0.1986 0.1986 0.1986 0.1986 0.1986 
0.1986 0.1986 0.1986 0.1986 0.1986 0.1986 0.1986 0.1986 0.1986 0.1986 0.1986 0.1986 0.1986 0.1986 0.1986 0.1986 0.1986 0.1986 0.1986 0.1986 0.1986 0.1986 0.1986 0.1986 0.1986 0.1986 0.1986 0.1986 0.1986 0.1986 0.1986 0.1986 0.1986 0.1986 0.1986 0.1986 0.1986 0.1986 0.1986 0.1986 0.1986 0.1986 0.1986 0.1986 0.1986 0.1986 0.1986 0.1986 0.1986 0.1986 0.1986 0.1986 0.1986 0.1986 0.1986 0.1986 0.1986 0.1986 0.1986 0.1986 0.1986 
0.1986 0.1986 0.1986 0.1986 0.1986 0.1986 0.1986 0.1986 0.1986 0.1986 0.1986 0.1986 0.1986 0.1986 0.1986 0.1986 0.1986 0.1986 0.1986 0.1986 0.1986 0.1986 0.1986 0.1986 0.1986 0.1986 0.1986 0.1986 0.1986 0.1986 0.1986 0.1986 0.1986 0.1986 0.1986 0.1986 0.1986 0.1986 0.1986 0.1986 0.1986 0.1986 0.1986 0.1986 0.1986 0.1986 0.1986 0.1986 0.1986 0.1986 0.1986 0.1986 0.1986 0.1986 0.1986 0.1986 0.1986 0.1986 0.1986 0.1986 0.1986 
0.1986 0.1986 0.1986 0.1986 0.1986 0.1986 0.1986 0.1986 0.1986 0.1986 0.1986 0.1986 0.1986 0.1986 0.1986 0.1986 0.1986 0.1986 0.1986 0.1986 0.1986 0.1986 0.1986 0.1986 0.1986 0.1986 0.1986 0.1986 0.1986 0.1986 0.1986 0.1986 0.1986 0.1986 0.1986 0.1986 0.1986 0.1986 0.1986 0.1986 0.1986 0.1986 0.1986 0.1986 0.1986 0.1986 0.1986 0.1986 0.1986 0.1986 0.1986 0.1986 0.1986 0.1986 0.1986 0.1986 0.1986 0.1986 0.1986 0.1986 0.1986 
0.1986 0.1986 0.1986 0.1986 0.1986 0.1986 0.1986 0.1986 0.1986 0.1986 0.1986 0.1986 0.1986 0.1986 0.1986 0.1986 0.1986 0.1986 0.1986 0.1986 0.1986 0.1986 0.1986 0.1986 0.1986 0.1986 0.1986 0.1986 0.1986 0.1986 0.1986 0.1986 0.1986 0.1986 0.1986 0.1986 0.1986 0.1986 0.1986 0.1986 0.1986 0.1986 0.1986 0.1986 0.1986 0.1986 0.1986 0.1986 0.1986 0.1986 0.1986 0.1986 0.1986 0.1986 0.1986 0.1986 0.1986 0.1986 0.1986 0.1986 0.1986 
0.1986 0.1986 0.1986 0.1986 0.1986 0.1986 0.1986 0.1986 0.1986 0.1986 0.1986 0.1986 0.1986 0.1986 0.1986 0.1986 0.1986 0.1986 0.1986 0.1986 0.1986 0.1986 0.1986 0.1986 0.1986 0.1986 0.1986 0.1986 0.1986 0.1986 0.1986 0.1986 0.1986 0.1986 0.1986 0.1986 0.1986 0.1986 0.1986 0.1986 0.1986 0.1986 0.1986 0.1986 0.1986 0.1986 0.1986 0.1986 0.1986 0.1986 0.1986 0.1986 0.1986 0.1986 0.1986 0.1986 0.1986 0.1986 0.1986 0.1986 0.1986 
0.1986 0.1986 0.1986 0.1986 0.1986 0.1986 0.1986 0.1986 0.1986 0.1986 0.1986 0.1986 0.1986 0.1986 0.1986 0.1986 0.1986 0.1986 0.1986 0.1986 0.1986 0.1986 0.1986 0.1986 0.1986 0.1986 0.1986 0.1986 0.1986 0.1986 0.1986 0.1986 0.1986 0.1986 0.1986 0.1986 0.1986 0.1986 0.1986 0.1986 0.1986 0.1986 0.1986 0.1986 0.1986 0.1986 0.1986 0.1986 0.1986 0.1986 0.1986 0.1986 0.1986 0.1986 0.1986 0.1986 0.1986 0.1986 0.1986 0.1986 0.1986 
0.1986 0.1986 0.1986 0.1986 0.1986 0.1986 0.1986 0.1986 0.1986 0.1986 0.1986 0.1986 0.1986 0.1986 0.1986 0.1986 0.1986 0.1986 0.1986 0.1986 0.1986 0.1986 0.1986 0.1986 0.1986 0.1986 0.1986 0.1986 0.1986 0.1986 0.1986 0.1986 0.1986 0.1986 0.1986 0.1986 0.1986 0.1986 0.1986 0.1986 0.1986 0.1986 0.1986 0.1986 0.1986 0.1986 0.1986 0.1986 0.1986 0.1986 0.1986 0.1986 0.1986 0.1986 0.1986 0.1986 0.1986 0.1986 0.1986 0.1986 0.1986 
0.1986 0.1986 0.1986 0.1986 0.1986 0.1986 0.1986 0.1986 0.1986 0.1986 0.1986 0.1986 0.1986 0.1986 0.1986 0.1986 0.1986 0.1986 0.1986 0.1986 0.1986 0.1986 0.1986 0.1986 0.1986 0.1986 0.1986 0.1986 0.1986 0.1986 0.1986 0.1986 0.1986 0.1986 0.1986 0.1986 0.1986 0.1986 0.1986 0.1986 0.1986 0.1986 0.1986 0.1986 0.1986 0.1986 0.1986 0.1986 0.1986 0.1986 0.1986 0.1986 0.1986 0.1986 0.1986 0.1986 0.1986 0.1986 0.1986 0.1986 0.1986 
0.1986 0.1986 0.1986 0.1986 0.1986 0.1986 0.1986 0.1986 0.1986 0.1986 0.1986 0.1986 0.1986 0.1986 0.1986 0.1986 0.1986 0.1986 0.1986 0.1986 0.1986 0.1986 0.1986 0.1986 0.1986 0.1986 0.1986 0.1986 0.1986 0.1986 0.1986 0.1986 0.1986 0.1986 0.1986 0.1986 0.1986 0.1986 0.1986 0.1986 0.1986 0.1986 0.1986 0.1986 0.1986 0.1986 0.1986 0.1986 0.1986 0.1986 0.1986 0.1986 0.1986 0.1986 0.1986 0.1986 0.1986 0.1986 0.1986 0.1986 0.1986 
0.1986 0.1986 0.1986 0.1986 0.1986 0.1986 0.1986 0.1986 0.1986 0.1986 0.1986 0.1986 0.1986 0.1986 0.1986 0.1986 0.1986 0.1986 0.1986 0.1986 0.1986 0.1986 0.1986 0.1986 0.1986 0.1986 0.1986 0.1986 0.1986 0.1986 0.1986 0.1986 0.1986 0.1986 0.1986 0.1986 0.1986 0.1986 0.1986 0.1986 0.1986 0.1986 0.1986 0.1986 0.1986 0.1986 0.1986 0.1986 0.1986 0.1986 0.1986 0.1986 0.1986 0.1986 0.1986 0.1986 0.1986 0.1986 0.1986 0.1986 0.1986 
0.1986 0.1986 0.1986 0.1986 0.1986 0.1986 0.1986 0.1986 0.1986 0.1986 0.1986 0.1986 0.1986 0.1986 0.1986 0.1986 0.1986 0.1986 0.1986 0.1986 0.1986 0.1986 0.1986 0.1986 0.1986 0.1986 0.1986 0.1986 0.1986 0.1986 0.1986 0.1986 0.1986 0.1986 0.1986 0.1986 0.1986 0.1986 0.1986 0.1986 0.1986 0.1986 0.1986 0.1986 0.1986 0.1986 0.1986 0.1986 0.1986 0.1986 0.1986 0.1986 0.1986 0.1986 0.1986 0.1986 0.1986 0.1986 0.1986 0.1986 0.1986 
0.1986 0.1986 0.1986 0.1986 0.1986 0.1986 0.1986 0.1986 0.1986 0.1986 0.1986 0.1986 0.1986 0.1986 0.1986 0.1986 0.1986 0.1986 0.1986 0.1986 0.1986 0.1986 0.1986 0.1986 0.1986 0.1986 0.1986 0.1986 0.1986 0.1986 0.1986 0.1986 0.1986 0.1986 0.1986 0.1986 0.1986 0.1986 0.1986 0.1986 0.1986 0.1986 0.1986 0.1986 0.1986 0.1986 0.1986 0.1986 0.1986 0.1986 0.1986 0.1986 0.1986 0.1986 0.1986 0.1986 0.1986 0.1986 0.1986 0.1986 0.1986 
0.1986 0.1986 0.1986 0.1986 0.1986 0.1986 0.1986 0.1986 0.1986 0.1986 0.1986 0.1986 0.1986 0.1986 0.1986 0.1986 0.1986 0.1986 0.1986 0.1986 0.1986 0.1986 0.1986 0.1986 0.1986 0.1986 0.1986 0.1986 0.1986 0.1986 0.1986 0.1986 0.1986 0.1986 0.1986 0.1986 0.1986 0.1986 0.1986 0.1986 0.1986 0.1986 0.1986 0.1986 0.1986 0.1986 0.1986 0.1986 0.1986 0.1986 0.1986 0.1986 0.1986 0.1986 0.1986 0.1986 0.1986 0.1986 0.1986 0.1986 0.1986 
0.1986 0.1986 0.1986 0.1986 0.1986 0.1986 0.1986 0.1986 0.1986 0.1986 0.1986 0.1986 0.1986 0.1986 0.1986 0.1986 0.1986 0.1986 0.1986 0.1986 0.1986 0.1986 0.1986 0.1986 0.1986 0.1986 0.1986 0.1986 0.1986 0.1986 0.1986 0.1986 0.1986 0.1986 0.1986 0.1986 0.1986 0.1986 0.1986 0.1986 0.1986 0.1986 0.1986 0.1986 0.1986 0.1986 0.1986 0.1986 0.1986 0.1986 0.1986 0.1986 0.1986 0.1986 0.1986 0.1986 0.1986 0.1986 0.1986 0.1986 0.1986 
0.1986 0.1986 0.1986 0.1986 0.1986 0.1986 0.1986 0.1986 0.1986 0.1986 0.1986 0.1986 0.1986 0.1986 0.1986 0.1986 0.1986 0.1986 0.1986 0.1986 0.1986 0.1986 0.1986 0.1986 0.1986 0.1986 0.1986 0.1986 0.1986 0.1986 0.1986 0.1986 0.1986 0.1986 0.1986 0.1986 0.1986 0.1986 0.1986 0.1986 0.1986 0.1986 0.1986 0.1986 0.1986 0.1986 0.1986 0.1986 0.1986 0.1986 0.1986 0.1986 0.1986 0.1986 0.1986 0.1986 0.1986 0.1986 0.1986 0.1986 0.1986 
0.1986 0.1986 0.1986 0.1986 0.1986 0.1986 0.1986 0.1986 0.1986 0.1986 0.1986 0.1986 0.1986 0.1986 0.1986 0.1986 0.1986 0.1986 0.1986 0.1986 0.1986 0.1986 0.1986 0.1986 0.1986 0.1986 0.1986 0.1986 0.1986 0.1986 0.1986 0.1986 0.1986 0.1986 0.1986 0.1986 0.1986 0.1986 0.1986 0.1986 0.1986 0.1986 0.1986 0.1986 0.1986 0.1986 0.1986 0.1986 0.1986 0.1986 0.1986 0.1986 0.1986 0.1986 0.1986 0.1986 0.1986 0.1986 0.1986 0.1986 0.1986 
0.1986 0.1986 0.1986 0.1986 0.1986 0.1986 0.1986 0.1986 0.1986 0.1986 0.1986 0.1986 0.1986 0.1986 0.1986 0.1986 0.1986 0.1986 0.1986 0.1986 0.1986 0.1986 0.1986 0.1986 0.1986 0.1986 0.1986 0.1986 0.1986 0.1986 0.1986 0.1986 0.1986 0.1986 0.1986 0.1986 0.1986 0.1986 0.1986 0.1986 0.1986 0.1986 0.1986 0.1986 0.1986 0.1986 0.1986 0.1986 0.1986 0.1986 0.1986 0.1986 0.1986 0.1986 0.1986 0.1986 0.1986 0.1986 0.1986 0.1986 0.1986 
0.1986 0.1986 0.1986 0.1986 0.1986 0.1986 0.1986 0.1986 0.1986 0.1986 0.1986 0.1986 0.1986 0.1986 0.1986 0.1986 0.1986 0.1986 0.1986 0.1986 0.1986 0.1986 0.1986 0.1986 0.1986 0.1986 0.1986 0.1986 0.1986 0.1986 0.1986 0.1986 0.1986 0.1986 0.1986 0.1986 0.1986 0.1986 0.1986 0.1986 0.1986 0.1986 0.1986 0.1986 0.1986 0.1986 0.1986 0.1986 0.1986 0.1986 0.1986 0.1986 0.1986 0.1986 0.1986 0.1986 0.1986 0.1986 0.1986 0.1986 0.1986 
SCALARS conc_Ni double 1
LOOKUP_TABLE default
0.8014 0.8014 0.8014 0.8014 0.8014 0.8014 0.8014 0.8014 0.8014 0.8014 0.8014 0.8014 0.8014 0.8014 0.8014 0.8014 0.8014 0.8014 0.8014 0.8014 0.8014 0.8014 0.8014 0.8014 0.8014 0.8014 0.8014 0.8014 0.8014 0.8014 0.8014 0.8014 0.8014 0.8014 0.8014 0.8014 0.8014 0.8014 0.8014 0.8014 0.8014 0.8014 0.8014 0.8014 0.8014 0.8014 0.8014 0.8014 0.8014 0.8014 0.8014 0.8014 0.8014 0.8014 0.8014 0.8014 0.8014 0.8014 0.8014 0.8014 0.8014 
0.8014 0.8014 0.8014 0.8014 0.8014 0.8014 0.8014 0.8014 0.8014 0.8014 0.8014 0.8014 0.8014 0.8014 0.8014 0.8014 0.8014 0.8014 0.8014 0.8014 0.8014 0.8014 0.8014 0.8014 0.8014 0.8014 0.8014 0.8014 0.8014 0.8014 0.8014 0.8014 0.8014 0.8014 0.8014 0.8014 0.8014 0.8014 0.8014 0.8014 0.8014 0.8014 0.8014 0.8014 0.8014 0.8014 0.8014 0.8014 0.8014 0.8014 0.8014 0.8014 0.8014 0.8014 0.8014 0.8014 0.8014 0.8014 0.8014 0.8014 0.8014 
0.8014 0.8014 0.8014 0.8014 0.8014 0.8014 0.8014 0.8014 0.8014 0.8014 0.8014 0.8014 0.8014 0.8014 0.8014 0.8014 0.8014 0.8014 0.8014 0.8014 0.8014 0.8014 0.8014 0.8014 0.8014 0.8014 0.8014 0.8014 0.8014 0.8014 0.8014 0.8014 0.8014 0.8014 0.8014 0.8014 0.8014 0.8014 0.8014 0.8014 0.8014 0.8014 0.8014 0.8014 0.8014 0.8014 0.8014 0.8014 0.8014 0.8014 0.8014 0.8014 0.8014 0.8014 0.8014 0.8014 0.8014 0.8014 0.8014 0.8014 0.8014 
0.8014 0.8014 0.8014 0.8014 0.8014 0.8014 0.8014 0.8014 0.8014 0.8014 0.8014 0.8014 0.8014 0.8014 0.8014 0.8014 0.8014 0.8014 0.8014 0.8014 0.8014 0.8014 0.8014 0.8014 0.8014 0.8014 0.8014 0.8014 0.8014 0.8014 0.8014 0.8014 0.8014 0.8014 0.8014 0.8014 0.8014 0.8014 0.8014 0.8014 0.8014 0.8014 0.8014 0.8014 0.8014 0.8014 0.8014 0.8014 0.8014 0.8014 0.8014 0.8014 0.8014 0.8014 0.8014 0.8014 0.8014 0.8014 0.8014 0.8014 0.8014 
0.8014 0.8014 0.8014 0.8014 0.8014 0.8014 0.8014 0.8014 0.8014 0.8014 0.8014 0.8014 0.8014 0.8014 0.8014 0.8014 0.8014 0.8014 0.8014 0.8014 0.8014 0.8014 0.8014 0.8014 0.8014 0.8014 0.8014 0.8014 0.8014 0.8014 0.8014 0.8014 0.8014 0.8014 0.8014 0.8014 0.8014 0.8014 0.8014 0.8014 0.8014 0.8014 0.8014 0.8014 0.8014 0.8014 0.8014 0.8014 0.8014 0.8014 0.8014 0.8014 0.8014 0.8014 0.8014 0.8014 0.8014 0.8014 0.8014 0.8014 0.8014 
0.8014 0.8014 0.8014 0.8014 0.8014 0.8014 0.8014 0.8014 0.8014 0.8014 0.8014 0.8014 0.8014 0.8014 0.8014 0.8014 0.8014 0.8014 0.8014 0.8014 0.8014 0.8014 0.8014 0.8014 0.8014 0.8014 0.8014 0.8014 0.8014 0.8014 0.8014 0.8014 0.8014 0.8014 0.8014 0.8014 0.8014 0.8014 0.8014 0.8014 0.8014 0.8014 0.8014 0.8014 0.8014 0.8014 0.8014 0.8014 0.8014 0.8014 0.8014 0.8014 0.8014 0.8014 0.8014 0.8014 0.8014 0.8014 0.8014 0.8014 0.8014 
0.8014 0.8014 0.8014 0.8014 0.8014 0.8014 0.8014 0.8014 0.8014 0.8014 0.8014 0.8014 0.8014 0.8014 0.8014 0.8014 0.8014 0.8014 0.8014 0.8014 0.8014 0.8014 0.8014 0.8014 0.8014 0.8014 0.8014 0.8014 0.8014 0.8014 0.8014 0.8014 0.8014 0.8014 0.8014 0.8014 0.8014 0.8014 0.8014 0.8014 0.8014 0.8014 0.8014 0.8014 0.8014 0.8014 0.8014 0.8014 0.8014 0.8014 0.8014 0.8014 0.8014 0.8014 0.8014 0.8014 0.8014 0.8014 0.8014 0.8014 0.8014 
0.8014 0.8014 0.8014 0.8014 0.8014 0.8014 0.8014 0.8014 0.8014 0.8014 0.8014 0.8014 0.8014 0.8014 0.8014 0.8014 0.8014 0.8014 0.8014 0.8014 0.8014 0.8014 0.8014 0.8014 0.8014 0.8014 0.8014 0.8014 0.8014 0.8014 0.8014 0.8014 0.8014 0.8014 0.8014 0.8014 0.8014 0.8014 0.8014 0.8014 0.8014 0.8014 0.8014 0.8014 0.8014 0.8014 0.8014 0.8014 0.8014 0.8014 0.8014 0.8014 0.8014 0.8014 0.8014 0.8014 0.8014 0.8014 0.8014 0.8014 0.8014 
0.8014 0.8014 0.8014 0.8014 0.8014 0.8014 0.8014 0.8014 0.8014 0.8014 0.8014 0.8014 0.8014 0.8014 0.8014 0.8014 0.8014 0.8014 0.8014 0.8014 0.8014 0.8014 0.8014 0.8014 0.8014 0.8014 0.8014 0.8014 0.8014 0.8014 0.8014 0.8014 0.8014 0.8014 0.8014 0.8014 0.8014 0.8014 0.8014 0.8014 0.8014 0.8014 0.8014 0.8014 0.8014 0.8014 0.8014 0.8014 0.8014 0.8014 0.8014 0.8014 0.8014 0.8014 0.8014 0.8014 0.8014 0.8014 0.8014 0.8014 0.8014 
0.8014 0.8014 0.8014 0.8014 0.8014 0.8014 0.8014 0.8014 0.8014 0.8014 0.8014 0.8014 0.8014 0.8014 0.8014 0.8014 0.8014 0.8014 0.8014 0.8014 0.8014 0.8014 0.8014 0.8014 0.8014 0.8014 0.8014 0.8014 0.8014 0.8014 0.8014 0.8014 0.8014 0.8014 0.8014 0.8014 0.8014 0.8014 0.8014 0.8014 0.8014 0.8014 0.8014 0.8014 0.8014 0.8014 0.8014 0.8014 0.8014 0.8014 0.8014 0.8014 0.8014 0.8014 0.8014 0.8014 0.8014 0.8014 0.8014 0.8014 0.8014 
0.8014 0.8014 0.8014 0.8014 0.8014 0.8014 0.8014 0.8014 0.8014 0.8014 0.8014 0.8014 0.8014 0.8014 0.8014 0.8014 0.8014 0.8014 0.8014 0.8014 0.8014 0.8014 0.8014 0.8014 0.8014 0.8014 0.8014 0.8014 0.8014 0.8014 0.8014 0.8014 0.8014 0.8014 0.8014 0.8014 0.8014 0.8014 0.8014 0.8014 0.8014 0.8014 0.8014 0.8014 0.8014 0.8014 0.8014 0.8014 0.8014 0.8014 0.8014 0.8014 0.8014 0.8014 0.8014 0.8014 0.8014 0.8014 0.8014 0.8014 0.8014 
0.8014 0.8014 0.8014 0.8014 0.8014 0.8014 0.8014 0.8014 0.8014 0.8014 0.8014 0.8014 0.8014 0.8014 0.8014 0.8014 0.8014 0.8014 0.8014 0.8014 0.8014 0.8014 0.8014 0.8014 0.8014 0.8014 0.8014 0.8014 0.8014 0.8014 0.8014 0.8014 0.8014 0.8014 0.8014 0.8014 0.8014 0.8014 0.8014 0.8014 0.8014 0.8014 0.8014 0.8014 0.8014 0.8014 0.8014 0.8014 0.8014 0.8014 0.8014 0.8014 0.8014 0.8014 0.8014 0.8014 0.8014 0.8014 0.8014 0.8014 0.8014 
0.8014 0.8014 0.8014 0.8014 0.8014 0.8014 0.8014 0.8014 0.8014 0.8014 0.8014 0.8014 0.8014 0.8014 0.8014 0.8014 0.8014 0.8014 0.8014 0.8014 0.8014 0.8014 0.8014 0.8014 0.8014 0.8014 0.8014 0.8014 0.8014 0.8014 0.8014 0.8014 0.8014 0.8014 0.8014 0.8014 0.8014 0.8014 0.8014 0.8014 0.8014 0.8014 0.8014 0.8014 0.8014 0.8014 0.8014 0.8014 0.8014 0.8014 0.8014 0.8014 0.8014 0.8014 0.8014 0.8014 0.8014 0.8014 0.8014 0.8014 0.8014 
0.8014 0.8014 0.8014 0.8014 0.8014 0.8014 0.8014 0.8014 0.8014 0.8014 0.8014 0.8014 0.8014 0.8014 0.8014 0.8014 0.8014 0.8014 0.8014 0.8014 0.8014 0.8014 0.8014 0.8014 0.8014 0.8014 0.8014 0.8014 0.8014 0.8014 0.8014 0.8014 0.8014 0.8014 0.8014 0.8014 0.8014 0.8014 0.8014 0.8014 0.8014 0.8014 0.8014 0.8014 0.8014 0.8014 0.8014 0.8014 0.8014 0.8014 0.8014 0.8014 0.8014 0.8014 0.8014 0.8014 0.8014 0.8014 0.8014 0.8014 0.8014 
0.8014 0.8014 0.8014 0.8014 0.8014 0.8014 0.8014 0.8014 0.8014 0.8014 0.8014 0.8014 0.8014 0.8014 0.8014 0.8014 0.8014 0.8014 0.8014 0.8014 0.8014 0.8014 0.8014 0.8014 0.8014 0.8014 0.8014 0.8014 0.8014 0.8014 0.8014 0.8014 0.8014 0.8014 0.8014 0.8014 0.8014 0.8014 0.8014 0.8014 0.8014 0.8014 0.8014 0.8014 0.8014 0.8014 0.8014 0.8014 0.8014 0.8014 0.8014 0.8014 0.8014 0.8014 0.8014 0.8014 0.8014 0.8014 0.8014 0.8014 0.8014 
0.8014 0.8014 0.8014 0.8014 0.8014 0.8014 0.8014 0.8014 0.8014 0.8014 0.8014 0.8014 0.8014 0.8014 0.8014 0.8014 0.8014 0.8014 0.8014 0.8014 0.8014 0.8014 0.8014 0.8014 0.8014 0.8014 0.8014 0.8014 0.8014 0.8014 0.8014 0.8014 0.8014 0.8014 0.8014 0.8014 0.8014 0.8014 0.8014 0.8014 0.8014 0.8014 0.8014 0.8014 0.8014 0.8014 0.8014 0.8014 0.8014 0.8014 0.8014 0.8014 0.8014 0.8014 0.8014 0.8014 0.8014 0.8014 0.8014 0.8014 0.8014 
0.8014 0.8014 0.8014 0.8014 0.8014 0.8014 0.8014 0.8014 0.8014 0.8014 0.8014 0.8014 0.8014 0.8014 0.8014 0.8014 0.8014 0.8014 0.8014 0.8014 0.8014 0.8014 0.8014 0.8014 0.8014 0.8014 0.8014 0.8014 0.8014 0.8014 0.8014 0.8014 0.8014 0.8014 0.8014 0.8014 0.8014 0.8014 0.8014 0.8014 0.8014 0.8014 0.8014 0.8014 0.8014 0.8014 0.8014 0.8014 0.8014 0.8014 0.8014 0.8014 0.8014 0.8014 0.8014 0.8014 0.8014 0.8014 0.8014 0.8014 0.8014 
0.8014 0.8014 0.8014 0.8014 0.8014 0.8014 0.8014 0.8014 0.8014 0.8014 0.8014 0.8014 0.8014 0.8014 0.8014 0.8014 0.8014 0.8014 0.8014 0.8014 0.8014 0.8014 0.8014 0.8014 0.8014 0.8014 0.8014 0.8014 0.8014 0.8014 0.8014 0.8014 0.8014 0.8014 0.8014 0.8014 0.8014 0.8014 0.8014 0.8014 0.8014 0.8014 0.8014 0.8014 0.8014 0.8014 0.8014 0.8014 0.8014 0.8014 0.8014 0.8014 0.8014 0.8014 0.8014 0.8014 0.8014 0.8014 0.8014 0.8014 0.8014 
0.8014 0.8014 0.8014 0.8014 0.8014 0.8014 0.8014 0.8014 0.8014 0.8014 0.8014 0.8014 0.8014 0.8014 0.8014 0.8014 0.8014 0.8014 0.8014 0.8014 0.8014 0.8014 0.8014 0.8014 0.8014 0.8014 0.8014 0.8014 0.8014 0.8014 0.8014 0.8014 0.8014 0.8014 0.8014 0.8014 0.8014 0.8014 0.8014 0.8014 0.8014 0.8014 0.8014 0.8014 0.8014 0.8014 0.8014 0.8014 0.8014 0.8014 0.8014 0.8014 0.8014 0.8014 0.8014 0.8014 0.8014 0.8014 0.8014 0.8014 0.8014 
0.8014 0.8014 0.8014 0.8014 0.8014 0.8014 0.8014 0.8014 0.8014 0.8014 0.8014 0.8014 0.8014 0.8014 0.8014 0.8014 0.8014 0.8014 0.8014 0.8014 0.8014 0.8014 0.8014 0.8014 0.8014 0.8014 0.8013999999999962 0.8014000000000203 0.8014000000005508 0.8014000000005771 0.8014000000005861 0.8014000000005989 0.8014000000005926 0.8014000000000231 0.8013999999999958 0.8014 0.8014 0.8014 0.8014 0.8014 0.8014 0.8014 0.8014 0.8014 0.8014 0.8014 0.8014 0.8014 0.8014 0.8014 0.8014 0.8014 0.8014 0.8014 0.8014 0.8014 0.8014 0.8014 0.8014 0.8014 0.8014 
0.8014 0.8014 0.8014 0.8014 0.8014 0.8014 0.8014 0.8014 0.8014 0.8014 0.8014 0.8014 0.8014 0.8014 0.8014 0.8014 0.8014 0.8014 0.8014 0.8014 0.8014 0.8014 0.8014 0.8014 0.8013999999999978 0.8013999999998992 0.8014000000007651 0.8014000000246239 0.8013999999557644 0.8013999999706068 0.8013999999704168 0.8013999999695335 0.8013999999523862 0.8014000000270121 0.8014000000008826 0.8013999999998813 0.8013999999999972 0.8014 0.8014 0.8014 0.8014 0.8014 0.8014 0.8014 0.8014 0.8014 0.8014 0.8014 0.8014 0.8014 0.8014 0.8014 0.8014 0.8014 0.8014 0.8014 0.8014 0.8014 0.8014 0.8014 0.8014 
0.8014 0.8014 0.8014 0.8014 0.8014 0.8014 0.8014 0.8014 0.8014 0.8014 0.8014 0.8014 0.8014 0.8014 0.8014 0.8014 0.8014 0.8014 0.8014 0.8014 0.8014 0.8014 0.8014000000000008 0.8013999999999666 0.8013999999988313 0.8014000000125272 0.8014000004000151 0.8013999981806393 0.801399959293227 0.8013999574834544 0.8013999571460613 0.8013999565205498 0.8013999574685861 0.8013999980227777 0.801400000440916 0.8014000000143976 0.8013999999986398 0.8013999999999593 0.8014000000000016 0.8014 0.8014 0.8014 0.8014 0.8014 0.8014 0.8014 0.8014 0.8014 0.8014 0.8014 0.8014 0.8014 0.8014 0.8014 0.8014 0.8014 0.8014 0.8014 0.8014 0.8014 0.8014 
0.8014 0.8014 0.8014 0.8014 0.8014 0.8014 0.8014 0.8014 0.8014 0.8014 0.8014 0.8014 0.8014 0.8014 0.8014 0.8014 0.8014 0.8014 0.8014 0.8014 0.8014 0.8014000000000083 0.8013999999997984 0.8013999999933274 0.8014000000948163 0.801400002920336 0.8013999788244297 0.8013994211310652 0.8014009429953096 0.8014006122444463 0.8014006102588425 0.8014006247100869 0.8014009827398669 0.8013993928843232 0.8013999770612636 0.8014000031836139 0.8014000001066516 0.8013999999924543 0.801399999999764 0.8014000000000098 0.8014 0.8014 0.8014 0.8014 0.8014 0.8014 0.8014 0.8014 0.8014 0.8014 0.8014 0.8014 0.8014 0.8014 0.8014 0.8014 0.8014 0.8014 0.8014 0.8014 0.8014 
0.8014 0.8014 0.8014 0.8014 0.8014 0.8014 0.8014 0.8014 0.8014 0.8014 0.8014 0.8014 0.8014 0.8014 0.8014 0.8014 0.8014 0.8014 0.8014 0.8014 0.8014000000000201 0.8013999999994262 0.8013999999814784 0.8014000003335373 0.8014000101442565 0.8013998982448436 0.8013971465348341 0.801411428033269 0.8016515224152811 0.8016601318443417 0.80166045367293 0.8016622882463779 0.8016555470890788 0.8014118722842725 0.8013970300272845 0.8013998918971676 0.8014000107703143 0.8014000003611348 0.8013999999799553 0.8013999999993646 0.8014000000000223 0.8014 0.8014 0.8014 0.8014 0.8014 0.8014 0.8014 0.8014 0.8014 0.8014 0.8014 0.8014 0.8014 0.8014 0.8014 0.8014 0.8014 0.8014 0.8014 0.8014 
0.8014 0.8014 0.8014 0.8014 0.8014 0.8014 0.8014 0.8014 0.8014 0.8014 0.8014 0.8014 0.8014 0.8014 0.8014 0.8014 0.8014 0.8014 0.8014 0.8014000000000223 0.8013999999992534 0.801399999975547 0.8014000005351755 0.8014000169212725 0.8013997821936176 0.801393609781621 0.8014380426930688 0.8024708174648253 0.8001808247795454 0.8007103781177086 0.8007164507722137 0.8007056331139695 0.8001639181347937 0.8024840718586319 0.801438955133519 0.8013934848459455 0.8013997768062135 0.8014000172497312 0.8014000005484034 0.8013999999750547 0.8013999999992318 0.801400000000023 0.8014 0.8014 0.8014 0.8014 0.8014 0.8014 0.8014 0.8014 0.8014 0.8014 0.8014 0.8014 0.8014 0.8014 0.8014 0.8014 0.8014 0.8014 0.8014 
0.8014 0.8014 0.8014 0.8014 0.8014 0.8014 0.8014 0.8014 0.8014 0.8014 0.8014 0.8014 0.8014 0.8014 0.8014 0.8014 0.8014 0.8014 0.8014000000000102 0.8013999999995993 0.8013999999856551 0.8014000003646387 0.8014000130976974 0.8013997961217302 0.8013930130969723 0.8014529776407489 0.8030749381209524 0.7970425071251799 0.08231187659618505 0.08063733357492381 0.08070736729285072 0.08063974242781868 0.08232522230085143 0.7970149803964006 0.8030759606629057 0.8014525911662189 0.8013931204388853 0.801399802147813 0.801400012612291 0.8014000003457042 0.8013999999864972 0.8013999999996287 0.8014000000000094 0.8014 0.8014 0.8014 0.8014 0.8014 0.8014 0.8014 0.8014 0.8014 0.8014 0.8014 0.8014 0.8014 0.8014 0.8014 0.8014 0.8014 0.8014 
0.8014 0.8014 0.8014 0.8014 0.8014 0.8014 0.8014 0.8014 0.8014 0.8014 0.8014 0.8014 0.8014 0.8014 0.8014 0.8014 0.8014 0.8014000000000007 0.8013999999999294 0.8013999999967849 0.8014000000900217 0.8014000042619321 0.8013999238657451 0.8013963749349272 0.8014331885148607 0.8028565839780778 0.797233345288053 0.08290811000622222 0.07993925733307106 0.0801484267973554 0.08014873898387864 0.08014842669237143 0.07993925685530456 0.08289619257173103 0.7972916140544577 0.8028254184051721 0.8014314324066316 0.8013965990025925 0.8013999314316356 0.8014000038022263 0.8014000000766178 0.8013999999972881 0.8013999999999436 0.8014 0.8014 0.8014 0.8014 0.8014 0.8014 0.8014 0.8014 0.8014 0.8014 0.8014 0.8014 0.8014 0.8014 0.8014 0.8014 0.8014 0.8014 
0.8014 0.8014 0.8014 0.8014 0.8014 0.8014 0.8014 0.8014 0.8014 0.8014 0.8014 0.8014 0.8014 0.8014 0.8014 0.8014 0.8014 0.8013999999999976 0.8013999999997827 0.8014000000063701 0.8014000004944319 0.8013999902769621 0.8013992060081813 0.8014086546959109 0.8021239955747148 0.79854006492421 0.08243379654141025 0.07993943798446312 0.08021833173680581 0.08021883565751176 0.080218788430934 0.0802188356537526 0.08021833221676306 0.07993943395927827 0.08238709551132112 0.7986468003640093 0.8020891187182309 0.8014077598623182 0.8013992962409591 0.8013999919928314 0.8014000004019026 0.8014000000047423 0.8013999999998405 0.8013999999999989 0.8014 0.8014 0.8014 0.8014 0.8014 0.8014 0.8014 0.8014 0.8014 0.8014 0.8014 0.8014 0.8014 0.8014 0.8014 0.8014 0.8014 
0.8014 0.8014 0.8014 0.8014 0.8014 0.8014 0.8014 0.8014 0.8014 0.8014 0.8014 0.8014 0.8014 0.8014 0.8014 0.8014 0.8014 0.8013999999999977 0.8014000000000889 0.8014000000148527 0.801399999699403 0.8013999462207766 0.8014006362178226 0.8015300681054195 0.8007535170060355 0.08151523084582551 0.0799391934983259 0.0802183401000271 0.08021888896259632 0.0802188244466035 0.08021882432310568 0.08021882444655676 0.08021888896315349 0.08021834113203452 0.07993918911101167 0.08147172477784637 0.8007898065650647 0.8015202511033732 0.8014005387955081 0.8013999551212971 0.8013999997747351 0.8014000000109223 0.8014000000000574 0.8013999999999997 0.8014 0.8014 0.8014 0.8014 0.8014 0.8014 0.8014 0.8014 0.8014 0.8014 0.8014 0.8014 0.8014 0.8014 0.8014 0.8014 0.8014 
0.8014 0.8014 0.8014 0.8014 0.8014 0.8014 0.8014 0.8014 0.8014 0.8014 0.8014 0.8014 0.8014 0.8014 0.8014 0.8014 0.8014 0.8014 0.8013999999999974 0.8014000000011068 0.8014000000053767 0.80139999094876 0.8014000267540193 0.8014526390577867 0.8012236091916828 0.0803410828307019 0.08014844810312099 0.08021883612450437 0.0802188244457217 0.08021881999560315 0.0802188200018395 0.08021881999560315 0.080218824445632 0.08021883613169745 0.0801484490275115 0.08033662003391678 0.8012329927355101 0.8014478861006853 0.8014000208446264 0.8013999927331877 0.8014000000043572 0.8014000000007595 0.8013999999999993 0.8014 0.8014 0.8014 0.8014 0.8014 0.8014 0.8014 0.8014 0.8014 0.8014 0.8014 0.8014 0.8014 0.8014 0.8014 0.8014 0.8014 0.8014 
0.8014 0.8014 0.8014 0.8014 0.8014 0.8014 0.8014 0.8014 0.8014 0.8014 0.8014 0.8014 0.8014 0.8014 0.8014 0.8014 0.8014 0.8014 0.8014 0.8014000000000421 0.8014000000006302 0.8013999989153949 0.8014000017417287 0.8014183859942985 0.8012939399125777 0.08037611121411087 0.08014874926446552 0.08021878893875001 0.08021882432266536 0.08021882000182939 0.08021881999928898 0.08021882000182939 0.08021882432266314 0.08021878894107304 0.08014874932230376 0.08037446082226007 0.8012973625772531 0.8014166315507424 0.801400001360175 0.8013999991397768 0.8014000000004408 0.8014000000000282 0.8014 0.8014 0.8014 0.8014 0.8014 0.8014 0.8014 0.8014 0.8014 0.8014 0.8014 0.8014 0.8014 0.8014 0.8014 0.8014 0.8014 0.8014 0.8014 
0.8014 0.8014 0.8014 0.8014 0.8014 0.8014 0.8014 0.8014 0.8014 0.8014 0.8014 0.8014 0.8014 0.8014 0.8014 0.8014 0.8014 0.8014 0.8014 0.8014 0.8014000000000259 0.8013999998707201 0.8014000001882452 0.8014063556276499 0.8013182769306284 0.08029416188870703 0.08014846694296029 0.08021883621067777 0.08021882444209655 0.08021881999558783 0.08021882000182917 0.08021881999558783 0.08021882444209533 0.08021883621146431 0.08014846696408695 0.08029361822940928 0.8013194053197705 0.8014057777503123 0.8014000001602872 0.8013999998962462 0.8014000000000173 0.8014 0.8014 0.8014 0.8014 0.8014 0.8014 0.8014 0.8014 0.8014 0.8014 0.8014 0.8014 0.8014 0.8014 0.8014 0.8014 0.8014 0.8014 0.8014 0.8014 
0.8014 0.8014 0.8014 0.8014 0.8014 0.8014 0.8014 0.8014 0.8014 0.8014 0.8014 0.8014 0.8014 0.8014 0.8014 0.8014 0.8014 0.8014 0.8014 0.8014 0.8014 0.8013999999801061 0.8014000000954701 0.801402496704879 0.8012869409663977 0.08068123390615967 0.07993910400755605 0.08021837748610167 0.08021888898995339 0.08021882444208811 0.08021882432263483 0.08021882444208811 0.0802188889899535 0.08021837748802457 0.07993910401055981 0.08068088879709068 0.8012874874405984 0.8014023184444556 0.8014000000853746 0.8013999999832315 0.8014 0.8014 0.8014 0.8014 0.8014 0.8014 0.8014 0.8014 0.8014 0.8014 0.8014 0.8014 0.8014 0.8014 0.8014 0.8014 0.8014 0.8014 0.8014 0.8014 0.8014 
0.8014 0.8014 0.8014 0.8014 0.8014 0.8014 0.8014 0.8014 0.8014 0.8014 0.8014 0.8014 0.8014 0.8014 0.8014 0.8014 0.8014 0.8014 0.8014 0.8014 0.8014 0.8013999999999989 0.8013999999553616 0.8014000003553861 0.8014045429595801 0.8011026889771276 0.08078674517400536 0.07993926113166844 0.08021837749929578 0.08021883621874026 0.08021878896249934 0.0802188362187406 0.08021837750000443 0.07993926112937605 0.08078663430034605 0.8011030198389691 0.801404346395078 0.8014000003215679 0.8013999999603434 0.8014 0.8014 0.8014 0.8014 0.8014 0.8014 0.8014 0.8014 0.8014 0.8014 0.8014 0.8014 0.8014 0.8014 0.8014 0.8014 0.8014 0.8014 0.8014 0.8014 0.8014 0.8014 
0.8014 0.8014 0.8014 0.8014 0.8014 0.8014 0.8014 0.8014 0.8014 0.8014 0.8014 0.8014 0.8014 0.8014 0.8014 0.8014 0.8014 0.8014 0.8014 0.8014 0.8014 0.8014 0.8013999999999963 0.8013999999473792 0.8014000003578118 0.8014042393315408 0.8011054622019043 0.08078577125980141 0.07993910403920207 0.08014846716187934 0.0801487499034928 0.08014846716203355 0.07993910403870946 0.08078574570297514 0.801105539969629 0.8014041651083301 0.8014000003395076 0.8013999999507678 0.801399999999997 0.8014 0.8014 0.8014 0.8014 0.8014 0.8014 0.8014 0.8014 0.8014 0.8014 0.8014 0.8014 0.8014 0.8014 0.8014 0.8014 0.8014 0.8014 0.8014 0.8014 0.8014 0.8014 
0.8014 0.8014 0.8014 0.8014 0.8014 0.8014 0.8014 0.8014 0.8014 0.8014 0.8014 0.8014 0.8014 0.8014 0.8014 0.8014 0.8014 0.8014 0.8014 0.8014 0.8014 0.8014 0.8014 0.8013999999999966 0.8013999999527182 0.8014000002761356 0.8014035970603011 0.8011061890871702 0.08067771078701053 0.08028856994772066 0.08035830925864357 0.08028856974538995 0.08067770561670073 0.8011062061221227 0.801403579930259 0.8014000002711513 0.8013999999541017 0.801399999999997 0.8014 0.8014 0.8014 0.8014 0.8014 0.8014 0.8014 0.8014 0.8014 0.8014 0.8014 0.8014 0.8014 0.8014 0.8014 0.8014 0.8014 0.8014 0.8014 0.8014 0.8014 0.8014 0.8014 
0.8014 0.8014 0.8014 0.8014 0.8014 0.8014 0.8014 0.8014 0.8014 0.8014 0.8014 0.8014 0.8014 0.8014 0.8014 0.8014 0.8014 0.8014 0.8014 0.8014 0.8014 0.8014 0.8014 0.8014 0.8013999999999979 0.8013999999622675 0.801400000204279 0.801402566526598 0.8012922660240709 0.8013294520519694 0.8013294861514607 0.8013294523844229 0.8012922674056207 0.8014025633661166 0.80140000020327 0.8013999999626413 0.801399999999998 0.8014 0.8014 0.8014 0.8014 0.8014 0.8014 0.8014 0.8014 0.8014 0.8014 0.8014 0.8014 0.8014 0.8014 0.8014 0.8014 0.8014 0.8014 0.8014 0.8014 0.8014 0.8014 0.8014 0.8014 
0.8014 0.8014 0.8014 0.8014 0.8014 0.8014 0.8014 0.8014 0.8014 0.8014 0.8014 0.8014 0.8014 0.8014 0.8014 0.8014 0.8014 0.8014 0.8014 0.8014 0.8014 0.8014 0.8014 0.8014 0.8014 0.8014 0.8013999999746141 0.8014000001070291 0.801400842028331 0.8014008420489961 0.8014008419751371 0.8014008419213344 0.8014008417730805 0.8014000001068711 0.8013999999746891 0.8014 0.8014 0.8014 0.8014 0.8014 0.8014 0.8014 0.8014 0.8014 0.8014 0.8014 0.8014 0.8014 0.8014 0.8014 0.8014 0.8014 0.8014 0.8014 0.8014 0.8014 0.8014 0.8014 0.8014 0.8014 0.8014 
0.8014 0.8014 0.8014 0.8014 0.8014 0.8014 0.8014 0.8014 0.8014 0.8014 0.8014 0.8014 0.8014 0.8014 0.8014 0.8014 0.8014 0.8014 0.8014 0.8014 0.8014 0.8014 0.8014 0.8014 0.8014 0.8014 0.8014 0.8013999999887814 0.8014000000217394 0.8014000000137473 0.8014000000137453 0.8014000000137447 0.8014000000217294 0.8013999999887924 0.8014 0.8014 0.8014 0.8014 0.8014 0.8014 0.8014 0.8014 0.8014 0.8014 0.8014 0.8014 0.8014 0.8014 0.8014 0.8014 0.8014 0.8014 0.8014 0.8014 0.8014 0.8014 0.8014 0.8014 0.8014 0.8014 0.8014 
0.8014 0.8014 0.8014 0.8014 0.8014 0.8014 0.8014 0.8014 0.8014 0.8014 0.8014 0.8014 0.8014 0.8014 0.8014 0.8014 0.8014 0.8014 0.8014 0.8014 0.8014 0.8014 0.8014 0.8014 0.8014 0.8014 0.8014 0.8014 0.801399999997781 0.8013999999977807 0.8013999999977809 0.801399999997781 0.8013999999977817 0.8014 0.8014 0.8014 0.8014 0.8014 0.8014 0.8014 0.8014 0.8014 0.8014 0.8014 0.8014 0.8014 0.8014 0.8014 0.8014 0.8014 0.8014 0.8014 0.8014 0.8014 0.8014 0.8014 0.8014 0.8014 0.8014 0.8014 0.8014 
0.8014 0.8014 0.8014 0.8014 0.8014 0.8014 0.8014 0.8014 0.8014 0.8014 0.8014 0.8014 0.8014 0.8014 0.8014 0.8014 0.8014 0.8014 0.8014 0.8014 0.8014 0.8014 0.8014 0.8014 0.8014 0.8014 0.8014 0.8014 0.8014 0.8014 0.8014 0.8014 0.8014 0.8014 0.8014 0.8014 0.8014 0.8014 0.8014 0.8014 0.8014 0.8014 0.8014 0.8014 0.8014 0.8014 0.8014 0.8014 0.8014 0.8014 0.8014 0.8014 0.8014 0.8014 0.8014 0.8014 0.8014 0.8014 0.8014 0.8014 0.8014 
0.8014 0.8014 0.8014 0.8014 0.8014 0.8014 0.8014 0.8014 0.8014 0.8014 0.8014 0.8014 0.8014 0.8014 0.8014 0.8014 0.8014 0.8014 0.8014 0.8014 0.8014 0.8014 0.8014 0.8014 0.8014 0.8014 0.8014 0.8014 0.8014 0.8014 0.8014 0.8014 0.8014 0.8014 0.8014 0.8014 0.8014 0.8014 0.8014 0.8014 0.8014 0.8014 0.8014 0.8014 0.8014 0.8014 0.8014 0.8014 0.8014 0.8014 0.8014 0.8014 0.8014 0.8014 0.8014 0.8014 0.8014 0.8014 0.8014 0.8014 0.8014 
0.8014 0.8014 0.8014 0.8014 0.8014 0.8014 0.8014 0.8014 0.8014 0.8014 0.8014 0.8014 0.8014 0.8014 0.8014 0.8014 0.8014 0.8014 0.8014 0.8014 0.8014 0.8014 0.8014 0.8014 0.8014 0.8014 0.8014 0.8014 0.8014 0.8014 0.8014 0.8014 0.8014 0.8014 0.8014 0.8014 0.8014 0.8014 0.8014 0.8014 0.8014 0.8014 0.8014 0.8014 0.8014 0.8014 0.8014 0.8014 0.8014 0.8014 0.8014 0.8014 0.8014 0.8014 0.8014 0.8014 0.8014 0.8014 0.8014 0.8014 0.8014 
0.8014 0.8014 0.8014 0.8014 0.8014 0.8014 0.8014 0.8014 0.8014 0.8014 0.8014 0.8014 0.8014 0.8014 0.8014 0.8014 0.8014 0.8014 0.8014 0.8014 0.8014 0.8014 0.8014 0.8014 0.8014 0.8014 0.8014 0.8014 0.8014 0.8014 0.8014 0.8014 0.8014 0.8014 0.8014 0.8014 0.8014 0.8014 0.8014 0.8014 0.8014 0.8014 0.8014 0.8014 0.8014 0.8014 0.8014 0.8014 0.8014 0.8014 0.8014 0.8014 0.8014 0.8014 0.8014 0.8014 0.8014 0.8014 0.8014 0.8014 0.8014 
0.8014 0.8014 0.8014 0.8014 0.8014 0.8014 0.8014 0.8014 0.8014 0.8014 0.8014 0.8014 0.8014 0.8014 0.8014 0.8014 0.8014 0.8014 0.8014 0.8014 0.8014 0.8014 0.8014 0.8014 0.8014 0.8014 0.8014 0.8014 0.8014 0.8014 0.8014 0.8014 0.8014 0.8014 0.8014 0.8014 0.8014 0.8014 0.8014 0.8014 0.8014 0.8014 0.8014 0.8014 0.8014 0.8014 0.8014 0.8014 0.8014 0.8014 0.8014 0.8014 0.8014 0.8014 0.8014 0.8014 0.8014 0.8014 0.8014 0.8014 0.8014 
0.8014 0.8014 0.8014 0.8014 0.8014 0.8014 0.8014 0.8014 0.8014 0.8014 0.8014 0.8014 0.8014 0.8014 0.8014 0.8014 0.8014 0.8014 0.8014 0.8014 0.8014 0.8014 0.8014 0.8014 0.8014 0.8014 0.8014 0.8014 0.8014 0.8014 0.8014 0.8014 0.8014 0.8014 0.8014 0.8014 0.8014 0.8014 0.8014 0.8014 0.8014 0.8014 0.8014 0.8014 0.8014 0.8014 0.8014 0.8014 0.8014 0.8014 0.8014 0.8014 0.8014 0.8014 0.8014 0.8014 0.8014 0.8014 0.8014 0.8014 0.8014 
0.8014 0.8014 0.8014 0.8014 0.8014 0.8014 0.8014 0.8014 0.8014 0.8014 0.8014 0.8014 0.8014 0.8014 0.8014 0.8014 0.8014 0.8014 0.8014 0.8014 0.8014 0.8014 0.8014 0.8014 0.8014 0.8014 0.8014 0.8014 0.8014 0.8014 0.8014 0.8014 0.8014 0.8014 0.8014 0.8014 0.8014 0.8014 0.8014 0.8014 0.8014 0.8014 0.8014 0.8014 0.8014 0.8014 0.8014 0.8014 0.8014 0.8014 0.8014 0.8014 0.8014 0.8014 0.8014 0.8014 0.8014 0.8014 0.8014 0.8014 0.8014 
0.8014 0.8014 0.8014 0.8014 0.8014 0.8014 0.8014 0.8014 0.8014 0.8014 0.8014 0.8014 0.8014 0.8014 0.8014 0.8014 0.8014 0.8014 0.8014 0.8014 0.8014 0.8014 0.8014 0.8014 0.8014 0.8014 0.8014 0.8014 0.8014 0.8014 0.8014 0.8014 0.8014 0.8014 0.8014 0.8014 0.8014 0.8014 0.8014 0.8014 0.8014 0.8014 0.8014 0.8014 0.8014 0.8014 0.8014 0.8014 0.8014 0.8014 0.8014 0.8014 0.8014 0.8014 0.8014 0.8014 0.8014 0.8014 0.8014 0.8014 0.8014 
0.8014 0.8014 0.8014 0.8014 0.8014 0.8014 0.8014 0.8014 0.8014 0.8014 0.8014 0.8014 0.8014 0.8014 0.8014 0.8014 0.8014 0.8014 0.8014 0.8014 0.8014 0.8014 0.8014 0.8014 0.8014 0.8014 0.8014 0.8014 0.8014 0.8014 0.8014 0.8014 0.8014 0.8014 0.8014 0.8014 0.8014 0.8014 0.8014 0.8014 0.8014 0.8014 0.8014 0.8014 0.8014 0.8014 0.8014 0.8014 0.8014 0.8014 0.8014 0.8014 0.8014 0.8014 0.8014 0.8014 0.8014 0.8014 0.8014 0.8014 0.8014 
0.8014 0.8014 0.8014 0.8014 0.8014 0.8014 0.8014 0.8014 0.8014 0.8014 0.8014 0.8014 0.8014 0.8014 0.8014 0.8014 0.8014 0.8014 0.8014 0.8014 0.8014 0.8014 0.8014 0.8014 0.8014 0.8014 0.8014 0.8014 0.8014 0.8014 0.8014 0.8014 0.8014 0.8014 0.8014 0.8014 0.8014 0.8014 0.8014 0.8014 0.8014 0.8014 0.8014 0.8014 0.8014 0.8014 0.8014 0.8014 0.8014 0.8014 0.8014 0.8014 0.8014 0.8014 0.8014 0.8014 0.8014 0.8014 0.8014 0.8014 0.8014 
0.8014 0.8014 0.8014 0.8014 0.8014 0.8014 0.8014 0.8014 0.8014 0.8014 0.8014 0.8014 0.8014 0.8014 0.8014 0.8014 0.8014 0.8014 0.8014 0.8014 0.8014 0.8014 0.8014 0.8014 0.8014 0.8014 0.8014 0.8014 0.8014 0.8014 0.8014 0.8014 0.8014 0.8014 0.8014 0.8014 0.8014 0.8014 0.8014 0.8014 0.8014 0.8014 0.8014 0.8014 0.8014 0.8014 0.8014 0.8014 0.8014 0.8014 0.8014 0.8014 0.8014 0.8014 0.8014 0.8014 0.8014 0.8014 0.8014 0.8014 0.8014 
0.8014 0.8014 0.8014 0.8014 0.8014 0.8014 0.8014 0.8014 0.8014 0.8014 0.8014 0.8014 0.8014 0.8014 0.8014 0.8014 0.8014 0.8014 0.8014 0.8014 0.8014 0.8014 0.8014 0.8014 0.8014 0.8014 0.8014 0.8014 0.8014 0.8014 0.8014 0.8014 0.8014 0.8014 0.8014 0.8014 0.8014 0.8014 0.8014 0.8014 0.8014 0.8014 0.8014 0.8014 0.8014 0.8014 0.8014 0.8014 0.8014 0.8014 0.8014 0.8014 0.8014 0.8014 0.8014 0.8014 0.8014 0.8014 0.8014 0.8014 0.8014 
0.8014 0.8014 0.8014 0.8014 0.8014 0.8014 0.8014 0.8014 0.8014 0.8014 0.8014 0.8014 0.8014 0.8014 0.8014 0.8014 0.8014 0.8014 0.8014 0.8014 0.8014 0.8014 0.8014 0.8014 0.8014 0.8014 0.8014 0.8014 0.8014 0.8014 0.8014 0.8014 0.8014 0.8014 0.8014 0.8014 0.8014 0.8014 0.8014 0.8014 0.8014 0.8014 0.8014 0.8014 0.8014 0.8014 0.8014 0.8014 0.8014 0.8014 0.8014 0.8014 0.8014 0.8014 0.8014 0.8014 0.8014 0.8014 0.8014 0.8014 0.8014 
0.8014 0.8014 0.8014 0.8014 0.8014 0.8014 0.8014 0.8014 0.8014 0.8014 0.8014 0.8014 0.8014 0.8014 0.8014 0.8014 0.8014 0.8014 0.8014 0.8014 0.8014 0.8014 0.8014 0.8014 0.8014 0.8014 0.8014 0.8014 0.8014 0.8014 0.8014 0.8014 0.8014 0.8014 0.8014 0.8014 0.8014 0.8014 0.8014 0.8014 0.8014 0.8014 0.8014 0.8014 0.8014 0.8014 0.8014 0.8014 0.8014 0.8014 0.8014 0.8014 0.8014 0.8014 0.8014 0.8014 0.8014 0.8014 0.8014 0.8014 0.8014 
0.8014 0.8014 0.8014 0.8014 0.8014 0.8014 0.8014 0.8014 0.8014 0.8014 0.8014 0.8014 0.8014 0.8014 0.8014 0.8014 0.8014 0.8014 0.8014 0.8014 0.8014 0.8014 0.8014 0.8014 0.8014 0.8014 0.8014 0.8014 0.8014 0.8014 0.8014 0.8014 0.8014 0.8014 0.8014 0.8014 0.8014 0.8014 0.8014 0.8014 0.8014 0.8014 0.8014 0.8014 0.8014 0.8014 0.8014 0.8014 0.8014 0.8014 0.8014 0.8014 0.8014 0.8014 0.8014 0.8014 0.8014 0.8014 0.8014 0.8014 0.8014 
0.8014 0.8014 0.8014 0.8014 0.8014 0.8014 0.8014 0.8014 0.8014 0.8014 0.8014 0.8014 0.8014 0.8014 0.8014 0.8014 0.8014 0.8014 0.8014 0.8014 0.8014 0.8014 0.8014 0.8014 0.8014 0.8014 0.8014 0.8014 0.8014 0.8014 0.8014 0.8014 0.8014 0.8014 0.8014 0.8014 0.8014 0.8014 0.8014 0.8014 0.8014 0.8014 0.8014 0.8014 0.8014 0.8014 0.8014 0.8014 0.8014 0.8014 0.8014 0.8014 0.8014 0.8014 0.8014 0.8014 0.8014 0.8014 0.8014 0.8014 0.8014 
0.8014 0.8014 0.8014 0.8014 0.8014 0.8014 0.8014 0.8014 0.8014 0.8014 0.8014 0.8014 0.8014 0.8014 0.8014 0.8014 0.8014 0.8014 0.8014 0.8014 0.8014 0.8014 0.8014 0.8014 0.8014 0.8014 0.8014 0.8014 0.8014 0.8014 0.8014 0.8014 0.8014 0.8014 0.8014 0.8014 0.8014 0.8014 0.8014 0.8014 0.8014 0.8014 0.8014 0.8014 0.8014 0.8014 0.8014 0.8014 0.8014 0.8014 0.8014 0.8014 0.8014 0.8014 0.8014 0.8014 0.8014 0.8014 0.8014 0.8014 0.8014 
0.8014 0.8014 0.8014 0.8014 0.8014 0.8014 0.8014 0.8014 0.8014 0.8014 0.8014 0.8014 0.8014 0.8014 0.8014 0.8014 0.8014 0.8014 0.8014 0.8014 0.8014 0.8014 0.8014 0.8014 0.8014 0.8014 0.8014 0.8014 0.8014 0.8014 0.8014 0.8014 0.8014 0.8014 0.8014 0.8014 0.8014 0.8014 0.8014 0.8014 0.8014 0.8014 0.8014 0.8014 0.8014 0.8014 0.8014 0.8014 0.8014 0.8014 0.8014 0.8014 0.8014 0.8014 0.8014 0.8014 0.8014 0.8014 0.8014 0.8014 0.8014 
0.8014 0.8014 0.8014 0.8014 0.8014 0.8014 0.8014 0.8014 0.8014 0.8014 0.8014 0.8014 0.8014 0.8014 0.8014 0.8014 0.8014 0.8014 0.8014 0.8014 0.8014 0.8014 0.8014 0.8014 0.8014 0.8014 0.8014 0.8014 0.8014 0.8014 0.8014 0.8014 0.8014 0.8014 0.8014 0.8014 0.8014 0.8014 0.8014 0.8014 0.8014 0.8014 0.8014 0.8014 0.8014 0.8014 0.8014 0.8014 0.8014 0.8014 0.8014 0.8014 0.8014 0.8014 0.8014 0.8014 0.8014 0.8014 0.8014 0.8014 0.8014 
0.8014 0.8014 0.8014 0.8014 0.8014 0.8014 0.8014 0.8014 0.8014 0.8014 0.8014 0.8014 0.8014 0.8014 0.8014 0.8014 0.8014 0.8014 0.8014 0.8014 0.8014 0.8014 0.8014 0.8014 0.8014 0.8014 0.8014 0.8014 0.8014 0.8014 0.8014 0.8014 0.8014 0.8014 0.8014 0.8014 0.8014 0.8014 0.8014 0.8014 0.8014 0.8014 0.8014 0.8014 0.8014 0.8014 0.8014 0.8014 0.8014 0.8014 0.8014 0.8014 0.8014 0.8014 0.8014 0.8014 0.8014 0.8014 0.8014 0.8014 0.8014 
0.8014 0.8014 0.8014 0.8014 0.8014 0.8014 0.8014 0.8014 0.8014 0.8014 0.8014 0.8014 0.8014 0.8014 0.8014 0.8014 0.8014 0.8014 0.8014 0.8014 0.8014 0.8014 0.8014 0.8014 0.8014 0.8014 0.8014 0.8014 0.8014 0.8014 0.8014 0.8014 0.8014 0.8014 0.8014 0.8014 0.8014 0.8014 0.8014 0.8014 0.8014 0.8014 0.8014 0.8014 0.8014 0.8014 0.8014 0.8014 0.8014 0.8014 0.8014 0.8014 0.8014 0.8014 0.8014 0.8014 0.8014 0.8014 0.8014 0.8014 0.8014 
SCALARS grain_id double 1
LOOKUP_TABLE default
2 2 2 2 2 2 2 2 2 2 2 2 2 2 2 2 2 2 2 2 2 2 2 2 2 2 2 2 2 2 2 2 2 2 2 2 2 2 2 2 2 2 2 2 2 2 2 2 2 2 2 2 2 2 2 2 2 2 2 2 2 
2 2 2 2 2 2 2 2 2 2 2 2 2 2 2 2 2 2 2 2 2 2 2 2 2 2 2 2 2 2 2 2 2 2 2 2 2 2 2 2 2 2 2 2 2 2 2 2 2 2 2 2 2 2 2 2 2 2 2 2 2 
2 2 2 2 2 2 2 2 2 2 2 2 2 2 2 2 2 2 2 2 2 2 2 2 2 2 2 2 2 2 2 2 2 2 2 2 2 2 2 2 2 2 2 2 2 2 2 2 2 2 2 2 2 2 2 2 2 2 2 2 2 
2 2 2 2 2 2 2 2 2 2 2 2 2 2 2 2 2 2 2 2 2 2 2 2 2 2 2 2 2 2 2 2 2 2 2 2 2 2 2 2 2 2 2 2 2 2 2 2 2 2 2 2 2 2 2 2 2 2 2 2 2 
2 2 2 2 2 2 2 2 2 2 2 2 2 2 2 2 2 2 2 2 2 2 2 2 2 2 2 2 2 2 2 2 2 2 2 2 2 2 2 2 2 2 2 2 2 2 2 2 2 2 2 2 2 2 2 2 2 2 2 2 2 
2 2 2 2 2 2 2 2 2 2 2 2 2 2 2 2 2 2 2 2 2 2 2 2 2 2 2 2 2 2 2 2 2 2 2 2 2 2 2 2 2 2 2 2 2 2 2 2 2 2 2 2 2 2 2 2 2 2 2 2 2 
2 2 2 2 2 2 2 2 2 2 2 2 2 2 2 2 2 2 2 2 2 2 2 2 2 2 2 2 2 2 2 2 2 2 2 2 2 2 2 2 2 2 2 2 2 2 2 2 2 2 2 2 2 2 2 2 2 2 2 2 2 
2 2 2 2 2 2 2 2 2 2 2 2 2 2 2 2 2 2 2 2 2 2 2 2 2 2 2 2 2 2 2 2 2 2 2 2 2 2 2 2 2 2 2 2 2 2 2 2 2 2 2 2 2 2 2 2 2 2 2 2 2 
2 2 2 2 2 2 2 2 2 2 2 2 2 2 2 2 2 2 2 2 2 2 2 2 2 2 2 2 2 2 2 2 2 2 2 2 2 2 2 2 2 2 2 2 2 2 2 2 2 2 2 2 2 2 2 2 2 2 2 2 2 
2 2 2 2 2 2 2 2 2 2 2 2 2 2 2 2 2 2 2 2 2 2 2 2 2 2 2 2 2 2 2 2 2 2 2 2 2 2 2 2 2 2 2 2 2 2 2 2 2 2 2 2 2 2 2 2 2 2 2 2 2 
2 2 2 2 2 2 2 2 2 2 2 2 2 2 2 2 2 2 2 2 2 2 2 2 2 2 2 2 2 2 2 2 2 2 2 2 2 2 2 2 2 2 2 2 2 2 2 2 2 2 2 2 2 2 2 2 2 2 2 2 2 
2 2 2 2 2 2 2 2 2 2 2 2 2 2 2 2 2 2 2 2 2 2 2 2 2 2 2 2 2 2 2 2 2 2 2 2 2 2 2 2 2 2 2 2 2 2 2 2 2 2 2 2 2 2 2 2 2 2 2 2 2 
2 2 2 2 2 2 2 2 2 2 2 2 2 2 2 2 2 2 2 2 2 2 2 2 2 2 2 2 2 2 2 2 2 2 2 2 2 2 2 2 2 2 2 2 2 2 2 2 2 2 2 2 2 2 2 2 2 2 2 2 2 
2 2 2 2 2 2 2 2 2 2 2 2 2 2 2 2 2 2 2 2 2 2 2 2 2 2 2 2 2 2 2 2 2 2 2 2 2 2 2 2 2 2 2 2 2 2 2 2 2 2 2 2 2 2 2 2 2 2 2 2 2 
2 2 2 2 2 2 2 2 2 2 2 2 2 2 2 2 2 2 2 2 2 2 2 2 2 2 2 2 2 2 2 2 2 2 2 2 2 2 2 2 2 2 2 2 2 2 2 2 2 2 2 2 2 2 2 2 2 2 2 2 2 
2 2 2 2 2 2 2 2 2 2 2 2 2 2 2 2 2 2 2 2 2 2 2 2 2 2 2 2 2 2 2 2 2 2 2 2 2 2 2 2 2 2 2 2 2 2 2 2 2 2 2 2 2 2 2 2 2 2 2 2 2 
2 2 2 2 2 2 2 2 2 2 2 2 2 2 2 2 2 2 2 2 2 2 2 2 2 2 2 2 2 2 2 2 2 2 2 2 2 2 2 2 2 2 2 2 2 2 2 2 2 2 2 2 2 2 2 2 2 2 2 2 2 
2 2 2 2 2 2 2 2 2 2 2 2 2 2 2 2 2 2 2 2 2 2 2 2 2 2 2 2 2 2 2 2 2 2 2 2 2 2 2 2 2 2 2 2 2 2 2 2 2 2 2 2 2 2 2 2 2 2 2 2 2 
2 2 2 2 2 2 2 2 2 2 2 2 2 2 2 2 2 2 2 2 2 2 2 2 2 2 2 2 2 2 2 2 2 2 2 2 2 2 2 2 2 2 2 2 2 2 2 2 2 2 2 2 2 2 2 2 2 2 2 2 2 
2 2 2 2 2 2 2 2 2 2 2 2 2 2 2 2 2 2 2 2 2 2 2 2 2 2 2 2 2 2 2 2 2 2 2 2 2 2 2 2 2 2 2 2 2 2 2 2 2 2 2 2 2 2 2 2 2 2 2 2 2 
2 2 2 2 2 2 2 2 2 2 2 2 2 2 2 2 2 2 2 2 2 2 2 2 2 2 2 2 2 2 2 2 2 2 2 2 2 2 2 2 2 2 2 2 2 2 2 2 2 2 2 2 2 2 2 2 2 2 2 2 2 
2 2 2 2 2 2 2 2 2 2 2 2 2 2 2 2 2 2 2 2 2 2 2 2 2 2 2 2 2 2 2 2 2 2 2 2 2 2 2 2 2 2 2 2 2 2 2 2 2 2 2 2 2 2 2 2 2 2 2 2 2 
2 2 2 2 2 2 2 2 2 2 2 2 2 2 2 2 2 2 2 2 2 2 2 2 2 2 2 2 2 2 2 2 2 2 2 2 2 2 2 2 2 2 2 2 2 2 2 2 2 2 2 2 2 2 2 2 2 2 2 2 2 
2 2 2 2 2 2 2 2 2 2 2 2 2 2 2 2 2 2 2 2 2 2 2 2 2 2 2 2 2 2 2 2 2 2 2 2 2 2 2 2 2 2 2 2 2 2 2 2 2 2 2 2 2 2 2 2 2 2 2 2 2 
2 2 2 2 2 2 2 2 2 2 2 2 2 2 2 2 2 2 2 2 2 2 2 2 2 2 2 2 2 2 2 2 2 2 2 2 2 2 2 2 2 2 2 2 2 2 2 2 2 2 2 2 2 2 2 2 2 2 2 2 2 
2 2 2 2 2 2 2 2 2 2 2 2 2 2 2 2 2 2 2 2 2 2 2 2 2 2 2 2 0 0 0 0 0 2 2 2 2 2 2 2 2 2 2 2 2 2 2 2 2 2 2 2 2 2 2 2 2 2 2 2 2 
1 1 1 1 1 1 1 1 1 1 1 1 1 1 1 1 1 1 1 1 1 1 1 1 1 1 1 0 0 0 0 0 0 0 1 1 1 1 1 1 1 1 1 1 1 1 1 1 1 1 1 1 1 1 1 1 1 1 1 1 1 
1 1 1 1 1 1 1 1 1 1 1 1 1 1 1 1 1 1 1 1 1 1 1 1 1 1 0 0 0 0 0 0 0 0 0 1 1 1 1 1 1 1 1 1 1 1 1 1 1 1 1 1 1 1 1 1 1 1 1 1 1 
1 1 1 1 1 1 1 1 1 1 1 1 1 1 1 1 1 1 1 1 1 1 1 1 1 0 0 0 0 0 0 0 0 0 0 0 1 1 1 1 1 1 1 1 1 1 1 1 1 1 1 1 1 1 1 1 1 1 1 1 1 
1 1 1 1 1 1 1 1 1 1 1 1 1 1 1 1 1 1 1 1 1 1 1 1 1 0 0 0 0 0 0 0 0 0 0 0 1 1 1 1 1 1 1 1 1 1 1 1 1 1 1 1 1 1 1 1 1 1 1 1 1 
1 1 1 1 1 1 1 1 1 1 1 1 1 1 1 1 1 1 1 1 1 1 1 1 1 0 0 0 0 0 0 0 0 0 0 0 1 1 1 1 1 1 1 1 1 1 1 1 1 1 1 1 1 1 1 1 1 1 1 1 1 
1 1 1 1 1 1 1 1 1 1 1 1 1 1 1 1 1 1 1 1 1 1 1 1 1 0 0 0 0 0 0 0 0 0 0 0 1 1 1 1 1 1 1 1 1 1 1 1 1 1 1 1 1 1 1 1 1 1 1 1 1 
1 1 1 1 1 1 1 1 1 1 1 1 1 1 1 1 1 1 1 1 1 1 1 1 1 0 0 0 0 0 0 0 0 0 0 0 1 1 1 1 1 1 1 1 1 1 1 1 1 1 1 1 1 1 1 1 1 1 1 1 1 
1 1 1 1 1 1 1 1 1 1 1 1 1 1 1 1 1 1 1 1 1 1 1 1 1 1 0 0 0 0 0 0 0 0 0 1 1 1 1 1 1 1 1 1 1 1 1 1 1 1 1 1 1 1 1 1 1 1 1 1 1 
1 1 1 1 1 1 1 1 1 1 1 1 1 1 1 1 1 1 1 1 1 1 1 1 1 1 1 0 0 0 0 0 0 0 1 1 1 1 1 1 1 1 1 1 1 1 1 1 1 1 1 1 1 1 1 1 1 1 1 1 1 
1 1 1 1 1 1 1 1 1 1 1 1 1 1 1 1 1 1 1 1 1 1 1 1 1 1 1 1 0 0 0 0 0 1 1 1 1 1 1 1 1 1 1 1 1 1 1 1 1 1 1 1 1 1 1 1 1 1 1 1 1 
1 1 1 1 1 1 1 1 1 1 1 1 1 1 1 1 1 1 1 1 1 1 1 1 1 1 1 1 1 1 1 1 1 1 1 1 1 1 1 1 1 1 1 1 1 1 1 1 1 1 1 1 1 1 1 1 1 1 1 1 1 
1 1 1 1 1 1 1 1 1 1 1 1 1 1 1 1 1 1 1 1 1 1 1 1 1 1 1 1 1 1 1 1 1 1 1 1 1 1 1 1 1 1 1 1 1 1 1 1 1 1 1 1 1 1 1 1 1 1 1 1 1 
1 1 1 1 1 1 1 1 1 1 1 1 1 1 1 1 1 1 1 1 1 1 1 1 1 1 1 1 1 1 1 1 1 1 1 1 1 1 1 1 1 1 1 1 1 1 1 1 1 1 1 1 1 1 1 1 1 1 1 1 1 
1 1 1 1 1 1 1 1 1 1 1 1 1 1 1 1 1 1 1 1 1 1 1 1 1 1 1 1 1 1 1 1 1 1 1 1 1 1 1 1 1 1 1 1 1 1 1 1 1 1 1 1 1 1 1 1 1 1 1 1 1 
1 1 1 1 1 1 1 1 1 1 1 1 1 1 1 1 1 1 1 1 1 1 1 1 1 1 1 1 1 1 1 1 1 1 1 1 1 1 1 1 1 1 1 1 1 1 1 1 1 1 1 1 1 1 1 1 1 1 1 1 1 
1 1 1 1 1 1 1 1 1 1 1 1 1 1 1 1 1 1 1 1 1 1 1 1 1 1 1 1 1 1 1 1 1 1 1 1 1 1 1 1 1 1 1 1 1 1 1 1 1 1 1 1 1 1 1 1 1 1 1 1 1 
1 1 1 1 1 1 1 1 1 1 1 1 1 1 1 1 1 1 1 1 1 1 1 1 1 1 1 1 1 1 1 1 1 1 1 1 1 1 1 1 1 1 1 1 1 1 1 1 1 1 1 1 1 1 1 1 1 1 1 1 1 
1 1 1 1 1 1 1 1 1 1 1 1 1 1 1 1 1 1 1 1 1 1 1 1 1 1 1 1 1 1 1 1 1 1 1 1 1 1 1 1 1 1 1 1 1 1 1 1 1 1 1 1 1 1 1 1 1 1 1 1 1 
1 1 1 1 1 1 1 1 1 1 1 1 1 1 1 1 1 1 1 1 1 1 1 1 1 1 1 1 1 1 1 1 1 1 1 1 1 1 1 1 1 1 1 1 1 1 1 1 1 1 1 1 1 1 1 1 1 1 1 1 1 
1 1 1 1 1 1 1 1 1 1 1 1 1 1 1 1 1 1 1 1 1 1 1 1 1 1 1 1 1 1 1 1 1 1 1 1 1 1 1 1 1 1 1 1 1 1 1 1 1 1 1 1 1 1 1 1 1 1 1 1 1 
1 1 1 1 1 1 1 1 1 1 1 1 1 1 1 1 1 1 1 1 1 1 1 1 1 1 1 1 1 1 1 1 1 1 1 1 1 1 1 1 1 1 1 1 1 1 1 1 1 1 1 1 1 1 1 1 1 1 1 1 1 
1 1 1 1 1 1 1 1 1 1 1 1 1 1 1 1 1 1 1 1 1 1 1 1 1 1 1 1 1 1 1 1 1 1 1 1 1 1 1 1 1 1 1 1 1 1 1 1 1 1 1 1 1 1 1 1 1 1 1 1 1 
1 1 1 1 1 1 1 1 1 1 1 1 1 1 1 1 1 1 1 1 1 1 1 1 1 1 1 1 1 1 1 1 1 1 1 1 1 1 1 1 1 1 1 1 1 1 1 1 1 1 1 1 1 1 1 1 1 1 1 1 1 
1 1 1 1 1 1 1 1 1 1 1 1 1 1 1 1 1 1 1 1 1 1 1 1 1 1 1 1 1 1 1 1 1 1 1 1 1 1 1 1 1 1 1 1 1 1 1 1 1 1 1 1 1 1 1 1 1 1 1 1 1 
1 1 1 1 1 1 1 1 1 1 1 1 1 1 1 1 1 1 1 1 1 1 1 1 1 1 1 1 1 1 1 1 1 1 1 1 1 1 1 1 1 1 1 1 1 1 1 1 1 1 1 1 1 1 1 1 1 1 1 1 1 
1 1 1 1 1 1 1 1 1 1 1 1 1 1 1 1 1 1 1 1 1 1 1 1 1 1 1 1 1 1 1 1 1 1 1 1 1 1 1 1 1 1 1 1 1 1 1 1 1 1 1 1 1 1 1 1 1 1 1 1 1 
1 1 1 1 1 1 1 1 1 1 1 1 1 1 1 1 1 1 1 1 1 1 1 1 1 1 1 1 1 1 1 1 1 1 1 1 1 1 1 1 1 1 1 1 1 1 1 1 1 1 1 1 1 1 1 1 1 1 1 1 1 
1 1 1 1 1 1 1 1 1 1 1 1 1 1 1 1 1 1 1 1 1 1 1 1 1 1 1 1 1 1 1 1 1 1 1 1 1 1 1 1 1 1 1 1 1 1 1 1 1 1 1 1 1 1 1 1 1 1 1 1 1 
1 1 1 1 1 1 1 1 1 1 1 1 1 1 1 1 1 1 1 1 1 1 1 1 1 1 1 1 1 1 1 1 1 1 1 1 1 1 1 1 1 1 1 1 1 1 1 1 1 1 1 1 1 1 1 1 1 1 1 1 1 
1 1 1 1 1 1 1 1 1 1 1 1 1 1 1 1 1 1 1 1 1 1 1 1 1 1 1 1 1 1 1 1 1 1 1 1 1 1 1 1 1 1 1 1 1 1 1 1 1 1 1 1 1 1 1 1 1 1 1 1 1 
1 1 1 1 1 1 1 1 1 1 1 1 1 1 1 1 1 1 1 1 1 1 1 1 1 1 1 1 1 1 1 1 1 1 1 1 1 1 1 1 1 1 1 1 1 1 1 1 1 1 1 1 1 1 1 1 1 1 1 1 1 
2 2 2 2 2 2 2 2 2 2 2 2 2 2 2 2 2 2 2 2 2 2 2 2 2 2 2 2 2 2 2 2 2 2 2 2 2 2 2 2 2 2 2 2 2 2 2 2 2 2 2 2 2 2 2 2 2 2 2 2 2 
2 2 2 2 2 2 2 2 2 2 2 2 2 2 2 2 2 2 2 2 2 2 2 2 2 2 2 2 2 2 2 2 2 2 2 2 2 2 2 2 2 2 2 2 2 2 2 2 2 2 2 2 2 2 2 2 2 2 2 2 2 
2 2 2 2 2 2 2 2 2 2 2 2 2 2 2 2 2 2 2 2 2 2 2 2 2 2 2 2 2 2 2 2 2 2 2 2 2 2 2 2 2 2 2 2 2 2 2 2 2 2 2 2 2 2 2 2 2 2 2 2 2 
2 2 2 2 2 2 2 2 2 2 2 2 2 2 2 2 2 2 2 2 2 2 2 2 2 2 2 2 2 2 2 2 2 2 2 2 2 2 2 2 2 2 2 2 2 2 2 2 2 2 2 2 2 2 2 2 2 2 2 2 2 
SCALARS GB_mask double 1
LOOKUP_TABLE default
0.0257445176532807 0.02596459933053489 0.02618647246605637 0.02641014930174099 0.02663564327838859 0.02686296792077078 0.02709213683793085 0.02732316372348407 0.02755606235592901 0.02779084659893959 0.02802753040165144 0.02826612779897288 0.02850665291186986 0.02874911994765286 0.02899354320026166 0.02923993705054865 0.0294883159665728 0.02973869450385267 0.02999108730566594 0.03024550910331042 0.03050197471636486 0.03076049905297042 0.03102109711008474 0.03128378397374189 0.0315485748193089 0.03181548491174011 0.03208452960581576 0.03235572434640394 0.03262908466869093 0.03290462619842188 0.03318236465213816 0.03346231583739163 0.03374449565299704 0.03402892008923197 0.03431560522806514 0.03460456724335925 0.03489582240110125 0.03518938705958153 0.03548527766960841 0.03578351077470101 0.03608410301127892 0.03638707110885264 0.036692431890186 0.03700020227150533 0.03731039926263513 0.03762303996718369 0.03793814158270284 0.03825572140082664 0.03857579680744536 0.0388983852828272 0.03922350440176421 0.0395511718337124 0.03988140534289417 0.04021422278845126 0.04054964212453348 0.04088768140040377 0.04122835876056793 0.04157169244483658 0.0419177007884364 0.04226640222206669 0.04261781346952653 
0.007959630891871126 0.008030522512089031 0.008102030214043985 0.00817415877319894 0.00824691336404406 0.008320299201266907 0.008394321540016052 0.008468985676181984 0.008544296946665142 0.008620260729655663 0.00869688244490973 0.008774167554028064 0.008852121560737182 0.008930750011165185 0.009010058494132637 0.009090052641427914 0.009170738128096753 0.009252120672727052 0.009334206037735989 0.009417000029659943 0.00950050849944104 0.009584737342722712 0.009669692500137177 0.009755379957602933 0.009841805746616684 0.009928975944552425 0.01001689667495238 0.01010557410783443 0.01019501445998263 0.01028522399525324 0.01037620902487622 0.01046797590775372 0.01056053105077201 0.01065388090909957 0.01074803198649698 0.01084299083562581 0.01093876405835162 0.01103535830606287 0.01113278027997283 0.01123103673143866 0.01133013446226737 0.01143008032503955 0.01153088122341536 0.01163254411245816 0.01173507599894425 0.0118384839416915 0.01194277505186914 0.01204795649332399 0.01215403548290139 0.01226101929076468 0.01236891524072141 0.01247773071054795 0.01258747313231514 0.0126981499927109 0.01280976883337362 0.01292233725121254 0.01303586289874731 0.01315035348442784 0.01326581677297242 0.0133822605856921 0.01349969219821272 
0.002373948482841333 0.002395559922607947 0.002417365661389935 0.002439367299366801 0.002461566560738087 0.002483965184385557 0.002506564923993061 0.002529367548164517 0.002552374840544486 0.002575588599937774 0.002599010640432939 0.002622642791523359 0.002646486898232216 0.002670544821234975 0.002694818436985977 0.002719309637843765 0.002744020332199204 0.002768952444602711 0.002794107915892287 0.00281948870332501 0.002845096780706575 0.002870934138523236 0.002897002784074306 0.002923304741605716 0.00294984205244433 0.002976616775133481 0.003003630985568712 0.00303088677713671 0.003058386260850977 0.003086131565493735 0.003114124837753679 0.003142368242369009 0.003170863962268997 0.003199614198715951 0.003228621171451248 0.003257887118839209 0.003287414298013565 0.003317204985024392 0.003347261474986035 0.003377586082227794 0.003408181140441652 0.003439049002834646 0.003470192042282213 0.003501612651478898 0.003533313243095571 0.003565296249931722 0.003597564125074352 0.003630119342054415 0.003662964395005325 0.003696101798821731 0.003729534089321645 0.003763263823407346 0.003797293579228349 0.003831625956344483 0.003866263575891983 0.003901209080749499 0.003936465135703923 0.003972034427619947 0.004007919665608209 0.004044123581197351 0.004080648741021024 
0.0006942189338958357 0.0007006132209453663 0.0007070660332536427 0.0007135778678915059 0.00072014925902515 0.0007267807455762122 0.0007334728712626284 0.0007402261846400842 0.0007470412391443996 0.0007539185931334382 0.0007608588099298072 0.0007678624578639307 0.0007749301103171821 0.000782062345765547 0.0007892597478241152 0.0007965229052906968 0.0008038524121914154 0.0008112488678252887 0.0008187128768100267 0.0008262450491276968 0.0008338460001712206 0.0008415163507908159 0.0008492567273411079 0.0008570677617287995 0.0008649500914597977 0.0008729043596881855 0.0008809312152643677 0.0008890313127841334 0.0008972053126380499 0.0009054538810613371 0.0009137776901839302 0.0009221774180812297 0.000930653748824893 0.0009392073725347049 0.0009478389854301056 0.0009565492898822709 0.0009653389944673725 0.0009742088140192543 0.0009831594696834071 0.0009921916889703041 0.001001306205810623 0.001010503760609679 0.001019785100302555 0.001029150978410646 0.001038602155097088 0.001048139397223523 0.001057763478407972 0.001067475179081514 0.001077275286546762 0.001087164595036516 0.00109714390577246 0.001107214027024802 0.00111737577417237 0.001127629969762577 0.001137977443572996 0.001148419032671987 0.001158955581481291 0.001169587941837934 0.001180316973057983 0.001191143541998097 0.00120206846703633 
0.0002008588989359611 0.000202720574886391 0.0002045994526420925 0.0002064956806665435 0.0002084094182881398 0.0002103408262859887 0.0002122900669028911 0.0002142573038585533 0.0002162427023627866 0.000218246429128939 0.000220268652387368 0.0002223095418990973 0.0002243692689694634 0.0002264480064620809 0.0002285459288128219 0.0002306632120437459 0.0002328000337775784 0.0002349565732519352 0.0002371330113336941 0.0002393295305338075 0.0002415463150219021 0.000243783550641205 0.0002460414249234538 0.0002483201271041251 0.0002506198481375917 0.0002529407807125246 0.0002552831192675651 0.0002576470600068292 0.0002600328009155632 0.0002624405417764744 0.000264870484185531 0.0002673228315681385 0.0002697977891956756 0.0002722955642018694 0.0002748163655995254 0.0002773604042970897 0.0002799278931159766 0.000282519046807212 0.0002851340820690218 0.0002877732175640671 0.0002904366739367865 0.000293124673831557 0.0002958374419099683 0.0002985752048692883 0.0003013381914602345 0.0003041266325056083 0.000306940760918502 0.0003097808117211221 0.0003126470220634198 0.0003155396312421105 0.0003184588807198964 0.0003214050141444555 0.0003243782773682286 0.0003273789184678251 0.0003304071877638419 0.0003334633378408667 0.0003365476235676623 0.0003396603021172169 0.0003428016329875824 0.0003459718780222426 0.000349171285005076 
5.778211354823666e-05 5.831946579762546e-05 5.886180829245507e-05 5.940918446823878e-05 5.996164090668076e-05 6.05192246186349e-05 6.108198304802175e-05 6.16499640757965e-05 6.222321602394155e-05 6.280178765947803e-05 6.338572819856544e-05 6.397508731063608e-05 6.456991512245736e-05 6.517026222238851e-05 6.577617966458227e-05 6.638771897319139e-05 6.700493214674835e-05 6.762787166247163e-05 6.82565904805775e-05 6.889114204880759e-05 6.953158030676885e-05 7.017795969050021e-05 7.083033513699487e-05 7.148876208876307e-05 7.215329649846677e-05 7.282399483353915e-05 7.350091408093582e-05 7.418411175186325e-05 7.487364588651289e-05 7.556957505898611e-05 7.627195838211064e-05 7.698085551232228e-05 7.769632665468107e-05 7.8418432567903e-05 7.914723456931405e-05 7.988279454003363e-05 8.062517493009738e-05 8.137443876358368e-05 8.213064964395838e-05 8.289387175928433e-05 8.366416988753755e-05 8.444160940203417e-05 8.522625627686397e-05 8.601817709228648e-05 8.681743904036772e-05 8.762410993043379e-05 8.843825819482137e-05 8.925995289444298e-05 9.008926372457209e-05 9.092626102063065e-05 9.177101576394844e-05 9.262359958774394e-05 9.348408478299325e-05 9.43525443044004e-05 9.522905177653456e-05 9.611368149980824e-05 9.700650845673117e-05 9.790760831803208e-05 9.881705744896926e-05 9.973493291566381e-05 0.0001006613077351352 
1.657137642192015e-05 1.672575988746075e-05 1.688158093754472e-05 1.703885214139163e-05 1.719758697372956e-05 1.73577990341829e-05 1.751950204845761e-05 1.768270986946473e-05 1.784743647853822e-05 1.801369598658545e-05 1.818150263530394e-05 1.835087079838964e-05 1.852181498273915e-05 1.869434982969885e-05 1.886849011629301e-05 1.904425075648656e-05 1.922164680243262e-05 1.94006934457786e-05 1.958140601891401e-05 1.976379999630689e-05 1.994789099578195e-05 2.013369477988139e-05 2.032122725715991e-05 2.051050448356384e-05 2.07015426637747e-05 2.089435815258389e-05 2.108896745628724e-05 2.128538723406811e-05 2.148363429941786e-05 2.168372562155681e-05 2.188567832687091e-05 2.208950970036311e-05 2.229523718710991e-05 2.250287839375567e-05 2.271245108996484e-05 2.292397320998295e-05 2.313746285408866e-05 2.335293829018293e-05 2.357041795529615e-05 2.378992045716292e-05 2.401146457580012e-05 2.423506926507382e-05 2.446075365434011e-05 2.468853705001269e-05 2.491843893724565e-05 2.515047898154481e-05 2.538467703043788e-05 2.562105311516466e-05 2.585962745236212e-05 2.610042044576791e-05 2.634345268794208e-05 2.658874496202782e-05 2.683631824348452e-05 2.708619370186289e-05 2.733839270260739e-05 2.759293680884527e-05 2.784984778320922e-05 2.810914758969078e-05 2.837085839547081e-05 2.863500257279781e-05 2.890160133207175e-05 
4.744686389945485e-06 4.788931456008689e-06 4.833589115286492e-06 4.878662983850705e-06 4.924156937524159e-06 4.970074888173473e-06 5.016420784051359e-06 5.063198610128015e-06 5.110412388432352e-06 5.15806617839917e-06 5.206164077212595e-06 5.254710220159252e-06 5.303708780982002e-06 5.353163972233836e-06 5.403080045643076e-06 5.453461292469262e-06 5.504312043878507e-06 5.555636671310229e-06 5.60743958684818e-06 5.659725243600047e-06 5.712498136080604e-06 5.765762800592228e-06 5.819523815612978e-06 5.873785802189522e-06 5.928553424331645e-06 5.983831389410473e-06 6.039624448561083e-06 6.095937397086079e-06 6.1527750748717e-06 6.210142366794216e-06 6.268044203139199e-06 6.326485560028107e-06 6.385471459835418e-06 6.445006971624214e-06 6.50509721157473e-06 6.565747343422771e-06 6.626962578901473e-06 6.688748178189076e-06 6.751109450350053e-06 6.81405175379782e-06 6.87758049674633e-06 6.941701137675733e-06 7.006419185792311e-06 7.071740201508685e-06 7.137669796908543e-06 7.204213636231575e-06 7.271377436359213e-06 7.33916696729226e-06 7.407588052657184e-06 7.47664657019222e-06 7.546348452255015e-06 7.616699686327694e-06 7.68770631552396e-06 7.759374439113843e-06 7.831710213033913e-06 7.904719850418231e-06 7.978409622129363e-06 8.052785857290299e-06 8.127854943826788e-06 8.203623329005879e-06 8.28009712734648e-06 
1.357291595173016e-06 1.36995505619041e-06 1.382736697038199e-06 1.395637554797767e-06 1.408658740932203e-06 1.421801377259524e-06 1.435066596049326e-06 1.448455540120592e-06 1.461969362938397e-06 1.475609228714917e-06 1.489376312508291e-06 1.503271800322974e-06 1.51729688921345e-06 1.531452787385733e-06 1.545740714301217e-06 1.560161900781318e-06 1.574717589114149e-06 1.589409033160762e-06 1.604237498461319e-06 1.619204262347031e-06 1.634310614046116e-06 1.649557854797928e-06 1.66494729796204e-06 1.680480269132697e-06 1.696158106251608e-06 1.711982159724072e-06 1.727953792533077e-06 1.744074380358845e-06 1.76034531169454e-06 1.776767987966783e-06 1.793343823655916e-06 1.810074246416954e-06 1.826960697202164e-06 1.844004630386326e-06 1.86120751388858e-06 1.878570829301998e-06 1.896096072017483e-06 1.913784751354243e-06 1.931638390689583e-06 1.949658527587003e-06 1.967846713931881e-06 1.986204516061723e-06 2.004733514901684e-06 2.023435306101297e-06 2.042311500169724e-06 2.061363722614118e-06 2.080593614081237e-06 2.100002830494888e-06 2.119593043201647e-06 2.139365939111088e-06 2.159323220842776e-06 2.179466606871341e-06 2.199797831674114e-06 2.220318645880015e-06 2.241030816419827e-06 2.261936126677969e-06 2.283036376644717e-06 2.304333383071503e-06 2.325828979626856e-06 2.347525017052268e-06 2.369423250886891e-06 
3.880912027480724e-07 3.917130630197945e-07 3.953687376359262e-07 3.990585235352749e-07 4.027827389358819e-07 4.065417050233635e-07 4.103357459785348e-07 4.1416518900532e-07 4.180303643589484e-07 4.219316053742752e-07 4.258692484946941e-07 4.298436333009557e-07 4.338551025404482e-07 4.379040021567089e-07 4.419906813192197e-07 4.461154924534588e-07 4.502787912712549e-07 4.544809368014146e-07 4.587222914206339e-07 4.630032208847455e-07 4.673240943600114e-07 4.716852844552114e-07 4.760871672535155e-07 4.805301223449328e-07 4.850145328589537e-07 4.895407854975752e-07 4.941092705685726e-07 4.987203820191011e-07 5.033745174696152e-07 5.080720782480975e-07 5.128134694246088e-07 5.17599099846155e-07 5.224293821718933e-07 5.273047329086403e-07 5.322255724467326e-07 5.37192325096227e-07 5.422054191234002e-07 5.472652867876318e-07 5.52372364378605e-07 5.57527092253864e-07 5.627299148767149e-07 5.679812808544838e-07 5.732816429771234e-07 5.78631458256209e-07 5.84031187964234e-07 5.8948129767434e-07 5.949822573003792e-07 6.005345411373351e-07 6.061386279021975e-07 6.117950007751865e-07 6.175041474411643e-07 6.232665601317714e-07 6.29082735667765e-07 6.349531755016831e-07 6.408783857611267e-07 6.468588772922044e-07 6.528951657035685e-07 6.589877714107314e-07 6.651372196808451e-07 6.71344040677968e-07 6.776087373425128e-07 
1.109400862350333e-07 1.119755853072876e-07 1.130207541066387e-07 1.14075677578157e-07 1.151404467516232e-07 1.162151535061365e-07 1.172998905780381e-07 1.183947515688924e-07 1.194998309536119e-07 1.206152240885081e-07 1.217410272196209e-07 1.228773374909086e-07 1.240242529527194e-07 1.251818725701889e-07 1.263502962317874e-07 1.275296247579187e-07 1.287199599096662e-07 1.299214043974687e-07 1.311340618900774e-07 1.323580370234313e-07 1.335934354096974e-07 1.348403636463725e-07 1.360989293254747e-07 1.373692410428047e-07 1.38651408407367e-07 1.399455420507126e-07 1.412517536365859e-07 1.425701558704867e-07 1.43900862509405e-07 1.452439883716243e-07 1.465996493466055e-07 1.479679624050416e-07 1.493490456088299e-07 1.507430181213586e-07 1.521500002177176e-07 1.535701132950844e-07 1.550034798831838e-07 1.564502236548372e-07 1.579104694366913e-07 1.593843432198566e-07 1.608719721708905e-07 1.623734846426886e-07 1.638890101855645e-07 1.654186795584062e-07 1.669626247400077e-07 1.685209789403268e-07 1.700938766120936e-07 1.716814534623215e-07 1.732838464640306e-07 1.749011938680537e-07 1.765336352149405e-07 1.781813113469806e-07 1.798443644203917e-07 1.815229379175199e-07 1.832171766592164e-07 1.849272268173372e-07 1.866532359273238e-07 1.883953529009068e-07 1.901537280390293e-07 1.919285130446029e-07 1.937198518381742e-07 
2.07483004064501e-07 2.093567567603354e-07 2.112474387871545e-07 2.131551934126886e-07 2.150801747732177e-07 2.170225383963369e-07 2.189824412133455e-07 2.209600415719808e-07 2.229554992492743e-07 2.249689754642787e-07 2.270006328912345e-07 2.290506356725913e-07 2.311191494323619e-07 2.332063412893323e-07 2.353123798707163e-07 2.374374353256619e-07 2.39581679339038e-07 2.417452851451768e-07 2.439284275420172e-07 2.461312829051045e-07 2.483540292018171e-07 2.505968460058431e-07 2.528599145115052e-07 2.551434175484914e-07 2.574475395965491e-07 2.597724668004877e-07 2.621183869850029e-07 2.644854896700562e-07 2.668739660859375e-07 2.692840091889289e-07 2.717158136766414e-07 2.741695760039271e-07 2.76645494398616e-07 2.791437688775378e-07 2.816646012626579e-07 2.84208195197372e-07 2.867747561629184e-07 2.893644914949747e-07 2.919776104003784e-07 2.946143239739703e-07 2.972748452157621e-07 2.999593890478901e-07 3.026681723322142e-07 3.054014138875615e-07 3.081593345076275e-07 3.109421569785335e-07 3.137501060970357e-07 3.165834086885234e-07 3.194422936253416e-07 3.223269918452833e-07 3.252377363701795e-07 3.281747623247363e-07 3.311383069554737e-07 3.34128609649874e-07 3.371459119556678e-07 3.401904576004452e-07 3.432624925110741e-07 3.463622648338278e-07 3.494900249541197e-07 3.52646025516865e-07 3.558305050998328e-07 
7.257470822485559e-07 7.3229990273185e-07 7.389119100899428e-07 7.455836049520271e-07 7.523155259493862e-07 7.591082165717838e-07 7.65962225211108e-07 7.728781052055326e-07 7.798564148840317e-07 7.868977176116873e-07 7.940025818345801e-07 8.01171581125902e-07 8.084052942321164e-07 8.157043051195316e-07 8.230692030213006e-07 8.305005824852276e-07 8.379990434211141e-07 8.455651911494542e-07 8.531996364500239e-07 8.60902995611428e-07 8.686758904801977e-07 8.765189485112445e-07 8.84432802818223e-07 8.924180922249049e-07 9.004754613160446e-07 9.086055604896873e-07 9.168090460093705e-07 9.250865800573617e-07 9.334388307873881e-07 9.418664723788686e-07 9.503701850909761e-07 9.589506553178668e-07 9.676085756433126e-07 9.763446448967852e-07 9.85159568210076e-07 9.940540570734168e-07 1.003028829393091e-06 1.0120846095496e-06 1.021222128455304e-06 1.030442123613609e-06 1.039745339178721e-06 1.049132526014849e-06 1.058604441757001e-06 1.068161850872398e-06 1.077805524721226e-06 1.087536241619167e-06 1.097354786900383e-06 1.107261952979943e-06 1.117258539418511e-06 1.127345352985973e-06 1.137523207726625e-06 1.147792925025201e-06 1.158155333672012e-06 1.168611269930747e-06 1.179161577604768e-06 1.189807108106001e-06 1.200548720522568e-06 1.211387281688621e-06 1.222323666253902e-06 1.233358756753535e-06 1.244493386522501e-06 
2.537692684384882e-06 2.560597129977883e-06 2.58370833868467e-06 2.607028057757829e-06 2.630558167237959e-06 2.654300564100252e-06 2.67825716240882e-06 2.702429893470003e-06 2.726820705986507e-06 2.75143156621541e-06 2.77626445812428e-06 2.801321383551333e-06 2.826604362367287e-06 2.852115432635071e-06 2.877856650776227e-06 2.903830091734044e-06 2.930037849140364e-06 2.956482035484479e-06 2.983164782282589e-06 3.01008824024839e-06 3.03725457946593e-06 3.064665989563528e-06 3.0923246798909e-06 3.120232879694471e-06 3.148392838297241e-06 3.176806825280875e-06 3.205477130663805e-06 3.234406065090907e-06 3.263595960012275e-06 3.293049167875971e-06 3.322768062313649e-06 3.352755038331976e-06 3.383012512504351e-06 3.413542923166292e-06 3.44434873060886e-06 3.475432417277557e-06 3.50679648797116e-06 3.538443470042986e-06 3.570375913602551e-06 3.602596391721713e-06 3.635107500639481e-06 3.667911859972266e-06 3.701012112921224e-06 3.73441092648758e-06 3.768110991683086e-06 3.802115023749342e-06 3.836425762372547e-06 3.871045971904602e-06 3.905978441587103e-06 3.941225985768215e-06 3.976791444136781e-06 4.012677681942763e-06 4.048887590234088e-06 4.085424086082023e-06 4.122290112817296e-06 4.159488640267685e-06 4.197022664994977e-06 4.234895210534602e-06 4.273109327637341e-06 4.311668094517781e-06 4.350574417377185e-06 
8.867729572074988e-06 8.947711110246121e-06 9.028413899801094e-06 9.109844024964569e-06 9.192008033353831e-06 9.274912531431835e-06 9.358564185028759e-06 9.442969719875188e-06 9.528135922138834e-06 9.614069638969265e-06 9.70077777903865e-06 9.78826731309856e-06 9.876545274530211e-06 9.965618759913981e-06 1.00554949295892e-05 1.014618100822566e-05 1.02376842854046e-05 1.033001211619449e-05 1.042317192174372e-05 1.051717118986757e-05 1.061201747564936e-05 1.070771840203681e-05 1.080428166045858e-05 1.090171501143298e-05 1.100002628518486e-05 1.109922338227231e-05 1.119931427422197e-05 1.130030700415405e-05 1.140220968742723e-05 1.150503051229403e-05 1.160877774053999e-05 1.171345970815254e-05 1.181908482598111e-05 1.192566158040733e-05 1.203319853402271e-05 1.214170432631141e-05 1.225118767433506e-05 1.236165737343075e-05 1.247312229791157e-05 1.258559140177526e-05 1.269907371940978e-05 1.281357836632071e-05 1.292911453985802e-05 1.304569151994004e-05 1.316331866980168e-05 1.328200543673511e-05 1.340176135284469e-05 1.352259603580182e-05 1.364451918961236e-05 1.376754060539764e-05 1.389167016215742e-05 1.401691782757073e-05 1.414329365878014e-05 1.427080780320026e-05 1.439947049931549e-05 1.452929207750422e-05 1.466028296085574e-05 1.479245366599873e-05 1.492581480394184e-05 1.506037708091473e-05 1.519615060225564e-05 
3.095008779724973e-05 3.122887418574953e-05 3.151016965166158e-05 3.179399529093661e-05 3.208037381286288e-05 3.236932812989056e-05 3.266088135945152e-05 3.295505682576194e-05 3.325187806166853e-05 3.355136881053752e-05 3.385355302807295e-05 3.415845488424458e-05 3.446609876518633e-05 3.477650927512359e-05 3.508971123828231e-05 3.540572970091294e-05 3.572458993318297e-05 3.604631743124131e-05 3.637093791917122e-05 3.669847735106619e-05 3.702896191304691e-05 3.736241802532204e-05 3.769887234427924e-05 3.803835176459288e-05 3.838088342133414e-05 3.872649469209745e-05 3.907521319917312e-05 3.94270668117155e-05 3.978208364794371e-05 4.014029207733856e-05 4.050172072289717e-05 4.086639846337009e-05 4.123435443553288e-05 4.160561803649105e-05 4.19802189259947e-05 4.23581870287502e-05 4.273955253679086e-05 4.312434591184348e-05 4.351259788774553e-05 4.39043394728154e-05 4.429960195234933e-05 4.469841689102556e-05 4.5100816135413e-05 4.550683181648698e-05 4.591649635212971e-05 4.632984244966498e-05 4.674690310847818e-05 4.716771162255132e-05 4.759230158311739e-05 4.802070688128128e-05 4.845296171068014e-05 4.888910057017416e-05 4.932915826654793e-05 4.977316991725105e-05 5.022117095313441e-05 5.067319712125988e-05 5.112928448768163e-05 5.158946944027302e-05 5.205378869160211e-05 5.252227928177659e-05 5.299497615494044e-05 
0.0001077786099913911 0.0001087470672017587 0.0001097242084587647 0.0001107101063248443 0.0001117048389547542 0.0001127084851964511 0.0001137211245972869 0.0001147428374101019 0.000115773704599412 0.0001168138078477064 0.0001178632295616834 0.0001189220528786411 0.00011999036167294 0.0001210682405623948 0.0001221557749148607 0.0001232530508547669 0.0001243601552698026 0.0001254771758175756 0.0001266042009323873 0.0001277413198320551 0.0001288886225247458 0.0001300461998159334 0.0001312141433154122 0.0001323925454442835 0.0001335814994421304 0.0001347810993741803 0.0001359914401384677 0.000137212617473272 0.0001384447279643402 0.0001396878690523798 0.0001409421390405433 0.0001422076371019606 0.0001434844632873539 0.0001447727185327583 0.0001460725046672477 0.0001473839244207025 0.0001487070814317848 0.0001500420802558253 0.0001513890263728823 0.000152748026195781 0.000154119187078249 0.0001555026173233172 0.0001568984261913786 0.0001583067239087379 0.0001597276216759382 0.0001611612316763519 0.00016260766708477 0.0001640670420759622 0.0001655394718335163 0.0001670250725586599 0.0001685239614790144 0.0001700362568577058 0.0001715620780023182 0.0001731015452740485 0.0001746547800968312 0.0001762219049667152 0.0001778030434611641 0.0001793983202484454 0.0001810078610972405 0.000182631792886111 0.0001842702352031161 
0.0003737466131514593 0.0003770896322584695 0.0003804624212586068 0.0003838652260053026 0.0003872983115783685 0.0003907619453709385 0.0003942563971095361 0.0003977819388741142 0.0004013388451179055 0.000404927392687864 0.0004085478608453689 0.0004122005312865515 0.0004158856881633124 0.0004196036181043369 0.0004233546102360591 0.0004271389562042922 0.0004309569501956997 0.0004348088889592834 0.0004386950718284274 0.0004426158007430446 0.0004465713802717237 0.0004505621176340045 0.0004545883227234171 0.0004586503081298892 0.0004627483891628841 0.0004668828838745954 0.0004710541130832605 0.0004752624003969225 0.0004795080722369425 0.0004837914578618968 0.0004881128893922469 0.0004924727018339541 0.000496871233103694 0.0005013088240531088 0.0005057858184941821 0.0005103025632241063 0.0005148594080506367 0.0005194567058179902 0.0005240948124322171 0.0005287740868875167 0.0005334948912924351 0.0005382575908958653 0.0005430625541143372 0.0005479101525583808 0.0005528007610598141 0.0005577347576990456 0.0005627125238324983 0.0005677344441205007 0.0005728009065550327 0.0005779123024881903 0.0005830690266605738 0.0005882714772297039 0.000593520055799135 0.0005988151674476726 0.0006041572207586221 0.0006095466278491029 0.0006149838044005867 0.0006204691696883014 0.000626003146612041 0.0006315861617263548 0.0006372186163616514 
0.00128594719905042 0.001297351512209236 0.001308856069292643 0.001320461679874145 0.001332169218632168 0.001343979567642889 0.001355893616439233 0.001367912262073186 0.001380036409175575 0.001392266970018592 0.001404604864577321 0.001417051020592336 0.001429606373633147 0.001442271867161136 0.001455048452594441 0.001467937089371143 0.001480938745015563 0.001494054395202505 0.001507285023824126 0.00152063162305621 0.001534095193424606 0.001547676743873268 0.001561377291831468 0.001575197863283626 0.001589139492836397 0.001603203223790212 0.001617390108207283 0.001631701206983842 0.001646137589920029 0.001660700335792254 0.001675390532424842 0.00169020927676289 0.001705157674945311 0.00172023684237896 0.001735447903812342 0.001750791993411371 0.001766270254833437 0.001781883841304759 0.001797633915695957 0.001813521650599493 0.001829548228407235 0.001845714841388769 0.001862022691770142 0.001878472991812949 0.001895066963895095 0.001911805840590393 0.001928690864750051 0.001945723289584729 0.001962904378746468 0.001980235406411928 0.001997717657365317 0.002015352427082799 0.0020331410218182 0.002051084758686619 0.002069184965751766 0.002087442982111554 0.002105860157986837 0.002124437854807144 0.002143177445301073 0.002162080313584136 0.002181147757389948 
0.004360836170299007 0.004398895817244963 0.004437281880319603 0.004475996883913309 0.004515043566817886 0.00455442468957028 0.004594143034608104 0.004634201406430107 0.00467460263175912 0.004715349559698928 0.004756445061901544 0.0047978920327259 0.004839693389407027 0.004881852072216509 0.004924371044633659 0.004967253293508322 0.005010501829233604 0.005054119685910742 0.005098109921524056 0.005142475618107641 0.00518721988192232 0.005232345843624413 0.005277856658444128 0.005323755506359252 0.00537004559226969 0.005416730146179082 0.005463812423368478 0.00551129570458058 0.005559183296195372 0.005607478530415952 0.005656184765449132 0.005705305385687301 0.005754843801897369 0.005804803451401185 0.005855187798267533 0.005906000333494827 0.005957244575204681 0.006008924068827594 0.006061042387295147 0.006113603131234981 0.006166609929157946 0.006220066437658125 0.006273976341603029 0.006328343354332629 0.006383171217854522 0.006438463703046143 0.006494224609848362 0.006550457767470066 0.006607167034587627 0.006664356299548798 0.006722029480574639 0.006780190525965694 0.006838843414306306 0.006897992154672674 0.00695764078683925 0.007017793381487975 0.007078454040420017 0.007139626896765092 0.007201316115191612 0.007263525892124682 0.007326260134044883 
0.01439905401021116 0.01452101520629972 0.01464397437837281 0.01476793860008322 0.01489291561639984 0.01501891322586499 0.01514593928088492 0.01527400168801636 0.01540310840826536 0.01553326745736862 0.01566448690609503 0.0157967748805354 0.01593013956239066 0.01606458918927232 0.01620013205498857 0.01633677650984477 0.01647453096093432 0.01661340387243243 0.01675340376589322 0.01689453922054304 0.01703681887357332 0.01718025142044347 0.01732484561516546 0.01747061027061117 0.01761755425879741 0.01776568651118978 0.01791501601899359 0.0180655518334536 0.01821730306614624 0.0183702788892796 0.01852448853598421 0.01867994130061444 0.0188366465390456 0.01899461366895659 0.01915385217014483 0.01931437158480833 0.01947618151784079 0.01963929163713708 0.0198037116738752 0.01996945142282218 0.02013652074261919 0.02030492955608303 0.02047468785049304 0.02064580567788703 0.02081829315535377 0.02099216046532899 0.02116741785588147 0.02134407564100445 0.02152214420091027 0.02170163398231944 0.02188255549874305 0.02206491933078456 0.0222487361264141 0.02243401660126743 0.02262077153892524 0.02280901179119572 0.02299874827841265 0.02318999198970571 0.02338275398328864 0.02357704538674047 0.02377287639274789 
0.04530107742589666 0.0456638470332674 0.0460293247109375 0.04639752630862348 0.04676846959931072 0.04714217244009157 0.04751865277211675 0.04789792862058049 0.0482800180946836 0.04866493938757428 0.04905271077630893 0.0494433506217974 0.04983687736872276 0.05023330954546578 0.05063266576403627 0.0510349647199827 0.05144022519227517 0.05184846604322527 0.05225970621834546 0.05267396474625235 0.05309126073851078 0.05351161338951914 0.05393504197633597 0.05436156585854812 0.05479120447808602 0.0552239773590506 0.05565990410753732 0.05609900441145239 0.05654129804028508 0.05698680484490597 0.05743554475735868 0.05788753779061844 0.05834280403833687 0.05880136367462103 0.05926323695375082 0.05972844420990765 0.06019700585691241 0.06066894238790795 0.06114427437507807 0.06162302246932581 0.06210520739994209 0.06259084997427729 0.06307997107740575 0.06357259167175407 0.06406873279674255 0.06456841556838236 0.06507166117892765 0.06557849089643743 0.06608892606436774 0.06660298810114208 0.06712069849974144 0.06764207882719903 0.06816715072418914 0.06869593590451559 0.06922845615466254 0.06976473333323342 0.07030478937049388 0.07084864626781071 0.07139632609712732 0.07194785100039432 0.07250324034179634 
0.130865590263577 0.1318086378159931 0.1327575116618887 0.1337122314197963 0.1346728214546033 0.1356393060902706 0.1366117096076835 0.137590056242355 0.1385743701822159 0.1395646755652859 0.1405609964774197 0.1415633569499475 0.1425717809573225 0.1435862924147323 0.1446069151757111 0.1456336730297293 0.1466665896996849 0.1477056888394914 0.1487509940315075 0.1498025287840873 0.1508603165289407 0.1519243806186438 0.1529947443239607 0.1540714308312644 0.1551544632398985 0.1562438645594328 0.1573396577070203 0.1584418655046796 0.159550510676447 0.160665615845758 0.1617872035325101 0.1629152961502776 0.1640499160034887 0.1651910852845254 0.1663388260708379 0.1674931603219448 0.1686541098766322 0.1698216964498426 0.1709959416297026 0.1721768668745425 0.1733644935098333 0.1745588427250561 0.1757599355706719 0.1769677929549869 0.1781824356409505 0.1794038842430522 0.1806321592240613 0.1818672808918532 0.183109269396137 0.1843581447252384 0.1856139267027077 0.1868766349840802 0.188146289053502 0.1894229082203806 0.1907065116159834 0.191997118190059 0.1932947467073381 0.194599415744094 0.1959111436847499 0.197229948718216 0.198555842044435 
0.3273555456865764 0.3292848006504799 0.3312215931168261 0.3331659011412271 0.3351177120385453 0.3370770125753467 0.3390437889656854 0.341018026866919 0.3429997113753031 0.3449888270222597 0.346985357769903 0.3489892870070381 0.3510005975451403 0.3530192716140625 0.3550452908581969 0.3570786363323218 0.3591192884976718 0.361167227217961 0.3632224317552638 0.365284880766312 0.3673545522983672 0.3694314237856294 0.3715154720449901 0.3736066732727641 0.3757050030402637 0.377810436290525 0.3799229473344872 0.3820425098471283 0.3841690968336373 0.3863026807469667 0.3884432333026348 0.3905907255961076 0.3927451280691109 0.3949064105371191 0.3970745420621794 0.3992494911349709 0.4014312255478903 0.403619712422761 0.4058149182073987 0.4080168086724425 0.4102253489082403 0.4124405033217449 0.4146622356332954 0.4168905088737552 0.4191252853814954 0.4213665267993544 0.4236141940719031 0.4258682474425666 0.4281286464508791 0.4303953499297463 0.4326683160028131 0.4349475020818588 0.4372328648641531 0.4395243603302219 0.4418219437410666 0.4441255696361788 0.4464351918309337 0.4487507634145518 0.451072236747758 0.4533995634607251 0.455732682524958 
0.6536371697911656 0.6562091674728074 0.6587805104440634 0.661351077403977 0.6639207595699194 0.6664894475809607 0.6690570315046142 0.6716234008433221 0.6741884445411477 0.6767520509908751 0.6793141080408042 0.6818745030019053 0.684433122655107 0.6869898532586544 0.689544580555548 0.6920971897810563 0.6946475656706846 0.6971955924676251 0.6997411539308941 0.7022841333435778 0.7048244135205873 0.7073618768172278 0.7098964051375538 0.7124278799428283 0.7149561822602314 0.7174811926915816 0.7200027914220353 0.7225208580964826 0.7250185282284342 0.7275291219184957 0.7300358209200501 0.732538503389816 0.7350370472948013 0.7375483070581329 0.7400382520110081 0.7425236895673598 0.7450044963930811 0.7474805487074661 0.7499517224279565 0.7524178931806664 0.7548789363103756 0.7573347268913343 0.7597851397375353 0.7622300494134415 0.7646693302449054 0.7671028563296822 0.7695305015487013 0.7719521395768292 0.774367643894206 0.7767768877973055 0.7791797444103044 0.7815760866965024 0.7839657874696988 0.7863487194058106 0.7887247550547145 0.7910937668515599 0.7934556271289401 0.7958102081286571 0.7981573820137645 0.8004970208803978 0.8028289848909886 
0.9525857820247913 0.9539041979182593 0.9552055850605716 0.9564898491439979 0.9577569036473667 0.9590066630834154 0.9602390430104381 0.9614539600420317 0.9626513318588116 0.9638310772183042 0.9649931159657259 0.9661373690442537 0.9672637585053735 0.9683722075186506 0.9694626403819343 0.9705349825313632 0.9715891605504082 0.9726251021802295 0.9736427363286535 0.9746419930794944 0.9756228037017834 0.9765851006587088 0.977528817616808 0.9784538894537654 0.9793602522684098 0.980247843387453 0.9811166011659274 0.9819258121287202 9.601846663737908e-21 4.917659247215161e-22 4.93454625764877e-22 4.951519701992042e-22 9.70300792540133e-21 0.9866249282535128 0.9873817145581544 0.9880784179679258 0.9887557434230082 0.9894136438049943 0.9900520731099444 0.9906709866643466 0.9912703411297697 0.9918500945102778 0.9924102061567576 0.9929506367735141 0.9934713484225987 0.9939723045294252 0.9944534698876981 0.9949148106638726 0.9953562944015922 0.9957778900269465 0.9961795678516252 0.9965612995774549 0.9969230582999449 0.9972648185122164 0.9975865561084056 0.9978882483868654 0.9981698740531054 0.998431413222518 0.9986728474238159 0.998894159600427 0.9990953331397546 
0.9521023479914539 0.9507608474844906 0.9494025155742726 0.9480274499630953 0.9466357425274595 0.9452274861060729 0.9438027744878589 0.9423617024004907 0.9409043654979923 0.9394308603493818 0.937941284425966 0.936435736089855 0.9349143145811709 0.9333771200059455 0.9318242533237846 0.9302558163354929 0.9286719116700713 0.9270726427727162 0.9254581138915218 0.9238284300653326 0.9221836971104108 0.9205240216079482 0.9188495108909109 0.9171602730310475 0.9154564168259191 0.9137380516068988 0.911969220801335 1.074047776994043e-20 7.132207693523621e-42 2.060988262773635e-44 2.068024162160061e-44 2.075179234595137e-44 7.163552917202339e-42 1.069706980896126e-20 0.8976028399693358 0.8957809906703569 0.8939104468815294 0.8920267589685622 0.890130044670407 0.8882204220764387 0.8862980097877031 0.8843629269033528 0.8824152930069006 0.88045522815276 0.8784828528524851 0.8764982880612666 0.874501655164189 0.872493075962619 0.8704726726607521 0.8684405678516092 0.8663968845038712 0.8643417459479483 0.8622752758627007 0.8601975982613826 0.8581088374786021 0.8560091181565345 0.8538985652312775 0.8517773039196053 0.8496454597053752 0.8475031583261091 0.8453505367546481 
0.6527021321874962 0.6501293972525647 0.6475562347382142 0.6449827639605452 0.6424090904946507 0.6398353192987846 0.6372615547086042 0.6346879004316816 0.6321144595421524 0.629541334475459 0.6269686270229249 0.6243964383271112 0.6218248688765966 0.619254018501211 0.6166839863675126 0.6141148709739529 0.611546770146714 0.6089797810350872 0.6064140001075036 0.6038495231471757 0.6012864452484028 0.5987248608124482 0.596164863543864 0.5936065464469936 0.5910500017380846 0.588472861910057 8.362116182228777e-21 6.666571593316399e-42 9.468404488587677e-64 1.69258421647876e-67 1.698302042468004e-67 1.704238632430162e-67 9.433511060762877e-64 6.572049555034162e-42 8.132447476666473e-21 0.5630492083861752 0.5605423416527119 0.5580169126106562 0.555494472556206 0.5529751029650983 0.5504588844882323 0.547945897029766 0.5454362197456717 0.5429299310420895 0.540427108574105 0.5379278292444952 0.5354321692025993 0.5329402038431797 0.530452007805592 0.5279676549728447 0.5254872184710182 0.5230107706683422 0.5205383831749617 0.5180701268422019 0.5156060717624135 0.5131462872684813 0.5106908419339448 0.5082398035726751 0.5057932392389903 0.5033512152276991 0.5009138094754763 
0.3266561501994158 0.3247371776831989 0.322825749604458 0.320921886123569 0.3190255970571013 0.3171368917003728 0.3152557788317805 0.3133822667172031 0.3115163631141497 0.3096580752761675 0.3078074099572282 0.3059643734160674 0.3041289714204963 0.3023012092517942 0.3004810917090727 0.2986686231135681 0.2968638073132439 0.295066647686807 0.2932771471483525 0.2914953081518488 0.2897211326951485 0.2879546223246344 0.2861957781395925 0.2844446007817735 0.2826953336394344 4.704964244184788e-21 4.45038757841806e-42 7.518998064718896e-64 3.636091168769117e-86 4.363057755217554e-91 4.377516658310024e-91 4.393100233368671e-91 3.589069712650409e-86 7.33191566300898e-64 4.276435030427704e-42 4.445987854641308e-21 0.2623711383078859 0.2607324877620864 0.2590961041522802 0.25746734122593 0.2558461927938315 0.2542326522882897 0.2526267127816222 0.2510283669899531 0.2494376072776489 0.2478544256614193 0.2462788138148052 0.2447107630720581 0.2431502644326273 0.2415973085651547 0.2400518858117661 0.2385139861921012 0.2369835994076323 0.2354607148456041 0.2339453215832884 0.2324374083920375 0.2309369637413259 0.2294439758028477 0.2279584324545897 0.2264803212848807 0.2250096370640787 
0.1305242405753342 0.1295890911359819 0.1286597005946269 0.1277360492247264 0.1268181124786935 0.1259058657815362 0.1249992845328882 0.1240983441090012 0.1232030198647663 0.122313287135634 0.1214291212396086 0.1205504974791007 0.1196773911428861 0.1188097775079131 0.1179476318411968 0.1170909294016469 0.1162396454418223 0.1153937552097723 0.1145532339507325 0.1137180569089251 0.1128881993292128 0.1120636364588372 0.1112443435490542 0.1104302958510888 0.1096192369895433 7.409653417955004e-23 3.10542940607647e-45 2.550414670835129e-68 6.574791098931823e-92 9.122783246520114e-114 4.584652608562509e-115 9.069782508226378e-114 6.016579926121816e-92 2.33387078422823e-68 2.841756971145051e-45 6.780517839158044e-23 0.1003117029483229 0.09957054692580675 0.0988322169856861 0.0980987384024177 0.09737008676611159 0.09664623769343707 0.0959271668340521 0.09521284987186274 0.09450326252619774 0.09379838055305424 0.09309817974624462 0.0924026359385787 0.09171172500300771 0.09102542285371536 0.0903437054472629 0.08966654878365664 0.08899392890742484 0.08832582190867831 0.08766220392410107 0.0870030511380306 0.08634833978341236 0.08569804614279021 0.08505214654927643 0.08441061738751267 0.08377343832629172 
0.04516988180149487 0.04481077373086209 0.04445432857687426 0.04410053077510851 0.04374936300371308 0.04340080802490219 0.04305484868495132 0.04271146791415802 0.04237064872681273 0.04203237422113687 0.04169662757924956 0.04136339206711197 0.04103265103444877 0.04070438791470214 0.04037858622495447 0.04005522956583357 0.03973430162145385 0.03941578615931336 0.0390996670302021 0.03878592816810363 0.03847455359009209 0.03816552739622978 0.03785883376943131 0.03755445697343789 0.03725162312119987 2.5179572842733e-23 1.055253436230926e-45 8.665948688937807e-69 2.233721357225159e-92 2.339451790469325e-116 3.244132269144651e-137 2.12273121469806e-116 2.026793054951776e-92 7.863149294263241e-69 9.574964644064e-46 2.284697748067869e-23 0.03380069030990539 0.03352783387896268 0.03325637731383987 0.03298699697060609 0.0327196785010878 0.03245440763524389 0.03219117018274713 0.0319299520327591 0.03167073915375632 0.03141351759330151 0.03115827347785537 0.03090499301255864 0.0306536624810211 0.03040426824510372 0.0301567967447039 0.02991123449753122 0.02966756809888551 0.02942578422142659 0.0291858696149579 0.02894781110617275 0.0287115955984427 0.0284772100715686 0.02824464158154463 0.02801387726032017 0.0277849054761232 
0.01435496810066219 0.01423435448230708 0.01411471963407856 0.01399605666019472 0.01387835809808907 0.0137616165369282 0.01364582461733495 0.01353097503109326 0.01341706052086778 0.01330407387992115 0.01319200795182601 0.01308085563018033 0.01297060985833394 0.01286126362909624 0.01275280998446231 0.0126452420153267 0.01253855286121041 0.01243273570997546 0.01232778379755182 0.01222369040765465 0.01212044887151205 0.01201805256758746 0.01191649492130466 0.01181576940416428 0.0117156310943906 7.919026843741684e-24 3.31882898724702e-46 2.72553507704725e-69 7.025500851598965e-93 3.295321444148685e-116 1.480374066194199e-119 2.982342108216658e-116 6.343874355411243e-93 2.46109877930064e-69 2.996830175481377e-46 7.150708285003215e-24 0.0105789583677012 0.01048943896249058 0.01040044296253629 0.01031218077420405 0.0102246466226556 0.01013783477440187 0.01005173953758718 0.009966355261740447 0.009881676337514293 0.009797697196430605 0.009714412310628305 0.009631816192612863 0.009549903394999575 0.009468668510264913 0.00938810617050231 0.009308211047162077 0.009228977850814448 0.00915040133089878 0.009072476275474629 0.008995197510984328 0.008918559902002274 0.008842558350996829 0.008767187798086527 0.008692443220801418 0.00861832000940904 
0.00434708221582057 0.004309463027639836 0.004272163532556049 0.004235181277876639 0.004198513638765448 0.004162158011142231 0.004126111811532658 0.00409037247691719 0.004054937464581522 0.004019804251967844 0.003984970336526875 0.003950433235572261 0.003916190486132797 0.003882239644808024 0.00384857828762455 0.003815204009892976 0.003782114426064817 0.003749307169590955 0.003716779892783028 0.003684530266670901 0.003652555980866573 0.003620854743425484 0.003589424280707944 0.003558262337062126 0.003527294890808741 2.26587521902671e-23 9.002717377385443e-45 6.995556811104382e-67 1.703570056116412e-89 1.426492147631709e-95 1.413393878177437e-95 1.401119052627873e-95 1.569932613584438e-89 6.408608917286291e-67 8.199315671416509e-45 2.051906672900598e-23 0.003176533401181209 0.003148968690986282 0.003121575829781585 0.003094417763646553 0.003067492526187352 0.003040798166713031 0.003014332750279798 0.002988094357571746 0.002962081084782349 0.002936291043496804 0.002910722360575232 0.002885373178035968 0.002860241652942008 0.002835325957283714 0.002810624277867987 0.002786134816202603 0.002761855788386213 0.002737785424995909 0.00271392197097561 0.002690263685528103 0.002666808842004362 0.00264355572779565 0.002620502644225437 0.002597647906443981 0.002574989958099316 
0.001281826513877345 0.001270557417931354 0.001259386429184932 0.001248312762382972 0.001237335581513554 0.001226454057588739 0.001215667368588471 0.001204974699403867 0.001194375241780769 0.001183868194264859 0.001173452762145597 0.001163128157401704 0.001152893598647332 0.001142748311077025 0.001132691526413568 0.00112272248285321 0.001112840425014056 0.001103044603883785 0.001093334276766897 0.001083708707233875 0.00107416716506975 0.001064708926223466 0.001055333272757766 0.001046039492798729 0.001036826880279876 0.001027643948765439 6.564669583099788e-24 2.59668991150947e-45 2.010616476162881e-67 5.533417365358926e-72 5.483403429570113e-72 5.43501559685148e-72 1.873785565764298e-67 2.40532153783339e-45 6.044412869178323e-24 0.0009406026293267037 0.0009323576733467208 0.0009241386558904374 0.000915991528466067 0.0009079156699172722 0.0008999104641717056 0.0008919753003851184 0.0008841095728979652 0.000876312681192784 0.0008685840298516516 0.0008609230285145591 0.0008533290918370513 0.0008458016394491225 0.0008383400959144402 0.0008309438906891651 0.0008236124580814928 0.0008163452372119676 0.0008091416719732611 0.000802001210990963 0.0007949233075842049 0.0007879074197268296 0.0007809530100091743 0.0007740595455991899 0.0007672264982051245 0.0007604533440374109 0.0007537395977783254 
0.0003725387841054887 0.0003692359131839928 0.000365962166186154 0.0003627173048525199 0.0003595010761802444 0.0003563132293576167 0.0003531535157454019 0.0003500216888583628 0.000346917504346807 0.0003438407199787417 0.0003407910956214969 0.0003377683932238914 0.0003347723767987283 0.0003318028124048367 0.0003288594681300324 0.0003259421140734163 0.0003230505223286135 0.0003201844669663575 0.0003173437240179448 0.0003145280714584044 0.0003117372891896965 0.0003089711590246629 0.0003062294646703602 0.0003035119917119601 0.0003008185275968189 0.0002981488615245032 0.0002954881536501028 1.88195222628064e-24 7.426458312691634e-46 6.73761045119541e-49 6.677142698022189e-49 6.617803470558452e-49 7.000573275471249e-46 1.763143612065397e-24 0.000275145261137687 0.0002727160326677247 0.0002702947521254366 0.0002678948795436435 0.0002655162269133436 0.0002631586077759876 0.000260821837295984 0.0002585057322464815 0.0002562101109957984 0.0002539347934936359 0.0002516796012575014 0.0002494443573593102 0.0002472288864119865 0.0002450330145563966 0.0002428565694478665 0.0002406993802435669 0.0002385612775894207 0.0002364420936072814 0.0002343416618823637 0.0002322598174505811 0.0002301963967860984 0.0002281512377889547 0.0002261241797728735 0.0002241150634529466 0.0002221237309337436 0.000220150025697252 0.0002181938024992431 
0.0001074287220620775 0.0001064719750764648 0.0001055237219256037 0.0001045838923208703 0.0001036524117240531 0.0001027292062526164 0.0001018142026739574 0.0001009073283998969 0.0001000085114808561 9.911768060042913e-05 9.823476506983967e-05 9.735969482240094e-05 9.649240040813706e-05 9.563281298842919e-05 9.478086433062168e-05 9.393648680276089e-05 9.309961336836558e-05 9.227017758118173e-05 9.144811358008307e-05 9.063335608395594e-05 8.982584038660387e-05 8.902550235172524e-05 8.823227840795784e-05 8.744610554398406e-05 8.666692130352994e-05 8.589466378061193e-05 8.512927158777205e-05 8.436650224275135e-05 5.364719409523449e-25 1.607622454307287e-26 1.593242331862601e-26 1.57903676764426e-26 5.115816774031092e-25 7.995474403215816e-05 7.924610010835407e-05 7.853982262747765e-05 7.783982584399413e-05 7.71460541167057e-05 7.645845227013059e-05 7.577696561541807e-05 7.510153994598678e-05 7.443212153343508e-05 7.376865712320384e-05 7.311109393061415e-05 7.245937963654498e-05 7.181346238353585e-05 7.117329077162812e-05 7.053881385441909e-05 6.990998113506131e-05 6.928674256234122e-05 6.866904852674914e-05 6.805684985665337e-05 6.745009781443004e-05 6.684874409263706e-05 6.62527408103282e-05 6.56620405092133e-05 6.507659615001931e-05 6.449636110880708e-05 6.392128917331469e-05 6.335133453936118e-05 6.278645466824287e-05 
3.084936903090744e-05 3.057396588228996e-05 3.030101657858112e-05 3.003050068992489e-05 2.976239656648085e-05 2.949668275041533e-05 2.923333797423715e-05 2.897234115908456e-05 2.871367141308211e-05 2.845730802966957e-05 2.820323048599404e-05 2.795141844125833e-05 2.770185173512248e-05 2.745451038613692e-05 2.720937459011132e-05 2.696642471859385e-05 2.6725641317294e-05 2.648700510455663e-05 2.62504969698287e-05 2.601609797215867e-05 2.578378933867729e-05 2.555355246312964e-05 2.532536890441205e-05 2.509922038507897e-05 2.48750887899328e-05 2.46529561645637e-05 2.443280471395041e-05 2.421461679461833e-05 2.399767317997498e-05 2.378336631627952e-05 2.357097096076301e-05 2.336047009131374e-05 2.315184684393935e-05 2.294575548831948e-05 2.274083148685436e-05 2.253773544236342e-05 2.233645108420716e-05 2.213696228019811e-05 2.193925304141577e-05 2.17433075209426e-05 2.154911001259543e-05 2.135664494969247e-05 2.116589690381921e-05 2.097685058359369e-05 2.078949083346181e-05 2.060380263250745e-05 2.041977109323486e-05 2.023738146041325e-05 2.005661910988931e-05 1.987746954743068e-05 1.969991840759187e-05 1.952395145254279e-05 1.934955457097655e-05 1.917671377695686e-05 1.900541520882919e-05 1.883564512811589e-05 1.866738991841378e-05 1.850063608433507e-05 1.833537025041601e-05 1.817157916006215e-05 1.800925049665224e-05 
8.838834525652269e-06 8.759825493668922e-06 8.681521793909283e-06 8.603917535027101e-06 8.52700647618684e-06 8.450782432147951e-06 8.375239272769445e-06 8.300370922516687e-06 8.22617135997998e-06 8.15263461739166e-06 8.079754780152806e-06 8.007525986354183e-06 7.935942426315497e-06 7.864998342114174e-06 7.79468802713322e-06 7.725005825593639e-06 7.655946132118803e-06 7.5875033912692e-06 7.519672097110012e-06 7.452446792768149e-06 7.385822069992994e-06 7.319792568730003e-06 7.254352976686311e-06 7.189498028908785e-06 7.125222507364228e-06 7.061521240521356e-06 6.998389102935301e-06 6.935821014840099e-06 6.873811940941715e-06 6.812356893224624e-06 6.751450925727036e-06 6.691089137370465e-06 6.631266670759429e-06 6.571978712559806e-06 6.513220490038954e-06 6.45498727530903e-06 6.397274381854842e-06 6.340077164938301e-06 6.283391021223256e-06 6.227211388407794e-06 6.171533744862908e-06 6.116353609264353e-06 6.061666540239562e-06 6.007468136009095e-06 5.953754034035521e-06 5.900519910674195e-06 5.847761480828582e-06 5.795474497603825e-06 5.74365475197033e-06 5.692298072426805e-06 5.641400324661482e-06 5.590957411226442e-06 5.540965271210536e-06 5.491419879908622e-06 5.442317248503308e-06 5.393653423744873e-06 5.345424487633489e-06 5.297626557108656e-06 5.250255783735067e-06 5.203308353396144e-06 5.156780721633257e-06 
2.529418014939488e-06 2.506792355897695e-06 2.484368889913287e-06 2.462145925241255e-06 2.440121670132727e-06 2.418294348837226e-06 2.396662201457875e-06 2.375223483812435e-06 2.353976467291428e-06 2.332919438720701e-06 2.31205070022234e-06 2.2913685690797e-06 2.270871377600816e-06 2.250557472985411e-06 2.230425217191779e-06 2.210472986805187e-06 2.190699172907353e-06 2.171102180947243e-06 2.151680430612583e-06 2.132432355704105e-06 2.11335640400753e-06 2.094451037170669e-06 2.075714730579502e-06 2.057145973234445e-06 2.038743267631102e-06 2.020505129637315e-06 2.0024300883753e-06 1.984516686104352e-06 1.966763478101565e-06 1.949169032546458e-06 1.93173193040739e-06 1.914450765325106e-06 1.897324143501368e-06 1.880350683586345e-06 1.863529016567296e-06 1.846857785658913e-06 1.830335646194295e-06 1.813961265516531e-06 1.797733322871436e-06 1.781650509301821e-06 1.765711527542035e-06 1.749915091913422e-06 1.734259928222007e-06 1.718744773653771e-06 1.703368376675572e-06 1.688129496932977e-06 1.67302690515151e-06 1.658059383036445e-06 1.643225723176262e-06 1.628524728944819e-06 1.613955214405345e-06 1.599516004214476e-06 1.585205933528348e-06 1.571023847909533e-06 1.556968603232269e-06 1.543039065591899e-06 1.529234111213795e-06 1.515552626361799e-06 1.501993507249986e-06 1.488555659952764e-06 1.475238067766032e-06 
7.233797584927616e-07 7.169067412349332e-07 7.104916016631995e-07 7.04133855070815e-07 6.978329881529559e-07 6.915884921931789e-07 6.853998630229628e-07 6.792666009807887e-07 6.731882108719279e-07 6.671642019285688e-07 6.611940877702493e-07 6.55277386364671e-07 6.494136199888386e-07 6.436023151905827e-07 6.378430027503938e-07 6.32135217643678e-07 6.264784990029953e-07 6.208723900813532e-07 6.153164382150976e-07 6.09810194787508e-07 6.043532151926425e-07 5.989450587995038e-07 5.935852889165259e-07 5.882734727563613e-07 5.830091814010222e-07 5.777919897673013e-07 5.726214765724871e-07 5.674972243004482e-07 5.624188191679249e-07 5.573858510912398e-07 5.523979136531797e-07 5.474546040702775e-07 5.42555523160325e-07 5.377002753102011e-07 5.328884684439721e-07 5.281197139912907e-07 5.233936268560818e-07 5.187098253854721e-07 5.140679313390453e-07 5.094675698583371e-07 5.049083694366279e-07 5.003899618889746e-07 4.959119823224896e-07 4.914740691070797e-07 4.870758638461042e-07 4.827170113475501e-07 4.783971595953988e-07 4.74115959721251e-07 4.698730659762001e-07 4.656681357029193e-07 4.615008293080829e-07 4.573708102349431e-07 4.532777449362206e-07 4.492213028471988e-07 4.452011563590043e-07 4.412169807924269e-07 4.37268454371398e-07 4.333552581972693e-07 4.294770762230215e-07 4.256335952278932e-07 4.21824524083372e-07 
2.06806078582805e-07 2.049551520461865e-07 2.031207802195185e-07 2.013028243943733e-07 1.995011376867298e-07 1.977155745264097e-07 1.959459906454369e-07 1.941922430663586e-07 1.924541900907826e-07 1.907316912877983e-07 1.890246074828043e-07 1.873328007461097e-07 1.856561343819704e-07 1.839944729173867e-07 1.823476820913122e-07 1.807156288437376e-07 1.790981813049867e-07 1.774952087849956e-07 1.759065817628816e-07 1.743321718764078e-07 1.727718519116423e-07 1.712254957926908e-07 1.696929785715161e-07 1.681741764178356e-07 1.666689666091997e-07 1.651772275209746e-07 1.636988386165923e-07 1.622336804377944e-07 1.607816345950484e-07 1.593425837578782e-07 1.579164116455188e-07 1.565030030174061e-07 1.551022436639993e-07 1.537140203974275e-07 1.523382210424749e-07 1.509747344274512e-07 1.496234503752548e-07 1.482842596944092e-07 1.469570541703461e-07 1.456417265566064e-07 1.443381705661976e-07 1.43046280863008e-07 1.417659530533075e-07 1.404970836773184e-07 1.392395702008616e-07 1.379933110070658e-07 1.367582053882172e-07 1.35534153537544e-07 1.343210565412213e-07 1.331188163703406e-07 1.319273358730756e-07 1.307465187667155e-07 1.295762696300203e-07 1.284164938953967e-07 1.272670978413745e-07 1.261279885849309e-07 1.249990740740859e-07 1.238802630804294e-07 1.22771465191707e-07 1.216725908046367e-07 1.205835566330821e-07 
1.105660710330383e-07 1.095436054562259e-07 1.085305892552012e-07 1.075269402651437e-07 1.065325718794345e-07 1.055473982920366e-07 1.045713344901077e-07 1.036042962466605e-07 1.026462001133434e-07 1.016969634131689e-07 1.007565042334696e-07 9.982474141875069e-08 9.890159456376674e-08 9.798698400654519e-08 9.708083082152733e-08 9.618305681275311e-08 9.529358450715929e-08 9.441233714782611e-08 9.353923868744113e-08 9.267421378165947e-08 9.181718778267665e-08 9.096808673275335e-08 9.012683735784845e-08 8.929336706129417e-08 8.846760391753163e-08 8.76494766659485e-08 8.683891470465779e-08 8.603584808449693e-08 8.524020750290939e-08 8.445192429804388e-08 8.367093044278472e-08 8.289715853890569e-08 8.213054181123981e-08 8.137101410196295e-08 8.061850986482953e-08 7.987296415954924e-08 7.91343126462057e-08 7.840249157968652e-08 7.767743780416033e-08 7.69590887476847e-08 7.624738241677395e-08 7.554225739105919e-08 7.484365281798485e-08 7.41515084075939e-08 7.346576442726921e-08 7.278636169664881e-08 7.21132415824548e-08 7.144634599349354e-08 7.078561737561676e-08 7.013099870675834e-08 6.948243349202558e-08 6.883986575881752e-08 6.820324005200404e-08 6.757250142913366e-08 6.69475954557211e-08 6.632846820050584e-08 6.571506623084815e-08 6.510733660810044e-08 6.450522688301616e-08 6.390868509128646e-08 6.33176627416152e-08 
3.8678300971773e-07 3.832067268060048e-07 3.796634879145601e-07 3.761530058191472e-07 3.726749777566866e-07 3.692291037613421e-07 3.658150866388887e-07 3.624326319410871e-07 3.590814479403184e-07 3.557612456044208e-07 3.524717385719516e-07 3.492126431272914e-07 3.459836781763648e-07 3.427845652223891e-07 3.396150283418853e-07 3.364747941608812e-07 3.333635918315109e-07 3.302811530084609e-07 3.272272118260051e-07 3.242015048750702e-07 3.212037711805137e-07 3.182337521787772e-07 3.152911916954071e-07 3.12375835923129e-07 3.094874333999168e-07 3.066257349874693e-07 3.037904938495354e-07 3.009814654307996e-07 2.98198407435734e-07 2.954410798078765e-07 2.92709244708932e-07 2.900026664984342e-07 2.873211117133663e-07 2.846643490481849e-07 2.820321493347006e-07 2.794242855224541e-07 2.768405326591137e-07 2.742806678711907e-07 2.717444703446737e-07 2.692317213061213e-07 2.667422040037566e-07 2.64275703688904e-07 2.618320075973131e-07 2.59410904930919e-07 2.570121868397705e-07 2.546356464038525e-07 2.522810786153496e-07 2.499482803610624e-07 2.476370504047562e-07 2.453471893698988e-07 2.4307849972247e-07 2.408307857540099e-07 2.386038535646234e-07 2.363975110463392e-07 2.342115678666289e-07 2.32045835451872e-07 2.299001269711592e-07 2.277742573202906e-07 2.256680431056488e-07 2.235813026285416e-07 2.215138663379024e-07 
1.352717621310168e-06 1.340213452441819e-06 1.32782477264571e-06 1.315550578740549e-06 1.303389813195716e-06 1.291341428242695e-06 1.279404385785591e-06 1.267577657311254e-06 1.255860223801638e-06 1.244251075646073e-06 1.23274921255351e-06 1.221353643468409e-06 1.210063386483475e-06 1.198877468757125e-06 1.187794926428514e-06 1.176814804535815e-06 1.165936156933264e-06 1.155158046209995e-06 1.144479543609809e-06 1.133899728951681e-06 1.123417690548956e-06 1.113032525133155e-06 1.102743337775304e-06 1.09254924180853e-06 1.082449358752824e-06 1.072442818238953e-06 1.062528757933974e-06 1.052706323466245e-06 1.042974668353247e-06 1.033332953927786e-06 1.023780349266799e-06 1.014316031119004e-06 1.004939183834156e-06 9.956489992942967e-07 9.864446768426047e-07 9.773254232148742e-07 9.682904524727435e-07 9.593389859337189e-07 9.504702521064878e-07 9.416834866232908e-07 9.329779321744267e-07 9.243528384432062e-07 9.158074620417505e-07 9.073410664464665e-07 8.989529219349812e-07 8.90642305523577e-07 8.824085009049494e-07 8.742507983861579e-07 8.661684948280476e-07 8.581608935850117e-07 8.502273044441928e-07 8.423670435670097e-07 8.345794334299151e-07 8.268638027662825e-07 8.192194865081902e-07 8.116458257301184e-07 8.041421675914414e-07 7.96707865280792e-07 7.893422779600476e-07 7.82044770709541e-07 7.748147510823601e-07 
4.72870523339738e-06 4.685016299944753e-06 4.641730575411742e-06 4.598844561746561e-06 4.556354570880982e-06 4.514256948733796e-06 4.472548074901192e-06 4.431224362343452e-06 4.390282257081521e-06 4.349718237889371e-06 4.309528815995226e-06 4.269710534782627e-06 4.230259969492805e-06 4.191173726935074e-06 4.152448445191919e-06 4.114080793334468e-06 4.076067471135877e-06 4.038405208790731e-06 4.001090766631457e-06 3.964120934855024e-06 3.927492533246801e-06 3.891202410906519e-06 3.855247445979353e-06 3.819624545390367e-06 3.784330644578332e-06 3.749362707232148e-06 3.714717725032704e-06 3.680392717395558e-06 3.64638473121244e-06 3.612690840603225e-06 3.579308146660462e-06 3.546233777203883e-06 3.513464886534908e-06 3.480998655190268e-06 3.448832289703582e-06 3.416963022362903e-06 3.385388110976797e-06 3.354104838635916e-06 3.323110513484008e-06 3.292402468484367e-06 3.261978061193153e-06 3.231834673531024e-06 3.201969711561497e-06 3.172380605265763e-06 3.143064808325308e-06 3.114019797900888e-06 3.085243074418325e-06 3.05673216135406e-06 3.028484605022013e-06 3.000497974364575e-06 2.972769860741574e-06 2.945297877728117e-06 2.918079660906567e-06 2.891112867663995e-06 2.864395176994321e-06 2.837924289295985e-06 2.81169792617624e-06 2.785713830256005e-06 2.759969764976777e-06 2.734463514406895e-06 2.709193011011143e-06 
1.651561317358347e-05 1.636316746601216e-05 1.621212670925765e-05 1.606247874311247e-05 1.591421074355342e-05 1.576731000436252e-05 1.562176393605119e-05 1.547756006479507e-05 1.533468603137439e-05 1.519312959012193e-05 1.50528786078792e-05 1.49139210629818e-05 1.477624504422271e-05 1.463983874984297e-05 1.450469048653544e-05 1.437078866845018e-05 1.423812181620485e-05 1.410667855591636e-05 1.397644761822616e-05 1.384741783735556e-05 1.371957815013933e-05 1.359291759510149e-05 1.346742531151555e-05 1.334309053848311e-05 1.321990261401753e-05 1.309785097414253e-05 1.297692515198859e-05 1.285711477690267e-05 1.27384095735746e-05 1.262079936115317e-05 1.250427405238616e-05 1.238882365276294e-05 1.227443825965634e-05 1.216110806149535e-05 1.204882333691606e-05 1.193757445394142e-05 1.182735186915735e-05 1.171814612691419e-05 1.160994785850014e-05 1.150274778136373e-05 1.139653669831328e-05 1.129130549673549e-05 1.1187045147826e-05 1.108374670581112e-05 1.098140130719647e-05 1.088000017000112e-05 1.077953459302266e-05 1.067999595508845e-05 1.058137571431864e-05 1.048366540740871e-05 1.038685664889932e-05 1.029094113047078e-05 1.01959106202282e-05 1.010175696199995e-05 1.000847207465276e-05 9.916047951392199e-06 9.824476659086402e-06 9.733750337585652e-06 9.6438611990627e-06 9.554801527336255e-06 9.466564124016462e-06 
5.75880188475454e-05 5.705739336674471e-05 5.653164526428542e-05 5.601073251032281e-05 5.549461075928598e-05 5.498323607056474e-05 5.447656490484201e-05 5.397455412042578e-05 5.34771609697186e-05 5.29843430955336e-05 5.249605852763655e-05 5.201226567920261e-05 5.153292334331598e-05 5.105799068956314e-05 5.058742726059425e-05 5.012119296870954e-05 4.965924809254037e-05 4.920155327371542e-05 4.874806951355003e-05 4.829875816978142e-05 4.785358095333993e-05 4.74124999251422e-05 4.697547749289202e-05 4.65424764079447e-05 4.611345976219518e-05 4.568839098495552e-05 4.52672338399056e-05 4.484995242204788e-05 4.443651115470523e-05 4.402687478652787e-05 4.362100838852853e-05 4.321887735116813e-05 4.282044738145028e-05 4.242568450000848e-05 4.203455503831016e-05 4.164702563578739e-05 4.126306323703363e-05 4.088263508906509e-05 4.050570873854237e-05 4.013225202903375e-05 3.976223309834781e-05 3.9395620375816e-05 3.903238257967316e-05 3.867248871440889e-05 3.831590806817864e-05 3.796261021020919e-05 3.761256498822381e-05 3.726574252594306e-05 3.692211322055145e-05 3.658164774020798e-05 3.624431702158866e-05 3.591009226741636e-05 3.55789449440717e-05 3.525084677917024e-05 3.492576975918293e-05 3.460368612709114e-05 3.428456838003987e-05 3.39683892670181e-05 3.365512178657679e-05 3.334473918455705e-05 3.303721650897999e-05 
0.0002001864297631531 0.0001983479434049449 0.0001965262724557278 0.0001947212732064921 0.0001929327938919165 0.0001911606841169401 0.0001894047948446522 0.0001876649783842173 0.0001859410883788014 0.0001842329797936528 0.000182540508904451 0.0001808635332854241 0.0001792019117978351 0.0001775555045785012 0.0001759241730284786 0.0001743077798015703 0.0001727061887933783 0.0001711192651299458 0.0001695468751570521 0.0001679888864290789 0.0001664451676983344 0.0001649155889042353 0.000163400021162867 0.0001618983367562746 0.0001604104091221221 0.0001589361128434061 0.0001574753236380859 0.0001560279183490296 0.0001545937749338639 0.0001531727724551031 0.0001517647910701415 0.0001503697120215418 0.000148987417627225 0.0001476177912709651 0.0001462607173927255 0.0001449160814792077 0.0001435837700545527 0.000142263670670976 0.0001409556718995689 0.0001396596633211617 0.0001383755355172767 0.000137103180061132 0.0001358424895087907 0.0001345933573903148 0.0001333556782010113 0.0001321293473928181 0.0001309142613656827 0.0001297103174590245 0.0001285174139434138 0.000127335450012088 0.0001261643257727028 0.0001250039422391895 0.0001238542013235035 0.0001227150058276408 0.0001215862594356256 0.0001204678667055492 0.0001193597330617465 0.0001182617647870038 0.0001171738690148402 0.0001160959537218435 0.0001150279331283086 
0.0006919090724010345 0.0006855936944335931 0.0006793355440774391 0.0006731341398636087 0.0006669889724405246 0.0006608995369571685 0.0006548653330243152 0.0006488858646763501 0.0006429606403325124 0.0006370891727598277 0.0006312709790349004 0.0006255055805071935 0.0006197925027617849 0.0006141312755830987 0.0006085214329183319 0.0006029625128415657 0.0005974540575180459 0.0005919956131689928 0.0005865867300361633 0.0005812269623472791 0.0005759158682815982 0.0005706530099351769 0.0005654379532876511 0.0005602702681679777 0.0005551495282214634 0.0005500753108762618 0.0005450471973111389 0.0005400647724222758 0.0005351276247912533 0.0005302353466533063 0.0005253875338652463 0.0005205837858740422 0.000515823705685683 0.0005111068998343542 0.0005064329783514617 0.0005018015547354135 0.000497212245921338 0.0004926646722514191 0.0004881584574447511 0.000483693228568374 0.0004792686160078399 0.0004748842534384849 0.0004705397777964942 0.000466234829250758 0.0004619690511743015 0.0004577420901168484 0.0004535535957765021 0.0004494032209728112 0.0004452906216189227 0.0004412154566952142 0.0004371773882218533 0.000433176081232811 0.0004292112037490308 0.0004252824267525071 0.0004213894241604941 0.0004175318727996737 0.0004137094523806223 0.0004099218454727605 0.0004061687374792149 0.0004024498166120241 0.0003987647925281249 
0.002366140749526356 0.002344791354307638 0.002323632055598563 0.00230266130150036 0.002281877444583769 0.002261278851369331 0.00224086390221674 0.002220630991211893 0.002200578526057291 0.002180704927963132 0.002161008631536846 0.002141488084676525 0.002122141748462984 0.002102968097053394 0.002083965617575562 0.002065132810023315 0.002046468187151714 0.00202797027437499 0.002009637609662326 0.001991468743437574 0.001973462238476721 0.001955616669808914 0.001937930624616156 0.001920402702134524 0.00190303151355632 0.00188581568193255 0.001868753842076156 0.001851844640466249 0.001835086735153583 0.001818478795664629 0.001802019502909282 0.00178570754908652 0.001769541637593371 0.001753520482932185 0.001737642810620298 0.00172190735709908 0.001706312869645511 0.001690858106282065 0.001675541835688747 0.001660362837116191 0.001645319900298434 0.00163041182536575 0.001615637422760493 0.001600995513151512 0.001586484927349549 0.001572104506224131 0.0015578531006206 0.001543729571277071 0.001529732788743682 0.00151586163330045 0.001502114994877758 0.001488491772975737 0.001474990876585776 0.001461611224111063 0.001448351743289084 0.001435211371114144 0.001422189053760451 0.001409283746505978 0.001396494413656578 0.001383820028471715 0.001371259636698969 
0.007934014142997953 0.007863953845308514 0.007794496932352023 0.007725638761436155 0.007657374369050876 0.007589698830174428 0.007522607258016483 0.007456094803750312 0.007390156656259981 0.00732478804187463 0.007259984224115448 0.007195740503438529 0.007132052216979526 0.007068914738300297 0.007006323477136925 0.006944273879148474 0.0068827614256677 0.006821781633453114 0.006761330054438711 0.006701402275494568 0.006641993918174982 0.006583100638482419 0.006524718126618866 0.006466842106752169 0.006409468336770547 0.006352592608047686 0.00629621074520775 0.006240318605885908 0.006184912080496949 0.006129987092002047 0.00607553959567611 0.006021565578880821 0.005968061060831208 0.005915022092370742 0.005862444755744575 0.005810325164373985 0.005758659462632914 0.005707443825625376 0.005656674458964522 0.005606347598550333 0.005556459510354635 0.005507006490200984 0.005457984863549175 0.005409390985280082 0.005361221239482288 0.005313472039239313 0.005266139826418983 0.005219221071461196 0.005172712273172909 0.005126609958517776 0.005080910682411116 0.00503561102751433 0.004990707604031515 0.004946197049506731 0.004902076028622544 0.004858341233000079 0.004814989381000584 0.004772017217525597 0.004729421513823548 0.004687199067292919 0.004645346913273475 
0.02566496142173587 0.02544729946608038 0.02523139549814938 0.02501723755661854 0.02480481264574572 0.02459410785176385 0.02438511034256075 0.02417780736736536 0.02397218625641645 0.02376823442064365 0.02356593935134739 0.02336528861985438 0.02316626987720702 0.02296887085382436 0.02277307935917049 0.02257888328142913 0.02238627058715994 0.02219522932097794 0.02200574760519828 0.02181781363951662 0.02163141570066662 0.02144654214207381 0.02126318139352484 0.02108132196082856 0.02090095242545969 0.02072206144423615 0.02054463774896388 0.02036867014609767 0.02019414751639493 0.02002105881457666 0.01984939306897428 0.01967913938118758 0.01951028692574065 0.01934282494973785 0.01917674277250498 0.01901202978525673 0.01884867545073392 0.01868666930287519 0.01852600094644742 0.01836666005671241 0.01820863637907459 0.0180519197287306 0.01789649999032004 0.01774236711757819 0.01758951113299304 0.01743792212744548 0.01728759025986636 0.01713850575688915 0.01699065891250096 0.01684404008769168 0.01669863971010579 0.01655444827369603 0.01641145633837839 0.01626965452967637 0.01612903353838282 0.01598958412020491 0.01585129709542255 0.01571416334854324 0.01557817382794992 0.01544331954555997 0.01530959225400757 
0.07784346226931162 0.07723145592541067 0.07662379843493489 0.07602046775370515 0.07542143877217067 0.07482668645407585 0.07423618583726056 0.07364991203446203 0.07306784023407303 0.0724899457008933 0.07191620377685969 0.07134658988178856 0.07078107951402124 0.07021964825117477 0.06966227175076109 0.06910892575084053 0.0685595860706929 0.06801422861137374 0.06747282935637997 0.06693536437220904 0.06640180980890334 0.06587214190065573 0.06534633696632157 0.0648243714099437 0.06430622172127712 0.06379186447627053 0.06328127633754893 0.06277443405490886 0.06227131446572021 0.06177189449541892 0.06127615115789609 0.06078406155592807 0.06029560288156048 0.05981075241649825 0.05932948753249923 0.05885178569169613 0.05837762444696849 0.05790698144225827 0.0574398344129155 0.05697616118596917 0.05651593968045729 0.05605914790770387 0.05560576397156724 0.0551557660687301 0.05470913248892636 0.05426584161519793 0.05382587192410326 0.05338920198593609 0.05295581046492957 0.05252567611944733 0.05209877780218748 0.05167509446030354 0.05125460513561093 0.05083728896472656 0.05042312517919601 0.05001209310562742 0.04960417216582658 0.04919934187688461 0.04879758185130099 0.04839887179706353 0.04800319352342836 
0.2111959828589007 0.2097571669273182 0.2083260863764524 0.2069027309387225 0.2054870827129037 0.2040791235369895 0.2026788349926807 0.2012861984097495 0.1999011948702929 0.198523805213044 0.1971540100375877 0.1957917897087593 0.1944371243606285 0.1930899939008461 0.1917503780147251 0.1904182561694237 0.1890936076179319 0.1877764114032795 0.1864666463624651 0.1851642911305293 0.1838693241445528 0.1825817236475632 0.1813014676924473 0.1800285341459295 0.1787629006923818 0.1775045448376626 0.176253443912957 0.1750095750785328 0.1737729153274658 0.172543441489413 0.171321130234315 0.1701059580759562 0.1688979013757071 0.1676969363460783 0.1665030390542772 0.1653161854257562 0.1641363512477632 0.1629635121727685 0.1617976437219513 0.1606387212885791 0.1594867201414562 0.1583416154282246 0.1572033821787394 0.1560719953082986 0.1549474296210442 0.1538296598130071 0.1527186604755007 0.1516144060981799 0.1505168710722439 0.1494260296935046 0.1483418561655348 0.1472643246026571 0.1461934090330144 0.145129083401566 0.1440713215730216 0.1430200973347723 0.1419753843998527 0.1409371564097426 0.1399053869372764 0.1388800494894276 0.1378611226796132 
0.4776413669258622 0.4751774947164361 0.472719285618091 0.4702668139524389 0.467820140594491 0.4653793255678988 0.4629444280466423 0.4605155063569359 0.458092617979081 0.4556758195494933 0.453265166862783 0.4508607148739491 0.4484625177006751 0.4460706286254957 0.4436851000983956 0.4413059837392773 0.4389333303405354 0.4365671898696097 0.4342076114718386 0.4318546434732512 0.4295083333833824 0.4271687278982039 0.424835872903309 0.4225098134768542 0.4201905938927398 0.4178782576238825 0.4155728473454895 0.4132744049383121 0.410982971492271 0.408698587309861 0.4064212919095311 0.4041511240295593 0.4018881216313828 0.3996323219037887 0.3973837612661311 0.395142475372573 0.3929084991158603 0.3906818666311728 0.3884626113001732 0.3862507657550149 0.384046361882494 0.3818494308281881 0.3796600030004055 0.3774781080747296 0.3753037749980969 0.3731370319932486 0.3709779065628406 0.3688264254939619 0.3666826148628217 0.3645465000387351 0.3624181056890309 0.360297455783439 0.3581845735985189 0.3560794817226197 0.3539822020602685 0.35189275583688 0.3498111636035044 0.3477374452415914 0.345671619967677 0.3436137063383051 0.3415637326713301 
0.8240708743279958 0.8217407792004612 0.8194012267088175 0.8170523698138705 0.8146943496802819 0.8123273075264473 0.8099513846095306 0.8075667222106149 0.8051734616201016 0.8027717441225649 0.8003617109825139 0.7979435034298932 0.7955172626451492 0.7930831297454297 0.7906412457699242 0.7881917516659125 0.7857347882744391 0.7832704963165946 0.7807990163794171 0.7783204889021185 0.7758350541625048 0.773342852263223 0.770844023118421 0.7683387064403946 0.7658270417260418 0.7633091682440323 0.7607852250215966 0.7582553508315146 0.755719684179615 0.753178363291558 0.7506315261007707 0.7480793102356414 0.7455218530073022 0.7429592913973317 0.7403917620457838 0.7378194012390363 0.7352423448980518 0.7326607285666319 0.7300746873998361 0.7274843561523534 0.7248898691674516 0.7222913603654821 0.7196889632329971 0.7170828108116889 0.714473035687676 0.7118597699807246 0.7092431453337779 0.7066232929024766 0.7040003433450518 0.7013744268120281 0.6987456729362446 0.6961142108231422 0.6934801690409584 0.6908436756110807 0.688204857998734 0.6855638431037219 0.6829207572511434 0.6802757261824494 0.6776288750466737 0.6749803283915852 0.6723302236582278 
0.9999996434975839 0.9999849275749791 0.9999486268085226 0.9998907439606002 0.9998112834039347 0.9997102511408513 0.999587654802534 0.9994435036472675 0.9992778085606331 0.9990905820523885 0.9988818382547792 0.9986515929215742 0.9983998634248141 0.9981266687528249 0.997832029507389 0.9975159678999714 0.9971785077501333 0.9968196744800005 0.9964394951129745 0.9960379982675581 0.9956152141548548 0.9951711745733358 0.9947059129047494 0.9942194641086304 0.9937118647183136 0.9931831528349163 0.9926333681218443 0.9920625517994224 0.9914707466388787 0.9908579969561556 0.9902243486054982 0.9895698489729629 0.9888945469697591 0.9881984930249949 0.987481739078679 0.986744338574435 0.985986346451272 0.9852078191365143 0.9844088145370579 0.9835893920321966 0.9827496124636428 0.9818895381283875 0.9810092327690758 0.9801087615648699 0.9791881911231305 0.9782475894688067 0.9772870260357365 0.9763065716566506 0.9753062985528542 0.9742862803244691 0.9732465919403311 0.9721873097267097 0.971108511357394 0.9700102758423421 0.9688926835170076 0.9677558160311761 0.9665997563371556 0.9654245886786678 0.9642303985790952 0.9630172728297612 0.9617853058050984 
0.8249154703681336 0.8272324596186365 0.8295396820841744 0.8318369851808665 0.8341242282902396 0.836401270944236 0.8386679728408107 0.8409241938592115 0.8431697940755135 0.8454046337784694 0.847628573484742 0.8498414739549973 0.8520431962093651 0.8542336015432 0.8564125515431027 0.8585799081026441 0.8607355334380271 0.8628792901045289 0.8650110410117948 0.8671306494402722 0.8692379790570387 0.8713328939316226 0.873415258552427 0.8754849378422678 0.8775417971749573 0.8795857023907955 0.8816165198131077 0.883634116263868 0.8856383590802173 0.8876291161301179 0.88960625582859 0.8915696471537342 0.8935191596627483 0.8954546635079246 0.8973760294526469 0.8992831288873641 0.9011758338454861 0.9030540170193698 0.9049175517762862 0.9067663121740184 0.9086001729768475 0.9104190096715344 0.9122226984825255 0.9140111163880896 0.9157841411359887 0.917541651258744 0.9192835260892164 0.9210096457765002 0.9227198913008543 0.9244141444891554 0.9260922880305825 0.9277542054912578 0.9293997813296444 0.9310289009117777 0.9326414505261531 0.934237317398218 0.9358163897060133 0.9373785565940679 0.9389237081886713 0.9404517356119499 0.9419625233343919 
0.4785383519199109 0.4810098618397766 0.4834869107436692 0.4859694214521621 0.4884573284980017 0.490950565553861 0.4934490654309884 0.4959527600784899 0.4984615805824144 0.5009754571648327 0.5034943191835581 0.5060180951312954 0.508546712635361 0.5110800984573347 0.5136181784929944 0.5161608777718767 0.5187081204575839 0.521259829847888 0.5238159283747423 0.5263763376049319 0.5289409782401951 0.5315097701180931 0.5340826322125647 0.5366594826347725 0.5392402386340613 0.5418248165988737 0.5444131320580534 0.5470050996821093 0.5496006332846562 0.552199645823886 0.5548020494042871 0.5574077552783685 0.5600166738486207 0.5626287146696552 0.5652437864501195 0.567861797055303 0.5704826535093289 0.5731062619978463 0.5757325278707077 0.5783613556447633 0.5809926490067518 0.5836263108165902 0.5862622431104471 0.5889003471041433 0.59154052319658 0.5941826709735941 0.5968266892115275 0.5994724758811064 0.6021199281517043 0.6047689423953924 0.6074194141912899 0.6100712383299506 0.6127243088182377 0.6153785188837579 0.6180337609799279 0.6206899267910051 0.6233469072372482 0.6260045924802267 0.628662871928287 0.631321634242211 0.6339807537673355 
0.2117208988702068 0.2131702998028716 0.2146274914465274 0.2160924831552119 0.2175652913565129 0.2190459321887991 0.2205344214969318 0.2220307748275346 0.2235350074244346 0.2250471342239844 0.2265671698505339 0.2280951286116451 0.2296310244934534 0.2311748711560664 0.232726681928537 0.2342864698043976 0.2358542474368362 0.2374300271337073 0.2390138208529585 0.2406056401976678 0.2422054964112437 0.2438134003724401 0.2454293625907664 0.2470533932011524 0.2486855019593515 0.2503256982368968 0.251973991016149 0.2536303888853598 0.2552949000335795 0.2569675322457425 0.2586482928977349 0.2603371889511645 0.2620342269484989 0.2637394130078424 0.2654527528182116 0.2671742516339114 0.2689039142699715 0.2706417450967982 0.2723877480350536 0.2741419265506638 0.2759042836497076 0.2776748218729909 0.2794535432912983 0.2812404495000538 0.2830355416142492 0.2848388202631875 0.2866502855853308 0.2884699372234409 0.290297774318893 0.2921337955069017 0.2939779989113394 0.2958303821393667 0.2976909422764266 0.2995596758810538 0.3014365789796458 0.3033216470614143 0.3052148750730858 0.3071162574139447 0.3090257879305492 0.3109434599115234 0.3128692562272597 
0.0780670032823466 0.07868498417520993 0.07930737999334887 0.07993421302272294 0.08056550875153966 0.08120129273579042 0.08184159059829255 0.08248642802771568 0.08313583077762203 0.0837898246654511 0.08444843557151788 0.08511168943795973 0.08577961226770289 0.08645223012334174 0.08712956912609354 0.08781165545465044 0.08849851534402352 0.08919017508443565 0.08988666102007237 0.09058799954793571 0.0912942171165913 0.09200534022492059 0.09272139542087 0.09344240930013409 0.09416840850487906 0.09489941972238373 0.09563546968366368 0.09637658516214891 0.09712279297221454 0.09787411996781374 0.09863059304098702 0.09939223912039453 0.100159085169845 0.1009311581867595 0.101708485200605 0.1024910932713682 0.1032790094879395 0.1040722609665067 0.1048708748488762 0.1056748783008781 0.1064842985106039 0.10729916268674 0.1081194980567869 0.10894533186534 0.1097766913722306 0.1106136038508014 0.1114560965859364 0.1123041968723393 0.1131579320124874 0.1140173293148515 0.1148824160918096 0.1157532196577975 0.116629767327208 0.1175120864124131 0.1184002042217114 0.1192941480572186 0.1201939452127484 0.1210996229717284 0.1220112086049636 0.1229287293684994 0.1238522077685779 
SCALARS GB_active double 1
LOOKUP_TABLE default
0.0257445176532807 0.02596459933053489 0.02618647246605637 0.02641014930174099 0.02663564327838859 0.02686296792077078 0.02709213683793085 0.02732316372348407 0.02755606235592901 0.02779084659893959 0.02802753040165144 0.02826612779897288 0.02850665291186986 0.02874911994765286 0.02899354320026166 0.02923993705054865 0.0294883159665728 0.02973869450385267 0.02999108730566594 0.03024550910331042 0.03050197471636486 0.03076049905297042 0.03102109711008474 0.03128378397374189 0.0315485748193089 0.03181548491174011 0.03208452960581576 0.03235572434640394 0.03262908466869093 0.03290462619842188 0.03318236465213816 0.03346231583739163 0.03374449565299704 0.03402892008923197 0.03431560522806514 0.03460456724335925 0.03489582240110125 0.03518938705958153 0.03548527766960841 0.03578351077470101 0.03608410301127892 0.03638707110885264 0.036692431890186 0.03700020227150533 0.03731039926263513 0.03762303996718369 0.03793814158270284 0.03825572140082664 0.03857579680744536 0.0388983852828272 0.03922350440176421 0.0395511718337124 0.03988140534289417 0.04021422278845126 0.04054964212453348 0.04088768140040377 0.04122835876056793 0.04157169244483658 0.0419177007884364 0.04226640222206669 0.04261781346952653 
0.007959630891871126 0.008030522512089031 0.008102030214043985 0.00817415877319894 0.00824691336404406 0.008320299201266907 0.008394321540016052 0.008468985676181984 0.008544296946665142 0.008620260729655663 0.00869688244490973 0.008774167554028064 0.008852121560737182 0.008930750011165185 0.009010058494132637 0.009090052641427914 0.009170738128096753 0.009252120672727052 0.009334206037735989 0.009417000029659943 0.00950050849944104 0.009584737342722712 0.009669692500137177 0.009755379957602933 0.009841805746616684 0.009928975944552425 0.01001689667495238 0.01010557410783443 0.01019501445998263 0.01028522399525324 0.01037620902487622 0.01046797590775372 0.01056053105077201 0.01065388090909957 0.01074803198649698 0.01084299083562581 0.01093876405835162 0.01103535830606287 0.01113278027997283 0.01123103673143866 0.01133013446226737 0.01143008032503955 0.01153088122341536 0.01163254411245816 0.01173507599894425 0.0118384839416915 0.01194277505186914 0.01204795649332399 0.01215403548290139 0.01226101929076468 0.01236891524072141 0.01247773071054795 0.01258747313231514 0.0126981499927109 0.01280976883337362 0.01292233725121254 0.01303586289874731 0.01315035348442784 0.01326581677297242 0.0133822605856921 0.01349969219821272 
0.002373948482841333 0.002395559922607947 0.002417365661389935 0.002439367299366801 0.002461566560738087 0.002483965184385557 0.002506564923993061 0.002529367548164517 0.002552374840544486 0.002575588599937774 0.002599010640432939 0.002622642791523359 0.002646486898232216 0.002670544821234975 0.002694818436985977 0.002719309637843765 0.002744020332199204 0.002768952444602711 0.002794107915892287 0.00281948870332501 0.002845096780706575 0.002870934138523236 0.002897002784074306 0.002923304741605716 0.00294984205244433 0.002976616775133481 0.003003630985568712 0.00303088677713671 0.003058386260850977 0.003086131565493735 0.003114124837753679 0.003142368242369009 0.003170863962268997 0.003199614198715951 0.003228621171451248 0.003257887118839209 0.003287414298013565 0.003317204985024392 0.003347261474986035 0.003377586082227794 0.003408181140441652 0.003439049002834646 0.003470192042282213 0.003501612651478898 0.003533313243095571 0.003565296249931722 0.003597564125074352 0.003630119342054415 0.003662964395005325 0.003696101798821731 0.003729534089321645 0.003763263823407346 0.003797293579228349 0.003831625956344483 0.003866263575891983 0.003901209080749499 0.003936465135703923 0.003972034427619947 0.004007919665608209 0.004044123581197351 0.004080648741021024 
0.0006942189338958357 0.0007006132209453663 0.0007070660332536427 0.0007135778678915059 0.00072014925902515 0.0007267807455762122 0.0007334728712626284 0.0007402261846400842 0.0007470412391443996 0.0007539185931334382 0.0007608588099298072 0.0007678624578639307 0.0007749301103171821 0.000782062345765547 0.0007892597478241152 0.0007965229052906968 0.0008038524121914154 0.0008112488678252887 0.0008187128768100267 0.0008262450491276968 0.0008338460001712206 0.0008415163507908159 0.0008492567273411079 0.0008570677617287995 0.0008649500914597977 0.0008729043596881855 0.0008809312152643677 0.0008890313127841334 0.0008972053126380499 0.0009054538810613371 0.0009137776901839302 0.0009221774180812297 0.000930653748824893 0.0009392073725347049 0.0009478389854301056 0.0009565492898822709 0.0009653389944673725 0.0009742088140192543 0.0009831594696834071 0.0009921916889703041 0.001001306205810623 0.001010503760609679 0.001019785100302555 0.001029150978410646 0.001038602155097088 0.001048139397223523 0.001057763478407972 0.001067475179081514 0.001077275286546762 0.001087164595036516 0.00109714390577246 0.001107214027024802 0.00111737577417237 0.001127629969762577 0.001137977443572996 0.001148419032671987 0.001158955581481291 0.001169587941837934 0.001180316973057983 0.001191143541998097 0.00120206846703633 
0.0002008588989359611 0.000202720574886391 0.0002045994526420925 0.0002064956806665435 0.0002084094182881398 0.0002103408262859887 0.0002122900669028911 0.0002142573038585533 0.0002162427023627866 0.000218246429128939 0.000220268652387368 0.0002223095418990973 0.0002243692689694634 0.0002264480064620809 0.0002285459288128219 0.0002306632120437459 0.0002328000337775784 0.0002349565732519352 0.0002371330113336941 0.0002393295305338075 0.0002415463150219021 0.000243783550641205 0.0002460414249234538 0.0002483201271041251 0.0002506198481375917 0.0002529407807125246 0.0002552831192675651 0.0002576470600068292 0.0002600328009155632 0.0002624405417764744 0.000264870484185531 0.0002673228315681385 0.0002697977891956756 0.0002722955642018694 0.0002748163655995254 0.0002773604042970897 0.0002799278931159766 0.000282519046807212 0.0002851340820690218 0.0002877732175640671 0.0002904366739367865 0.000293124673831557 0.0002958374419099683 0.0002985752048692883 0.0003013381914602345 0.0003041266325056083 0.000306940760918502 0.0003097808117211221 0.0003126470220634198 0.0003155396312421105 0.0003184588807198964 0.0003214050141444555 0.0003243782773682286 0.0003273789184678251 0.0003304071877638419 0.0003334633378408667 0.0003365476235676623 0.0003396603021172169 0.0003428016329875824 0.0003459718780222426 0.000349171285005076 
5.778211354823666e-05 5.831946579762546e-05 5.886180829245507e-05 5.940918446823878e-05 5.996164090668076e-05 6.05192246186349e-05 6.108198304802175e-05 6.16499640757965e-05 6.222321602394155e-05 6.280178765947803e-05 6.338572819856544e-05 6.397508731063608e-05 6.456991512245736e-05 6.517026222238851e-05 6.577617966458227e-05 6.638771897319139e-05 6.700493214674835e-05 6.762787166247163e-05 6.82565904805775e-05 6.889114204880759e-05 6.953158030676885e-05 7.017795969050021e-05 7.083033513699487e-05 7.148876208876307e-05 7.215329649846677e-05 7.282399483353915e-05 7.350091408093582e-05 7.418411175186325e-05 7.487364588651289e-05 7.556957505898611e-05 7.627195838211064e-05 7.698085551232228e-05 7.769632665468107e-05 7.8418432567903e-05 7.914723456931405e-05 7.988279454003363e-05 8.062517493009738e-05 8.137443876358368e-05 8.213064964395838e-05 8.289387175928433e-05 8.366416988753755e-05 8.444160940203417e-05 8.522625627686397e-05 8.601817709228648e-05 8.681743904036772e-05 8.762410993043379e-05 8.843825819482137e-05 8.925995289444298e-05 9.008926372457209e-05 9.092626102063065e-05 9.177101576394844e-05 9.262359958774394e-05 9.348408478299325e-05 9.43525443044004e-05 9.522905177653456e-05 9.611368149980824e-05 9.700650845673117e-05 9.790760831803208e-05 9.881705744896926e-05 9.973493291566381e-05 0.0001006613077351352 
1.657137642192015e-05 1.672575988746075e-05 1.688158093754472e-05 1.703885214139163e-05 1.719758697372956e-05 1.73577990341829e-05 1.751950204845761e-05 1.768270986946473e-05 1.784743647853822e-05 1.801369598658545e-05 1.818150263530394e-05 1.835087079838964e-05 1.852181498273915e-05 1.869434982969885e-05 1.886849011629301e-05 1.904425075648656e-05 1.922164680243262e-05 1.94006934457786e-05 1.958140601891401e-05 1.976379999630689e-05 1.994789099578195e-05 2.013369477988139e-05 2.032122725715991e-05 2.051050448356384e-05 2.07015426637747e-05 2.089435815258389e-05 2.108896745628724e-05 2.128538723406811e-05 2.148363429941786e-05 2.168372562155681e-05 2.188567832687091e-05 2.208950970036311e-05 2.229523718710991e-05 2.250287839375567e-05 2.271245108996484e-05 2.292397320998295e-05 2.313746285408866e-05 2.335293829018293e-05 2.357041795529615e-05 2.378992045716292e-05 2.401146457580012e-05 2.423506926507382e-05 2.446075365434011e-05 2.468853705001269e-05 2.491843893724565e-05 2.515047898154481e-05 2.538467703043788e-05 2.562105311516466e-05 2.585962745236212e-05 2.610042044576791e-05 2.634345268794208e-05 2.658874496202782e-05 2.683631824348452e-05 2.708619370186289e-05 2.733839270260739e-05 2.759293680884527e-05 2.784984778320922e-05 2.810914758969078e-05 2.837085839547081e-05 2.863500257279781e-05 2.890160133207175e-05 
4.744686389945485e-06 4.788931456008689e-06 4.833589115286492e-06 4.878662983850705e-06 4.924156937524159e-06 4.970074888173473e-06 5.016420784051359e-06 5.063198610128015e-06 5.110412388432352e-06 5.15806617839917e-06 5.206164077212595e-06 5.254710220159252e-06 5.303708780982002e-06 5.353163972233836e-06 5.403080045643076e-06 5.453461292469262e-06 5.504312043878507e-06 5.555636671310229e-06 5.60743958684818e-06 5.659725243600047e-06 5.712498136080604e-06 5.765762800592228e-06 5.819523815612978e-06 5.873785802189522e-06 5.928553424331645e-06 5.983831389410473e-06 6.039624448561083e-06 6.095937397086079e-06 6.1527750748717e-06 6.210142366794216e-06 6.268044203139199e-06 6.326485560028107e-06 6.385471459835418e-06 6.445006971624214e-06 6.50509721157473e-06 6.565747343422771e-06 6.626962578901473e-06 6.688748178189076e-06 6.751109450350053e-06 6.81405175379782e-06 6.87758049674633e-06 6.941701137675733e-06 7.006419185792311e-06 7.071740201508685e-06 7.137669796908543e-06 7.204213636231575e-06 7.271377436359213e-06 7.33916696729226e-06 7.407588052657184e-06 7.47664657019222e-06 7.546348452255015e-06 7.616699686327694e-06 7.68770631552396e-06 7.759374439113843e-06 7.831710213033913e-06 7.904719850418231e-06 7.978409622129363e-06 8.052785857290299e-06 8.127854943826788e-06 8.203623329005879e-06 8.28009712734648e-06 
1.357291595173016e-06 1.36995505619041e-06 1.382736697038199e-06 1.395637554797767e-06 1.408658740932203e-06 1.421801377259524e-06 1.435066596049326e-06 1.448455540120592e-06 1.461969362938397e-06 1.475609228714917e-06 1.489376312508291e-06 1.503271800322974e-06 1.51729688921345e-06 1.531452787385733e-06 1.545740714301217e-06 1.560161900781318e-06 1.574717589114149e-06 1.589409033160762e-06 1.604237498461319e-06 1.619204262347031e-06 1.634310614046116e-06 1.649557854797928e-06 1.66494729796204e-06 1.680480269132697e-06 1.696158106251608e-06 1.711982159724072e-06 1.727953792533077e-06 1.744074380358845e-06 1.76034531169454e-06 1.776767987966783e-06 1.793343823655916e-06 1.810074246416954e-06 1.826960697202164e-06 1.844004630386326e-06 1.86120751388858e-06 1.878570829301998e-06 1.896096072017483e-06 1.913784751354243e-06 1.931638390689583e-06 1.949658527587003e-06 1.967846713931881e-06 1.986204516061723e-06 2.004733514901684e-06 2.023435306101297e-06 2.042311500169724e-06 2.061363722614118e-06 2.080593614081237e-06 2.100002830494888e-06 2.119593043201647e-06 2.139365939111088e-06 2.159323220842776e-06 2.179466606871341e-06 2.199797831674114e-06 2.220318645880015e-06 2.241030816419827e-06 2.261936126677969e-06 2.283036376644717e-06 2.304333383071503e-06 2.325828979626856e-06 2.347525017052268e-06 2.369423250886891e-06 
3.880912027480724e-07 3.917130630197945e-07 3.953687376359262e-07 3.990585235352749e-07 4.027827389358819e-07 4.065417050233635e-07 4.103357459785348e-07 4.1416518900532e-07 4.180303643589484e-07 4.219316053742752e-07 4.258692484946941e-07 4.298436333009557e-07 4.338551025404482e-07 4.379040021567089e-07 4.419906813192197e-07 4.461154924534588e-07 4.502787912712549e-07 4.544809368014146e-07 4.587222914206339e-07 4.630032208847455e-07 4.673240943600114e-07 4.716852844552114e-07 4.760871672535155e-07 4.805301223449328e-07 4.850145328589537e-07 4.895407854975752e-07 4.941092705685726e-07 4.987203820191011e-07 5.033745174696152e-07 5.080720782480975e-07 5.128134694246088e-07 5.17599099846155e-07 5.224293821718933e-07 5.273047329086403e-07 5.322255724467326e-07 5.37192325096227e-07 5.422054191234002e-07 5.472652867876318e-07 5.52372364378605e-07 5.57527092253864e-07 5.627299148767149e-07 5.679812808544838e-07 5.732816429771234e-07 5.78631458256209e-07 5.84031187964234e-07 5.8948129767434e-07 5.949822573003792e-07 6.005345411373351e-07 6.061386279021975e-07 6.117950007751865e-07 6.175041474411643e-07 6.232665601317714e-07 6.29082735667765e-07 6.349531755016831e-07 6.408783857611267e-07 6.468588772922044e-07 6.528951657035685e-07 6.589877714107314e-07 6.651372196808451e-07 6.71344040677968e-07 6.776087373425128e-07 
1.109400862350333e-07 1.119755853072876e-07 1.130207541066387e-07 1.14075677578157e-07 1.151404467516232e-07 1.162151535061365e-07 1.172998905780381e-07 1.183947515688924e-07 1.194998309536119e-07 1.206152240885081e-07 1.217410272196209e-07 1.228773374909086e-07 1.240242529527194e-07 1.251818725701889e-07 1.263502962317874e-07 1.275296247579187e-07 1.287199599096662e-07 1.299214043974687e-07 1.311340618900774e-07 1.323580370234313e-07 1.335934354096974e-07 1.348403636463725e-07 1.360989293254747e-07 1.373692410428047e-07 1.38651408407367e-07 1.399455420507126e-07 1.412517536365859e-07 1.425701558704867e-07 1.43900862509405e-07 1.452439883716243e-07 1.465996493466055e-07 1.479679624050416e-07 1.493490456088299e-07 1.507430181213586e-07 1.521500002177176e-07 1.535701132950844e-07 1.550034798831838e-07 1.564502236548372e-07 1.579104694366913e-07 1.593843432198566e-07 1.608719721708905e-07 1.623734846426886e-07 1.638890101855645e-07 1.654186795584062e-07 1.669626247400077e-07 1.685209789403268e-07 1.700938766120936e-07 1.716814534623215e-07 1.732838464640306e-07 1.749011938680537e-07 1.765336352149405e-07 1.781813113469806e-07 1.798443644203917e-07 1.815229379175199e-07 1.832171766592164e-07 1.849272268173372e-07 1.866532359273238e-07 1.883953529009068e-07 1.901537280390293e-07 1.919285130446029e-07 1.937198518381742e-07 
2.07483004064501e-07 2.093567567603354e-07 2.112474387871545e-07 2.131551934126886e-07 2.150801747732177e-07 2.170225383963369e-07 2.189824412133455e-07 2.209600415719808e-07 2.229554992492743e-07 2.249689754642787e-07 2.270006328912345e-07 2.290506356725913e-07 2.311191494323619e-07 2.332063412893323e-07 2.353123798707163e-07 2.374374353256619e-07 2.39581679339038e-07 2.417452851451768e-07 2.439284275420172e-07 2.461312829051045e-07 2.483540292018171e-07 2.505968460058431e-07 2.528599145115052e-07 2.551434175484914e-07 2.574475395965491e-07 2.597724668004877e-07 2.621183869850029e-07 2.644854896700562e-07 2.668739660859375e-07 2.692840091889289e-07 2.717158136766414e-07 2.741695760039271e-07 2.76645494398616e-07 2.791437688775378e-07 2.816646012626579e-07 2.84208195197372e-07 2.867747561629184e-07 2.893644914949747e-07 2.919776104003784e-07 2.946143239739703e-07 2.972748452157621e-07 2.999593890478901e-07 3.026681723322142e-07 3.054014138875615e-07 3.081593345076275e-07 3.109421569785335e-07 3.137501060970357e-07 3.165834086885234e-07 3.194422936253416e-07 3.223269918452833e-07 3.252377363701795e-07 3.281747623247363e-07 3.311383069554737e-07 3.34128609649874e-07 3.371459119556678e-07 3.401904576004452e-07 3.432624925110741e-07 3.463622648338278e-07 3.494900249541197e-07 3.52646025516865e-07 3.558305050998328e-07 
7.257470822485559e-07 7.3229990273185e-07 7.389119100899428e-07 7.455836049520271e-07 7.523155259493862e-07 7.591082165717838e-07 7.65962225211108e-07 7.728781052055326e-07 7.798564148840317e-07 7.868977176116873e-07 7.940025818345801e-07 8.01171581125902e-07 8.084052942321164e-07 8.157043051195316e-07 8.230692030213006e-07 8.305005824852276e-07 8.379990434211141e-07 8.455651911494542e-07 8.531996364500239e-07 8.60902995611428e-07 8.686758904801977e-07 8.765189485112445e-07 8.84432802818223e-07 8.924180922249049e-07 9.004754613160446e-07 9.086055604896873e-07 9.168090460093705e-07 9.250865800573617e-07 9.334388307873881e-07 9.418664723788686e-07 9.503701850909761e-07 9.589506553178668e-07 9.676085756433126e-07 9.763446448967852e-07 9.85159568210076e-07 9.940540570734168e-07 1.003028829393091e-06 1.0120846095496e-06 1.021222128455304e-06 1.030442123613609e-06 1.039745339178721e-06 1.049132526014849e-06 1.058604441757001e-06 1.068161850872398e-06 1.077805524721226e-06 1.087536241619167e-06 1.097354786900383e-06 1.107261952979943e-06 1.117258539418511e-06 1.127345352985973e-06 1.137523207726625e-06 1.147792925025201e-06 1.158155333672012e-06 1.168611269930747e-06 1.179161577604768e-06 1.189807108106001e-06 1.200548720522568e-06 1.211387281688621e-06 1.222323666253902e-06 1.233358756753535e-06 1.244493386522501e-06 
2.537692684384882e-06 2.560597129977883e-06 2.58370833868467e-06 2.607028057757829e-06 2.630558167237959e-06 2.654300564100252e-06 2.67825716240882e-06 2.702429893470003e-06 2.726820705986507e-06 2.75143156621541e-06 2.77626445812428e-06 2.801321383551333e-06 2.826604362367287e-06 2.852115432635071e-06 2.877856650776227e-06 2.903830091734044e-06 2.930037849140364e-06 2.956482035484479e-06 2.983164782282589e-06 3.01008824024839e-06 3.03725457946593e-06 3.064665989563528e-06 3.0923246798909e-06 3.120232879694471e-06 3.148392838297241e-06 3.176806825280875e-06 3.205477130663805e-06 3.234406065090907e-06 3.263595960012275e-06 3.293049167875971e-06 3.322768062313649e-06 3.352755038331976e-06 3.383012512504351e-06 3.413542923166292e-06 3.44434873060886e-06 3.475432417277557e-06 3.50679648797116e-06 3.538443470042986e-06 3.570375913602551e-06 3.602596391721713e-06 3.635107500639481e-06 3.667911859972266e-06 3.701012112921224e-06 3.73441092648758e-06 3.768110991683086e-06 3.802115023749342e-06 3.836425762372547e-06 3.871045971904602e-06 3.905978441587103e-06 3.941225985768215e-06 3.976791444136781e-06 4.012677681942763e-06 4.048887590234088e-06 4.085424086082023e-06 4.122290112817296e-06 4.159488640267685e-06 4.197022664994977e-06 4.234895210534602e-06 4.273109327637341e-06 4.311668094517781e-06 4.350574417377185e-06 
8.867729572074988e-06 8.947711110246121e-06 9.028413899801094e-06 9.109844024964569e-06 9.192008033353831e-06 9.274912531431835e-06 9.358564185028759e-06 9.442969719875188e-06 9.528135922138834e-06 9.614069638969265e-06 9.70077777903865e-06 9.78826731309856e-06 9.876545274530211e-06 9.965618759913981e-06 1.00554949295892e-05 1.014618100822566e-05 1.02376842854046e-05 1.033001211619449e-05 1.042317192174372e-05 1.051717118986757e-05 1.061201747564936e-05 1.070771840203681e-05 1.080428166045858e-05 1.090171501143298e-05 1.100002628518486e-05 1.109922338227231e-05 1.119931427422197e-05 1.130030700415405e-05 1.140220968742723e-05 1.150503051229403e-05 1.160877774053999e-05 1.171345970815254e-05 1.181908482598111e-05 1.192566158040733e-05 1.203319853402271e-05 1.214170432631141e-05 1.225118767433506e-05 1.236165737343075e-05 1.247312229791157e-05 1.258559140177526e-05 1.269907371940978e-05 1.281357836632071e-05 1.292911453985802e-05 1.304569151994004e-05 1.316331866980168e-05 1.328200543673511e-05 1.340176135284469e-05 1.352259603580182e-05 1.364451918961236e-05 1.376754060539764e-05 1.389167016215742e-05 1.401691782757073e-05 1.414329365878014e-05 1.427080780320026e-05 1.439947049931549e-05 1.452929207750422e-05 1.466028296085574e-05 1.479245366599873e-05 1.492581480394184e-05 1.506037708091473e-05 1.519615060225564e-05 
3.095008779724973e-05 3.122887418574953e-05 3.151016965166158e-05 3.179399529093661e-05 3.208037381286288e-05 3.236932812989056e-05 3.266088135945152e-05 3.295505682576194e-05 3.325187806166853e-05 3.355136881053752e-05 3.385355302807295e-05 3.415845488424458e-05 3.446609876518633e-05 3.477650927512359e-05 3.508971123828231e-05 3.540572970091294e-05 3.572458993318297e-05 3.604631743124131e-05 3.637093791917122e-05 3.669847735106619e-05 3.702896191304691e-05 3.736241802532204e-05 3.769887234427924e-05 3.803835176459288e-05 3.838088342133414e-05 3.872649469209745e-05 3.907521319917312e-05 3.94270668117155e-05 3.978208364794371e-05 4.014029207733856e-05 4.050172072289717e-05 4.086639846337009e-05 4.123435443553288e-05 4.160561803649105e-05 4.19802189259947e-05 4.23581870287502e-05 4.273955253679086e-05 4.312434591184348e-05 4.351259788774553e-05 4.39043394728154e-05 4.429960195234933e-05 4.469841689102556e-05 4.5100816135413e-05 4.550683181648698e-05 4.591649635212971e-05 4.632984244966498e-05 4.674690310847818e-05 4.716771162255132e-05 4.759230158311739e-05 4.802070688128128e-05 4.845296171068014e-05 4.888910057017416e-05 4.932915826654793e-05 4.977316991725105e-05 5.022117095313441e-05 5.067319712125988e-05 5.112928448768163e-05 5.158946944027302e-05 5.205378869160211e-05 5.252227928177659e-05 5.299497615494044e-05 
0.0001077786099913911 0.0001087470672017587 0.0001097242084587647 0.0001107101063248443 0.0001117048389547542 0.0001127084851964511 0.0001137211245972869 0.0001147428374101019 0.000115773704599412 0.0001168138078477064 0.0001178632295616834 0.0001189220528786411 0.00011999036167294 0.0001210682405623948 0.0001221557749148607 0.0001232530508547669 0.0001243601552698026 0.0001254771758175756 0.0001266042009323873 0.0001277413198320551 0.0001288886225247458 0.0001300461998159334 0.0001312141433154122 0.0001323925454442835 0.0001335814994421304 0.0001347810993741803 0.0001359914401384677 0.000137212617473272 0.0001384447279643402 0.0001396878690523798 0.0001409421390405433 0.0001422076371019606 0.0001434844632873539 0.0001447727185327583 0.0001460725046672477 0.0001473839244207025 0.0001487070814317848 0.0001500420802558253 0.0001513890263728823 0.000152748026195781 0.000154119187078249 0.0001555026173233172 0.0001568984261913786 0.0001583067239087379 0.0001597276216759382 0.0001611612316763519 0.00016260766708477 0.0001640670420759622 0.0001655394718335163 0.0001670250725586599 0.0001685239614790144 0.0001700362568577058 0.0001715620780023182 0.0001731015452740485 0.0001746547800968312 0.0001762219049667152 0.0001778030434611641 0.0001793983202484454 0.0001810078610972405 0.000182631792886111 0.0001842702352031161 
0.0003737466131514593 0.0003770896322584695 0.0003804624212586068 0.0003838652260053026 0.0003872983115783685 0.0003907619453709385 0.0003942563971095361 0.0003977819388741142 0.0004013388451179055 0.000404927392687864 0.0004085478608453689 0.0004122005312865515 0.0004158856881633124 0.0004196036181043369 0.0004233546102360591 0.0004271389562042922 0.0004309569501956997 0.0004348088889592834 0.0004386950718284274 0.0004426158007430446 0.0004465713802717237 0.0004505621176340045 0.0004545883227234171 0.0004586503081298892 0.0004627483891628841 0.0004668828838745954 0.0004710541130832605 0.0004752624003969225 0.0004795080722369425 0.0004837914578618968 0.0004881128893922469 0.0004924727018339541 0.000496871233103694 0.0005013088240531088 0.0005057858184941821 0.0005103025632241063 0.0005148594080506367 0.0005194567058179902 0.0005240948124322171 0.0005287740868875167 0.0005334948912924351 0.0005382575908958653 0.0005430625541143372 0.0005479101525583808 0.0005528007610598141 0.0005577347576990456 0.0005627125238324983 0.0005677344441205007 0.0005728009065550327 0.0005779123024881903 0.0005830690266605738 0.0005882714772297039 0.000593520055799135 0.0005988151674476726 0.0006041572207586221 0.0006095466278491029 0.0006149838044005867 0.0006204691696883014 0.000626003146612041 0.0006315861617263548 0.0006372186163616514 
0.00128594719905042 0.001297351512209236 0.001308856069292643 0.001320461679874145 0.001332169218632168 0.001343979567642889 0.001355893616439233 0.001367912262073186 0.001380036409175575 0.001392266970018592 0.001404604864577321 0.001417051020592336 0.001429606373633147 0.001442271867161136 0.001455048452594441 0.001467937089371143 0.001480938745015563 0.001494054395202505 0.001507285023824126 0.00152063162305621 0.001534095193424606 0.001547676743873268 0.001561377291831468 0.001575197863283626 0.001589139492836397 0.001603203223790212 0.001617390108207283 0.001631701206983842 0.001646137589920029 0.001660700335792254 0.001675390532424842 0.00169020927676289 0.001705157674945311 0.00172023684237896 0.001735447903812342 0.001750791993411371 0.001766270254833437 0.001781883841304759 0.001797633915695957 0.001813521650599493 0.001829548228407235 0.001845714841388769 0.001862022691770142 0.001878472991812949 0.001895066963895095 0.001911805840590393 0.001928690864750051 0.001945723289584729 0.001962904378746468 0.001980235406411928 0.001997717657365317 0.002015352427082799 0.0020331410218182 0.002051084758686619 0.002069184965751766 0.002087442982111554 0.002105860157986837 0.002124437854807144 0.002143177445301073 0.002162080313584136 0.002181147757389948 
0.004360836170299007 0.004398895817244963 0.004437281880319603 0.004475996883913309 0.004515043566817886 0.00455442468957028 0.004594143034608104 0.004634201406430107 0.00467460263175912 0.004715349559698928 0.004756445061901544 0.0047978920327259 0.004839693389407027 0.004881852072216509 0.004924371044633659 0.004967253293508322 0.005010501829233604 0.005054119685910742 0.005098109921524056 0.005142475618107641 0.00518721988192232 0.005232345843624413 0.005277856658444128 0.005323755506359252 0.00537004559226969 0.005416730146179082 0.005463812423368478 0.00551129570458058 0.005559183296195372 0.005607478530415952 0.005656184765449132 0.005705305385687301 0.005754843801897369 0.005804803451401185 0.005855187798267533 0.005906000333494827 0.005957244575204681 0.006008924068827594 0.006061042387295147 0.006113603131234981 0.006166609929157946 0.006220066437658125 0.006273976341603029 0.006328343354332629 0.006383171217854522 0.006438463703046143 0.006494224609848362 0.006550457767470066 0.006607167034587627 0.006664356299548798 0.006722029480574639 0.006780190525965694 0.006838843414306306 0.006897992154672674 0.00695764078683925 0.007017793381487975 0.007078454040420017 0.007139626896765092 0.007201316115191612 0.007263525892124682 0.007326260134044883 
0.01439905401021116 0.01452101520629972 0.01464397437837281 0.01476793860008322 0.01489291561639984 0.01501891322586499 0.01514593928088492 0.01527400168801636 0.01540310840826536 0.01553326745736862 0.01566448690609503 0.0157967748805354 0.01593013956239066 0.01606458918927232 0.01620013205498857 0.01633677650984477 0.01647453096093432 0.01661340387243243 0.01675340376589322 0.01689453922054304 0.01703681887357332 0.01718025142044347 0.01732484561516546 0.01747061027061117 0.01761755425879741 0.01776568651118978 0.01791501601899359 0.0180655518334536 0.01821730306614624 0.0183702788892796 0.01852448853598421 0.01867994130061444 0.0188366465390456 0.01899461366895659 0.01915385217014483 0.01931437158480833 0.01947618151784079 0.01963929163713708 0.0198037116738752 0.01996945142282218 0.02013652074261919 0.02030492955608303 0.02047468785049304 0.02064580567788703 0.02081829315535377 0.02099216046532899 0.02116741785588147 0.02134407564100445 0.02152214420091027 0.02170163398231944 0.02188255549874305 0.02206491933078456 0.0222487361264141 0.02243401660126743 0.02262077153892524 0.02280901179119572 0.02299874827841265 0.02318999198970571 0.02338275398328864 0.02357704538674047 0.02377287639274789 
0.04530107742589666 0.0456638470332674 0.0460293247109375 0.04639752630862348 0.04676846959931072 0.04714217244009157 0.04751865277211675 0.04789792862058049 0.0482800180946836 0.04866493938757428 0.04905271077630893 0.0494433506217974 0.04983687736872276 0.05023330954546578 0.05063266576403627 0.0510349647199827 0.05144022519227517 0.05184846604322527 0.05225970621834546 0.05267396474625235 0.05309126073851078 0.05351161338951914 0.05393504197633597 0.05436156585854812 0.05479120447808602 0.0552239773590506 0.05565990410753732 0.05609900441145239 0.05654129804028508 0.05698680484490597 0.05743554475735868 0.05788753779061844 0.05834280403833687 0.05880136367462103 0.05926323695375082 0.05972844420990765 0.06019700585691241 0.06066894238790795 0.06114427437507807 0.06162302246932581 0.06210520739994209 0.06259084997427729 0.06307997107740575 0.06357259167175407 0.06406873279674255 0.06456841556838236 0.06507166117892765 0.06557849089643743 0.06608892606436774 0.06660298810114208 0.06712069849974144 0.06764207882719903 0.06816715072418914 0.06869593590451559 0.06922845615466254 0.06976473333323342 0.07030478937049388 0.07084864626781071 0.07139632609712732 0.07194785100039432 0.07250324034179634 
0.130865590263577 0.1318086378159931 0.1327575116618887 0.1337122314197963 0.1346728214546033 0.1356393060902706 0.1366117096076835 0.137590056242355 0.1385743701822159 0.1395646755652859 0.1405609964774197 0.1415633569499475 0.1425717809573225 0.1435862924147323 0.1446069151757111 0.1456336730297293 0.1466665896996849 0.1477056888394914 0.1487509940315075 0.1498025287840873 0.1508603165289407 0.1519243806186438 0.1529947443239607 0.1540714308312644 0.1551544632398985 0.1562438645594328 0.1573396577070203 0.1584418655046796 0.159550510676447 0.160665615845758 0.1617872035325101 0.1629152961502776 0.1640499160034887 0.1651910852845254 0.1663388260708379 0.1674931603219448 0.1686541098766322 0.1698216964498426 0.1709959416297026 0.1721768668745425 0.1733644935098333 0.1745588427250561 0.1757599355706719 0.1769677929549869 0.1781824356409505 0.1794038842430522 0.1806321592240613 0.1818672808918532 0.183109269396137 0.1843581447252384 0.1856139267027077 0.1868766349840802 0.188146289053502 0.1894229082203806 0.1907065116159834 0.191997118190059 0.1932947467073381 0.194599415744094 0.1959111436847499 0.197229948718216 0.198555842044435 
0.3273555456865764 0.3292848006504799 0.3312215931168261 0.3331659011412271 0.3351177120385453 0.3370770125753467 0.3390437889656854 0.341018026866919 0.3429997113753031 0.3449888270222597 0.346985357769903 0.3489892870070381 0.3510005975451403 0.3530192716140625 0.3550452908581969 0.3570786363323218 0.3591192884976718 0.361167227217961 0.3632224317552638 0.365284880766312 0.3673545522983672 0.3694314237856294 0.3715154720449901 0.3736066732727641 0.3757050030402637 0.377810436290525 0.3799229473344872 0.3820425098471283 0.3841690968336373 0.3863026807469667 0.3884432333026348 0.3905907255961076 0.3927451280691109 0.3949064105371191 0.3970745420621794 0.3992494911349709 0.4014312255478903 0.403619712422761 0.4058149182073987 0.4080168086724425 0.4102253489082403 0.4124405033217449 0.4146622356332954 0.4168905088737552 0.4191252853814954 0.4213665267993544 0.4236141940719031 0.4258682474425666 0.4281286464508791 0.4303953499297463 0.4326683160028131 0.4349475020818588 0.4372328648641531 0.4395243603302219 0.4418219437410666 0.4441255696361788 0.4464351918309337 0.4487507634145518 0.451072236747758 0.4533995634607251 0.455732682524958 
0.6536371697911656 0.6562091674728074 0.6587805104440634 0.661351077403977 0.6639207595699194 0.6664894475809607 0.6690570315046142 0.6716234008433221 0.6741884445411477 0.6767520509908751 0.6793141080408042 0.6818745030019053 0.684433122655107 0.6869898532586544 0.689544580555548 0.6920971897810563 0.6946475656706846 0.6971955924676251 0.6997411539308941 0.7022841333435778 0.7048244135205873 0.7073618768172278 0.7098964051375538 0.7124278799428283 0.7149561822602314 0.7174811926915816 0.7200027914220353 0.7225208580964826 0.7250185282284342 0.7275291219184957 0.7300358209200501 0.732538503389816 0.7350370472948013 0.7375483070581329 0.7400382520110081 0.7425236895673598 0.7450044963930811 0.7474805487074661 0.7499517224279565 0.7524178931806664 0.7548789363103756 0.7573347268913343 0.7597851397375353 0.7622300494134415 0.7646693302449054 0.7671028563296822 0.7695305015487013 0.7719521395768292 0.774367643894206 0.7767768877973055 0.7791797444103044 0.7815760866965024 0.7839657874696988 0.7863487194058106 0.7887247550547145 0.7910937668515599 0.7934556271289401 0.7958102081286571 0.7981573820137645 0.8004970208803978 0.8028289848909886 
0.9525857820247913 0.9539041979182593 0.9552055850605716 0.9564898491439979 0.9577569036473667 0.9590066630834154 0.9602390430104381 0.9614539600420317 0.9626513318588116 0.9638310772183042 0.9649931159657259 0.9661373690442537 0.9672637585053735 0.9683722075186506 0.9694626403819343 0.9705349825313632 0.9715891605504082 0.9726251021802295 0.9736427363286535 0.9746419930794944 0.9756228037017834 0.9765851006587088 0.977528817616808 0.9784538894537654 0.9793602522684098 0.980247843387453 0.9811166011659274 0.9819258121287202 0 0 0 0 0 0.9866249282535128 0.9873817145581544 0.9880784179679258 0.9887557434230082 0.9894136438049943 0.9900520731099444 0.9906709866643466 0.9912703411297697 0.9918500945102778 0.9924102061567576 0.9929506367735141 0.9934713484225987 0.9939723045294252 0.9944534698876981 0.9949148106638726 0.9953562944015922 0.9957778900269465 0.9961795678516252 0.9965612995774549 0.9969230582999449 0.9972648185122164 0.9975865561084056 0.9978882483868654 0.9981698740531054 0.998431413222518 0.9986728474238159 0.998894159600427 0.9990953331397546 
0.9521023479914539 0.9507608474844906 0.9494025155742726 0.9480274499630953 0.9466357425274595 0.9452274861060729 0.9438027744878589 0.9423617024004907 0.9409043654979923 0.9394308603493818 0.937941284425966 0.936435736089855 0.9349143145811709 0.9333771200059455 0.9318242533237846 0.9302558163354929 0.9286719116700713 0.9270726427727162 0.9254581138915218 0.9238284300653326 0.9221836971104108 0.9205240216079482 0.9188495108909109 0.9171602730310475 0.9154564168259191 0.9137380516068988 0.911969220801335 0 0 0 0 0 0 0 0.8976028399693358 0.8957809906703569 0.8939104468815294 0.8920267589685622 0.890130044670407 0.8882204220764387 0.8862980097877031 0.8843629269033528 0.8824152930069006 0.88045522815276 0.8784828528524851 0.8764982880612666 0.874501655164189 0.872493075962619 0.8704726726607521 0.8684405678516092 0.8663968845038712 0.8643417459479483 0.8622752758627007 0.8601975982613826 0.8581088374786021 0.8560091181565345 0.8538985652312775 0.8517773039196053 0.8496454597053752 0.8475031583261091 0.8453505367546481 
0.6527021321874962 0.6501293972525647 0.6475562347382142 0.6449827639605452 0.6424090904946507 0.6398353192987846 0.6372615547086042 0.6346879004316816 0.6321144595421524 0.629541334475459 0.6269686270229249 0.6243964383271112 0.6218248688765966 0.619254018501211 0.6166839863675126 0.6141148709739529 0.611546770146714 0.6089797810350872 0.6064140001075036 0.6038495231471757 0.6012864452484028 0.5987248608124482 0.596164863543864 0.5936065464469936 0.5910500017380846 0.588472861910057 0 0 0 0 0 0 0 0 0 0.5630492083861752 0.5605423416527119 0.5580169126106562 0.555494472556206 0.5529751029650983 0.5504588844882323 0.547945897029766 0.5454362197456717 0.5429299310420895 0.540427108574105 0.5379278292444952 0.5354321692025993 0.5329402038431797 0.530452007805592 0.5279676549728447 0.5254872184710182 0.5230107706683422 0.5205383831749617 0.5180701268422019 0.5156060717624135 0.5131462872684813 0.5106908419339448 0.5082398035726751 0.5057932392389903 0.5033512152276991 0.5009138094754763 
0.3266561501994158 0.3247371776831989 0.322825749604458 0.320921886123569 0.3190255970571013 0.3171368917003728 0.3152557788317805 0.3133822667172031 0.3115163631141497 0.3096580752761675 0.3078074099572282 0.3059643734160674 0.3041289714204963 0.3023012092517942 0.3004810917090727 0.2986686231135681 0.2968638073132439 0.295066647686807 0.2932771471483525 0.2914953081518488 0.2897211326951485 0.2879546223246344 0.2861957781395925 0.2844446007817735 0.2826953336394344 0 0 0 0 0 0 0 0 0 0 0 0.2623711383078859 0.2607324877620864 0.2590961041522802 0.25746734122593 0.2558461927938315 0.2542326522882897 0.2526267127816222 0.2510283669899531 0.2494376072776489 0.2478544256614193 0.2462788138148052 0.2447107630720581 0.2431502644326273 0.2415973085651547 0.2400518858117661 0.2385139861921012 0.2369835994076323 0.2354607148456041 0.2339453215832884 0.2324374083920375 0.2309369637413259 0.2294439758028477 0.2279584324545897 0.2264803212848807 0.2250096370640787 
0.1305242405753342 0.1295890911359819 0.1286597005946269 0.1277360492247264 0.1268181124786935 0.1259058657815362 0.1249992845328882 0.1240983441090012 0.1232030198647663 0.122313287135634 0.1214291212396086 0.1205504974791007 0.1196773911428861 0.1188097775079131 0.1179476318411968 0.1170909294016469 0.1162396454418223 0.1153937552097723 0.1145532339507325 0.1137180569089251 0.1128881993292128 0.1120636364588372 0.1112443435490542 0.1104302958510888 0.1096192369895433 0 0 0 0 0 0 0 0 0 0 0 0.1003117029483229 0.09957054692580675 0.0988322169856861 0.0980987384024177 0.09737008676611159 0.09664623769343707 0.0959271668340521 0.09521284987186274 0.09450326252619774 0.09379838055305424 0.09309817974624462 0.0924026359385787 0.09171172500300771 0.09102542285371536 0.0903437054472629 0.08966654878365664 0.08899392890742484 0.08832582190867831 0.08766220392410107 0.0870030511380306 0.08634833978341236 0.08569804614279021 0.08505214654927643 0.08441061738751267 0.08377343832629172 
0.04516988180149487 0.04481077373086209 0.04445432857687426 0.04410053077510851 0.04374936300371308 0.04340080802490219 0.04305484868495132 0.04271146791415802 0.04237064872681273 0.04203237422113687 0.04169662757924956 0.04136339206711197 0.04103265103444877 0.04070438791470214 0.04037858622495447 0.04005522956583357 0.03973430162145385 0.03941578615931336 0.0390996670302021 0.03878592816810363 0.03847455359009209 0.03816552739622978 0.03785883376943131 0.03755445697343789 0.03725162312119987 0 0 0 0 0 0 0 0 0 0 0 0.03380069030990539 0.03352783387896268 0.03325637731383987 0.03298699697060609 0.0327196785010878 0.03245440763524389 0.03219117018274713 0.0319299520327591 0.03167073915375632 0.03141351759330151 0.03115827347785537 0.03090499301255864 0.0306536624810211 0.03040426824510372 0.0301567967447039 0.02991123449753122 0.02966756809888551 0.02942578422142659 0.0291858696149579 0.02894781110617275 0.0287115955984427 0.0284772100715686 0.02824464158154463 0.02801387726032017 0.0277849054761232 
0.01435496810066219 0.01423435448230708 0.01411471963407856 0.01399605666019472 0.01387835809808907 0.0137616165369282 0.01364582461733495 0.01353097503109326 0.01341706052086778 0.01330407387992115 0.01319200795182601 0.01308085563018033 0.01297060985833394 0.01286126362909624 0.01275280998446231 0.0126452420153267 0.01253855286121041 0.01243273570997546 0.01232778379755182 0.01222369040765465 0.01212044887151205 0.01201805256758746 0.01191649492130466 0.01181576940416428 0.0117156310943906 0 0 0 0 0 0 0 0 0 0 0 0.0105789583677012 0.01048943896249058 0.01040044296253629 0.01031218077420405 0.0102246466226556 0.01013783477440187 0.01005173953758718 0.009966355261740447 0.009881676337514293 0.009797697196430605 0.009714412310628305 0.009631816192612863 0.009549903394999575 0.009468668510264913 0.00938810617050231 0.009308211047162077 0.009228977850814448 0.00915040133089878 0.009072476275474629 0.008995197510984328 0.008918559902002274 0.008842558350996829 0.008767187798086527 0.008692443220801418 0.00861832000940904 
0.00434708221582057 0.004309463027639836 0.004272163532556049 0.004235181277876639 0.004198513638765448 0.004162158011142231 0.004126111811532658 0.00409037247691719 0.004054937464581522 0.004019804251967844 0.003984970336526875 0.003950433235572261 0.003916190486132797 0.003882239644808024 0.00384857828762455 0.003815204009892976 0.003782114426064817 0.003749307169590955 0.003716779892783028 0.003684530266670901 0.003652555980866573 0.003620854743425484 0.003589424280707944 0.003558262337062126 0.003527294890808741 0 0 0 0 0 0 0 0 0 0 0 0.003176533401181209 0.003148968690986282 0.003121575829781585 0.003094417763646553 0.003067492526187352 0.003040798166713031 0.003014332750279798 0.002988094357571746 0.002962081084782349 0.002936291043496804 0.002910722360575232 0.002885373178035968 0.002860241652942008 0.002835325957283714 0.002810624277867987 0.002786134816202603 0.002761855788386213 0.002737785424995909 0.00271392197097561 0.002690263685528103 0.002666808842004362 0.00264355572779565 0.002620502644225437 0.002597647906443981 0.002574989958099316 
0.001281826513877345 0.001270557417931354 0.001259386429184932 0.001248312762382972 0.001237335581513554 0.001226454057588739 0.001215667368588471 0.001204974699403867 0.001194375241780769 0.001183868194264859 0.001173452762145597 0.001163128157401704 0.001152893598647332 0.001142748311077025 0.001132691526413568 0.00112272248285321 0.001112840425014056 0.001103044603883785 0.001093334276766897 0.001083708707233875 0.00107416716506975 0.001064708926223466 0.001055333272757766 0.001046039492798729 0.001036826880279876 0.001027643948765439 0 0 0 0 0 0 0 0 0 0.0009406026293267037 0.0009323576733467208 0.0009241386558904374 0.000915991528466067 0.0009079156699172722 0.0008999104641717056 0.0008919753003851184 0.0008841095728979652 0.000876312681192784 0.0008685840298516516 0.0008609230285145591 0.0008533290918370513 0.0008458016394491225 0.0008383400959144402 0.0008309438906891651 0.0008236124580814928 0.0008163452372119676 0.0008091416719732611 0.000802001210990963 0.0007949233075842049 0.0007879074197268296 0.0007809530100091743 0.0007740595455991899 0.0007672264982051245 0.0007604533440374109 0.0007537395977783254 
0.0003725387841054887 0.0003692359131839928 0.000365962166186154 0.0003627173048525199 0.0003595010761802444 0.0003563132293576167 0.0003531535157454019 0.0003500216888583628 0.000346917504346807 0.0003438407199787417 0.0003407910956214969 0.0003377683932238914 0.0003347723767987283 0.0003318028124048367 0.0003288594681300324 0.0003259421140734163 0.0003230505223286135 0.0003201844669663575 0.0003173437240179448 0.0003145280714584044 0.0003117372891896965 0.0003089711590246629 0.0003062294646703602 0.0003035119917119601 0.0003008185275968189 0.0002981488615245032 0.0002954881536501028 0 0 0 0 0 0 0 0.000275145261137687 0.0002727160326677247 0.0002702947521254366 0.0002678948795436435 0.0002655162269133436 0.0002631586077759876 0.000260821837295984 0.0002585057322464815 0.0002562101109957984 0.0002539347934936359 0.0002516796012575014 0.0002494443573593102 0.0002472288864119865 0.0002450330145563966 0.0002428565694478665 0.0002406993802435669 0.0002385612775894207 0.0002364420936072814 0.0002343416618823637 0.0002322598174505811 0.0002301963967860984 0.0002281512377889547 0.0002261241797728735 0.0002241150634529466 0.0002221237309337436 0.000220150025697252 0.0002181938024992431 
0.0001074287220620775 0.0001064719750764648 0.0001055237219256037 0.0001045838923208703 0.0001036524117240531 0.0001027292062526164 0.0001018142026739574 0.0001009073283998969 0.0001000085114808561 9.911768060042913e-05 9.823476506983967e-05 9.735969482240094e-05 9.649240040813706e-05 9.563281298842919e-05 9.478086433062168e-05 9.393648680276089e-05 9.309961336836558e-05 9.227017758118173e-05 9.144811358008307e-05 9.063335608395594e-05 8.982584038660387e-05 8.902550235172524e-05 8.823227840795784e-05 8.744610554398406e-05 8.666692130352994e-05 8.589466378061193e-05 8.512927158777205e-05 8.436650224275135e-05 0 0 0 0 0 7.995474403215816e-05 7.924610010835407e-05 7.853982262747765e-05 7.783982584399413e-05 7.71460541167057e-05 7.645845227013059e-05 7.577696561541807e-05 7.510153994598678e-05 7.443212153343508e-05 7.376865712320384e-05 7.311109393061415e-05 7.245937963654498e-05 7.181346238353585e-05 7.117329077162812e-05 7.053881385441909e-05 6.990998113506131e-05 6.928674256234122e-05 6.866904852674914e-05 6.805684985665337e-05 6.745009781443004e-05 6.684874409263706e-05 6.62527408103282e-05 6.56620405092133e-05 6.507659615001931e-05 6.449636110880708e-05 6.392128917331469e-05 6.335133453936118e-05 6.278645466824287e-05 
3.084936903090744e-05 3.057396588228996e-05 3.030101657858112e-05 3.003050068992489e-05 2.976239656648085e-05 2.949668275041533e-05 2.923333797423715e-05 2.897234115908456e-05 2.871367141308211e-05 2.845730802966957e-05 2.820323048599404e-05 2.795141844125833e-05 2.770185173512248e-05 2.745451038613692e-05 2.720937459011132e-05 2.696642471859385e-05 2.6725641317294e-05 2.648700510455663e-05 2.62504969698287e-05 2.601609797215867e-05 2.578378933867729e-05 2.555355246312964e-05 2.532536890441205e-05 2.509922038507897e-05 2.48750887899328e-05 2.46529561645637e-05 2.443280471395041e-05 2.421461679461833e-05 2.399767317997498e-05 2.378336631627952e-05 2.357097096076301e-05 2.336047009131374e-05 2.315184684393935e-05 2.294575548831948e-05 2.274083148685436e-05 2.253773544236342e-05 2.233645108420716e-05 2.213696228019811e-05 2.193925304141577e-05 2.17433075209426e-05 2.154911001259543e-05 2.135664494969247e-05 2.116589690381921e-05 2.097685058359369e-05 2.078949083346181e-05 2.060380263250745e-05 2.041977109323486e-05 2.023738146041325e-05 2.005661910988931e-05 1.987746954743068e-05 1.969991840759187e-05 1.952395145254279e-05 1.934955457097655e-05 1.917671377695686e-05 1.900541520882919e-05 1.883564512811589e-05 1.866738991841378e-05 1.850063608433507e-05 1.833537025041601e-05 1.817157916006215e-05 1.800925049665224e-05 
8.838834525652269e-06 8.759825493668922e-06 8.681521793909283e-06 8.603917535027101e-06 8.52700647618684e-06 8.450782432147951e-06 8.375239272769445e-06 8.300370922516687e-06 8.22617135997998e-06 8.15263461739166e-06 8.079754780152806e-06 8.007525986354183e-06 7.935942426315497e-06 7.864998342114174e-06 7.79468802713322e-06 7.725005825593639e-06 7.655946132118803e-06 7.5875033912692e-06 7.519672097110012e-06 7.452446792768149e-06 7.385822069992994e-06 7.319792568730003e-06 7.254352976686311e-06 7.189498028908785e-06 7.125222507364228e-06 7.061521240521356e-06 6.998389102935301e-06 6.935821014840099e-06 6.873811940941715e-06 6.812356893224624e-06 6.751450925727036e-06 6.691089137370465e-06 6.631266670759429e-06 6.571978712559806e-06 6.513220490038954e-06 6.45498727530903e-06 6.397274381854842e-06 6.340077164938301e-06 6.283391021223256e-06 6.227211388407794e-06 6.171533744862908e-06 6.116353609264353e-06 6.061666540239562e-06 6.007468136009095e-06 5.953754034035521e-06 5.900519910674195e-06 5.847761480828582e-06 5.795474497603825e-06 5.74365475197033e-06 5.692298072426805e-06 5.641400324661482e-06 5.590957411226442e-06 5.540965271210536e-06 5.491419879908622e-06 5.442317248503308e-06 5.393653423744873e-06 5.345424487633489e-06 5.297626557108656e-06 5.250255783735067e-06 5.203308353396144e-06 5.156780721633257e-06 
2.529418014939488e-06 2.506792355897695e-06 2.484368889913287e-06 2.462145925241255e-06 2.440121670132727e-06 2.418294348837226e-06 2.396662201457875e-06 2.375223483812435e-06 2.353976467291428e-06 2.332919438720701e-06 2.31205070022234e-06 2.2913685690797e-06 2.270871377600816e-06 2.250557472985411e-06 2.230425217191779e-06 2.210472986805187e-06 2.190699172907353e-06 2.171102180947243e-06 2.151680430612583e-06 2.132432355704105e-06 2.11335640400753e-06 2.094451037170669e-06 2.075714730579502e-06 2.057145973234445e-06 2.038743267631102e-06 2.020505129637315e-06 2.0024300883753e-06 1.984516686104352e-06 1.966763478101565e-06 1.949169032546458e-06 1.93173193040739e-06 1.914450765325106e-06 1.897324143501368e-06 1.880350683586345e-06 1.863529016567296e-06 1.846857785658913e-06 1.830335646194295e-06 1.813961265516531e-06 1.797733322871436e-06 1.781650509301821e-06 1.765711527542035e-06 1.749915091913422e-06 1.734259928222007e-06 1.718744773653771e-06 1.703368376675572e-06 1.688129496932977e-06 1.67302690515151e-06 1.658059383036445e-06 1.643225723176262e-06 1.628524728944819e-06 1.613955214405345e-06 1.599516004214476e-06 1.585205933528348e-06 1.571023847909533e-06 1.556968603232269e-06 1.543039065591899e-06 1.529234111213795e-06 1.515552626361799e-06 1.501993507249986e-06 1.488555659952764e-06 1.475238067766032e-06 
7.233797584927616e-07 7.169067412349332e-07 7.104916016631995e-07 7.04133855070815e-07 6.978329881529559e-07 6.915884921931789e-07 6.853998630229628e-07 6.792666009807887e-07 6.731882108719279e-07 6.671642019285688e-07 6.611940877702493e-07 6.55277386364671e-07 6.494136199888386e-07 6.436023151905827e-07 6.378430027503938e-07 6.32135217643678e-07 6.264784990029953e-07 6.208723900813532e-07 6.153164382150976e-07 6.09810194787508e-07 6.043532151926425e-07 5.989450587995038e-07 5.935852889165259e-07 5.882734727563613e-07 5.830091814010222e-07 5.777919897673013e-07 5.726214765724871e-07 5.674972243004482e-07 5.624188191679249e-07 5.573858510912398e-07 5.523979136531797e-07 5.474546040702775e-07 5.42555523160325e-07 5.377002753102011e-07 5.328884684439721e-07 5.281197139912907e-07 5.233936268560818e-07 5.187098253854721e-07 5.140679313390453e-07 5.094675698583371e-07 5.049083694366279e-07 5.003899618889746e-07 4.959119823224896e-07 4.914740691070797e-07 4.870758638461042e-07 4.827170113475501e-07 4.783971595953988e-07 4.74115959721251e-07 4.698730659762001e-07 4.656681357029193e-07 4.615008293080829e-07 4.573708102349431e-07 4.532777449362206e-07 4.492213028471988e-07 4.452011563590043e-07 4.412169807924269e-07 4.37268454371398e-07 4.333552581972693e-07 4.294770762230215e-07 4.256335952278932e-07 4.21824524083372e-07 
2.06806078582805e-07 2.049551520461865e-07 2.031207802195185e-07 2.013028243943733e-07 1.995011376867298e-07 1.977155745264097e-07 1.959459906454369e-07 1.941922430663586e-07 1.924541900907826e-07 1.907316912877983e-07 1.890246074828043e-07 1.873328007461097e-07 1.856561343819704e-07 1.839944729173867e-07 1.823476820913122e-07 1.807156288437376e-07 1.790981813049867e-07 1.774952087849956e-07 1.759065817628816e-07 1.743321718764078e-07 1.727718519116423e-07 1.712254957926908e-07 1.696929785715161e-07 1.681741764178356e-07 1.666689666091997e-07 1.651772275209746e-07 1.636988386165923e-07 1.622336804377944e-07 1.607816345950484e-07 1.593425837578782e-07 1.579164116455188e-07 1.565030030174061e-07 1.551022436639993e-07 1.537140203974275e-07 1.523382210424749e-07 1.509747344274512e-07 1.496234503752548e-07 1.482842596944092e-07 1.469570541703461e-07 1.456417265566064e-07 1.443381705661976e-07 1.43046280863008e-07 1.417659530533075e-07 1.404970836773184e-07 1.392395702008616e-07 1.379933110070658e-07 1.367582053882172e-07 1.35534153537544e-07 1.343210565412213e-07 1.331188163703406e-07 1.319273358730756e-07 1.307465187667155e-07 1.295762696300203e-07 1.284164938953967e-07 1.272670978413745e-07 1.261279885849309e-07 1.249990740740859e-07 1.238802630804294e-07 1.22771465191707e-07 1.216725908046367e-07 1.205835566330821e-07 
1.105660710330383e-07 1.095436054562259e-07 1.085305892552012e-07 1.075269402651437e-07 1.065325718794345e-07 1.055473982920366e-07 1.045713344901077e-07 1.036042962466605e-07 1.026462001133434e-07 1.016969634131689e-07 1.007565042334696e-07 9.982474141875069e-08 9.890159456376674e-08 9.798698400654519e-08 9.708083082152733e-08 9.618305681275311e-08 9.529358450715929e-08 9.441233714782611e-08 9.353923868744113e-08 9.267421378165947e-08 9.181718778267665e-08 9.096808673275335e-08 9.012683735784845e-08 8.929336706129417e-08 8.846760391753163e-08 8.76494766659485e-08 8.683891470465779e-08 8.603584808449693e-08 8.524020750290939e-08 8.445192429804388e-08 8.367093044278472e-08 8.289715853890569e-08 8.213054181123981e-08 8.137101410196295e-08 8.061850986482953e-08 7.987296415954924e-08 7.91343126462057e-08 7.840249157968652e-08 7.767743780416033e-08 7.69590887476847e-08 7.624738241677395e-08 7.554225739105919e-08 7.484365281798485e-08 7.41515084075939e-08 7.346576442726921e-08 7.278636169664881e-08 7.21132415824548e-08 7.144634599349354e-08 7.078561737561676e-08 7.013099870675834e-08 6.948243349202558e-08 6.883986575881752e-08 6.820324005200404e-08 6.757250142913366e-08 6.69475954557211e-08 6.632846820050584e-08 6.571506623084815e-08 6.510733660810044e-08 6.450522688301616e-08 6.390868509128646e-08 6.33176627416152e-08 
3.8678300971773e-07 3.832067268060048e-07 3.796634879145601e-07 3.761530058191472e-07 3.726749777566866e-07 3.692291037613421e-07 3.658150866388887e-07 3.624326319410871e-07 3.590814479403184e-07 3.557612456044208e-07 3.524717385719516e-07 3.492126431272914e-07 3.459836781763648e-07 3.427845652223891e-07 3.396150283418853e-07 3.364747941608812e-07 3.333635918315109e-07 3.302811530084609e-07 3.272272118260051e-07 3.242015048750702e-07 3.212037711805137e-07 3.182337521787772e-07 3.152911916954071e-07 3.12375835923129e-07 3.094874333999168e-07 3.066257349874693e-07 3.037904938495354e-07 3.009814654307996e-07 2.98198407435734e-07 2.954410798078765e-07 2.92709244708932e-07 2.900026664984342e-07 2.873211117133663e-07 2.846643490481849e-07 2.820321493347006e-07 2.794242855224541e-07 2.768405326591137e-07 2.742806678711907e-07 2.717444703446737e-07 2.692317213061213e-07 2.667422040037566e-07 2.64275703688904e-07 2.618320075973131e-07 2.59410904930919e-07 2.570121868397705e-07 2.546356464038525e-07 2.522810786153496e-07 2.499482803610624e-07 2.476370504047562e-07 2.453471893698988e-07 2.4307849972247e-07 2.408307857540099e-07 2.386038535646234e-07 2.363975110463392e-07 2.342115678666289e-07 2.32045835451872e-07 2.299001269711592e-07 2.277742573202906e-07 2.256680431056488e-07 2.235813026285416e-07 2.215138663379024e-07 
1.352717621310168e-06 1.340213452441819e-06 1.32782477264571e-06 1.315550578740549e-06 1.303389813195716e-06 1.291341428242695e-06 1.279404385785591e-06 1.267577657311254e-06 1.255860223801638e-06 1.244251075646073e-06 1.23274921255351e-06 1.221353643468409e-06 1.210063386483475e-06 1.198877468757125e-06 1.187794926428514e-06 1.176814804535815e-06 1.165936156933264e-06 1.155158046209995e-06 1.144479543609809e-06 1.133899728951681e-06 1.123417690548956e-06 1.113032525133155e-06 1.102743337775304e-06 1.09254924180853e-06 1.082449358752824e-06 1.072442818238953e-06 1.062528757933974e-06 1.052706323466245e-06 1.042974668353247e-06 1.033332953927786e-06 1.023780349266799e-06 1.014316031119004e-06 1.004939183834156e-06 9.956489992942967e-07 9.864446768426047e-07 9.773254232148742e-07 9.682904524727435e-07 9.593389859337189e-07 9.504702521064878e-07 9.416834866232908e-07 9.329779321744267e-07 9.243528384432062e-07 9.158074620417505e-07 9.073410664464665e-07 8.989529219349812e-07 8.90642305523577e-07 8.824085009049494e-07 8.742507983861579e-07 8.661684948280476e-07 8.581608935850117e-07 8.502273044441928e-07 8.423670435670097e-07 8.345794334299151e-07 8.268638027662825e-07 8.192194865081902e-07 8.116458257301184e-07 8.041421675914414e-07 7.96707865280792e-07 7.893422779600476e-07 7.82044770709541e-07 7.748147510823601e-07 
4.72870523339738e-06 4.685016299944753e-06 4.641730575411742e-06 4.598844561746561e-06 4.556354570880982e-06 4.514256948733796e-06 4.472548074901192e-06 4.431224362343452e-06 4.390282257081521e-06 4.349718237889371e-06 4.309528815995226e-06 4.269710534782627e-06 4.230259969492805e-06 4.191173726935074e-06 4.152448445191919e-06 4.114080793334468e-06 4.076067471135877e-06 4.038405208790731e-06 4.001090766631457e-06 3.964120934855024e-06 3.927492533246801e-06 3.891202410906519e-06 3.855247445979353e-06 3.819624545390367e-06 3.784330644578332e-06 3.749362707232148e-06 3.714717725032704e-06 3.680392717395558e-06 3.64638473121244e-06 3.612690840603225e-06 3.579308146660462e-06 3.546233777203883e-06 3.513464886534908e-06 3.480998655190268e-06 3.448832289703582e-06 3.416963022362903e-06 3.385388110976797e-06 3.354104838635916e-06 3.323110513484008e-06 3.292402468484367e-06 3.261978061193153e-06 3.231834673531024e-06 3.201969711561497e-06 3.172380605265763e-06 3.143064808325308e-06 3.114019797900888e-06 3.085243074418325e-06 3.05673216135406e-06 3.028484605022013e-06 3.000497974364575e-06 2.972769860741574e-06 2.945297877728117e-06 2.918079660906567e-06 2.891112867663995e-06 2.864395176994321e-06 2.837924289295985e-06 2.81169792617624e-06 2.785713830256005e-06 2.759969764976777e-06 2.734463514406895e-06 2.709193011011143e-06 
1.651561317358347e-05 1.636316746601216e-05 1.621212670925765e-05 1.606247874311247e-05 1.591421074355342e-05 1.576731000436252e-05 1.562176393605119e-05 1.547756006479507e-05 1.533468603137439e-05 1.519312959012193e-05 1.50528786078792e-05 1.49139210629818e-05 1.477624504422271e-05 1.463983874984297e-05 1.450469048653544e-05 1.437078866845018e-05 1.423812181620485e-05 1.410667855591636e-05 1.397644761822616e-05 1.384741783735556e-05 1.371957815013933e-05 1.359291759510149e-05 1.346742531151555e-05 1.334309053848311e-05 1.321990261401753e-05 1.309785097414253e-05 1.297692515198859e-05 1.285711477690267e-05 1.27384095735746e-05 1.262079936115317e-05 1.250427405238616e-05 1.238882365276294e-05 1.227443825965634e-05 1.216110806149535e-05 1.204882333691606e-05 1.193757445394142e-05 1.182735186915735e-05 1.171814612691419e-05 1.160994785850014e-05 1.150274778136373e-05 1.139653669831328e-05 1.129130549673549e-05 1.1187045147826e-05 1.108374670581112e-05 1.098140130719647e-05 1.088000017000112e-05 1.077953459302266e-05 1.067999595508845e-05 1.058137571431864e-05 1.048366540740871e-05 1.038685664889932e-05 1.029094113047078e-05 1.01959106202282e-05 1.010175696199995e-05 1.000847207465276e-05 9.916047951392199e-06 9.824476659086402e-06 9.733750337585652e-06 9.6438611990627e-06 9.554801527336255e-06 9.466564124016462e-06 
5.75880188475454e-05 5.705739336674471e-05 5.653164526428542e-05 5.601073251032281e-05 5.549461075928598e-05 5.498323607056474e-05 5.447656490484201e-05 5.397455412042578e-05 5.34771609697186e-05 5.29843430955336e-05 5.249605852763655e-05 5.201226567920261e-05 5.153292334331598e-05 5.105799068956314e-05 5.058742726059425e-05 5.012119296870954e-05 4.965924809254037e-05 4.920155327371542e-05 4.874806951355003e-05 4.829875816978142e-05 4.785358095333993e-05 4.74124999251422e-05 4.697547749289202e-05 4.65424764079447e-05 4.611345976219518e-05 4.568839098495552e-05 4.52672338399056e-05 4.484995242204788e-05 4.443651115470523e-05 4.402687478652787e-05 4.362100838852853e-05 4.321887735116813e-05 4.282044738145028e-05 4.242568450000848e-05 4.203455503831016e-05 4.164702563578739e-05 4.126306323703363e-05 4.088263508906509e-05 4.050570873854237e-05 4.013225202903375e-05 3.976223309834781e-05 3.9395620375816e-05 3.903238257967316e-05 3.867248871440889e-05 3.831590806817864e-05 3.796261021020919e-05 3.761256498822381e-05 3.726574252594306e-05 3.692211322055145e-05 3.658164774020798e-05 3.624431702158866e-05 3.591009226741636e-05 3.55789449440717e-05 3.525084677917024e-05 3.492576975918293e-05 3.460368612709114e-05 3.428456838003987e-05 3.39683892670181e-05 3.365512178657679e-05 3.334473918455705e-05 3.303721650897999e-05 
0.0002001864297631531 0.0001983479434049449 0.0001965262724557278 0.0001947212732064921 0.0001929327938919165 0.0001911606841169401 0.0001894047948446522 0.0001876649783842173 0.0001859410883788014 0.0001842329797936528 0.000182540508904451 0.0001808635332854241 0.0001792019117978351 0.0001775555045785012 0.0001759241730284786 0.0001743077798015703 0.0001727061887933783 0.0001711192651299458 0.0001695468751570521 0.0001679888864290789 0.0001664451676983344 0.0001649155889042353 0.000163400021162867 0.0001618983367562746 0.0001604104091221221 0.0001589361128434061 0.0001574753236380859 0.0001560279183490296 0.0001545937749338639 0.0001531727724551031 0.0001517647910701415 0.0001503697120215418 0.000148987417627225 0.0001476177912709651 0.0001462607173927255 0.0001449160814792077 0.0001435837700545527 0.000142263670670976 0.0001409556718995689 0.0001396596633211617 0.0001383755355172767 0.000137103180061132 0.0001358424895087907 0.0001345933573903148 0.0001333556782010113 0.0001321293473928181 0.0001309142613656827 0.0001297103174590245 0.0001285174139434138 0.000127335450012088 0.0001261643257727028 0.0001250039422391895 0.0001238542013235035 0.0001227150058276408 0.0001215862594356256 0.0001204678667055492 0.0001193597330617465 0.0001182617647870038 0.0001171738690148402 0.0001160959537218435 0.0001150279331283086 
0.0006919090724010345 0.0006855936944335931 0.0006793355440774391 0.0006731341398636087 0.0006669889724405246 0.0006608995369571685 0.0006548653330243152 0.0006488858646763501 0.0006429606403325124 0.0006370891727598277 0.0006312709790349004 0.0006255055805071935 0.0006197925027617849 0.0006141312755830987 0.0006085214329183319 0.0006029625128415657 0.0005974540575180459 0.0005919956131689928 0.0005865867300361633 0.0005812269623472791 0.0005759158682815982 0.0005706530099351769 0.0005654379532876511 0.0005602702681679777 0.0005551495282214634 0.0005500753108762618 0.0005450471973111389 0.0005400647724222758 0.0005351276247912533 0.0005302353466533063 0.0005253875338652463 0.0005205837858740422 0.000515823705685683 0.0005111068998343542 0.0005064329783514617 0.0005018015547354135 0.000497212245921338 0.0004926646722514191 0.0004881584574447511 0.000483693228568374 0.0004792686160078399 0.0004748842534384849 0.0004705397777964942 0.000466234829250758 0.0004619690511743015 0.0004577420901168484 0.0004535535957765021 0.0004494032209728112 0.0004452906216189227 0.0004412154566952142 0.0004371773882218533 0.000433176081232811 0.0004292112037490308 0.0004252824267525071 0.0004213894241604941 0.0004175318727996737 0.0004137094523806223 0.0004099218454727605 0.0004061687374792149 0.0004024498166120241 0.0003987647925281249 
0.002366140749526356 0.002344791354307638 0.002323632055598563 0.00230266130150036 0.002281877444583769 0.002261278851369331 0.00224086390221674 0.002220630991211893 0.002200578526057291 0.002180704927963132 0.002161008631536846 0.002141488084676525 0.002122141748462984 0.002102968097053394 0.002083965617575562 0.002065132810023315 0.002046468187151714 0.00202797027437499 0.002009637609662326 0.001991468743437574 0.001973462238476721 0.001955616669808914 0.001937930624616156 0.001920402702134524 0.00190303151355632 0.00188581568193255 0.001868753842076156 0.001851844640466249 0.001835086735153583 0.001818478795664629 0.001802019502909282 0.00178570754908652 0.001769541637593371 0.001753520482932185 0.001737642810620298 0.00172190735709908 0.001706312869645511 0.001690858106282065 0.001675541835688747 0.001660362837116191 0.001645319900298434 0.00163041182536575 0.001615637422760493 0.001600995513151512 0.001586484927349549 0.001572104506224131 0.0015578531006206 0.001543729571277071 0.001529732788743682 0.00151586163330045 0.001502114994877758 0.001488491772975737 0.001474990876585776 0.001461611224111063 0.001448351743289084 0.001435211371114144 0.001422189053760451 0.001409283746505978 0.001396494413656578 0.001383820028471715 0.001371259636698969 
0.007934014142997953 0.007863953845308514 0.007794496932352023 0.007725638761436155 0.007657374369050876 0.007589698830174428 0.007522607258016483 0.007456094803750312 0.007390156656259981 0.00732478804187463 0.007259984224115448 0.007195740503438529 0.007132052216979526 0.007068914738300297 0.007006323477136925 0.006944273879148474 0.0068827614256677 0.006821781633453114 0.006761330054438711 0.006701402275494568 0.006641993918174982 0.006583100638482419 0.006524718126618866 0.006466842106752169 0.006409468336770547 0.006352592608047686 0.00629621074520775 0.006240318605885908 0.006184912080496949 0.006129987092002047 0.00607553959567611 0.006021565578880821 0.005968061060831208 0.005915022092370742 0.005862444755744575 0.005810325164373985 0.005758659462632914 0.005707443825625376 0.005656674458964522 0.005606347598550333 0.005556459510354635 0.005507006490200984 0.005457984863549175 0.005409390985280082 0.005361221239482288 0.005313472039239313 0.005266139826418983 0.005219221071461196 0.005172712273172909 0.005126609958517776 0.005080910682411116 0.00503561102751433 0.004990707604031515 0.004946197049506731 0.004902076028622544 0.004858341233000079 0.004814989381000584 0.004772017217525597 0.004729421513823548 0.004687199067292919 0.004645346913273475 
0.02566496142173587 0.02544729946608038 0.02523139549814938 0.02501723755661854 0.02480481264574572 0.02459410785176385 0.02438511034256075 0.02417780736736536 0.02397218625641645 0.02376823442064365 0.02356593935134739 0.02336528861985438 0.02316626987720702 0.02296887085382436 0.02277307935917049 0.02257888328142913 0.02238627058715994 0.02219522932097794 0.02200574760519828 0.02181781363951662 0.02163141570066662 0.02144654214207381 0.02126318139352484 0.02108132196082856 0.02090095242545969 0.02072206144423615 0.02054463774896388 0.02036867014609767 0.02019414751639493 0.02002105881457666 0.01984939306897428 0.01967913938118758 0.01951028692574065 0.01934282494973785 0.01917674277250498 0.01901202978525673 0.01884867545073392 0.01868666930287519 0.01852600094644742 0.01836666005671241 0.01820863637907459 0.0180519197287306 0.01789649999032004 0.01774236711757819 0.01758951113299304 0.01743792212744548 0.01728759025986636 0.01713850575688915 0.01699065891250096 0.01684404008769168 0.01669863971010579 0.01655444827369603 0.01641145633837839 0.01626965452967637 0.01612903353838282 0.01598958412020491 0.01585129709542255 0.01571416334854324 0.01557817382794992 0.01544331954555997 0.01530959225400757 
0.07784346226931162 0.07723145592541067 0.07662379843493489 0.07602046775370515 0.07542143877217067 0.07482668645407585 0.07423618583726056 0.07364991203446203 0.07306784023407303 0.0724899457008933 0.07191620377685969 0.07134658988178856 0.07078107951402124 0.07021964825117477 0.06966227175076109 0.06910892575084053 0.0685595860706929 0.06801422861137374 0.06747282935637997 0.06693536437220904 0.06640180980890334 0.06587214190065573 0.06534633696632157 0.0648243714099437 0.06430622172127712 0.06379186447627053 0.06328127633754893 0.06277443405490886 0.06227131446572021 0.06177189449541892 0.06127615115789609 0.06078406155592807 0.06029560288156048 0.05981075241649825 0.05932948753249923 0.05885178569169613 0.05837762444696849 0.05790698144225827 0.0574398344129155 0.05697616118596917 0.05651593968045729 0.05605914790770387 0.05560576397156724 0.0551557660687301 0.05470913248892636 0.05426584161519793 0.05382587192410326 0.05338920198593609 0.05295581046492957 0.05252567611944733 0.05209877780218748 0.05167509446030354 0.05125460513561093 0.05083728896472656 0.05042312517919601 0.05001209310562742 0.04960417216582658 0.04919934187688461 0.04879758185130099 0.04839887179706353 0.04800319352342836 
0.2111959828589007 0.2097571669273182 0.2083260863764524 0.2069027309387225 0.2054870827129037 0.2040791235369895 0.2026788349926807 0.2012861984097495 0.1999011948702929 0.198523805213044 0.1971540100375877 0.1957917897087593 0.1944371243606285 0.1930899939008461 0.1917503780147251 0.1904182561694237 0.1890936076179319 0.1877764114032795 0.1864666463624651 0.1851642911305293 0.1838693241445528 0.1825817236475632 0.1813014676924473 0.1800285341459295 0.1787629006923818 0.1775045448376626 0.176253443912957 0.1750095750785328 0.1737729153274658 0.172543441489413 0.171321130234315 0.1701059580759562 0.1688979013757071 0.1676969363460783 0.1665030390542772 0.1653161854257562 0.1641363512477632 0.1629635121727685 0.1617976437219513 0.1606387212885791 0.1594867201414562 0.1583416154282246 0.1572033821787394 0.1560719953082986 0.1549474296210442 0.1538296598130071 0.1527186604755007 0.1516144060981799 0.1505168710722439 0.1494260296935046 0.1483418561655348 0.1472643246026571 0.1461934090330144 0.145129083401566 0.1440713215730216 0.1430200973347723 0.1419753843998527 0.1409371564097426 0.1399053869372764 0.1388800494894276 0.1378611226796132 
0.4776413669258622 0.4751774947164361 0.472719285618091 0.4702668139524389 0.467820140594491 0.4653793255678988 0.4629444280466423 0.4605155063569359 0.458092617979081 0.4556758195494933 0.453265166862783 0.4508607148739491 0.4484625177006751 0.4460706286254957 0.4436851000983956 0.4413059837392773 0.4389333303405354 0.4365671898696097 0.4342076114718386 0.4318546434732512 0.4295083333833824 0.4271687278982039 0.424835872903309 0.4225098134768542 0.4201905938927398 0.4178782576238825 0.4155728473454895 0.4132744049383121 0.410982971492271 0.408698587309861 0.4064212919095311 0.4041511240295593 0.4018881216313828 0.3996323219037887 0.3973837612661311 0.395142475372573 0.3929084991158603 0.3906818666311728 0.3884626113001732 0.3862507657550149 0.384046361882494 0.3818494308281881 0.3796600030004055 0.3774781080747296 0.3753037749980969 0.3731370319932486 0.3709779065628406 0.3688264254939619 0.3666826148628217 0.3645465000387351 0.3624181056890309 0.360297455783439 0.3581845735985189 0.3560794817226197 0.3539822020602685 0.35189275583688 0.3498111636035044 0.3477374452415914 0.345671619967677 0.3436137063383051 0.3415637326713301 
0.8240708743279958 0.8217407792004612 0.8194012267088175 0.8170523698138705 0.8146943496802819 0.8123273075264473 0.8099513846095306 0.8075667222106149 0.8051734616201016 0.8027717441225649 0.8003617109825139 0.7979435034298932 0.7955172626451492 0.7930831297454297 0.7906412457699242 0.7881917516659125 0.7857347882744391 0.7832704963165946 0.7807990163794171 0.7783204889021185 0.7758350541625048 0.773342852263223 0.770844023118421 0.7683387064403946 0.7658270417260418 0.7633091682440323 0.7607852250215966 0.7582553508315146 0.755719684179615 0.753178363291558 0.7506315261007707 0.7480793102356414 0.7455218530073022 0.7429592913973317 0.7403917620457838 0.7378194012390363 0.7352423448980518 0.7326607285666319 0.7300746873998361 0.7274843561523534 0.7248898691674516 0.7222913603654821 0.7196889632329971 0.7170828108116889 0.714473035687676 0.7118597699807246 0.7092431453337779 0.7066232929024766 0.7040003433450518 0.7013744268120281 0.6987456729362446 0.6961142108231422 0.6934801690409584 0.6908436756110807 0.688204857998734 0.6855638431037219 0.6829207572511434 0.6802757261824494 0.6776288750466737 0.6749803283915852 0.6723302236582278 
0.9999996434975839 0.9999849275749791 0.9999486268085226 0.9998907439606002 0.9998112834039347 0.9997102511408513 0.999587654802534 0.9994435036472675 0.9992778085606331 0.9990905820523885 0.9988818382547792 0.9986515929215742 0.9983998634248141 0.9981266687528249 0.997832029507389 0.9975159678999714 0.9971785077501333 0.9968196744800005 0.9964394951129745 0.9960379982675581 0.9956152141548548 0.9951711745733358 0.9947059129047494 0.9942194641086304 0.9937118647183136 0.9931831528349163 0.9926333681218443 0.9920625517994224 0.9914707466388787 0.9908579969561556 0.9902243486054982 0.9895698489729629 0.9888945469697591 0.9881984930249949 0.987481739078679 0.986744338574435 0.985986346451272 0.9852078191365143 0.9844088145370579 0.9835893920321966 0.9827496124636428 0.9818895381283875 0.9810092327690758 0.9801087615648699 0.9791881911231305 0.9782475894688067 0.9772870260357365 0.9763065716566506 0.9753062985528542 0.9742862803244691 0.9732465919403311 0.9721873097267097 0.971108511357394 0.9700102758423421 0.9688926835170076 0.9677558160311761 0.9665997563371556 0.9654245886786678 0.9642303985790952 0.9630172728297612 0.9617853058050984 
0.8249154703681336 0.8272324596186365 0.8295396820841744 0.8318369851808665 0.8341242282902396 0.836401270944236 0.8386679728408107 0.8409241938592115 0.8431697940755135 0.8454046337784694 0.847628573484742 0.8498414739549973 0.8520431962093651 0.8542336015432 0.8564125515431027 0.8585799081026441 0.8607355334380271 0.8628792901045289 0.8650110410117948 0.8671306494402722 0.8692379790570387 0.8713328939316226 0.873415258552427 0.8754849378422678 0.8775417971749573 0.8795857023907955 0.8816165198131077 0.883634116263868 0.8856383590802173 0.8876291161301179 0.88960625582859 0.8915696471537342 0.8935191596627483 0.8954546635079246 0.8973760294526469 0.8992831288873641 0.9011758338454861 0.9030540170193698 0.9049175517762862 0.9067663121740184 0.9086001729768475 0.9104190096715344 0.9122226984825255 0.9140111163880896 0.9157841411359887 0.917541651258744 0.9192835260892164 0.9210096457765002 0.9227198913008543 0.9244141444891554 0.9260922880305825 0.9277542054912578 0.9293997813296444 0.9310289009117777 0.9326414505261531 0.934237317398218 0.9358163897060133 0.9373785565940679 0.9389237081886713 0.9404517356119499 0.9419625233343919 
0.4785383519199109 0.4810098618397766 0.4834869107436692 0.4859694214521621 0.4884573284980017 0.490950565553861 0.4934490654309884 0.4959527600784899 0.4984615805824144 0.5009754571648327 0.5034943191835581 0.5060180951312954 0.508546712635361 0.5110800984573347 0.5136181784929944 0.5161608777718767 0.5187081204575839 0.521259829847888 0.5238159283747423 0.5263763376049319 0.5289409782401951 0.5315097701180931 0.5340826322125647 0.5366594826347725 0.5392402386340613 0.5418248165988737 0.5444131320580534 0.5470050996821093 0.5496006332846562 0.552199645823886 0.5548020494042871 0.5574077552783685 0.5600166738486207 0.5626287146696552 0.5652437864501195 0.567861797055303 0.5704826535093289 0.5731062619978463 0.5757325278707077 0.5783613556447633 0.5809926490067518 0.5836263108165902 0.5862622431104471 0.5889003471041433 0.59154052319658 0.5941826709735941 0.5968266892115275 0.5994724758811064 0.6021199281517043 0.6047689423953924 0.6074194141912899 0.6100712383299506 0.6127243088182377 0.6153785188837579 0.6180337609799279 0.6206899267910051 0.6233469072372482 0.6260045924802267 0.628662871928287 0.631321634242211 0.6339807537673355 
0.2117208988702068 0.2131702998028716 0.2146274914465274 0.2160924831552119 0.2175652913565129 0.2190459321887991 0.2205344214969318 0.2220307748275346 0.2235350074244346 0.2250471342239844 0.2265671698505339 0.2280951286116451 0.2296310244934534 0.2311748711560664 0.232726681928537 0.2342864698043976 0.2358542474368362 0.2374300271337073 0.2390138208529585 0.2406056401976678 0.2422054964112437 0.2438134003724401 0.2454293625907664 0.2470533932011524 0.2486855019593515 0.2503256982368968 0.251973991016149 0.2536303888853598 0.2552949000335795 0.2569675322457425 0.2586482928977349 0.2603371889511645 0.2620342269484989 0.2637394130078424 0.2654527528182116 0.2671742516339114 0.2689039142699715 0.2706417450967982 0.2723877480350536 0.2741419265506638 0.2759042836497076 0.2776748218729909 0.2794535432912983 0.2812404495000538 0.2830355416142492 0.2848388202631875 0.2866502855853308 0.2884699372234409 0.290297774318893 0.2921337955069017 0.2939779989113394 0.2958303821393667 0.2976909422764266 0.2995596758810538 0.3014365789796458 0.3033216470614143 0.3052148750730858 0.3071162574139447 0.3090257879305492 0.3109434599115234 0.3128692562272597 
0.0780670032823466 0.07868498417520993 0.07930737999334887 0.07993421302272294 0.08056550875153966 0.08120129273579042 0.08184159059829255 0.08248642802771568 0.08313583077762203 0.0837898246654511 0.08444843557151788 0.08511168943795973 0.08577961226770289 0.08645223012334174 0.08712956912609354 0.08781165545465044 0.08849851534402352 0.08919017508443565 0.08988666102007237 0.09058799954793571 0.0912942171165913 0.09200534022492059 0.09272139542087 0.09344240930013409 0.09416840850487906 0.09489941972238373 0.09563546968366368 0.09637658516214891 0.09712279297221454 0.09787411996781374 0.09863059304098702 0.09939223912039453 0.100159085169845 0.1009311581867595 0.101708485200605 0.1024910932713682 0.1032790094879395 0.1040722609665067 0.1048708748488762 0.1056748783008781 0.1064842985106039 0.10729916268674 0.1081194980567869 0.10894533186534 0.1097766913722306 0.1106136038508014 0.1114560965859364 0.1123041968723393 0.1131579320124874 0.1140173293148515 0.1148824160918096 0.1157532196577975 0.116629767327208 0.1175120864124131 0.1184002042217114 0.1192941480572186 0.1201939452127484 0.1210996229717284 0.1220112086049636 0.1229287293684994 0.1238522077685779 
SCALARS mu_O double 1
LOOKUP_TABLE default
337088 337088 337088 337088 337088 337088 337088 337088 337088 337088 337088 337088 337088 337088 337088 337088 337088 337088 337088 337088 337088 337088 337088 337088 337088 337088 337088 337088 337088 337088 337088 337088 337088 337088 337088 337088 337088 337088 337088 337088 337088 337088 337088 337088 337088 337088 337088 337088 337088 337088 337088 337088 337088 337088 337088 337088 337088 337088 337088 337088 337088 
337088 337088 337088 337088 337088 337088 337088 337088 337088 337088 337088 337088 337088 337088 337088 337088 337088 337088 337088 337088 337088 337088 337088 337088 337088 337088 337088 337088 337088 337088 337088 337088 337088 337088 337088 337088 337088 337088 337088 337088 337088 337088 337088 337088 337088 337088 337088 337088 337088 337088 337088 337088 337088 337088 337088 337088 337088 337088 337088 337088 337088 
337088 337088 337088 337088 337088 337088 337088 337088 337088 337088 337088 337088 337088 337088 337088 337088 337088 337088 337088 337088 337088 337088 337088 337088 337088 337088 337088 337088 337088 337088 337088 337088 337088 337088 337088 337088 337088 337088 337088 337088 337088 337088 337088 337088 337088 337088 337088 337088 337088 337088 337088 337088 337088 337088 337088 337088 337088 337088 337088 337088 337088 
337088 337088 337088 337088 337088 337088 337088 337088 337088 337088 337088 337088 337088 337088 337088 337088 337088 337088 337088 337088 337088 337088 337088 337088 337088 337088 337088 337088 337088 337088 337088 337088 337088 337088 337088 337088 337088 337088 337088 337088 337088 337088 337088 337088 337088 337088 337088 337088 337088 337088 337088 337088 337088 337088 337088 337088 337088 337088 337088 337088 337088 
337088 337088 337088 337088 337088 337088 337088 337088 337088 337088 337088 337088 337088 337088 337088 337088 337088 337088 337088 337088 337088 337088 337088 337088 337088 337088 337088 337088 337088 337088 337088 337088 337088 337088 337088 337088 337088 337088 337088 337088 337088 337088 337088 337088 337088 337088 337088 337088 337088 337088 337088 337088 337088 337088 337088 337088 337088 337088 337088 337088 337088 
337088 337088 337088 337088 337088 337088 337088 337088 337088 337088 337088 337088 337088 337088 337088 337088 337088 337088 337088 337088 337088 337088 337088 337088 337088 337088 337088 337088 337088 337088 337088 337088 337088 337088 337088 337088 337088 337088 337088 337088 337088 337088 337088 337088 337088 337088 337088 337088 337088 337088 337088 337088 337088 337088 337088 337088 337088 337088 337088 337088 337088 
337088 337088 337088 337088 337088 337088 337088 337088 337088 337088 337088 337088 337088 337088 337088 337088 337088 337088 337088 337088 337088 337088 337088 337088 337088 337088 337088 337088 337088 337088 337088 337088 337088 337088 337088 337088 337088 337088 337088 337088 337088 337088 337088 337088 337088 337088 337088 337088 337088 337088 337088 337088 337088 337088 337088 337088 337088 337088 337088 337088 337088 
337088 337088 337088 337088 337088 337088 337088 337088 337088 337088 337088 337088 337088 337088 337088 337088 337088 337088 337088 337088 337088 337088 337088 337088 337088 337088 337088 337088 337088 337088 337088 337088 337088 337088 337088 337088 337088 337088 337088 337088 337088 337088 337088 337088 337088 337088 337088 337088 337088 337088 337088 337088 337088 337088 337088 337088 337088 337088 337088 337088 337088 
337088 337088 337088 337088 337088 337088 337088 337088 337088 337088 337088 337088 337088 337088 337088 337088 337088 337088 337088 337088 337088 337088 337088 337088 337088 337088 337088 337088 337088 337088 337088 337088 337088 337088 337088 337088 337088 337088 337088 337088 337088 337088 337088 337088 337088 337088 337088 337088 337088 337088 337088 337088 337088 337088 337088 337088 337088 337088 337088 337088 337088 
337088 337088 337088 337088 337088 337088 337088 337088 337088 337088 337088 337088 337088 337088 337088 337088 337088 337088 337088 337088 337088 337088 337088 337088 337088 337088 337088 337088 337088 337088 337088 337088 337088 337088 337088 337088 337088 337088 337088 337088 337088 337088 337088 337088 337088 337088 337088 337088 337088 337088 337088 337088 337088 337088 337088 337088 337088 337088 337088 337088 337088 
337088 337088 337088 337088 337088 337088 337088 337088 337088 337088 337088 337088 337088 337088 337088 337088 337088 337088 337088 337088 337088 337088 337088 337088 337088 337088 337088 337088 337088 337088 337088 337088 337088 337088 337088 337088 337088 337088 337088 337088 337088 337088 337088 337088 337088 337088 337088 337088 337088 337088 337088 337088 337088 337088 337088 337088 337088 337088 337088 337088 337088 
337088 337088 337088 337088 337088 337088 337088 337088 337088 337088 337088 337088 337088 337088 337088 337088 337088 337088 337088 337088 337088 337088 337088 337088 337088 337088 337088 337088 337088 337088 337088 337088 337088 337088 337088 337088 337088 337088 337088 337088 337088 337088 337088 337088 337088 337088 337088 337088 337088 337088 337088 337088 337088 337088 337088 337088 337088 337088 337088 337088 337088 
337088 337088 337088 337088 337088 337088 337088 337088 337088 337088 337088 337088 337088 337088 337088 337088 337088 337088 337088 337088 337088 337088 337088 337088 337088 337088 337088 337088 337088 337088 337088 337088 337088 337088 337088 337088 337088 337088 337088 337088 337088 337088 337088 337088 337088 337088 337088 337088 337088 337088 337088 337088 337088 337088 337088 337088 337088 337088 337088 337088 337088 
337088 337088 337088 337088 337088 337088 337088 337088 337088 337088 337088 337088 337088 337088 337088 337088 337088 337088 337088 337088 337088 337088 337088 337088 337088 337088 337088 337088 337088 337088 337088 337088 337088 337088 337088 337088 337088 337088 337088 337088 337088 337088 337088 337088 337088 337088 337088 337088 337088 337088 337088 337088 337088 337088 337088 337088 337088 337088 337088 337088 337088 
337088 337088 337088 337088 337088 337088 337088 337088 337088 337088 337088 337088 337088 337088 337088 337088 337088 337088 337088 337088 337088 337088 337088 337088 337088 337088 337088 337088 337088 337088 337088 337088 337088 337088 337088 337088 337088 337088 337088 337088 337088 337088 337088 337088 337088 337088 337088 337088 337088 337088 337088 337088 337088 337088 337088 337088 337088 337088 337088 337088 337088 
337088 337088 337088 337088 337088 337088 337088 337088 337088 337088 337088 337088 337088 337088 337088 337088 337088 337088 337088 337088 337088 337088 337088 337088 337088 337088 337088 337088 337088 337088 337088 337088 337088 337088 337088 337088 337088 337088 337088 337088 337088 337088 337088 337088 337088 337088 337088 337088 337088 337088 337088 337088 337088 337088 337088 337088 337088 337088 337088 337088 337088 
337088 337088 337088 337088 337088 337088 337088 337088 337088 337088 337088 337088 337088 337088 337088 337088 337088 337088 337088 337088 337088 337088 337088 337088 337088 337088 337088 337088 337088 337088 337088 337088 337088 337088 337088 337088 337088 337088 337088 337088 337088 337088 337088 337088 337088 337088 337088 337088 337088 337088 337088 337088 337088 337088 337088 337088 337088 337088 337088 337088 337088 
337088 337088 337088 337088 337088 337088 337088 337088 337088 337088 337088 337088 337088 337088 337088 337088 337088 337088 337088 337088 337088 337088 337088 337088 337088 337088 337088 337088 337088 337088 337088 337088 337088 337088 337088 337088 337088 337088 337088 337088 337088 337088 337088 337088 337088 337088 337088 337088 337088 337088 337088 337088 337088 337088 337088 337088 337088 337088 337088 337088 337088 
337088 337088 337088 337088 337088 337088 337088 337088 337088 337088 337088 337088 337088 337088 337088 337088 337088 337088 337088 337088 337088 337088 337088 337088 337088 337088 337088 337088 337088 337088 337088 337088 337088 337088 337088 337088 337088 337088 337088 337088 337088 337088 337088 337088 337088 337088 337088 337088 337088 337088 337088 337088 337088 337088 337088 337088 337088 337088 337088 337088 337088 
337088 337088 337088 337088 337088 337088 337088 337088 337088 337088 337088 337088 337088 337088 337088 337088 337088 337088 337088 337088 337088 337088 337088 337088 337088 337088 337088.000000012 337087.9999999352 337087.9999982377 337087.9999981534 337087.9999981244 337087.9999980837 337087.9999981036 337087.9999999261 337088.0000000136 337088 337088 337088 337088 337088 337088 337088 337088 337088 337088 337088 337088 337088 337088 337088 337088 337088 337088 337088 337088 337088 337088 337088 337088 337088 337088 
337088 337088 337088 337088 337088 337088 337088 337088 337088 337088 337088 337088 337088 337088 337088 337088 337088 337088 337088 337088 337088 337088 337088 337088 337088.000000007 337088.0000003225 337087.9999975518 337087.9999212036 337088.0001415538 337088.0000940582 337088.0000946663 337088.0000974927 337088.0001523644 337087.9999135613 337087.9999971755 337088.0000003797 337088.0000000091 337088 337088 337088 337088 337088 337088 337088 337088 337088 337088 337088 337088 337088 337088 337088 337088 337088 337088 337088 337088 337088 337088 337088 337088 
337088 337088 337088 337088 337088 337088 337088 337088 337088 337088 337088 337088 337088 337088 337088 337088 337088 337088 337088 337088 337088 337088 337087.9999999974 337088.0000001071 337088.0000037401 337087.9999599131 337087.9987199516 337088.0058219542 337088.1302616736 337088.1360529459 337088.1371326038 337088.1391342407 337088.1361005247 337088.0063271113 337087.998589069 337087.9999539276 337088.0000043528 337088.0000001303 337087.9999999951 337088 337088 337088 337088 337088 337088 337088 337088 337088 337088 337088 337088 337088 337088 337088 337088 337088 337088 337088 337088 337088 337088 
337088 337088 337088 337088 337088 337088 337088 337088 337088 337088 337088 337088 337088 337088 337088 337088 337088 337088 337088 337088 337088 337087.9999999735 337088.0000006453 337088.000021352 337087.9996965881 337087.9906549248 337088.0677618252 337089.8523805913 337084.9824150093 337086.040817772 337086.0471717044 337086.000927722 337084.8552324258 337089.9427701659 337088.0734039563 337087.9898124355 337087.999658715 337088.0000241464 337088.0000007553 337087.9999999688 337088 337088 337088 337088 337088 337088 337088 337088 337088 337088 337088 337088 337088 337088 337088 337088 337088 337088 337088 337088 337088 
337088 337088 337088 337088 337088 337088 337088 337088 337088 337088 337088 337088 337088 337088 337088 337088 337088 337088 337088 337088 337087.9999999355 337088.000001836 337088.0000592693 337087.9989326805 337087.9675383791 337088.3256165005 337097.131088531 337051.4302935392 333407.7466817218 334598.5413773526 334597.8546032953 334589.4391834602 333381.5866374481 337050.008690328 337097.5039126899 337088.3459290635 337087.9655349941 337087.9988443688 337088.0000641432 337088.0000020334 337087.9999999286 337088 337088 337088 337088 337088 337088 337088 337088 337088 337088 337088 337088 337088 337088 337088 337088 337088 337088 337088 337088 
337088 337088 337088 337088 337088 337088 337088 337088 337088 337088 337088 337088 337088 337088 337088 337088 337088 337088 337088 337087.9999999286 337088.0000023894 337088.0000782497 337087.9982874386 337087.9458519279 337088.6969804236 337108.4486988126 336966.2633821798 312733.9867477114 -10894285.3911464 -10916357.84358719 -10913771.89915754 -10916344.70329432 -10894129.47724726 312566.4021301641 336963.3435727389 337108.8484929744 337088.7142201167 337087.94480086 337087.9982451089 337088.0000798248 337088.0000024582 337087.9999999267 337088 337088 337088 337088 337088 337088 337088 337088 337088 337088 337088 337088 337088 337088 337088 337088 337088 337088 337088 
337088 337088 337088 337088 337088 337088 337088 337088 337088 337088 337088 337088 337088 337088 337088 337088 337088 337088 337087.9999999672 337088.000001282 337088.0000459035 337087.9988331561 337087.9580873685 337088.6524104634 337110.3580896886 336918.4715496036 297206.0661958046 -22056349.14673217 22152082.65932263 10978655.85936788 10957952.26473282 10978723.33401088 22151877.78863499 -22055782.62532752 297393.8778895375 336919.7082680992 337110.0145955669 337088.6331269981 337087.9596406688 337087.9988937463 337088.0000432087 337088.000001188 337087.9999999696 337088 337088 337088 337088 337088 337088 337088 337088 337088 337088 337088 337088 337088 337088 337088 337088 337088 337088 
337088 337088 337088 337088 337088 337088 337088 337088 337088 337088 337088 337088 337088 337088 337088 337088 337088 337087.9999999978 337088.0000002258 337088.0000102883 337087.9997119308 337087.9863618171 337088.2436296158 337099.6002082329 336981.7967524456 304957.8099764693 -22061085.24442464 22108732.70813978 -231363.0373198541 -289615.5632720581 -284089.1041878614 -289614.0999003014 -231381.3321864317 22109132.67027393 -22062890.25684049 305690.5680766029 336987.4162987787 337098.8831917038 337088.2194187662 337087.9878328759 337087.9997548229 337088.0000086783 337088.0000001804 337088 337088 337088 337088 337088 337088 337088 337088 337088 337088 337088 337088 337088 337088 337088 337088 337088 337088 
337088 337088 337088 337088 337088 337088 337088 337088 337088 337088 337088 337088 337088 337088 337088 337088 337088 337088.0000000077 337088.0000006952 337087.9999796157 337087.9984178178 337088.0311137214 337090.5407738199 337060.3049730849 321412.9266197386 -22097443.55204853 22123012.93637045 -227088.218062146 -302607.0477415307 -292920.288947202 -292898.206455628 -292920.2816943048 -302607.1805302019 -227361.1519302141 22124237.94849397 -22099582.38561219 321875.3180756212 337063.168440582 337090.2520289309 337088.0256229397 337087.9987139114 337087.9999848248 337088.0000005104 337088.0000000036 337088 337088 337088 337088 337088 337088 337088 337088 337088 337088 337088 337088 337088 337088 337088 337088 337088 
337088 337088 337088 337088 337088 337088 337088 337088 337088 337088 337088 337088 337088 337088 337088 337088 337088 337088.0000000077 337087.9999997154 337087.9999524716 337088.0009619102 337088.1720935149 337085.9641029676 334312.4997734871 -10900813.43286476 22164093.49092731 -236343.2799734457 -302609.0254853396 -291529.7982637765 -291502.2305332951 -291504.4499046263 -291502.2305703721 -291529.7696240211 -302609.2807710733 -236674.6717816048 22164559.50713509 -10901140.17598972 334364.6447255617 337086.2758543739 337088.1436118489 337088.0007208476 337087.9999650486 337087.9999998164 337088.0000000013 337088 337088 337088 337088 337088 337088 337088 337088 337088 337088 337088 337088 337088 337088 337088 337088 337088 
337088 337088 337088 337088 337088 337088 337088 337088 337088 337088 337088 337088 337088 337088 337088 337088 337088 337088 337088.0000000081 337087.9999964585 337087.9999827944 337088.0289639679 337087.9143871382 335506.9006744749 -10918460.93489528 10972940.00672713 -289780.7979629235 -292919.7255053129 -291502.2238386814 -291503.3716257058 -291503.4639207189 -291503.3716284347 -291502.2237155782 -292919.6886445251 -289783.1762285876 10972772.08435002 -10918485.94913434 335525.4220738164 337087.9332971956 337088.0232537992 337087.9999860571 337087.9999975697 337088.0000000021 337088 337088 337088 337088 337088 337088 337088 337088 337088 337088 337088 337088 337088 337088 337088 337088 337088 337088 
337088 337088 337088 337088 337088 337088 337088 337088 337088 337088 337088 337088 337088 337088 337088 337088 337088 337088 337088 337087.9999998655 337087.9999979836 337088.0034707361 337087.9944264685 335642.7250370571 -10916473.01650704 10954354.50465814 -284267.5950789859 -292898.0022001723 -291504.4428633283 -291503.4639287879 -291503.5497795046 -291503.4639288323 -291504.4428337005 -292898.001015646 -284268.3688184415 10954335.08730684 -10916486.35962448 335649.5347792914 337087.9956474402 337088.0027527143 337087.9999985895 337087.9999999097 337088 337088 337088 337088 337088 337088 337088 337088 337088 337088 337088 337088 337088 337088 337088 337088 337088 337088 337088 
337088 337088 337088 337088 337088 337088 337088 337088 337088 337088 337088 337088 337088 337088 337088 337088 337088 337088 337088 337088 337087.9999999171 337088.0004136957 337087.9993976153 335689.3526353815 -10918674.20975324 10970556.17531736 -289807.0883017466 -292918.6800242935 -291502.2216257866 -291503.3717870229 -291503.4639296816 -291503.3717870473 -291502.2216149943 -292918.6795749496 -289807.3473430474 10970549.44768846 -10918678.31231297 335691.5930682923 337087.999487081 337088.0003320121 337087.9999999446 337088 337088 337088 337088 337088 337088 337088 337088 337088 337088 337088 337088 337088 337088 337088 337088 337088 337088 337088 337088 
337088 337088 337088 337088 337088 337088 337088 337088 337088 337088 337088 337088 337088 337088 337088 337088 337088 337088 337088 337088 337088 337088.0000636603 337087.9996944958 334985.8095693853 -10905569.07110251 22169320.13076645 -243551.7459147413 -302617.3217914286 -291528.2478118854 -291502.2215159335 -291504.4426224198 -291502.2215159246 -291528.2477659666 -302617.321885269 -243552.3043019867 22169317.99356458 -10905572.14693217 334986.6878941835 337087.9997268013 337088.000053659 337088 337088 337088 337088 337088 337088 337088 337088 337088 337088 337088 337088 337088 337088 337088 337088 337088 337088 337088 337088 337088 
337088 337088 337088 337088 337088 337088 337088 337088 337088 337088 337088 337088 337088 337088 337088 337088 337088 337088 337088 337088 337088 337088.0000000035 337088.0001428428 337087.9988627647 329248.7126559801 -22136253.23852947 22147575.75500363 -240033.3600029889 -302617.3218379978 -292918.6755130413 -292897.9887871369 -292918.6754975563 -302617.3219412426 -240033.6145116828 22147576.06882948 -22136257.1033651 329250.1558026145 337087.9989709829 337088.0001269012 337088.0000000001 337088 337088 337088 337088 337088 337088 337088 337088 337088 337088 337088 337088 337088 337088 337088 337088 337088 337088 337088 337088 337088 
337088 337088 337088 337088 337088 337088 337088 337088 337088 337088 337088 337088 337088 337088 337088 337088 337088 337088 337088 337088 337088 337088 337088.0000000116 337088.0001683866 337087.9988550023 325618.7178712452 -22134146.48984323 22147578.50748111 -243557.2131584867 -289809.7468463971 -284275.7016688004 -289809.7469639032 -243557.2697261215 22147578.57932737 -22134147.51795711 325619.5797759331 337087.9989135757 337088.000157543 337088.0000000097 337088 337088 337088 337088 337088 337088 337088 337088 337088 337088 337088 337088 337088 337088 337088 337088 337088 337088 337088 337088 337088 337088 
337088 337088 337088 337088 337088 337088 337088 337088 337088 337088 337088 337088 337088 337088 337088 337088 337088 337088 337088 337088 337088 337088 337088 337088.0000000108 337088.000151302 337087.9991163663 325626.2562752153 -22136294.25064501 22169298.90889268 10970486.58524949 10954142.92492118 10970486.57423365 22169298.9164618 -22136294.47553445 325626.4548551085 337087.9991323157 337088.0001468745 337088.0000000098 337088 337088 337088 337088 337088 337088 337088 337088 337088 337088 337088 337088 337088 337088 337088 337088 337088 337088 337088 337088 337088 337088 337088 
337088 337088 337088 337088 337088 337088 337088 337088 337088 337088 337088 337088 337088 337088 337088 337088 337088 337088 337088 337088 337088 337088 337088 337088 337088.0000000068 337088.0001207439 337087.999346307 329263.5927920866 -10905599.3842122 -10918714.55822587 -10916609.72897748 -10918714.55929047 -10905599.400718 329263.6292686652 337087.999349536 337088.0001195477 337088.0000000063 337088 337088 337088 337088 337088 337088 337088 337088 337088 337088 337088 337088 337088 337088 337088 337088 337088 337088 337088 337088 337088 337088 337088 337088 
337088 337088 337088 337088 337088 337088 337088 337088 337088 337088 337088 337088 337088 337088 337088 337088 337088 337088 337088 337088 337088 337088 337088 337088 337088 337088 337088.000081235 337087.9996575069 334994.1769488999 335711.0132615571 335711.6911449861 335711.0138153672 334994.1785066103 337087.9996580126 337088.0000809947 337088 337088 337088 337088 337088 337088 337088 337088 337088 337088 337088 337088 337088 337088 337088 337088 337088 337088 337088 337088 337088 337088 337088 337088 337088 337088 
337088 337088 337088 337088 337088 337088 337088 337088 337088 337088 337088 337088 337088 337088 337088 337088 337088 337088 337088 337088 337088 337088 337088 337088 337088 337088 337088 337088.0000358993 337087.9999304338 337087.9999560084 337087.999956015 337087.999956017 337087.9999304658 337088.0000358641 337088 337088 337088 337088 337088 337088 337088 337088 337088 337088 337088 337088 337088 337088 337088 337088 337088 337088 337088 337088 337088 337088 337088 337088 337088 337088 337088 
337088 337088 337088 337088 337088 337088 337088 337088 337088 337088 337088 337088 337088 337088 337088 337088 337088 337088 337088 337088 337088 337088 337088 337088 337088 337088 337088 337088 337088.000007101 337088.0000071018 337088.0000071011 337088.0000071006 337088.0000070988 337088 337088 337088 337088 337088 337088 337088 337088 337088 337088 337088 337088 337088 337088 337088 337088 337088 337088 337088 337088 337088 337088 337088 337088 337088 337088 337088 337088 
337088 337088 337088 337088 337088 337088 337088 337088 337088 337088 337088 337088 337088 337088 337088 337088 337088 337088 337088 337088 337088 337088 337088 337088 337088 337088 337088 337088 337088 337088 337088 337088 337088 337088 337088 337088 337088 337088 337088 337088 337088 337088 337088 337088 337088 337088 337088 337088 337088 337088 337088 337088 337088 337088 337088 337088 337088 337088 337088 337088 337088 
337088 337088 337088 337088 337088 337088 337088 337088 337088 337088 337088 337088 337088 337088 337088 337088 337088 337088 337088 337088 337088 337088 337088 337088 337088 337088 337088 337088 337088 337088 337088 337088 337088 337088 337088 337088 337088 337088 337088 337088 337088 337088 337088 337088 337088 337088 337088 337088 337088 337088 337088 337088 337088 337088 337088 337088 337088 337088 337088 337088 337088 
337088 337088 337088 337088 337088 337088 337088 337088 337088 337088 337088 337088 337088 337088 337088 337088 337088 337088 337088 337088 337088 337088 337088 337088 337088 337088 337088 337088 337088 337088 337088 337088 337088 337088 337088 337088 337088 337088 337088 337088 337088 337088 337088 337088 337088 337088 337088 337088 337088 337088 337088 337088 337088 337088 337088 337088 337088 337088 337088 337088 337088 
337088 337088 337088 337088 337088 337088 337088 337088 337088 337088 337088 337088 337088 337088 337088 337088 337088 337088 337088 337088 337088 337088 337088 337088 337088 337088 337088 337088 337088 337088 337088 337088 337088 337088 337088 337088 337088 337088 337088 337088 337088 337088 337088 337088 337088 337088 337088 337088 337088 337088 337088 337088 337088 337088 337088 337088 337088 337088 337088 337088 337088 
337088 337088 337088 337088 337088 337088 337088 337088 337088 337088 337088 337088 337088 337088 337088 337088 337088 337088 337088 337088 337088 337088 337088 337088 337088 337088 337088 337088 337088 337088 337088 337088 337088 337088 337088 337088 337088 337088 337088 337088 337088 337088 337088 337088 337088 337088 337088 337088 337088 337088 337088 337088 337088 337088 337088 337088 337088 337088 337088 337088 337088 
337088 337088 337088 337088 337088 337088 337088 337088 337088 337088 337088 337088 337088 337088 337088 337088 337088 337088 337088 337088 337088 337088 337088 337088 337088 337088 337088 337088 337088 337088 337088 337088 337088 337088 337088 337088 337088 337088 337088 337088 337088 337088 337088 337088 337088 337088 337088 337088 337088 337088 337088 337088 337088 337088 337088 337088 337088 337088 337088 337088 337088 
337088 337088 337088 337088 337088 337088 337088 337088 337088 337088 337088 337088 337088 337088 337088 337088 337088 337088 337088 337088 337088 337088 337088 337088 337088 337088 337088 337088 337088 337088 337088 337088 337088 337088 337088 337088 337088 337088 337088 337088 337088 337088 337088 337088 337088 337088 337088 337088 337088 337088 337088 337088 337088 337088 337088 337088 337088 337088 337088 337088 337088 
337088 337088 337088 337088 337088 337088 337088 337088 337088 337088 337088 337088 337088 337088 337088 337088 337088 337088 337088 337088 337088 337088 337088 337088 337088 337088 337088 337088 337088 337088 337088 337088 337088 337088 337088 337088 337088 337088 337088 337088 337088 337088 337088 337088 337088 337088 337088 337088 337088 337088 337088 337088 337088 337088 337088 337088 337088 337088 337088 337088 337088 
337088 337088 337088 337088 337088 337088 337088 337088 337088 337088 337088 337088 337088 337088 337088 337088 337088 337088 337088 337088 337088 337088 337088 337088 337088 337088 337088 337088 337088 337088 337088 337088 337088 337088 337088 337088 337088 337088 337088 337088 337088 337088 337088 337088 337088 337088 337088 337088 337088 337088 337088 337088 337088 337088 337088 337088 337088 337088 337088 337088 337088 
337088 337088 337088 337088 337088 337088 337088 337088 337088 337088 337088 337088 337088 337088 337088 337088 337088 337088 337088 337088 337088 337088 337088 337088 337088 337088 337088 337088 337088 337088 337088 337088 337088 337088 337088 337088 337088 337088 337088 337088 337088 337088 337088 337088 337088 337088 337088 337088 337088 337088 337088 337088 337088 337088 337088 337088 337088 337088 337088 337088 337088 
337088 337088 337088 337088 337088 337088 337088 337088 337088 337088 337088 337088 337088 337088 337088 337088 337088 337088 337088 337088 337088 337088 337088 337088 337088 337088 337088 337088 337088 337088 337088 337088 337088 337088 337088 337088 337088 337088 337088 337088 337088 337088 337088 337088 337088 337088 337088 337088 337088 337088 337088 337088 337088 337088 337088 337088 337088 337088 337088 337088 337088 
337088 337088 337088 337088 337088 337088 337088 337088 337088 337088 337088 337088 337088 337088 337088 337088 337088 337088 337088 337088 337088 337088 337088 337088 337088 337088 337088 337088 337088 337088 337088 337088 337088 337088 337088 337088 337088 337088 337088 337088 337088 337088 337088 337088 337088 337088 337088 337088 337088 337088 337088 337088 337088 337088 337088 337088 337088 337088 337088 337088 337088 
337088 337088 337088 337088 337088 337088 337088 337088 337088 337088 337088 337088 337088 337088 337088 337088 337088 337088 337088 337088 337088 337088 337088 337088 337088 337088 337088 337088 337088 337088 337088 337088 337088 337088 337088 337088 337088 337088 337088 337088 337088 337088 337088 337088 337088 337088 337088 337088 337088 337088 337088 337088 337088 337088 337088 337088 337088 337088 337088 337088 337088 
337088 337088 337088 337088 337088 337088 337088 337088 337088 337088 337088 337088 337088 337088 337088 337088 337088 337088 337088 337088 337088 337088 337088 337088 337088 337088 337088 337088 337088 337088 337088 337088 337088 337088 337088 337088 337088 337088 337088 337088 337088 337088 337088 337088 337088 337088 337088 337088 337088 337088 337088 337088 337088 337088 337088 337088 337088 337088 337088 337088 337088 
337088 337088 337088 337088 337088 337088 337088 337088 337088 337088 337088 337088 337088 337088 337088 337088 337088 337088 337088 337088 337088 337088 337088 337088 337088 337088 337088 337088 337088 337088 337088 337088 337088 337088 337088 337088 337088 337088 337088 337088 337088 337088 337088 337088 337088 337088 337088 337088 337088 337088 337088 337088 337088 337088 337088 337088 337088 337088 337088 337088 337088 
337088 337088 337088 337088 337088 337088 337088 337088 337088 337088 337088 337088 337088 337088 337088 337088 337088 337088 337088 337088 337088 337088 337088 337088 337088 337088 337088 337088 337088 337088 337088 337088 337088 337088 337088 337088 337088 337088 337088 337088 337088 337088 337088 337088 337088 337088 337088 337088 337088 337088 337088 337088 337088 337088 337088 337088 337088 337088 337088 337088 337088 
337088 337088 337088 337088 337088 337088 337088 337088 337088 337088 337088 337088 337088 337088 337088 337088 337088 337088 337088 337088 337088 337088 337088 337088 337088 337088 337088 337088 337088 337088 337088 337088 337088 337088 337088 337088 337088 337088 337088 337088 337088 337088 337088 337088 337088 337088 337088 337088 337088 337088 337088 337088 337088 337088 337088 337088 337088 337088 337088 337088 337088 
337088 337088 337088 337088 337088 337088 337088 337088 337088 337088 337088 337088 337088 337088 337088 337088 337088 337088 337088 337088 337088 337088 337088 337088 337088 337088 337088 337088 337088 337088 337088 337088 337088 337088 337088 337088 337088 337088 337088 337088 337088 337088 337088 337088 337088 337088 337088 337088 337088 337088 337088 337088 337088 337088 337088 337088 337088 337088 337088 337088 337088 
337088 337088 337088 337088 337088 337088 337088 337088 337088 337088 337088 337088 337088 337088 337088 337088 337088 337088 337088 337088 337088 337088 337088 337088 337088 337088 337088 337088 337088 337088 337088 337088 337088 337088 337088 337088 337088 337088 337088 337088 337088 337088 337088 337088 337088 337088 337088 337088 337088 337088 337088 337088 337088 337088 337088 337088 337088 337088 337088 337088 337088 
337088 337088 337088 337088 337088 337088 337088 337088 337088 337088 337088 337088 337088 337088 337088 337088 337088 337088 337088 337088 337088 337088 337088 337088 337088 337088 337088 337088 337088 337088 337088 337088 337088 337088 337088 337088 337088 337088 337088 337088 337088 337088 337088 337088 337088 337088 337088 337088 337088 337088 337088 337088 337088 337088 337088 337088 337088 337088 337088 337088 337088 
337088 337088 337088 337088 337088 337088 337088 337088 337088 337088 337088 337088 337088 337088 337088 337088 337088 337088 337088 337088 337088 337088 337088 337088 337088 337088 337088 337088 337088 337088 337088 337088 337088 337088 337088 337088 337088 337088 337088 337088 337088 337088 337088 337088 337088 337088 337088 337088 337088 337088 337088 337088 337088 337088 337088 337088 337088 337088 337088 337088 337088 
SCALARS mu_Cr double 1
LOOKUP_TABLE default
134626.9415269659 134626.9415269659 134626.9415269659 134626.9415269659 134626.9415269659 134626.9415269659 134626.9415269659 134626.9415269659 134626.9415269659 134626.9415269659 134626.9415269659 134626.9415269659 134626.9415269659 134626.9415269659 134626.9415269659 134626.9415269659 134626.9415269659 134626.9415269659 134626.9415269659 134626.9415269659 134626.9415269659 134626.9415269659 134626.9415269659 134626.9415269659 134626.9415269659 134626.9415269659 134626.9415269659 134626.9415269659 134626.9415269659 134626.9415269659 134626.9415269659 134626.9415269659 134626.9415269659 134626.9415269659 134626.9415269659 134626.9415269659 134626.9415269659 134626.9415269659 134626.9415269659 134626.9415269659 134626.9415269659 134626.9415269659 134626.9415269659 134626.9415269659 134626.9415269659 134626.9415269659 134626.9415269659 134626.9415269659 134626.9415269659 134626.9415269659 134626.9415269659 134626.9415269659 134626.9415269659 134626.9415269659 134626.9415269659 134626.9415269659 134626.9415269659 134626.9415269659 134626.9415269659 134626.9415269659 134626.9415269659 
134626.9415269659 134626.9415269659 134626.9415269659 134626.9415269659 134626.9415269659 134626.9415269659 134626.9415269659 134626.9415269659 134626.9415269659 134626.9415269659 134626.9415269659 134626.9415269659 134626.9415269659 134626.9415269659 134626.9415269659 134626.9415269659 134626.9415269659 134626.9415269659 134626.9415269659 134626.9415269659 134626.9415269659 134626.9415269659 134626.9415269659 134626.9415269659 134626.9415269659 134626.9415269659 134626.9415269659 134626.9415269659 134626.9415269659 134626.9415269659 134626.9415269659 134626.9415269659 134626.9415269659 134626.9415269659 134626.9415269659 134626.9415269659 134626.9415269659 134626.9415269659 134626.9415269659 134626.9415269659 134626.9415269659 134626.9415269659 134626.9415269659 134626.9415269659 134626.9415269659 134626.9415269659 134626.9415269659 134626.9415269659 134626.9415269659 134626.9415269659 134626.9415269659 134626.9415269659 134626.9415269659 134626.9415269659 134626.9415269659 134626.9415269659 134626.9415269659 134626.9415269659 134626.9415269659 134626.9415269659 134626.9415269659 
134626.9415269659 134626.9415269659 134626.9415269659 134626.9415269659 134626.9415269659 134626.9415269659 134626.9415269659 134626.9415269659 134626.9415269659 134626.9415269659 134626.9415269659 134626.9415269659 134626.9415269659 134626.9415269659 134626.9415269659 134626.9415269659 134626.9415269659 134626.9415269659 134626.9415269659 134626.9415269659 134626.9415269659 134626.9415269659 134626.9415269659 134626.9415269659 134626.9415269659 134626.9415269659 134626.9415269659 134626.9415269659 134626.9415269659 134626.9415269659 134626.9415269659 134626.9415269659 134626.9415269659 134626.9415269659 134626.9415269659 134626.9415269659 134626.9415269659 134626.9415269659 134626.9415269659 134626.9415269659 134626.9415269659 134626.9415269659 134626.9415269659 134626.9415269659 134626.9415269659 134626.9415269659 134626.9415269659 134626.9415269659 134626.9415269659 134626.9415269659 134626.9415269659 134626.9415269659 134626.9415269659 134626.9415269659 134626.9415269659 134626.9415269659 134626.9415269659 134626.9415269659 134626.9415269659 134626.9415269659 134626.9415269659 
134626.9415269659 134626.9415269659 134626.9415269659 134626.9415269659 134626.9415269659 134626.9415269659 134626.9415269659 134626.9415269659 134626.9415269659 134626.9415269659 134626.9415269659 134626.9415269659 134626.9415269659 134626.9415269659 134626.9415269659 134626.9415269659 134626.9415269659 134626.9415269659 134626.9415269659 134626.9415269659 134626.9415269659 134626.9415269659 134626.9415269659 134626.9415269659 134626.9415269659 134626.9415269659 134626.9415269659 134626.9415269659 134626.9415269659 134626.9415269659 134626.9415269659 134626.9415269659 134626.9415269659 134626.9415269659 134626.9415269659 134626.9415269659 134626.9415269659 134626.9415269659 134626.9415269659 134626.9415269659 134626.9415269659 134626.9415269659 134626.9415269659 134626.9415269659 134626.9415269659 134626.9415269659 134626.9415269659 134626.9415269659 134626.9415269659 134626.9415269659 134626.9415269659 134626.9415269659 134626.9415269659 134626.9415269659 134626.9415269659 134626.9415269659 134626.9415269659 134626.9415269659 134626.9415269659 134626.9415269659 134626.9415269659 
134626.9415269659 134626.9415269659 134626.9415269659 134626.9415269659 134626.9415269659 134626.9415269659 134626.9415269659 134626.9415269659 134626.9415269659 134626.9415269659 134626.9415269659 134626.9415269659 134626.9415269659 134626.9415269659 134626.9415269659 134626.9415269659 134626.9415269659 134626.9415269659 134626.9415269659 134626.9415269659 134626.9415269659 134626.9415269659 134626.9415269659 134626.9415269659 134626.9415269659 134626.9415269659 134626.9415269659 134626.9415269659 134626.9415269659 134626.9415269659 134626.9415269659 134626.9415269659 134626.9415269659 134626.9415269659 134626.9415269659 134626.9415269659 134626.9415269659 134626.9415269659 134626.9415269659 134626.9415269659 134626.9415269659 134626.9415269659 134626.9415269659 134626.9415269659 134626.9415269659 134626.9415269659 134626.9415269659 134626.9415269659 134626.9415269659 134626.9415269659 134626.9415269659 134626.9415269659 134626.9415269659 134626.9415269659 134626.9415269659 134626.9415269659 134626.9415269659 134626.9415269659 134626.9415269659 134626.9415269659 134626.9415269659 
134626.9415269659 134626.9415269659 134626.9415269659 134626.9415269659 134626.9415269659 134626.9415269659 134626.9415269659 134626.9415269659 134626.9415269659 134626.9415269659 134626.9415269659 134626.9415269659 134626.9415269659 134626.9415269659 134626.9415269659 134626.9415269659 134626.9415269659 134626.9415269659 134626.9415269659 134626.9415269659 134626.9415269659 134626.9415269659 134626.9415269659 134626.9415269659 134626.9415269659 134626.9415269659 134626.9415269659 134626.9415269659 134626.9415269659 134626.9415269659 134626.9415269659 134626.9415269659 134626.9415269659 134626.9415269659 134626.9415269659 134626.9415269659 134626.9415269659 134626.9415269659 134626.9415269659 134626.9415269659 134626.9415269659 134626.9415269659 134626.9415269659 134626.9415269659 134626.9415269659 134626.9415269659 134626.9415269659 134626.9415269659 134626.9415269659 134626.9415269659 134626.9415269659 134626.9415269659 134626.9415269659 134626.9415269659 134626.9415269659 134626.9415269659 134626.9415269659 134626.9415269659 134626.9415269659 134626.9415269659 134626.9415269659 
134626.9415269659 134626.9415269659 134626.9415269659 134626.9415269659 134626.9415269659 134626.9415269659 134626.9415269659 134626.9415269659 134626.9415269659 134626.9415269659 134626.9415269659 134626.9415269659 134626.9415269659 134626.9415269659 134626.9415269659 134626.9415269659 134626.9415269659 134626.9415269659 134626.9415269659 134626.9415269659 134626.9415269659 134626.9415269659 134626.9415269659 134626.9415269659 134626.9415269659 134626.9415269659 134626.9415269659 134626.9415269659 134626.9415269659 134626.9415269659 134626.9415269659 134626.9415269659 134626.9415269659 134626.9415269659 134626.9415269659 134626.9415269659 134626.9415269659 134626.9415269659 134626.9415269659 134626.9415269659 134626.9415269659 134626.9415269659 134626.9415269659 134626.9415269659 134626.9415269659 134626.9415269659 134626.9415269659 134626.9415269659 134626.9415269659 134626.9415269659 134626.9415269659 134626.9415269659 134626.9415269659 134626.9415269659 134626.9415269659 134626.9415269659 134626.9415269659 134626.9415269659 134626.9415269659 134626.9415269659 134626.9415269659 
134626.9415269659 134626.9415269659 134626.9415269659 134626.9415269659 134626.9415269659 134626.9415269659 134626.9415269659 134626.9415269659 134626.9415269659 134626.9415269659 134626.9415269659 134626.9415269659 134626.9415269659 134626.9415269659 134626.9415269659 134626.9415269659 134626.9415269659 134626.9415269659 134626.9415269659 134626.9415269659 134626.9415269659 134626.9415269659 134626.9415269659 134626.9415269659 134626.9415269659 134626.9415269659 134626.9415269659 134626.9415269659 134626.9415269659 134626.9415269659 134626.9415269659 134626.9415269659 134626.9415269659 134626.9415269659 134626.9415269659 134626.9415269659 134626.9415269659 134626.9415269659 134626.9415269659 134626.9415269659 134626.9415269659 134626.9415269659 134626.9415269659 134626.9415269659 134626.9415269659 134626.9415269659 134626.9415269659 134626.9415269659 134626.9415269659 134626.9415269659 134626.9415269659 134626.9415269659 134626.9415269659 134626.9415269659 134626.9415269659 134626.9415269659 134626.9415269659 134626.9415269659 134626.9415269659 134626.9415269659 134626.9415269659 
134626.9415269659 134626.9415269659 134626.9415269659 134626.9415269659 134626.9415269659 134626.9415269659 134626.9415269659 134626.9415269659 134626.9415269659 134626.9415269659 134626.9415269659 134626.9415269659 134626.9415269659 134626.9415269659 134626.9415269659 134626.9415269659 134626.9415269659 134626.9415269659 134626.9415269659 134626.9415269659 134626.9415269659 134626.9415269659 134626.9415269659 134626.9415269659 134626.9415269659 134626.9415269659 134626.9415269659 134626.9415269659 134626.9415269659 134626.9415269659 134626.9415269659 134626.9415269659 134626.9415269659 134626.9415269659 134626.9415269659 134626.9415269659 134626.9415269659 134626.9415269659 134626.9415269659 134626.9415269659 134626.9415269659 134626.9415269659 134626.9415269659 134626.9415269659 134626.9415269659 134626.9415269659 134626.9415269659 134626.9415269659 134626.9415269659 134626.9415269659 134626.9415269659 134626.9415269659 134626.9415269659 134626.9415269659 134626.9415269659 134626.9415269659 134626.9415269659 134626.9415269659 134626.9415269659 134626.9415269659 134626.9415269659 
134626.9415269659 134626.9415269659 134626.9415269659 134626.9415269659 134626.9415269659 134626.9415269659 134626.9415269659 134626.9415269659 134626.9415269659 134626.9415269659 134626.9415269659 134626.9415269659 134626.9415269659 134626.9415269659 134626.9415269659 134626.9415269659 134626.9415269659 134626.9415269659 134626.9415269659 134626.9415269659 134626.9415269659 134626.9415269659 134626.9415269659 134626.9415269659 134626.9415269659 134626.9415269659 134626.9415269659 134626.9415269659 134626.9415269659 134626.9415269659 134626.9415269659 134626.9415269659 134626.9415269659 134626.9415269659 134626.9415269659 134626.9415269659 134626.9415269659 134626.9415269659 134626.9415269659 134626.9415269659 134626.9415269659 134626.9415269659 134626.9415269659 134626.9415269659 134626.9415269659 134626.9415269659 134626.9415269659 134626.9415269659 134626.9415269659 134626.9415269659 134626.9415269659 134626.9415269659 134626.9415269659 134626.9415269659 134626.9415269659 134626.9415269659 134626.9415269659 134626.9415269659 134626.9415269659 134626.9415269659 134626.9415269659 
134626.9415269659 134626.9415269659 134626.9415269659 134626.9415269659 134626.9415269659 134626.9415269659 134626.9415269659 134626.9415269659 134626.9415269659 134626.9415269659 134626.9415269659 134626.9415269659 134626.9415269659 134626.9415269659 134626.9415269659 134626.9415269659 134626.9415269659 134626.9415269659 134626.9415269659 134626.9415269659 134626.9415269659 134626.9415269659 134626.9415269659 134626.9415269659 134626.9415269659 134626.9415269659 134626.9415269659 134626.9415269659 134626.9415269659 134626.9415269659 134626.9415269659 134626.9415269659 134626.9415269659 134626.9415269659 134626.9415269659 134626.9415269659 134626.9415269659 134626.9415269659 134626.9415269659 134626.9415269659 134626.9415269659 134626.9415269659 134626.9415269659 134626.9415269659 134626.9415269659 134626.9415269659 134626.9415269659 134626.9415269659 134626.9415269659 134626.9415269659 134626.9415269659 134626.9415269659 134626.9415269659 134626.9415269659 134626.9415269659 134626.9415269659 134626.9415269659 134626.9415269659 134626.9415269659 134626.9415269659 134626.9415269659 
134626.9415269659 134626.9415269659 134626.9415269659 134626.9415269659 134626.9415269659 134626.9415269659 134626.9415269659 134626.9415269659 134626.9415269659 134626.9415269659 134626.9415269659 134626.9415269659 134626.9415269659 134626.9415269659 134626.9415269659 134626.9415269659 134626.9415269659 134626.9415269659 134626.9415269659 134626.9415269659 134626.9415269659 134626.9415269659 134626.9415269659 134626.9415269659 134626.9415269659 134626.9415269659 134626.9415269659 134626.9415269659 134626.9415269659 134626.9415269659 134626.9415269659 134626.9415269659 134626.9415269659 134626.9415269659 134626.9415269659 134626.9415269659 134626.9415269659 134626.9415269659 134626.9415269659 134626.9415269659 134626.9415269659 134626.9415269659 134626.9415269659 134626.9415269659 134626.9415269659 134626.9415269659 134626.9415269659 134626.9415269659 134626.9415269659 134626.9415269659 134626.9415269659 134626.9415269659 134626.9415269659 134626.9415269659 134626.9415269659 134626.9415269659 134626.9415269659 134626.9415269659 134626.9415269659 134626.9415269659 134626.9415269659 
134626.9415269659 134626.9415269659 134626.9415269659 134626.9415269659 134626.9415269659 134626.9415269659 134626.9415269659 134626.9415269659 134626.9415269659 134626.9415269659 134626.9415269659 134626.9415269659 134626.9415269659 134626.9415269659 134626.9415269659 134626.9415269659 134626.9415269659 134626.9415269659 134626.9415269659 134626.9415269659 134626.9415269659 134626.9415269659 134626.9415269659 134626.9415269659 134626.9415269659 134626.9415269659 134626.9415269659 134626.9415269659 134626.9415269659 134626.9415269659 134626.9415269659 134626.9415269659 134626.9415269659 134626.9415269659 134626.9415269659 134626.9415269659 134626.9415269659 134626.9415269659 134626.9415269659 134626.9415269659 134626.9415269659 134626.9415269659 134626.9415269659 134626.9415269659 134626.9415269659 134626.9415269659 134626.9415269659 134626.9415269659 134626.9415269659 134626.9415269659 134626.9415269659 134626.9415269659 134626.9415269659 134626.9415269659 134626.9415269659 134626.9415269659 134626.9415269659 134626.9415269659 134626.9415269659 134626.9415269659 134626.9415269659 
134626.9415269659 134626.9415269659 134626.9415269659 134626.9415269659 134626.9415269659 134626.9415269659 134626.9415269659 134626.9415269659 134626.9415269659 134626.9415269659 134626.9415269659 134626.9415269659 134626.9415269659 134626.9415269659 134626.9415269659 134626.9415269659 134626.9415269659 134626.9415269659 134626.9415269659 134626.9415269659 134626.9415269659 134626.9415269659 134626.9415269659 134626.9415269659 134626.9415269659 134626.9415269659 134626.9415269659 134626.9415269659 134626.9415269659 134626.9415269659 134626.9415269659 134626.9415269659 134626.9415269659 134626.9415269659 134626.9415269659 134626.9415269659 134626.9415269659 134626.9415269659 134626.9415269659 134626.9415269659 134626.9415269659 134626.9415269659 134626.9415269659 134626.9415269659 134626.9415269659 134626.9415269659 134626.9415269659 134626.9415269659 134626.9415269659 134626.9415269659 134626.9415269659 134626.9415269659 134626.9415269659 134626.9415269659 134626.9415269659 134626.9415269659 134626.9415269659 134626.9415269659 134626.9415269659 134626.9415269659 134626.9415269659 
134626.9415269659 134626.9415269659 134626.9415269659 134626.9415269659 134626.9415269659 134626.9415269659 134626.9415269659 134626.9415269659 134626.9415269659 134626.9415269659 134626.9415269659 134626.9415269659 134626.9415269659 134626.9415269659 134626.9415269659 134626.9415269659 134626.9415269659 134626.9415269659 134626.9415269659 134626.9415269659 134626.9415269659 134626.9415269659 134626.9415269659 134626.9415269659 134626.9415269659 134626.9415269659 134626.9415269659 134626.9415269659 134626.9415269659 134626.9415269659 134626.9415269659 134626.9415269659 134626.9415269659 134626.9415269659 134626.9415269659 134626.9415269659 134626.9415269659 134626.9415269659 134626.9415269659 134626.9415269659 134626.9415269659 134626.9415269659 134626.9415269659 134626.9415269659 134626.9415269659 134626.9415269659 134626.9415269659 134626.9415269659 134626.9415269659 134626.9415269659 134626.9415269659 134626.9415269659 134626.9415269659 134626.9415269659 134626.9415269659 134626.9415269659 134626.9415269659 134626.9415269659 134626.9415269659 134626.9415269659 134626.9415269659 
134626.9415269659 134626.9415269659 134626.9415269659 134626.9415269659 134626.9415269659 134626.9415269659 134626.9415269659 134626.9415269659 134626.9415269659 134626.9415269659 134626.9415269659 134626.9415269659 134626.9415269659 134626.9415269659 134626.9415269659 134626.9415269659 134626.9415269659 134626.9415269659 134626.9415269659 134626.9415269659 134626.9415269659 134626.9415269659 134626.9415269659 134626.9415269659 134626.9415269659 134626.9415269659 134626.9415269659 134626.9415269659 134626.9415269659 134626.9415269659 134626.9415269659 134626.9415269659 134626.9415269659 134626.9415269659 134626.9415269659 134626.9415269659 134626.9415269659 134626.9415269659 134626.9415269659 134626.9415269659 134626.9415269659 134626.9415269659 134626.9415269659 134626.9415269659 134626.9415269659 134626.9415269659 134626.9415269659 134626.9415269659 134626.9415269659 134626.9415269659 134626.9415269659 134626.9415269659 134626.9415269659 134626.9415269659 134626.9415269659 134626.9415269659 134626.9415269659 134626.9415269659 134626.9415269659 134626.9415269659 134626.9415269659 
134626.9415269659 134626.9415269659 134626.9415269659 134626.9415269659 134626.9415269659 134626.9415269659 134626.9415269659 134626.9415269659 134626.9415269659 134626.9415269659 134626.9415269659 134626.9415269659 134626.9415269659 134626.9415269659 134626.9415269659 134626.9415269659 134626.9415269659 134626.9415269659 134626.9415269659 134626.9415269659 134626.9415269659 134626.9415269659 134626.9415269659 134626.9415269659 134626.9415269659 134626.9415269659 134626.9415269659 134626.9415269659 134626.9415269659 134626.9415269659 134626.9415269659 134626.9415269659 134626.9415269659 134626.9415269659 134626.9415269659 134626.9415269659 134626.9415269659 134626.9415269659 134626.9415269659 134626.9415269659 134626.9415269659 134626.9415269659 134626.9415269659 134626.9415269659 134626.9415269659 134626.9415269659 134626.9415269659 134626.9415269659 134626.9415269659 134626.9415269659 134626.9415269659 134626.9415269659 134626.9415269659 134626.9415269659 134626.9415269659 134626.9415269659 134626.9415269659 134626.9415269659 134626.9415269659 134626.9415269659 134626.9415269659 
134626.9415269659 134626.9415269659 134626.9415269659 134626.9415269659 134626.9415269659 134626.9415269659 134626.9415269659 134626.9415269659 134626.9415269659 134626.9415269659 134626.9415269659 134626.9415269659 134626.9415269659 134626.9415269659 134626.9415269659 134626.9415269659 134626.9415269659 134626.9415269659 134626.9415269659 134626.9415269659 134626.9415269659 134626.9415269659 134626.9415269659 134626.9415269659 134626.9415269659 134626.9415269659 134626.9415269659 134626.9415269659 134626.9415269659 134626.9415269659 134626.9415269659 134626.9415269659 134626.9415269659 134626.9415269659 134626.9415269659 134626.9415269659 134626.9415269659 134626.9415269659 134626.9415269659 134626.9415269659 134626.9415269659 134626.9415269659 134626.9415269659 134626.9415269659 134626.9415269659 134626.9415269659 134626.9415269659 134626.9415269659 134626.9415269659 134626.9415269659 134626.9415269659 134626.9415269659 134626.9415269659 134626.9415269659 134626.9415269659 134626.9415269659 134626.9415269659 134626.9415269659 134626.9415269659 134626.9415269659 134626.9415269659 
134626.9415269659 134626.9415269659 134626.9415269659 134626.9415269659 134626.9415269659 134626.9415269659 134626.9415269659 134626.9415269659 134626.9415269659 134626.9415269659 134626.9415269659 134626.9415269659 134626.9415269659 134626.9415269659 134626.9415269659 134626.9415269659 134626.9415269659 134626.9415269659 134626.9415269659 134626.9415269659 134626.9415269659 134626.9415269659 134626.9415269659 134626.9415269659 134626.9415269659 134626.9415269659 134626.9415264038 134626.9415300051 134626.9416095748 134626.9416135258 134626.941614883 134626.941616794 134626.9416158614 134626.9415304298 134626.9415263289 134626.9415269659 134626.9415269659 134626.9415269659 134626.9415269659 134626.9415269659 134626.9415269659 134626.9415269659 134626.9415269659 134626.9415269659 134626.9415269659 134626.9415269659 134626.9415269659 134626.9415269659 134626.9415269659 134626.9415269659 134626.9415269659 134626.9415269659 134626.9415269659 134626.9415269659 134626.9415269659 134626.9415269659 134626.9415269659 134626.9415269659 134626.9415269659 134626.9415269659 134626.9415269659 
134626.9415269659 134626.9415269659 134626.9415269659 134626.9415269659 134626.9415269659 134626.9415269659 134626.9415269659 134626.9415269659 134626.9415269659 134626.9415269659 134626.9415269659 134626.9415269659 134626.9415269659 134626.9415269659 134626.9415269659 134626.9415269659 134626.9415269659 134626.9415269659 134626.9415269659 134626.9415269659 134626.9415269659 134626.9415269659 134626.9415269659 134626.9415269659 134626.941526637 134626.9415112867 134626.9416470201 134626.9452904151 134626.934650153 134626.9369416018 134626.9369135178 134626.9367737939 134626.9341219058 134626.9456531592 134626.941665381 134626.9415085264 134626.9415265412 134626.9415269659 134626.9415269659 134626.9415269659 134626.9415269659 134626.9415269659 134626.9415269659 134626.9415269659 134626.9415269659 134626.9415269659 134626.9415269659 134626.9415269659 134626.9415269659 134626.9415269659 134626.9415269659 134626.9415269659 134626.9415269659 134626.9415269659 134626.9415269659 134626.9415269659 134626.9415269659 134626.9415269659 134626.9415269659 134626.9415269659 134626.9415269659 
134626.9415269659 134626.9415269659 134626.9415269659 134626.9415269659 134626.9415269659 134626.9415269659 134626.9415269659 134626.9415269659 134626.9415269659 134626.9415269659 134626.9415269659 134626.9415269659 134626.9415269659 134626.9415269659 134626.9415269659 134626.9415269659 134626.9415269659 134626.9415269659 134626.9415269659 134626.9415269659 134626.9415269659 134626.9415269659 134626.9415270866 134626.941521616 134626.9413378531 134626.9435810613 134627.0047471976 134626.6473022739 134620.8614711671 134620.5707290671 134620.5223295712 134620.426435135 134620.5900094663 134626.621698629 134627.0111671124 134626.943889931 134626.9413068286 134626.9415204336 134626.9415271949 134626.9415269659 134626.9415269659 134626.9415269659 134626.9415269659 134626.9415269659 134626.9415269659 134626.9415269659 134626.9415269659 134626.9415269659 134626.9415269659 134626.9415269659 134626.9415269659 134626.9415269659 134626.9415269659 134626.9415269659 134626.9415269659 134626.9415269659 134626.9415269659 134626.9415269659 134626.9415269659 134626.9415269659 134626.9415269659 
134626.9415269659 134626.9415269659 134626.9415269659 134626.9415269659 134626.9415269659 134626.9415269659 134626.9415269659 134626.9415269659 134626.9415269659 134626.9415269659 134626.9415269659 134626.9415269659 134626.9415269659 134626.9415269659 134626.9415269659 134626.9415269659 134626.9415269659 134626.9415269659 134626.9415269659 134626.9415269659 134626.9415269659 134626.9415283315 134626.9414912144 134626.9403710213 134626.9583257427 134627.4318582873 134623.2538054396 134535.1626053997 134786.2053515483 134731.7992022861 134731.3388700407 134733.9740572698 134793.0953265498 134530.7532924074 134622.9413613105 134627.4763292347 134626.9604955473 134626.9402157748 134626.9414845356 134626.9415286562 134626.9415269659 134626.9415269659 134626.9415269659 134626.9415269659 134626.9415269659 134626.9415269659 134626.9415269659 134626.9415269659 134626.9415269659 134626.9415269659 134626.9415269659 134626.9415269659 134626.9415269659 134626.9415269659 134626.9415269659 134626.9415269659 134626.9415269659 134626.9415269659 134626.9415269659 134626.9415269659 134626.9415269659 
134626.9415269659 134626.9415269659 134626.9415269659 134626.9415269659 134626.9415269659 134626.9415269659 134626.9415269659 134626.9415269659 134626.9415269659 134626.9415269659 134626.9415269659 134626.9415269659 134626.9415269659 134626.9415269659 134626.9415269659 134626.9415269659 134626.9415269659 134626.9415269659 134626.9415269659 134626.9415269659 134626.9415312333 134626.9414056657 134626.9378704346 134627.0097560157 134628.8430393233 134606.7624112029 134125.3195086486 136827.1432021432 171787.3069131435 173505.2679507817 173507.2403657962 173827.0515782005 172364.4740238776 136916.4353779827 134104.7119480735 134605.3895669269 134628.9691649452 134627.0161896471 134626.9375319746 134626.9413903888 134626.9415317745 134626.9415269659 134626.9415269659 134626.9415269659 134626.9415269659 134626.9415269659 134626.9415269659 134626.9415269659 134626.9415269659 134626.9415269659 134626.9415269659 134626.9415269659 134626.9415269659 134626.9415269659 134626.9415269659 134626.9415269659 134626.9415269659 134626.9415269659 134626.9415269659 134626.9415269659 134626.9415269659 
134626.9415269659 134626.9415269659 134626.9415269659 134626.9415269659 134626.9415269659 134626.9415269659 134626.9415269659 134626.9415269659 134626.9415269659 134626.9415269659 134626.9415269659 134626.9415269659 134626.9415269659 134626.9415269659 134626.9415269659 134626.9415269659 134626.9415269659 134626.9415269659 134626.9415269659 134626.9415333358 134626.9413167855 134626.9354299628 134627.0828521574 134630.7970657079 134572.9731617079 133303.52047826 143744.5186169301 325592.9223386841 -137015.4059444744 -35882.87335571501 -33601.71830026829 -37268.89692190298 -141475.2340325 327896.0005019748 144016.8461478785 133271.2534051486 134570.8424496067 134630.9232931092 134627.0898772203 134626.9351652716 134626.9413030065 134626.9415337521 134626.9415269659 134626.9415269659 134626.9415269659 134626.9415269659 134626.9415269659 134626.9415269659 134626.9415269659 134626.9415269659 134626.9415269659 134626.9415269659 134626.9415269659 134626.9415269659 134626.9415269659 134626.9415269659 134626.9415269659 134626.9415269659 134626.9415269659 134626.9415269659 134626.9415269659 
134626.9415269659 134626.9415269659 134626.9415269659 134626.9415269659 134626.9415269659 134626.9415269659 134626.9415269659 134626.9415269659 134626.9415269659 134626.9415269659 134626.9415269659 134626.9415269659 134626.9415269659 134626.9415269659 134626.9415269659 134626.9415269659 134626.9415269659 134626.9415269659 134626.9415318495 134626.9413414549 134626.9361625371 134627.0910013593 134631.1161966957 134553.6466333774 132755.3710521343 152073.6427687209 522233.7331308226 -1181236.801678931 -22626414.78588352 -23388552.86969444 -23323381.35632541 -23387528.72335847 -22613087.52851109 -1194727.622723761 523790.5283529598 152225.8845411425 132756.1138922535 134553.5511006453 134631.0843999871 134627.090428846 134626.9362283637 134626.941342266 134626.9415318287 134626.9415269659 134626.9415269659 134626.9415269659 134626.9415269659 134626.9415269659 134626.9415269659 134626.9415269659 134626.9415269659 134626.9415269659 134626.9415269659 134626.9415269659 134626.9415269659 134626.9415269659 134626.9415269659 134626.9415269659 134626.9415269659 134626.9415269659 134626.9415269659 
134626.9415269659 134626.9415269659 134626.9415269659 134626.9415269659 134626.9415269659 134626.9415269659 134626.9415269659 134626.9415269659 134626.9415269659 134626.9415269659 134626.9415269659 134626.9415269659 134626.9415269659 134626.9415269659 134626.9415269659 134626.9415269659 134626.9415269659 134626.9415286062 134626.9414501279 134626.9391387023 134627.018177553 134629.3204431241 134577.2007231296 133162.2139491134 151688.9044094401 570500.303787663 -1878342.893592832 -44354167.37082756 45874180.14866074 23596068.27648594 23437440.35162762 23595603.89768901 45862024.02972575 -44338471.09954713 -1875700.539767224 566208.5456319558 151303.0824321849 133208.2791643678 134579.5304732367 134629.1901115046 134627.0128217582 134626.9393228125 134626.9414571107 134626.9415283897 134626.9415269659 134626.9415269659 134626.9415269659 134626.9415269659 134626.9415269659 134626.9415269659 134626.9415269659 134626.9415269659 134626.9415269659 134626.9415269659 134626.9415269659 134626.9415269659 134626.9415269659 134626.9415269659 134626.9415269659 134626.9415269659 134626.9415269659 
134626.9415269659 134626.9415269659 134626.9415269659 134626.9415269659 134626.9415269659 134626.9415269659 134626.9415269659 134626.9415269659 134626.9415269659 134626.9415269659 134626.9415269659 134626.9415269659 134626.9415269659 134626.9415269659 134626.9415269659 134626.9415269659 134626.94152707 134626.9415155992 134626.9410561832 134626.9578478516 134627.598229603 134611.5690011376 134012.4563034115 143040.6890497758 440170.254962318 -1576067.727316407 -44367180.40768579 45281169.58213164 375198.0694746751 -44450.28454613245 -44310.90498805464 -44099.92242442996 375549.947769045 45289674.91158091 -44404415.33757392 -1537650.49652515 431369.3154785464 142510.3845919709 134054.9112429211 134613.2327741501 134627.5236540182 134626.9552971795 134626.9411315772 134626.9415183353 134626.9415269659 134626.9415269659 134626.9415269659 134626.9415269659 134626.9415269659 134626.9415269659 134626.9415269659 134626.9415269659 134626.9415269659 134626.9415269659 134626.9415269659 134626.9415269659 134626.9415269659 134626.9415269659 134626.9415269659 134626.9415269659 134626.9415269659 
134626.9415269659 134626.9415269659 134626.9415269659 134626.9415269659 134626.9415269659 134626.9415269659 134626.9415269659 134626.9415269659 134626.9415269659 134626.9415269659 134626.9415269659 134626.9415269659 134626.9415269659 134626.9415269659 134626.9415269659 134626.9415269659 134626.9415266037 134626.941495573 134626.9426154905 134627.013575313 134625.1552045414 134506.3344902204 136485.0212984713 256870.7215164388 -720114.0371404398 -45281594.66827154 45670727.03804466 371773.6906796558 -94699.34297236158 -94542.69723575666 -94542.65020823297 -94542.69279594847 -94699.3855157286 365031.1702025109 45712813.91864678 -45356841.00930817 -680722.0212117122 250751.7318080494 136283.3302505431 134520.0901265346 134625.4772555142 134627.0001691082 134626.9423341564 134626.9415036692 134626.9415267952 134626.9415269659 134626.9415269659 134626.9415269659 134626.9415269659 134626.9415269659 134626.9415269659 134626.9415269659 134626.9415269659 134626.9415269659 134626.9415269659 134626.9415269659 134626.9415269659 134626.9415269659 134626.9415269659 134626.9415269659 134626.9415269659 
134626.9415269659 134626.9415269659 134626.9415269659 134626.9415269659 134626.9415269659 134626.9415269659 134626.9415269659 134626.9415269659 134626.9415269659 134626.9415269659 134626.9415269659 134626.9415269659 134626.9415269659 134626.9415269659 134626.9415269659 134626.9415269659 134626.9415266078 134626.9415413821 134626.9436680535 134626.8886433743 134619.1325514893 134751.8432381917 153631.5319265967 -13553.98608850859 -23049991.71699375 46490735.75868036 221958.0290316607 -94700.29833312368 -94519.78149900834 -94519.87614706394 -94519.87817051292 -94519.87631347582 -94519.76994971564 -94700.42065926056 210915.9508155664 46531792.4548489 -23082121.1371507 -3226.160235416784 152231.5322400827 134732.4155402949 134620.4077205831 134626.9020049663 134626.9431067436 134626.9415356344 134626.9415269076 134626.9415269659 134626.9415269659 134626.9415269659 134626.9415269659 134626.9415269659 134626.9415269659 134626.9415269659 134626.9415269659 134626.9415269659 134626.9415269659 134626.9415269659 134626.9415269659 134626.9415269659 134626.9415269659 134626.9415269659 134626.9415269659 
134626.9415269659 134626.9415269659 134626.9415269659 134626.9415269659 134626.9415269659 134626.9415269659 134626.9415269659 134626.9415269659 134626.9415269659 134626.9415269659 134626.9415269659 134626.9415269659 134626.9415269659 134626.9415269659 134626.9415269659 134626.9415269659 134626.9415269659 134626.9415262248 134626.9417078534 134626.9439019699 134625.5357796286 134628.1671646211 142601.0528207542 109390.5162556522 -23597500.2074457 23700047.53310703 -87672.9903324984 -94542.71959224969 -94519.8556981757 -94519.91403921957 -94519.91396388266 -94519.91403921957 -94519.85539051052 -94542.7072383537 -88325.9210370322 23698247.63883109 -23598615.67382786 111893.9237771695 141877.2588687002 134627.5765998979 134625.8152760407 134626.9433664536 134626.9416498934 134626.9415268077 134626.9415269659 134626.9415269659 134626.9415269659 134626.9415269659 134626.9415269659 134626.9415269659 134626.9415269659 134626.9415269659 134626.9415269659 134626.9415269659 134626.9415269659 134626.9415269659 134626.9415269659 134626.9415269659 134626.9415269659 134626.9415269659 134626.9415269659 
134626.9415269659 134626.9415269659 134626.9415269659 134626.9415269659 134626.9415269659 134626.9415269659 134626.9415269659 134626.9415269659 134626.9415269659 134626.9415269659 134626.9415269659 134626.9415269659 134626.9415269659 134626.9415269659 134626.9415269659 134626.9415269659 134626.9415269659 134626.9415269659 134626.9415328862 134626.9417622328 134626.7792740941 134626.47783104 137387.6722517163 126912.6464799336 -23582186.50282498 23626162.58895945 -92659.44426050944 -94542.83655948384 -94519.85527321066 -94519.91396397147 -94519.91400981229 -94519.91396397147 -94519.85515888287 -94542.83715605999 -92901.10297821381 23626923.22839167 -23583164.16698206 127672.1101031358 137123.878150232 134626.5571718292 134626.8128889053 134626.9416900359 134626.9415311001 134626.9415269659 134626.9415269659 134626.9415269659 134626.9415269659 134626.9415269659 134626.9415269659 134626.9415269659 134626.9415269659 134626.9415269659 134626.9415269659 134626.9415269659 134626.9415269659 134626.9415269659 134626.9415269659 134626.9415269659 134626.9415269659 134626.9415269659 134626.9415269659 
134626.9415269659 134626.9415269659 134626.9415269659 134626.9415269659 134626.9415269659 134626.9415269659 134626.9415269659 134626.9415269659 134626.9415269659 134626.9415269659 134626.9415269659 134626.9415269659 134626.9415269659 134626.9415269659 134626.9415269659 134626.9415269659 134626.9415269659 134626.9415269659 134626.9415269659 134626.9415371536 134626.9222139303 134626.8818115543 135580.4286955586 132017.4437941864 -23589167.63993014 23631275.9857801 -94541.50975160878 -94542.18784129093 -94519.8524907245 -94519.91404023867 -94519.9139639752 -94519.91404023867 -94519.85245306307 -94542.18794406744 -94621.12296619998 23631477.21712402 -23589416.49234014 132241.2586972803 135493.7089838661 134626.8963971987 134626.9260196044 134626.9415337979 134626.9415269659 134626.9415269659 134626.9415269659 134626.9415269659 134626.9415269659 134626.9415269659 134626.9415269659 134626.9415269659 134626.9415269659 134626.9415269659 134626.9415269659 134626.9415269659 134626.9415269659 134626.9415269659 134626.9415269659 134626.9415269659 134626.9415269659 134626.9415269659 134626.9415269659 
134626.9415269659 134626.9415269659 134626.9415269659 134626.9415269659 134626.9415269659 134626.9415269659 134626.9415269659 134626.9415269659 134626.9415269659 134626.9415269659 134626.9415269659 134626.9415269659 134626.9415269659 134626.9415269659 134626.9415269659 134626.9415269659 134626.9415269659 134626.9415269659 134626.9415269659 134626.9415269659 134626.9385467706 134626.948414844 135001.4084223502 132827.0701700484 -23586657.93834613 47359016.08226193 -96061.93684937395 -94706.018242105 -94518.95977692898 -94519.8521033592 -94519.85404055964 -94519.8521033592 -94518.95972683385 -94706.01872004288 -96126.14565867611 47359262.83278369 -23586916.28607669 132927.2081264149 134974.6724502959 134626.9488506965 134626.9390143008 134626.9415269659 134626.9415269659 134626.9415269659 134626.9415269659 134626.9415269659 134626.9415269659 134626.9415269659 134626.9415269659 134626.9415269659 134626.9415269659 134626.9415269659 134626.9415269659 134626.9415269659 134626.9415269659 134626.9415269659 134626.9415269659 134626.9415269659 134626.9415269659 134626.9415269659 134626.9415269659 
134626.9415269659 134626.9415269659 134626.9415269659 134626.9415269659 134626.9415269659 134626.9415269659 134626.9415269659 134626.9415269659 134626.9415269659 134626.9415269659 134626.9415269659 134626.9415269659 134626.9415269659 134626.9415269659 134626.9415269659 134626.9415269659 134626.9415269659 134626.9415269659 134626.9415269659 134626.9415269659 134626.9415267993 134626.9318478014 134627.0359897462 135682.6629607566 129026.0888452751 -47308437.20699611 47360401.50134707 -96403.03622478532 -94706.02153494864 -94542.18881452357 -94542.84205700381 -94542.188801496 -94706.02170275856 -96421.59001513931 47360519.69012126 -47308725.80213713 129269.7433809156 135626.4608078731 134627.0264081031 134626.9330632279 134626.9415269617 134626.9415269659 134626.9415269659 134626.9415269659 134626.9415269659 134626.9415269659 134626.9415269659 134626.9415269659 134626.9415269659 134626.9415269659 134626.9415269659 134626.9415269659 134626.9415269659 134626.9415269659 134626.9415269659 134626.9415269659 134626.9415269659 134626.9415269659 134626.9415269659 134626.9415269659 134626.9415269659 
134626.9415269659 134626.9415269659 134626.9415269659 134626.9415269659 134626.9415269659 134626.9415269659 134626.9415269659 134626.9415269659 134626.9415269659 134626.9415269659 134626.9415269659 134626.9415269659 134626.9415269659 134626.9415269659 134626.9415269659 134626.9415269659 134626.9415269659 134626.9415269659 134626.9415269659 134626.9415269659 134626.9415269659 134626.9415262539 134626.9269402758 134627.0801394618 135944.0551052291 129219.0412565328 -47310451.13750001 47361426.30612502 -96695.48140012118 -95360.42943788183 -95266.54053470792 -95360.45909449761 -96699.66574775937 47361453.6435445 -47310526.6138643 129320.2697800046 135903.4486680191 134627.0702841059 134626.9281954669 134626.9415265079 134626.9415269659 134626.9415269659 134626.9415269659 134626.9415269659 134626.9415269659 134626.9415269659 134626.9415269659 134626.9415269659 134626.9415269659 134626.9415269659 134626.9415269659 134626.9415269659 134626.9415269659 134626.9415269659 134626.9415269659 134626.9415269659 134626.9415269659 134626.9415269659 134626.9415269659 134626.9415269659 134626.9415269659 
134626.9415269659 134626.9415269659 134626.9415269659 134626.9415269659 134626.9415269659 134626.9415269659 134626.9415269659 134626.9415269659 134626.9415269659 134626.9415269659 134626.9415269659 134626.9415269659 134626.9415269659 134626.9415269659 134626.9415269659 134626.9415269659 134626.9415269659 134626.9415269659 134626.9415269659 134626.9415269659 134626.9415269659 134626.9415269659 134626.9415259126 134626.926543597 134627.0650425176 135802.2215476467 130089.0231846467 -47311403.78024976 47361505.43447913 23633164.01074907 23633561.00558539 23633163.47223694 47361510.86351001 -47311420.48306818 130112.4624668887 135788.5218197011 134627.060717562 134626.9272592325 134626.9415260541 134626.9415269659 134626.9415269659 134626.9415269659 134626.9415269659 134626.9415269659 134626.9415269659 134626.9415269659 134626.9415269659 134626.9415269659 134626.9415269659 134626.9415269659 134626.9415269659 134626.9415269659 134626.9415269659 134626.9415269659 134626.9415269659 134626.9415269659 134626.9415269659 134626.9415269659 134626.9415269659 134626.9415269659 134626.9415269659 
134626.9415269659 134626.9415269659 134626.9415269659 134626.9415269659 134626.9415269659 134626.9415269659 134626.9415269659 134626.9415269659 134626.9415269659 134626.9415269659 134626.9415269659 134626.9415269659 134626.9415269659 134626.9415269659 134626.9415269659 134626.9415269659 134626.9415269659 134626.9415269659 134626.9415269659 134626.9415269659 134626.9415269659 134626.9415269659 134626.9415269659 134626.9415261415 134626.9287760847 134627.0362723286 135551.3472883365 131473.8024448089 -23589166.95529581 -23591400.13677976 -23591176.25444879 -23591400.17939476 -23589168.93575949 131478.2669979689 135548.3043837779 134627.0351486494 134626.9290396071 134626.9415262123 134626.9415269659 134626.9415269659 134626.9415269659 134626.9415269659 134626.9415269659 134626.9415269659 134626.9415269659 134626.9415269659 134626.9415269659 134626.9415269659 134626.9415269659 134626.9415269659 134626.9415269659 134626.9415269659 134626.9415269659 134626.9415269659 134626.9415269659 134626.9415269659 134626.9415269659 134626.9415269659 134626.9415269659 134626.9415269659 134626.9415269659 
134626.9415269659 134626.9415269659 134626.9415269659 134626.9415269659 134626.9415269659 134626.9415269659 134626.9415269659 134626.9415269659 134626.9415269659 134626.9415269659 134626.9415269659 134626.9415269659 134626.9415269659 134626.9415269659 134626.9415269659 134626.9415269659 134626.9415269659 134626.9415269659 134626.9415269659 134626.9415269659 134626.9415269659 134626.9415269659 134626.9415269659 134626.9415269659 134626.9415266495 134626.9320592101 134627.0034843506 135138.1549333578 133770.4367568689 134098.3315951827 134098.4035964402 134098.4188314827 133770.7727061409 135137.6426814722 134627.0032641474 134626.9321265396 134626.9415266703 134626.9415269659 134626.9415269659 134626.9415269659 134626.9415269659 134626.9415269659 134626.9415269659 134626.9415269659 134626.9415269659 134626.9415269659 134626.9415269659 134626.9415269659 134626.9415269659 134626.9415269659 134626.9415269659 134626.9415269659 134626.9415269659 134626.9415269659 134626.9415269659 134626.9415269659 134626.9415269659 134626.9415269659 134626.9415269659 134626.9415269659 134626.9415269659 
134626.9415269659 134626.9415269659 134626.9415269659 134626.9415269659 134626.9415269659 134626.9415269659 134626.9415269659 134626.9415269659 134626.9415269659 134626.9415269659 134626.9415269659 134626.9415269659 134626.9415269659 134626.9415269659 134626.9415269659 134626.9415269659 134626.9415269659 134626.9415269659 134626.9415269659 134626.9415269659 134626.9415269659 134626.9415269659 134626.9415269659 134626.9415269659 134626.9415269659 134626.9415269659 134626.9360362955 134626.9675864594 134753.2327540745 134753.2456017237 134753.2333252504 134753.226452657 134753.1944738447 134626.9675546303 134626.9360492101 134626.9415269659 134626.9415269659 134626.9415269659 134626.9415269659 134626.9415269659 134626.9415269659 134626.9415269659 134626.9415269659 134626.9415269659 134626.9415269659 134626.9415269659 134626.9415269659 134626.9415269659 134626.9415269659 134626.9415269659 134626.9415269659 134626.9415269659 134626.9415269659 134626.9415269659 134626.9415269659 134626.9415269659 134626.9415269659 134626.9415269659 134626.9415269659 134626.9415269659 134626.9415269659 
134626.9415269659 134626.9415269659 134626.9415269659 134626.9415269659 134626.9415269659 134626.9415269659 134626.9415269659 134626.9415269659 134626.9415269659 134626.9415269659 134626.9415269659 134626.9415269659 134626.9415269659 134626.9415269659 134626.9415269659 134626.9415269659 134626.9415269659 134626.9415269659 134626.9415269659 134626.9415269659 134626.9415269659 134626.9415269659 134626.9415269659 134626.9415269659 134626.9415269659 134626.9415269659 134626.9415269659 134626.939511324 134626.9457890056 134626.9442575268 134626.9442570644 134626.944257006 134626.9457871438 134626.939513081 134626.9415269659 134626.9415269659 134626.9415269659 134626.9415269659 134626.9415269659 134626.9415269659 134626.9415269659 134626.9415269659 134626.9415269659 134626.9415269659 134626.9415269659 134626.9415269659 134626.9415269659 134626.9415269659 134626.9415269659 134626.9415269659 134626.9415269659 134626.9415269659 134626.9415269659 134626.9415269659 134626.9415269659 134626.9415269659 134626.9415269659 134626.9415269659 134626.9415269659 134626.9415269659 134626.9415269659 
134626.9415269659 134626.9415269659 134626.9415269659 134626.9415269659 134626.9415269659 134626.9415269659 134626.9415269659 134626.9415269659 134626.9415269659 134626.9415269659 134626.9415269659 134626.9415269659 134626.9415269659 134626.9415269659 134626.9415269659 134626.9415269659 134626.9415269659 134626.9415269659 134626.9415269659 134626.9415269659 134626.9415269659 134626.9415269659 134626.9415269659 134626.9415269659 134626.9415269659 134626.9415269659 134626.9415269659 134626.9415269659 134626.9411941071 134626.9411940697 134626.941194103 134626.9411941238 134626.9411942112 134626.9415269659 134626.9415269659 134626.9415269659 134626.9415269659 134626.9415269659 134626.9415269659 134626.9415269659 134626.9415269659 134626.9415269659 134626.9415269659 134626.9415269659 134626.9415269659 134626.9415269659 134626.9415269659 134626.9415269659 134626.9415269659 134626.9415269659 134626.9415269659 134626.9415269659 134626.9415269659 134626.9415269659 134626.9415269659 134626.9415269659 134626.9415269659 134626.9415269659 134626.9415269659 134626.9415269659 134626.9415269659 
134626.9415269659 134626.9415269659 134626.9415269659 134626.9415269659 134626.9415269659 134626.9415269659 134626.9415269659 134626.9415269659 134626.9415269659 134626.9415269659 134626.9415269659 134626.9415269659 134626.9415269659 134626.9415269659 134626.9415269659 134626.9415269659 134626.9415269659 134626.9415269659 134626.9415269659 134626.9415269659 134626.9415269659 134626.9415269659 134626.9415269659 134626.9415269659 134626.9415269659 134626.9415269659 134626.9415269659 134626.9415269659 134626.9415269659 134626.9415269659 134626.9415269659 134626.9415269659 134626.9415269659 134626.9415269659 134626.9415269659 134626.9415269659 134626.9415269659 134626.9415269659 134626.9415269659 134626.9415269659 134626.9415269659 134626.9415269659 134626.9415269659 134626.9415269659 134626.9415269659 134626.9415269659 134626.9415269659 134626.9415269659 134626.9415269659 134626.9415269659 134626.9415269659 134626.9415269659 134626.9415269659 134626.9415269659 134626.9415269659 134626.9415269659 134626.9415269659 134626.9415269659 134626.9415269659 134626.9415269659 134626.9415269659 
134626.9415269659 134626.9415269659 134626.9415269659 134626.9415269659 134626.9415269659 134626.9415269659 134626.9415269659 134626.9415269659 134626.9415269659 134626.9415269659 134626.9415269659 134626.9415269659 134626.9415269659 134626.9415269659 134626.9415269659 134626.9415269659 134626.9415269659 134626.9415269659 134626.9415269659 134626.9415269659 134626.9415269659 134626.9415269659 134626.9415269659 134626.9415269659 134626.9415269659 134626.9415269659 134626.9415269659 134626.9415269659 134626.9415269659 134626.9415269659 134626.9415269659 134626.9415269659 134626.9415269659 134626.9415269659 134626.9415269659 134626.9415269659 134626.9415269659 134626.9415269659 134626.9415269659 134626.9415269659 134626.9415269659 134626.9415269659 134626.9415269659 134626.9415269659 134626.9415269659 134626.9415269659 134626.9415269659 134626.9415269659 134626.9415269659 134626.9415269659 134626.9415269659 134626.9415269659 134626.9415269659 134626.9415269659 134626.9415269659 134626.9415269659 134626.9415269659 134626.9415269659 134626.9415269659 134626.9415269659 134626.9415269659 
134626.9415269659 134626.9415269659 134626.9415269659 134626.9415269659 134626.9415269659 134626.9415269659 134626.9415269659 134626.9415269659 134626.9415269659 134626.9415269659 134626.9415269659 134626.9415269659 134626.9415269659 134626.9415269659 134626.9415269659 134626.9415269659 134626.9415269659 134626.9415269659 134626.9415269659 134626.9415269659 134626.9415269659 134626.9415269659 134626.9415269659 134626.9415269659 134626.9415269659 134626.9415269659 134626.9415269659 134626.9415269659 134626.9415269659 134626.9415269659 134626.9415269659 134626.9415269659 134626.9415269659 134626.9415269659 134626.9415269659 134626.9415269659 134626.9415269659 134626.9415269659 134626.9415269659 134626.9415269659 134626.9415269659 134626.9415269659 134626.9415269659 134626.9415269659 134626.9415269659 134626.9415269659 134626.9415269659 134626.9415269659 134626.9415269659 134626.9415269659 134626.9415269659 134626.9415269659 134626.9415269659 134626.9415269659 134626.9415269659 134626.9415269659 134626.9415269659 134626.9415269659 134626.9415269659 134626.9415269659 134626.9415269659 
134626.9415269659 134626.9415269659 134626.9415269659 134626.9415269659 134626.9415269659 134626.9415269659 134626.9415269659 134626.9415269659 134626.9415269659 134626.9415269659 134626.9415269659 134626.9415269659 134626.9415269659 134626.9415269659 134626.9415269659 134626.9415269659 134626.9415269659 134626.9415269659 134626.9415269659 134626.9415269659 134626.9415269659 134626.9415269659 134626.9415269659 134626.9415269659 134626.9415269659 134626.9415269659 134626.9415269659 134626.9415269659 134626.9415269659 134626.9415269659 134626.9415269659 134626.9415269659 134626.9415269659 134626.9415269659 134626.9415269659 134626.9415269659 134626.9415269659 134626.9415269659 134626.9415269659 134626.9415269659 134626.9415269659 134626.9415269659 134626.9415269659 134626.9415269659 134626.9415269659 134626.9415269659 134626.9415269659 134626.9415269659 134626.9415269659 134626.9415269659 134626.9415269659 134626.9415269659 134626.9415269659 134626.9415269659 134626.9415269659 134626.9415269659 134626.9415269659 134626.9415269659 134626.9415269659 134626.9415269659 134626.9415269659 
134626.9415269659 134626.9415269659 134626.9415269659 134626.9415269659 134626.9415269659 134626.9415269659 134626.9415269659 134626.9415269659 134626.9415269659 134626.9415269659 134626.9415269659 134626.9415269659 134626.9415269659 134626.9415269659 134626.9415269659 134626.9415269659 134626.9415269659 134626.9415269659 134626.9415269659 134626.9415269659 134626.9415269659 134626.9415269659 134626.9415269659 134626.9415269659 134626.9415269659 134626.9415269659 134626.9415269659 134626.9415269659 134626.9415269659 134626.9415269659 134626.9415269659 134626.9415269659 134626.9415269659 134626.9415269659 134626.9415269659 134626.9415269659 134626.9415269659 134626.9415269659 134626.9415269659 134626.9415269659 134626.9415269659 134626.9415269659 134626.9415269659 134626.9415269659 134626.9415269659 134626.9415269659 134626.9415269659 134626.9415269659 134626.9415269659 134626.9415269659 134626.9415269659 134626.9415269659 134626.9415269659 134626.9415269659 134626.9415269659 134626.9415269659 134626.9415269659 134626.9415269659 134626.9415269659 134626.9415269659 134626.9415269659 
134626.9415269659 134626.9415269659 134626.9415269659 134626.9415269659 134626.9415269659 134626.9415269659 134626.9415269659 134626.9415269659 134626.9415269659 134626.9415269659 134626.9415269659 134626.9415269659 134626.9415269659 134626.9415269659 134626.9415269659 134626.9415269659 134626.9415269659 134626.9415269659 134626.9415269659 134626.9415269659 134626.9415269659 134626.9415269659 134626.9415269659 134626.9415269659 134626.9415269659 134626.9415269659 134626.9415269659 134626.9415269659 134626.9415269659 134626.9415269659 134626.9415269659 134626.9415269659 134626.9415269659 134626.9415269659 134626.9415269659 134626.9415269659 134626.9415269659 134626.9415269659 134626.9415269659 134626.9415269659 134626.9415269659 134626.9415269659 134626.9415269659 134626.9415269659 134626.9415269659 134626.9415269659 134626.9415269659 134626.9415269659 134626.9415269659 134626.9415269659 134626.9415269659 134626.9415269659 134626.9415269659 134626.9415269659 134626.9415269659 134626.9415269659 134626.9415269659 134626.9415269659 134626.9415269659 134626.9415269659 134626.9415269659 
134626.9415269659 134626.9415269659 134626.9415269659 134626.9415269659 134626.9415269659 134626.9415269659 134626.9415269659 134626.9415269659 134626.9415269659 134626.9415269659 134626.9415269659 134626.9415269659 134626.9415269659 134626.9415269659 134626.9415269659 134626.9415269659 134626.9415269659 134626.9415269659 134626.9415269659 134626.9415269659 134626.9415269659 134626.9415269659 134626.9415269659 134626.9415269659 134626.9415269659 134626.9415269659 134626.9415269659 134626.9415269659 134626.9415269659 134626.9415269659 134626.9415269659 134626.9415269659 134626.9415269659 134626.9415269659 134626.9415269659 134626.9415269659 134626.9415269659 134626.9415269659 134626.9415269659 134626.9415269659 134626.9415269659 134626.9415269659 134626.9415269659 134626.9415269659 134626.9415269659 134626.9415269659 134626.9415269659 134626.9415269659 134626.9415269659 134626.9415269659 134626.9415269659 134626.9415269659 134626.9415269659 134626.9415269659 134626.9415269659 134626.9415269659 134626.9415269659 134626.9415269659 134626.9415269659 134626.9415269659 134626.9415269659 
134626.9415269659 134626.9415269659 134626.9415269659 134626.9415269659 134626.9415269659 134626.9415269659 134626.9415269659 134626.9415269659 134626.9415269659 134626.9415269659 134626.9415269659 134626.9415269659 134626.9415269659 134626.9415269659 134626.9415269659 134626.9415269659 134626.9415269659 134626.9415269659 134626.9415269659 134626.9415269659 134626.9415269659 134626.9415269659 134626.9415269659 134626.9415269659 134626.9415269659 134626.9415269659 134626.9415269659 134626.9415269659 134626.9415269659 134626.9415269659 134626.9415269659 134626.9415269659 134626.9415269659 134626.9415269659 134626.9415269659 134626.9415269659 134626.9415269659 134626.9415269659 134626.9415269659 134626.9415269659 134626.9415269659 134626.9415269659 134626.9415269659 134626.9415269659 134626.9415269659 134626.9415269659 134626.9415269659 134626.9415269659 134626.9415269659 134626.9415269659 134626.9415269659 134626.9415269659 134626.9415269659 134626.9415269659 134626.9415269659 134626.9415269659 134626.9415269659 134626.9415269659 134626.9415269659 134626.9415269659 134626.9415269659 
134626.9415269659 134626.9415269659 134626.9415269659 134626.9415269659 134626.9415269659 134626.9415269659 134626.9415269659 134626.9415269659 134626.9415269659 134626.9415269659 134626.9415269659 134626.9415269659 134626.9415269659 134626.9415269659 134626.9415269659 134626.9415269659 134626.9415269659 134626.9415269659 134626.9415269659 134626.9415269659 134626.9415269659 134626.9415269659 134626.9415269659 134626.9415269659 134626.9415269659 134626.9415269659 134626.9415269659 134626.9415269659 134626.9415269659 134626.9415269659 134626.9415269659 134626.9415269659 134626.9415269659 134626.9415269659 134626.9415269659 134626.9415269659 134626.9415269659 134626.9415269659 134626.9415269659 134626.9415269659 134626.9415269659 134626.9415269659 134626.9415269659 134626.9415269659 134626.9415269659 134626.9415269659 134626.9415269659 134626.9415269659 134626.9415269659 134626.9415269659 134626.9415269659 134626.9415269659 134626.9415269659 134626.9415269659 134626.9415269659 134626.9415269659 134626.9415269659 134626.9415269659 134626.9415269659 134626.9415269659 134626.9415269659 
134626.9415269659 134626.9415269659 134626.9415269659 134626.9415269659 134626.9415269659 134626.9415269659 134626.9415269659 134626.9415269659 134626.9415269659 134626.9415269659 134626.9415269659 134626.9415269659 134626.9415269659 134626.9415269659 134626.9415269659 134626.9415269659 134626.9415269659 134626.9415269659 134626.9415269659 134626.9415269659 134626.9415269659 134626.9415269659 134626.9415269659 134626.9415269659 134626.9415269659 134626.9415269659 134626.9415269659 134626.9415269659 134626.9415269659 134626.9415269659 134626.9415269659 134626.9415269659 134626.9415269659 134626.9415269659 134626.9415269659 134626.9415269659 134626.9415269659 134626.9415269659 134626.9415269659 134626.9415269659 134626.9415269659 134626.9415269659 134626.9415269659 134626.9415269659 134626.9415269659 134626.9415269659 134626.9415269659 134626.9415269659 134626.9415269659 134626.9415269659 134626.9415269659 134626.9415269659 134626.9415269659 134626.9415269659 134626.9415269659 134626.9415269659 134626.9415269659 134626.9415269659 134626.9415269659 134626.9415269659 134626.9415269659 
134626.9415269659 134626.9415269659 134626.9415269659 134626.9415269659 134626.9415269659 134626.9415269659 134626.9415269659 134626.9415269659 134626.9415269659 134626.9415269659 134626.9415269659 134626.9415269659 134626.9415269659 134626.9415269659 134626.9415269659 134626.9415269659 134626.9415269659 134626.9415269659 134626.9415269659 134626.9415269659 134626.9415269659 134626.9415269659 134626.9415269659 134626.9415269659 134626.9415269659 134626.9415269659 134626.9415269659 134626.9415269659 134626.9415269659 134626.9415269659 134626.9415269659 134626.9415269659 134626.9415269659 134626.9415269659 134626.9415269659 134626.9415269659 134626.9415269659 134626.9415269659 134626.9415269659 134626.9415269659 134626.9415269659 134626.9415269659 134626.9415269659 134626.9415269659 134626.9415269659 134626.9415269659 134626.9415269659 134626.9415269659 134626.9415269659 134626.9415269659 134626.9415269659 134626.9415269659 134626.9415269659 134626.9415269659 134626.9415269659 134626.9415269659 134626.9415269659 134626.9415269659 134626.9415269659 134626.9415269659 134626.9415269659 
134626.9415269659 134626.9415269659 134626.9415269659 134626.9415269659 134626.9415269659 134626.9415269659 134626.9415269659 134626.9415269659 134626.9415269659 134626.9415269659 134626.9415269659 134626.9415269659 134626.9415269659 134626.9415269659 134626.9415269659 134626.9415269659 134626.9415269659 134626.9415269659 134626.9415269659 134626.9415269659 134626.9415269659 134626.9415269659 134626.9415269659 134626.9415269659 134626.9415269659 134626.9415269659 134626.9415269659 134626.9415269659 134626.9415269659 134626.9415269659 134626.9415269659 134626.9415269659 134626.9415269659 134626.9415269659 134626.9415269659 134626.9415269659 134626.9415269659 134626.9415269659 134626.9415269659 134626.9415269659 134626.9415269659 134626.9415269659 134626.9415269659 134626.9415269659 134626.9415269659 134626.9415269659 134626.9415269659 134626.9415269659 134626.9415269659 134626.9415269659 134626.9415269659 134626.9415269659 134626.9415269659 134626.9415269659 134626.9415269659 134626.9415269659 134626.9415269659 134626.9415269659 134626.9415269659 134626.9415269659 134626.9415269659 
134626.9415269659 134626.9415269659 134626.9415269659 134626.9415269659 134626.9415269659 134626.9415269659 134626.9415269659 134626.9415269659 134626.9415269659 134626.9415269659 134626.9415269659 134626.9415269659 134626.9415269659 134626.9415269659 134626.9415269659 134626.9415269659 134626.9415269659 134626.9415269659 134626.9415269659 134626.9415269659 134626.9415269659 134626.9415269659 134626.9415269659 134626.9415269659 134626.9415269659 134626.9415269659 134626.9415269659 134626.9415269659 134626.9415269659 134626.9415269659 134626.9415269659 134626.9415269659 134626.9415269659 134626.9415269659 134626.9415269659 134626.9415269659 134626.9415269659 134626.9415269659 134626.9415269659 134626.9415269659 134626.9415269659 134626.9415269659 134626.9415269659 134626.9415269659 134626.9415269659 134626.9415269659 134626.9415269659 134626.9415269659 134626.9415269659 134626.9415269659 134626.9415269659 134626.9415269659 134626.9415269659 134626.9415269659 134626.9415269659 134626.9415269659 134626.9415269659 134626.9415269659 134626.9415269659 134626.9415269659 134626.9415269659 
134626.9415269659 134626.9415269659 134626.9415269659 134626.9415269659 134626.9415269659 134626.9415269659 134626.9415269659 134626.9415269659 134626.9415269659 134626.9415269659 134626.9415269659 134626.9415269659 134626.9415269659 134626.9415269659 134626.9415269659 134626.9415269659 134626.9415269659 134626.9415269659 134626.9415269659 134626.9415269659 134626.9415269659 134626.9415269659 134626.9415269659 134626.9415269659 134626.9415269659 134626.9415269659 134626.9415269659 134626.9415269659 134626.9415269659 134626.9415269659 134626.9415269659 134626.9415269659 134626.9415269659 134626.9415269659 134626.9415269659 134626.9415269659 134626.9415269659 134626.9415269659 134626.9415269659 134626.9415269659 134626.9415269659 134626.9415269659 134626.9415269659 134626.9415269659 134626.9415269659 134626.9415269659 134626.9415269659 134626.9415269659 134626.9415269659 134626.9415269659 134626.9415269659 134626.9415269659 134626.9415269659 134626.9415269659 134626.9415269659 134626.9415269659 134626.9415269659 134626.9415269659 134626.9415269659 134626.9415269659 134626.9415269659 
134626.9415269659 134626.9415269659 134626.9415269659 134626.9415269659 134626.9415269659 134626.9415269659 134626.9415269659 134626.9415269659 134626.9415269659 134626.9415269659 134626.9415269659 134626.9415269659 134626.9415269659 134626.9415269659 134626.9415269659 134626.9415269659 134626.9415269659 134626.9415269659 134626.9415269659 134626.9415269659 134626.9415269659 134626.9415269659 134626.9415269659 134626.9415269659 134626.9415269659 134626.9415269659 134626.9415269659 134626.9415269659 134626.9415269659 134626.9415269659 134626.9415269659 134626.9415269659 134626.9415269659 134626.9415269659 134626.9415269659 134626.9415269659 134626.9415269659 134626.9415269659 134626.9415269659 134626.9415269659 134626.9415269659 134626.9415269659 134626.9415269659 134626.9415269659 134626.9415269659 134626.9415269659 134626.9415269659 134626.9415269659 134626.9415269659 134626.9415269659 134626.9415269659 134626.9415269659 134626.9415269659 134626.9415269659 134626.9415269659 134626.9415269659 134626.9415269659 134626.9415269659 134626.9415269659 134626.9415269659 134626.9415269659 
134626.9415269659 134626.9415269659 134626.9415269659 134626.9415269659 134626.9415269659 134626.9415269659 134626.9415269659 134626.9415269659 134626.9415269659 134626.9415269659 134626.9415269659 134626.9415269659 134626.9415269659 134626.9415269659 134626.9415269659 134626.9415269659 134626.9415269659 134626.9415269659 134626.9415269659 134626.9415269659 134626.9415269659 134626.9415269659 134626.9415269659 134626.9415269659 134626.9415269659 134626.9415269659 134626.9415269659 134626.9415269659 134626.9415269659 134626.9415269659 134626.9415269659 134626.9415269659 134626.9415269659 134626.9415269659 134626.9415269659 134626.9415269659 134626.9415269659 134626.9415269659 134626.9415269659 134626.9415269659 134626.9415269659 134626.9415269659 134626.9415269659 134626.9415269659 134626.9415269659 134626.9415269659 134626.9415269659 134626.9415269659 134626.9415269659 134626.9415269659 134626.9415269659 134626.9415269659 134626.9415269659 134626.9415269659 134626.9415269659 134626.9415269659 134626.9415269659 134626.9415269659 134626.9415269659 134626.9415269659 134626.9415269659 
134626.9415269659 134626.9415269659 134626.9415269659 134626.9415269659 134626.9415269659 134626.9415269659 134626.9415269659 134626.9415269659 134626.9415269659 134626.9415269659 134626.9415269659 134626.9415269659 134626.9415269659 134626.9415269659 134626.9415269659 134626.9415269659 134626.9415269659 134626.9415269659 134626.9415269659 134626.9415269659 134626.9415269659 134626.9415269659 134626.9415269659 134626.9415269659 134626.9415269659 134626.9415269659 134626.9415269659 134626.9415269659 134626.9415269659 134626.9415269659 134626.9415269659 134626.9415269659 134626.9415269659 134626.9415269659 134626.9415269659 134626.9415269659 134626.9415269659 134626.9415269659 134626.9415269659 134626.9415269659 134626.9415269659 134626.9415269659 134626.9415269659 134626.9415269659 134626.9415269659 134626.9415269659 134626.9415269659 134626.9415269659 134626.9415269659 134626.9415269659 134626.9415269659 134626.9415269659 134626.9415269659 134626.9415269659 134626.9415269659 134626.9415269659 134626.9415269659 134626.9415269659 134626.9415269659 134626.9415269659 134626.9415269659 
134626.9415269659 134626.9415269659 134626.9415269659 134626.9415269659 134626.9415269659 134626.9415269659 134626.9415269659 134626.9415269659 134626.9415269659 134626.9415269659 134626.9415269659 134626.9415269659 134626.9415269659 134626.9415269659 134626.9415269659 134626.9415269659 134626.9415269659 134626.9415269659 134626.9415269659 134626.9415269659 134626.9415269659 134626.9415269659 134626.9415269659 134626.9415269659 134626.9415269659 134626.9415269659 134626.9415269659 134626.9415269659 134626.9415269659 134626.9415269659 134626.9415269659 134626.9415269659 134626.9415269659 134626.9415269659 134626.9415269659 134626.9415269659 134626.9415269659 134626.9415269659 134626.9415269659 134626.9415269659 134626.9415269659 134626.9415269659 134626.9415269659 134626.9415269659 134626.9415269659 134626.9415269659 134626.9415269659 134626.9415269659 134626.9415269659 134626.9415269659 134626.9415269659 134626.9415269659 134626.9415269659 134626.9415269659 134626.9415269659 134626.9415269659 134626.9415269659 134626.9415269659 134626.9415269659 134626.9415269659 134626.9415269659 
134626.9415269659 134626.9415269659 134626.9415269659 134626.9415269659 134626.9415269659 134626.9415269659 134626.9415269659 134626.9415269659 134626.9415269659 134626.9415269659 134626.9415269659 134626.9415269659 134626.9415269659 134626.9415269659 134626.9415269659 134626.9415269659 134626.9415269659 134626.9415269659 134626.9415269659 134626.9415269659 134626.9415269659 134626.9415269659 134626.9415269659 134626.9415269659 134626.9415269659 134626.9415269659 134626.9415269659 134626.9415269659 134626.9415269659 134626.9415269659 134626.9415269659 134626.9415269659 134626.9415269659 134626.9415269659 134626.9415269659 134626.9415269659 134626.9415269659 134626.9415269659 134626.9415269659 134626.9415269659 134626.9415269659 134626.9415269659 134626.9415269659 134626.9415269659 134626.9415269659 134626.9415269659 134626.9415269659 134626.9415269659 134626.9415269659 134626.9415269659 134626.9415269659 134626.9415269659 134626.9415269659 134626.9415269659 134626.9415269659 134626.9415269659 134626.9415269659 134626.9415269659 134626.9415269659 134626.9415269659 134626.9415269659 
134626.9415269659 134626.9415269659 134626.9415269659 134626.9415269659 134626.9415269659 134626.9415269659 134626.9415269659 134626.9415269659 134626.9415269659 134626.9415269659 134626.9415269659 134626.9415269659 134626.9415269659 134626.9415269659 134626.9415269659 134626.9415269659 134626.9415269659 134626.9415269659 134626.9415269659 134626.9415269659 134626.9415269659 134626.9415269659 134626.9415269659 134626.9415269659 134626.9415269659 134626.9415269659 134626.9415269659 134626.9415269659 134626.9415269659 134626.9415269659 134626.9415269659 134626.9415269659 134626.9415269659 134626.9415269659 134626.9415269659 134626.9415269659 134626.9415269659 134626.9415269659 134626.9415269659 134626.9415269659 134626.9415269659 134626.9415269659 134626.9415269659 134626.9415269659 134626.9415269659 134626.9415269659 134626.9415269659 134626.9415269659 134626.9415269659 134626.9415269659 134626.9415269659 134626.9415269659 134626.9415269659 134626.9415269659 134626.9415269659 134626.9415269659 134626.9415269659 134626.9415269659 134626.9415269659 134626.9415269659 134626.9415269659 
SCALARS M_O double 1
LOOKUP_TABLE default
0 0 0 0 0 0 0 0 0 0 0 0 0 0 0 0 0 0 0 0 0 0 0 0 0 0 0 0 0 0 0 0 0 0 0 0 0 0 0 0 0 0 0 0 0 0 0 0 0 0 0 0 0 0 0 0 0 0 0 0 0 
0 0 0 0 0 0 0 0 0 0 0 0 0 0 0 0 0 0 0 0 0 0 0 0 0 0 0 0 0 0 0 0 0 0 0 0 0 0 0 0 0 0 0 0 0 0 0 0 0 0 0 0 0 0 0 0 0 0 0 0 0 
0 0 0 0 0 0 0 0 0 0 0 0 0 0 0 0 0 0 0 0 0 0 0 0 0 0 0 0 0 0 0 0 0 0 0 0 0 0 0 0 0 0 0 0 0 0 0 0 0 0 0 0 0 0 0 0 0 0 0 0 0 
0 0 0 0 0 0 0 0 0 0 0 0 0 0 0 0 0 0 0 0 0 0 0 0 0 0 0 0 0 0 0 0 0 0 0 0 0 0 0 0 0 0 0 0 0 0 0 0 0 0 0 0 0 0 0 0 0 0 0 0 0 
0 0 0 0 0 0 0 0 0 0 0 0 0 0 0 0 0 0 0 0 0 0 0 0 0 0 0 0 0 0 0 0 0 0 0 0 0 0 0 0 0 0 0 0 0 0 0 0 0 0 0 0 0 0 0 0 0 0 0 0 0 
0 0 0 0 0 0 0 0 0 0 0 0 0 0 0 0 0 0 0 0 0 0 0 0 0 0 0 0 0 0 0 0 0 0 0 0 0 0 0 0 0 0 0 0 0 0 0 0 0 0 0 0 0 0 0 0 0 0 0 0 0 
0 0 0 0 0 0 0 0 0 0 0 0 0 0 0 0 0 0 0 0 0 0 0 0 0 0 0 0 0 0 0 0 0 0 0 0 0 0 0 0 0 0 0 0 0 0 0 0 0 0 0 0 0 0 0 0 0 0 0 0 0 
0 0 0 0 0 0 0 0 0 0 0 0 0 0 0 0 0 0 0 0 0 0 0 0 0 0 0 0 0 0 0 0 0 0 0 0 0 0 0 0 0 0 0 0 0 0 0 0 0 0 0 0 0 0 0 0 0 0 0 0 0 
0 0 0 0 0 0 0 0 0 0 0 0 0 0 0 0 0 0 0 0 0 0 0 0 0 0 0 0 0 0 0 0 0 0 0 0 0 0 0 0 0 0 0 0 0 0 0 0 0 0 0 0 0 0 0 0 0 0 0 0 0 
0 0 0 0 0 0 0 0 0 0 0 0 0 0 0 0 0 0 0 0 0 0 0 0 0 0 0 0 0 0 0 0 0 0 0 0 0 0 0 0 0 0 0 0 0 0 0 0 0 0 0 0 0 0 0 0 0 0 0 0 0 
0 0 0 0 0 0 0 0 0 0 0 0 0 0 0 0 0 0 0 0 0 0 0 0 0 0 0 0 0 0 0 0 0 0 0 0 0 0 0 0 0 0 0 0 0 0 0 0 0 0 0 0 0 0 0 0 0 0 0 0 0 
0 0 0 0 0 0 0 0 0 0 0 0 0 0 0 0 0 0 0 0 0 0 0 0 0 0 0 0 0 0 0 0 0 0 0 0 0 0 0 0 0 0 0 0 0 0 0 0 0 0 0 0 0 0 0 0 0 0 0 0 0 
0 0 0 0 0 0 0 0 0 0 0 0 0 0 0 0 0 0 0 0 0 0 0 0 0 0 0 0 0 0 0 0 0 0 0 0 0 0 0 0 0 0 0 0 0 0 0 0 0 0 0 0 0 0 0 0 0 0 0 0 0 
0 0 0 0 0 0 0 0 0 0 0 0 0 0 0 0 0 0 0 0 0 0 0 0 0 0 0 0 0 0 0 0 0 0 0 0 0 0 0 0 0 0 0 0 0 0 0 0 0 0 0 0 0 0 0 0 0 0 0 0 0 
0 0 0 0 0 0 0 0 0 0 0 0 0 0 0 0 0 0 0 0 0 0 0 0 0 0 0 0 0 0 0 0 0 0 0 0 0 0 0 0 0 0 0 0 0 0 0 0 0 0 0 0 0 0 0 0 0 0 0 0 0 
0 0 0 0 0 0 0 0 0 0 0 0 0 0 0 0 0 0 0 0 0 0 0 0 0 0 0 0 0 0 0 0 0 0 0 0 0 0 0 0 0 0 0 0 0 0 0 0 0 0 0 0 0 0 0 0 0 0 0 0 0 
0 0 0 0 0 0 0 0 0 0 0 0 0 0 0 0 0 0 0 0 0 0 0 0 0 0 0 0 0 0 0 0 0 0 0 0 0 0 0 0 0 0 0 0 0 0 0 0 0 0 0 0 0 0 0 0 0 0 0 0 0 
0 0 0 0 0 0 0 0 0 0 0 0 0 0 0 0 0 0 0 0 0 0 0 0 0 0 0 0 0 0 0 0 0 0 0 0 0 0 0 0 0 0 0 0 0 0 0 0 0 0 0 0 0 0 0 0 0 0 0 0 0 
0 0 0 0 0 0 0 0 0 0 0 0 0 0 0 0 0 0 0 0 0 0 0 0 0 0 0 0 0 0 0 0 0 0 0 0 0 0 0 0 0 0 0 0 0 0 0 0 0 0 0 0 0 0 0 0 0 0 0 0 0 
0 0 0 0 0 0 0 0 0 0 0 0 0 0 0 0 0 0 0 0 0 0 0 0 0 0 0 0 0 0 0 0 0 0 0 0 0 0 0 0 0 0 0 0 0 0 0 0 0 0 0 0 0 0 0 0 0 0 0 0 0 
0 0 0 0 0 0 0 0 0 0 0 0 0 0 0 0 0 0 0 0 0 0 0 0 0 0 0 0 0 0 0 0 0 0 0 0 0 0 0 0 0 0 0 0 0 0 0 0 0 0 0 0 0 0 0 0 0 0 0 0 0 
0 0 0 0 0 0 0 0 0 0 0 0 0 0 0 0 0 0 0 0 0 0 0 0 0 0 0 0 0 0 0 0 0 0 0 0 0 0 0 0 0 0 0 0 0 0 0 0 0 0 0 0 0 0 0 0 0 0 0 0 0 
0 0 0 0 0 0 0 0 0 0 0 0 0 0 0 0 0 0 0 0 0 0 0 0 0 0 0 0 0 0 0 0 0 0 0 0 0 0 0 0 0 0 0 0 0 0 0 0 0 0 0 0 0 0 0 0 0 0 0 0 0 
0 0 0 0 0 0 0 0 0 0 0 0 0 0 0 0 0 0 0 0 0 0 0 0 0 0 0 0 0 0 0 0 0 0 0 0 0 0 0 0 0 0 0 0 0 0 0 0 0 0 0 0 0 0 0 0 0 0 0 0 0 
0 0 0 0 0 0 0 0 0 0 0 0 0 0 0 0 0 0 0 0 0 0 0 0 0 0 0 0 6.583518797302439e-19 3.806481006788644e-19 3.818174655290893e-19 3.836520504832675e-19 6.700909816040334e-19 0 0 0 0 0 0 0 0 0 0 0 0 0 0 0 0 0 0 0 0 0 0 0 0 0 0 0 0 
0 0 0 0 0 0 0 0 0 0 0 0 0 0 0 0 0 0 0 0 0 0 0 0 0 0 0 5.527123264125804e-18 1.242725477237368e-18 1.244061797056685e-18 1.243908080495191e-18 1.244061635529081e-18 1.242720499619886e-18 5.587035404171992e-18 0 0 0 0 0 0 0 0 0 0 0 0 0 0 0 0 0 0 0 0 0 0 0 0 0 0 0 
0 0 0 0 0 0 0 0 0 0 0 0 0 0 0 0 0 0 0 0 0 0 0 0 0 0 4.696477783951807e-18 1.242146816936835e-18 1.244851033228969e-18 1.244389721881924e-18 1.244389036015215e-18 1.244389722124878e-18 1.244851034319043e-18 1.2421538226018e-18 4.540275436823898e-18 0 0 0 0 0 0 0 0 0 0 0 0 0 0 0 0 0 0 0 0 0 0 0 0 0 0 
0 0 0 0 0 0 0 0 0 0 0 0 0 0 0 0 0 0 0 0 0 0 0 0 0 2.066948502693004e-18 1.242405224010602e-18 1.244850635662233e-18 1.244235558793547e-18 1.24423445134851e-18 1.244234555716896e-18 1.244234451354375e-18 1.244235557777852e-18 1.24485064399012e-18 1.2424284236227e-18 1.923399104510963e-18 0 0 0 0 0 0 0 0 0 0 0 0 0 0 0 0 0 0 0 0 0 0 0 0 0 
0 0 0 0 0 0 0 0 0 0 0 0 0 0 0 0 0 0 0 0 0 0 0 0 2.26530993993924e-19 1.243018117490298e-18 1.244851162734324e-18 1.244235541387943e-18 1.244234333895171e-18 1.244234476473164e-18 1.244234476746095e-18 1.244234476473268e-18 1.244234333893941e-18 1.244235539232246e-18 1.244851171504743e-18 1.243031585766283e-18 2.102551400092531e-19 0 0 0 0 0 0 0 0 0 0 0 0 0 0 0 0 0 0 0 0 0 0 0 0 
0 0 0 0 0 0 0 0 0 0 0 0 0 0 0 0 0 0 0 0 0 0 0 0 6.215277603884724e-20 1.244079703279564e-18 1.244389674218988e-18 1.244234450617916e-18 1.244234476475113e-18 1.244234486309717e-18 1.244234486295935e-18 1.244234486309717e-18 1.244234476475312e-18 1.244234450606569e-18 1.244389672248955e-18 1.244079947260096e-18 5.806446371905882e-20 0 0 0 0 0 0 0 0 0 0 0 0 0 0 0 0 0 0 0 0 0 0 0 0 
0 0 0 0 0 0 0 0 0 0 0 0 0 0 0 0 0 0 0 0 0 0 0 0 3.084322163887728e-20 1.243927808767897e-18 1.244389011205386e-18 1.244234554932074e-18 1.244234476747069e-18 1.244234486295957e-18 1.244234486301572e-18 1.244234486295957e-18 1.244234476747074e-18 1.244234554928625e-18 1.244389011070248e-18 1.243927895580128e-18 2.937983314724407e-20 0 0 0 0 0 0 0 0 0 0 0 0 0 0 0 0 0 0 0 0 0 0 0 0 
0 0 0 0 0 0 0 0 0 0 0 0 0 0 0 0 0 0 0 0 0 0 0 0 2.008369031828408e-20 1.244082236787812e-18 1.244389635090375e-18 1.244234450475366e-18 1.244234476483119e-18 1.244234486309751e-18 1.244234486295958e-18 1.244234486309751e-18 1.244234476483122e-18 1.244234450474183e-18 1.244389635042071e-18 1.244082265306522e-18 1.9607239991571e-20 0 0 0 0 0 0 0 0 0 0 0 0 0 0 0 0 0 0 0 0 0 0 0 0 
0 0 0 0 0 0 0 0 0 0 0 0 0 0 0 0 0 0 0 0 0 0 0 0 2.536111673767368e-20 1.243228737729612e-18 1.244851332712406e-18 1.244235464274686e-18 1.244234333834787e-18 1.244234476483138e-18 1.244234476747136e-18 1.244234476483138e-18 1.244234333834786e-18 1.244235464271015e-18 1.244851332701789e-18 1.243228776548222e-18 2.513663970878467e-20 0 0 0 0 0 0 0 0 0 0 0 0 0 0 0 0 0 0 0 0 0 0 0 0 
0 0 0 0 0 0 0 0 0 0 0 0 0 0 0 0 0 0 0 0 0 0 0 0 0 6.509255231622817e-20 1.242992120206097e-18 1.244850985441852e-18 1.244235464249943e-18 1.244234450463257e-18 1.244234554897762e-18 1.244234450463256e-18 1.244235464248537e-18 1.244850985445329e-18 1.242992143083299e-18 6.493689746071794e-20 0 0 0 0 0 0 0 0 0 0 0 0 0 0 0 0 0 0 0 0 0 0 0 0 0 
0 0 0 0 0 0 0 0 0 0 0 0 0 0 0 0 0 0 0 0 0 0 0 0 0 0 6.377156253588328e-20 1.242992321101792e-18 1.244851332604044e-18 1.24438963459189e-18 1.24438900972406e-18 1.244389634591581e-18 1.244851332604775e-18 1.242992326369861e-18 6.373524214029153e-20 0 0 0 0 0 0 0 0 0 0 0 0 0 0 0 0 0 0 0 0 0 0 0 0 0 0 
0 0 0 0 0 0 0 0 0 0 0 0 0 0 0 0 0 0 0 0 0 0 0 0 0 0 0 6.34071482882194e-20 1.243229140897587e-18 1.244082529556546e-18 1.243928736955718e-18 1.244082529567216e-18 1.243229141885512e-18 6.339927312193832e-20 0 0 0 0 0 0 0 0 0 0 0 0 0 0 0 0 0 0 0 0 0 0 0 0 0 0 0 
0 0 0 0 0 0 0 0 0 0 0 0 0 0 0 0 0 0 0 0 0 0 0 0 0 0 0 0 2.312205336084652e-20 1.519575249937071e-20 1.518817196690958e-20 1.519557621251252e-20 2.312151355867812e-20 0 0 0 0 0 0 0 0 0 0 0 0 0 0 0 0 0 0 0 0 0 0 0 0 0 0 0 0 
0 0 0 0 0 0 0 0 0 0 0 0 0 0 0 0 0 0 0 0 0 0 0 0 0 0 0 0 0 0 0 0 0 0 0 0 0 0 0 0 0 0 0 0 0 0 0 0 0 0 0 0 0 0 0 0 0 0 0 0 0 
0 0 0 0 0 0 0 0 0 0 0 0 0 0 0 0 0 0 0 0 0 0 0 0 0 0 0 0 0 0 0 0 0 0 0 0 0 0 0 0 0 0 0 0 0 0 0 0 0 0 0 0 0 0 0 0 0 0 0 0 0 
0 0 0 0 0 0 0 0 0 0 0 0 0 0 0 0 0 0 0 0 0 0 0 0 0 0 0 0 0 0 0 0 0 0 0 0 0 0 0 0 0 0 0 0 0 0 0 0 0 0 0 0 0 0 0 0 0 0 0 0 0 
0 0 0 0 0 0 0 0 0 0 0 0 0 0 0 0 0 0 0 0 0 0 0 0 0 0 0 0 0 0 0 0 0 0 0 0 0 0 0 0 0 0 0 0 0 0 0 0 0 0 0 0 0 0 0 0 0 0 0 0 0 
0 0 0 0 0 0 0 0 0 0 0 0 0 0 0 0 0 0 0 0 0 0 0 0 0 0 0 0 0 0 0 0 0 0 0 0 0 0 0 0 0 0 0 0 0 0 0 0 0 0 0 0 0 0 0 0 0 0 0 0 0 
0 0 0 0 0 0 0 0 0 0 0 0 0 0 0 0 0 0 0 0 0 0 0 0 0 0 0 0 0 0 0 0 0 0 0 0 0 0 0 0 0 0 0 0 0 0 0 0 0 0 0 0 0 0 0 0 0 0 0 0 0 
0 0 0 0 0 0 0 0 0 0 0 0 0 0 0 0 0 0 0 0 0 0 0 0 0 0 0 0 0 0 0 0 0 0 0 0 0 0 0 0 0 0 0 0 0 0 0 0 0 0 0 0 0 0 0 0 0 0 0 0 0 
0 0 0 0 0 0 0 0 0 0 0 0 0 0 0 0 0 0 0 0 0 0 0 0 0 0 0 0 0 0 0 0 0 0 0 0 0 0 0 0 0 0 0 0 0 0 0 0 0 0 0 0 0 0 0 0 0 0 0 0 0 
0 0 0 0 0 0 0 0 0 0 0 0 0 0 0 0 0 0 0 0 0 0 0 0 0 0 0 0 0 0 0 0 0 0 0 0 0 0 0 0 0 0 0 0 0 0 0 0 0 0 0 0 0 0 0 0 0 0 0 0 0 
0 0 0 0 0 0 0 0 0 0 0 0 0 0 0 0 0 0 0 0 0 0 0 0 0 0 0 0 0 0 0 0 0 0 0 0 0 0 0 0 0 0 0 0 0 0 0 0 0 0 0 0 0 0 0 0 0 0 0 0 0 
0 0 0 0 0 0 0 0 0 0 0 0 0 0 0 0 0 0 0 0 0 0 0 0 0 0 0 0 0 0 0 0 0 0 0 0 0 0 0 0 0 0 0 0 0 0 0 0 0 0 0 0 0 0 0 0 0 0 0 0 0 
0 0 0 0 0 0 0 0 0 0 0 0 0 0 0 0 0 0 0 0 0 0 0 0 0 0 0 0 0 0 0 0 0 0 0 0 0 0 0 0 0 0 0 0 0 0 0 0 0 0 0 0 0 0 0 0 0 0 0 0 0 
0 0 0 0 0 0 0 0 0 0 0 0 0 0 0 0 0 0 0 0 0 0 0 0 0 0 0 0 0 0 0 0 0 0 0 0 0 0 0 0 0 0 0 0 0 0 0 0 0 0 0 0 0 0 0 0 0 0 0 0 0 
0 0 0 0 0 0 0 0 0 0 0 0 0 0 0 0 0 0 0 0 0 0 0 0 0 0 0 0 0 0 0 0 0 0 0 0 0 0 0 0 0 0 0 0 0 0 0 0 0 0 0 0 0 0 0 0 0 0 0 0 0 
0 0 0 0 0 0 0 0 0 0 0 0 0 0 0 0 0 0 0 0 0 0 0 0 0 0 0 0 0 0 0 0 0 0 0 0 0 0 0 0 0 0 0 0 0 0 0 0 0 0 0 0 0 0 0 0 0 0 0 0 0 
0 0 0 0 0 0 0 0 0 0 0 0 0 0 0 0 0 0 0 0 0 0 0 0 0 0 0 0 0 0 0 0 0 0 0 0 0 0 0 0 0 0 0 0 0 0 0 0 0 0 0 0 0 0 0 0 0 0 0 0 0 
0 0 0 0 0 0 0 0 0 0 0 0 0 0 0 0 0 0 0 0 0 0 0 0 0 0 0 0 0 0 0 0 0 0 0 0 0 0 0 0 0 0 0 0 0 0 0 0 0 0 0 0 0 0 0 0 0 0 0 0 0 
0 0 0 0 0 0 0 0 0 0 0 0 0 0 0 0 0 0 0 0 0 0 0 0 0 0 0 0 0 0 0 0 0 0 0 0 0 0 0 0 0 0 0 0 0 0 0 0 0 0 0 0 0 0 0 0 0 0 0 0 0 
0 0 0 0 0 0 0 0 0 0 0 0 0 0 0 0 0 0 0 0 0 0 0 0 0 0 0 0 0 0 0 0 0 0 0 0 0 0 0 0 0 0 0 0 0 0 0 0 0 0 0 0 0 0 0 0 0 0 0 0 0 
0 0 0 0 0 0 0 0 0 0 0 0 0 0 0 0 0 0 0 0 0 0 0 0 0 0 0 0 0 0 0 0 0 0 0 0 0 0 0 0 0 0 0 0 0 0 0 0 0 0 0 0 0 0 0 0 0 0 0 0 0 
0 0 0 0 0 0 0 0 0 0 0 0 0 0 0 0 0 0 0 0 0 0 0 0 0 0 0 0 0 0 0 0 0 0 0 0 0 0 0 0 0 0 0 0 0 0 0 0 0 0 0 0 0 0 0 0 0 0 0 0 0 
0 0 0 0 0 0 0 0 0 0 0 0 0 0 0 0 0 0 0 0 0 0 0 0 0 0 0 0 0 0 0 0 0 0 0 0 0 0 0 0 0 0 0 0 0 0 0 0 0 0 0 0 0 0 0 0 0 0 0 0 0 
0 0 0 0 0 0 0 0 0 0 0 0 0 0 0 0 0 0 0 0 0 0 0 0 0 0 0 0 0 0 0 0 0 0 0 0 0 0 0 0 0 0 0 0 0 0 0 0 0 0 0 0 0 0 0 0 0 0 0 0 0 
0 0 0 0 0 0 0 0 0 0 0 0 0 0 0 0 0 0 0 0 0 0 0 0 0 0 0 0 0 0 0 0 0 0 0 0 0 0 0 0 0 0 0 0 0 0 0 0 0 0 0 0 0 0 0 0 0 0 0 0 0 
SCALARS M_Cr double 1
LOOKUP_TABLE default
1.088603841278845e-19 1.097308347498075e-19 1.106083708137462e-19 1.114930407379334e-19 1.123848976824172e-19 1.132839951393647e-19 1.141903869342483e-19 1.151041272270327e-19 1.160252705134071e-19 1.169538716259397e-19 1.178899857352104e-19 1.188336683510412e-19 1.197849753236224e-19 1.207439628446479e-19 1.217106874484415e-19 1.226852060130769e-19 1.236675757615411e-19 1.246578542627346e-19 1.256560994326563e-19 1.266623695354355e-19 1.27676723184364e-19 1.286992193430089e-19 1.297299173262176e-19 1.30768876801146e-19 1.318161577882729e-19 1.328718206624063e-19 1.33935926153627e-19 1.350085353483242e-19 1.360897096901071e-19 1.371795109807566e-19 1.382780013811639e-19 1.393852434121781e-19 1.405012999556048e-19 1.41626234254996e-19 1.427601099165541e-19 1.439029909099335e-19 1.450549415691517e-19 1.462160265932977e-19 1.473863110473806e-19 1.485658603630924e-19 1.497547403395579e-19 1.509530171440884e-19 1.521607573128237e-19 1.533780277515594e-19 1.546048957362836e-19 1.558414289139112e-19 1.570876953029155e-19 1.583437632938767e-19 1.596097016501704e-19 1.608855795084484e-19 1.621714663792165e-19 1.63467432147388e-19 1.647735470726895e-19 1.660898817902652e-19 1.674165073110284e-19 1.687534950220764e-19 1.701009166872042e-19 1.714588444471494e-19 1.728273508200318e-19 1.742065087015776e-19 1.755963842365085e-19 
3.851892755847268e-20 3.879931280306773e-20 3.908213472816185e-20 3.936741222130965e-20 3.965516574826839e-20 3.994541593378105e-20 4.0238183562619e-20 4.053348958069298e-20 4.083135509611324e-20 4.113180138029596e-20 4.143484986905624e-20 4.174052216370956e-20 4.204884003218423e-20 4.23598254101121e-20 4.267350040197912e-20 4.298988728221428e-20 4.330900849633486e-20 4.363088666207284e-20 4.395554457051054e-20 4.42830051872272e-20 4.461329165343236e-20 4.494642728713488e-20 4.528243558427983e-20 4.562134021992526e-20 4.596316504939671e-20 4.630793410947017e-20 4.665567161952272e-20 4.700640198274858e-20 4.736014978730796e-20 4.771693980753751e-20 4.807679700514299e-20 4.843974653037946e-20 4.880581372328529e-20 4.917502411486093e-20 4.954740342829485e-20 4.992297758018486e-20 5.030177268173692e-20 5.068381504002617e-20 5.106913115919111e-20 5.145774774169556e-20 5.184969168953898e-20 5.22449901055366e-20 5.26436702945297e-20 5.304575976466576e-20 5.345128622862338e-20 5.38602776049121e-20 5.427276201909764e-20 5.468876780509219e-20 5.510832350642377e-20 5.553145787749971e-20 5.595819988489695e-20 5.638857870864593e-20 5.682262374351837e-20 5.726036460030358e-20 5.770183110712672e-20 5.814705331071621e-20 5.859606147774647e-20 5.904888609610322e-20 5.950555787622068e-20 5.996610775236441e-20 6.043056450054673e-20 
1.642685343642433e-20 1.651232938980764e-20 1.659857382015315e-20 1.668559305637138e-20 1.677339391788767e-20 1.686198328219736e-20 1.695136808533991e-20 1.704155532236554e-20 1.713255204781205e-20 1.722436537617796e-20 1.731700248241091e-20 1.741047060238654e-20 1.750477703340284e-20 1.75999291346645e-20 1.769593432778367e-20 1.77928000972756e-20 1.78905339910654e-20 1.798914362099121e-20 1.808863666331062e-20 1.818902085922072e-20 1.829030401537047e-20 1.839249400438252e-20 1.849559876537728e-20 1.859962630450115e-20 1.870458469545778e-20 1.881048208004409e-20 1.891732666868718e-20 1.902512674099381e-20 1.913389064628702e-20 1.924362680416734e-20 1.935434370505766e-20 1.946604991076893e-20 1.957875405506005e-20 1.969246484419939e-20 1.980719105754236e-20 1.992294154810043e-20 2.003972524312046e-20 2.015755114466581e-20 2.027642833020142e-20 2.039636595318978e-20 2.051737324367523e-20 2.063945950888659e-20 2.076263413384365e-20 2.088690658195329e-20 2.101228639563123e-20 2.113878319690443e-20 2.126640668803948e-20 2.139516665216136e-20 2.152507295388039e-20 2.165613553992016e-20 2.178836443975878e-20 2.192176976626529e-20 2.205636171634421e-20 2.219215057158051e-20 2.23291466988966e-20 2.246736055120883e-20 2.260680266808339e-20 2.274748367640697e-20 2.288941429105173e-20 2.303260531555587e-20 2.317706690127721e-20 
9.783312507511332e-21 9.808602714349357e-21 9.83412439592217e-21 9.859879518207251e-21 9.885870193898864e-21 9.912098554499637e-21 9.938566750482166e-21 9.965276951452955e-21 9.992231346320043e-21 1.001943214345877e-20 1.004688157088068e-20 1.007458187640382e-20 1.010253532782342e-20 1.01307442130845e-20 1.015921084045792e-20 1.01879375387128e-20 1.021692665729695e-20 1.024618056651309e-20 1.027570165770007e-20 1.030549234341342e-20 1.03355550576093e-20 1.036589225582813e-20 1.039650641538099e-20 1.042740003553809e-20 1.045857563771521e-20 1.049003576566736e-20 1.052178298567925e-20 1.055381988675927e-20 1.05861490808349e-20 1.061877320294994e-20 1.065169491146255e-20 1.068491688824594e-20 1.071844183888927e-20 1.075227249290278e-20 1.078641160392166e-20 1.082086194991192e-20 1.085562633338118e-20 1.089070758158687e-20 1.092610854674983e-20 1.096183210626516e-20 1.099788116292071e-20 1.10342586451123e-20 1.107096750706181e-20 1.110801072904084e-20 1.114539131758985e-20 1.11831123057428e-20 1.122117675325592e-20 1.125958774683196e-20 1.129834840035144e-20 1.133746185510466e-20 1.137693128002381e-20 1.141675987191889e-20 1.145695085571537e-20 1.149750748469138e-20 1.153843304072123e-20 1.157973083451523e-20 1.162140420586721e-20 1.166345652389939e-20 1.170589118731454e-20 1.174871162463941e-20 1.179192107266178e-20 
7.832011723999174e-21 7.839374885753886e-21 7.846806082804783e-21 7.854305902343529e-21 7.861874974533904e-21 7.869513935277433e-21 7.877223426264729e-21 7.885004095027756e-21 7.892856594992026e-21 7.900781585529726e-21 7.908779732013014e-21 7.916851705868017e-21 7.924998184628813e-21 7.93321985199267e-21 7.941517397875326e-21 7.949891518466093e-21 7.958342916285117e-21 7.966872300239635e-21 7.975480385680823e-21 7.984167894462375e-21 7.992935554998251e-21 8.001784102321712e-21 8.010714278144289e-21 8.019726830916012e-21 8.028822515885364e-21 8.038002095160189e-21 8.047266337769692e-21 8.056616019725745e-21 8.066051924084819e-21 8.075574841012559e-21 8.085185567846295e-21 8.094884909159004e-21 8.104673676824722e-21 8.114552690083303e-21 8.124522775606596e-21 8.134584767563942e-21 8.144739507690715e-21 8.154987845354141e-21 8.165330637622865e-21 8.175768749335128e-21 8.186303053167339e-21 8.196934429705921e-21 8.207663767515624e-21 8.218491963212557e-21 8.229419921534486e-21 8.240448555414525e-21 8.251578786053149e-21 8.262811542992648e-21 8.274147764190806e-21 8.28558839609613e-21 8.297134393723875e-21 8.308786720731151e-21 8.320546349495178e-21 8.332414261190048e-21 8.344391445865099e-21 8.356478902524036e-21 8.368677639204766e-21 8.380988673058696e-21 8.393413030433152e-21 8.405951746951933e-21 8.418605802631342e-21 
7.266125102371676e-21 7.268250397877907e-21 7.270395430430411e-21 7.272560371822085e-21 7.27474540628941e-21 7.276950719766207e-21 7.279176499899127e-21 7.281422936063353e-21 7.283690219378378e-21 7.285978542723888e-21 7.288288100755962e-21 7.290619089923431e-21 7.292971708483944e-21 7.295346156520801e-21 7.29774263595958e-21 7.300161350584762e-21 7.302602506057062e-21 7.305066309930452e-21 7.307552971669235e-21 7.310062702665923e-21 7.312595716258427e-21 7.3151522277481e-21 7.317732454417642e-21 7.320336615549128e-21 7.322964932442349e-21 7.325617628433085e-21 7.328294928911885e-21 7.330997061342783e-21 7.333724255282014e-21 7.336476742397485e-21 7.339254756487844e-21 7.342058533501774e-21 7.344888311557831e-21 7.347744330964356e-21 7.350626834239056e-21 7.35353606612952e-21 7.356472273633464e-21 7.359435706019021e-21 7.362426614845868e-21 7.365445253985844e-21 7.36849187964396e-21 7.371566750379881e-21 7.374670127129399e-21 7.377802273225786e-21 7.380963454422089e-21 7.384153938912691e-21 7.387373997356061e-21 7.39062390289677e-21 7.393903931188355e-21 7.39721436041623e-21 7.400555471320452e-21 7.40392754721938e-21 7.407330874032883e-21 7.410765740305965e-21 7.414232437233025e-21 7.417731258681509e-21 7.42126250121664e-21 7.42482646412564e-21 7.428423449442673e-21 7.432053761973913e-21 7.435717690510823e-21 
7.1031314710569e-21 7.103742077015883e-21 7.104358368801944e-21 7.104980396127921e-21 7.105608212288056e-21 7.106241871070564e-21 7.106881426762332e-21 7.107526934153364e-21 7.108178448541588e-21 7.108836025737408e-21 7.109499722068525e-21 7.11016959438471e-21 7.110845700062556e-21 7.111528097010422e-21 7.112216843673292e-21 7.112911999037767e-21 7.113613622637001e-21 7.114321774555862e-21 7.115036515435872e-21 7.115757906480496e-21 7.116486009460184e-21 7.117220886717766e-21 7.117962601173575e-21 7.118711216330887e-21 7.11946679628125e-21 7.120229405709916e-21 7.120999109901349e-21 7.121775974744714e-21 7.122560066739471e-21 7.123351453001018e-21 7.124150201266358e-21 7.124956379899843e-21 7.125770057898937e-21 7.126591304900124e-21 7.12742019118466e-21 7.12825678768473e-21 7.129101165989204e-21 7.129953398349923e-21 7.130813557687653e-21 7.131681717598316e-21 7.132557952359234e-21 7.133442336935322e-21 7.134334946985583e-21 7.1352358588693e-21 7.136145149652704e-21 7.137062897115332e-21 7.137989179756649e-21 7.138924076802714e-21 7.139867668212864e-21 7.140820034686437e-21 7.141781257669591e-21 7.142751419362263e-21 7.14373060272502e-21 7.144718891486097e-21 7.145716370148496e-21 7.146723123997095e-21 7.147739239105832e-21 7.148764802345045e-21 7.149799901388716e-21 7.150844624721889e-21 7.151899056234359e-21 
7.056355429443346e-21 7.056530424225974e-21 7.056707050866489e-21 7.056885323666904e-21 7.057065257956587e-21 7.057246869207457e-21 7.057430173035354e-21 7.05761518520133e-21 7.057801921613017e-21 7.057990398325986e-21 7.058180631545114e-21 7.058372637625979e-21 7.058566433076259e-21 7.058762034557125e-21 7.0589594588847e-21 7.059158723031447e-21 7.059359844127677e-21 7.059562839462978e-21 7.059767726487696e-21 7.059974522814428e-21 7.060183246219546e-21 7.060393914644692e-21 7.060606546198322e-21 7.060821159157255e-21 7.061037771968231e-21 7.061256403249498e-21 7.061477071792391e-21 7.061699796562927e-21 7.061924596703469e-21 7.062151491534311e-21 7.062380500555351e-21 7.062611643447774e-21 7.062844940075702e-21 7.063080410487913e-21 7.06331807491954e-21 7.063557953793807e-21 7.063800067723776e-21 7.064044437514103e-21 7.06429108416281e-21 7.064540028863091e-21 7.064791293005111e-21 7.065044898177842e-21 7.065300866170888e-21 7.065559218976375e-21 7.065819978790799e-21 7.066083168016937e-21 7.066348809265774e-21 7.066616925358383e-21 7.066887539327942e-21 7.067160674421636e-21 7.067436354102689e-21 7.067714602052338e-21 7.06799544217186e-21 7.06827889858463e-21 7.068564995638149e-21 7.06885375790614e-21 7.069145210190656e-21 7.069439377524164e-21 7.069736285171717e-21 7.070035958633062e-21 7.070338422091887e-21 
7.04295785840247e-21 7.043007943978223e-21 7.04305849697002e-21 7.043109521479649e-21 7.043161021903085e-21 7.043213002677257e-21 7.043265468280434e-21 7.04331842323261e-21 7.043371872095883e-21 7.043425819474858e-21 7.043480270017037e-21 7.043535228413214e-21 7.043590699397895e-21 7.043646687749683e-21 7.043703198291698e-21 7.043760235891997e-21 7.043817805463986e-21 7.043875911966839e-21 7.043934560405928e-21 7.043993755833257e-21 7.044053503347886e-21 7.044113808096381e-21 7.044174675273242e-21 7.044236110121361e-21 7.044298117932464e-21 7.044360704047574e-21 7.044423873857461e-21 7.044487632803113e-21 7.044551986376192e-21 7.044616940119514e-21 7.044682499627534e-21 7.044748670546797e-21 7.044815458576459e-21 7.044882869468747e-21 7.044950909029469e-21 7.045019583118511e-21 7.045088897650331e-21 7.045158858594475e-21 7.045229471976095e-21 7.045300743876441e-21 7.045372680433419e-21 7.045445287842088e-21 7.045518572355207e-21 7.045592540283767e-21 7.045667197997538e-21 7.0457425519256e-21 7.045818608556919e-21 7.045895374440881e-21 7.045972856187872e-21 7.046051060469831e-21 7.046129994020828e-21 7.046209663637649e-21 7.046290076180367e-21 7.046371238572944e-21 7.046453157803807e-21 7.046535840926467e-21 7.046619295060111e-21 7.046703527390221e-21 7.046788545169181e-21 7.04687435571691e-21 7.046960965976785e-21 
7.03912454935612e-21 7.039138874267512e-21 7.039153332918877e-21 7.039167926484644e-21 7.039182656223401e-21 7.039197523405485e-21 7.039212529313064e-21 7.039227675240275e-21 7.039242962493319e-21 7.039258392390577e-21 7.039273966262722e-21 7.03928968545284e-21 7.039305551316539e-21 7.039321565222075e-21 7.039337728550448e-21 7.039354042695551e-21 7.039370509064265e-21 7.039387129076599e-21 7.039403904165794e-21 7.03942083577846e-21 7.039437925374699e-21 7.039455174428223e-21 7.039472584426491e-21 7.039490156870824e-21 7.039507893276551e-21 7.039525795173126e-21 7.039543864104266e-21 7.039562101628079e-21 7.039580509317207e-21 7.039599088758949e-21 7.039617841555409e-21 7.039636769323629e-21 7.03965587369573e-21 7.039675156319045e-21 7.039694618856269e-21 7.039714262985607e-21 7.039734090400903e-21 7.039754102811794e-21 7.039774301943867e-21 7.039794689538784e-21 7.039815267354458e-21 7.039836037165187e-21 7.03985700076181e-21 7.039878159951866e-21 7.039899516559745e-21 7.039921072426847e-21 7.039942829411744e-21 7.039964789390326e-21 7.039986954255983e-21 7.04000932591975e-21 7.040031906310486e-21 7.040054697375026e-21 7.040077701078357e-21 7.040100919403792e-21 7.040124354353124e-21 7.040148007946814e-21 7.040171882224162e-21 7.040195979243472e-21 7.040220301082247e-21 7.040244849837348e-21 7.040269627497968e-21 
7.038028381947976e-21 7.038032477476613e-21 7.038036611250231e-21 7.038040783604802e-21 7.038044994900356e-21 7.038049245500292e-21 7.038053535771387e-21 7.038057866083853e-21 7.038062236811346e-21 7.038066648331015e-21 7.038071101023525e-21 7.03807559527309e-21 7.038080131467512e-21 7.038084709998213e-21 7.038089331260264e-21 7.03809399565242e-21 7.038098703577159e-21 7.038103455440716e-21 7.038108251653112e-21 7.038113092628197e-21 7.038117978783677e-21 7.038122910541162e-21 7.03812788832619e-21 7.038132912568273e-21 7.038137983700927e-21 7.038143102161713e-21 7.038148268392275e-21 7.038153482838378e-21 7.038158745949946e-21 7.038164058181099e-21 7.038169419990196e-21 7.038174831839866e-21 7.038180294197062e-21 7.038185807533091e-21 7.038191372323655e-21 7.038196989048895e-21 7.038202658193431e-21 7.038208380246403e-21 7.038214155701521e-21 7.03821998505709e-21 7.038225868816075e-21 7.038231807486124e-21 7.038237801579622e-21 7.038243851613746e-21 7.03824995811048e-21 7.038256121596689e-21 7.038262342604152e-21 7.038268621669607e-21 7.038274959334797e-21 7.038281356146523e-21 7.038287812656684e-21 7.03829432942233e-21 7.038300907005709e-21 7.038307545974307e-21 7.038314246900913e-21 7.038321010363651e-21 7.038327836946047e-21 7.03833472723706e-21 7.038341681831153e-21 7.038348701328329e-21 7.038355786297812e-21 
7.038410221290148e-21 7.038417632216946e-21 7.038425110101369e-21 7.03843265551006e-21 7.038440269052645e-21 7.038447951344262e-21 7.038455703005587e-21 7.038463524662908e-21 7.038471416948163e-21 7.038479380498992e-21 7.038487415958795e-21 7.038495523976774e-21 7.038503705207992e-21 7.038511960313427e-21 7.038520289960018e-21 7.038528694820731e-21 7.038537175574595e-21 7.038545732906778e-21 7.038554367508625e-21 7.038563080077726e-21 7.038571871317964e-21 7.038580741939571e-21 7.038589692659199e-21 7.038598724199958e-21 7.038607837291493e-21 7.038617032670026e-21 7.038626311078429e-21 7.038635673266276e-21 7.038645119989908e-21 7.038654652012493e-21 7.038664270104081e-21 7.038673975041678e-21 7.038683767609298e-21 7.038693648598034e-21 7.038703618806117e-21 7.038713679038981e-21 7.03872383010933e-21 7.038734072837206e-21 7.038744408050047e-21 7.038754836582755e-21 7.038765359277776e-21 7.038775976985154e-21 7.038786690562603e-21 7.038797500875582e-21 7.038808408797353e-21 7.038819415209066e-21 7.038830520999822e-21 7.038841727066741e-21 7.038853034315041e-21 7.038864443658114e-21 7.038875956017586e-21 7.038887572323408e-21 7.038899293513918e-21 7.038911120535924e-21 7.03892305434478e-21 7.038935095904453e-21 7.038947246187621e-21 7.038959506175729e-21 7.038971876859086e-21 7.038984359236932e-21 7.038996954252873e-21 
7.040460020686464e-21 7.040485937912905e-21 7.040512089230856e-21 7.040538476620368e-21 7.040565102211794e-21 7.040591968154703e-21 7.040619076618058e-21 7.040646429790377e-21 7.040674029879924e-21 7.040701879114876e-21 7.040729979743508e-21 7.040758334034378e-21 7.040786944276497e-21 7.040815812779524e-21 7.040844941873954e-21 7.040874333911296e-21 7.04090399126427e-21 7.040933916326989e-21 7.040964111515171e-21 7.040994579266311e-21 7.041025322039889e-21 7.04105634231757e-21 7.041087642603396e-21 7.041119225423998e-21 7.041151093328786e-21 7.041183248890168e-21 7.041215694703749e-21 7.04124843338854e-21 7.041281467587175e-21 7.041314799966119e-21 7.041348433215879e-21 7.041382370051232e-21 7.041416613211437e-21 7.041451165460445e-21 7.041486029587147e-21 7.041521208405569e-21 7.04155670475513e-21 7.041592521500837e-21 7.041628661533545e-21 7.04166512777017e-21 7.041701923153937e-21 7.041739050654606e-21 7.04177651326872e-21 7.041814314019843e-21 7.041852455958801e-21 7.041890942163926e-21 7.041929775741319e-21 7.041968959825079e-21 7.042008497577569e-21 7.042048392189662e-21 7.042088646881008e-21 7.042129264900286e-21 7.042170249525466e-21 7.042211604064075e-21 7.042253331853462e-21 7.042295436261067e-21 7.042337920684693e-21 7.042380788552775e-21 7.042424043324662e-21 7.042467688490894e-21 7.042511727347413e-21 
7.047626492679715e-21 7.047717082633228e-21 7.047808490360775e-21 7.047900722772956e-21 7.047993787305572e-21 7.048087691461395e-21 7.048182442810789e-21 7.048278048992314e-21 7.048374517713331e-21 7.048471856750637e-21 7.048570073951068e-21 7.048669177232148e-21 7.048769174582718e-21 7.048870074063573e-21 7.048971883808117e-21 7.049074612023009e-21 7.049178266988831e-21 7.049282857060739e-21 7.049388390669144e-21 7.049494876320396e-21 7.049602322597444e-21 7.049710738160543e-21 7.049820131747948e-21 7.049930512176608e-21 7.05004188834288e-21 7.05015426922324e-21 7.050267663875004e-21 7.050382081437055e-21 7.050497531130572e-21 7.050614022259786e-21 7.050731564212706e-21 7.050850166461882e-21 7.050969838565165e-21 7.051090590166479e-21 7.051212430996583e-21 7.051335370873859e-21 7.051459419705102e-21 7.05158458748631e-21 7.051710884303485e-21 7.051838320333451e-21 7.051966905844657e-21 7.052096651198015e-21 7.052227566847718e-21 7.052359663342088e-21 7.052492951324413e-21 7.052627441533818e-21 7.052763144806102e-21 7.052900072074625e-21 7.053038234371185e-21 7.053177642826885e-21 7.053318308673049e-21 7.053460243242096e-21 7.05360345796849e-21 7.053747964389609e-21 7.053893774146694e-21 7.054040898985789e-21 7.054189350758672e-21 7.0543391414238e-21 7.05449028304728e-21 7.054642787803833e-21 7.054796667187853e-21 
7.07266258207357e-21 7.072978919083139e-21 7.073298108732344e-21 7.073620175085054e-21 7.07394514403792e-21 7.074273041720328e-21 7.074603894496474e-21 7.074937728967464e-21 7.075274571973444e-21 7.075614450595746e-21 7.075957392159036e-21 7.076303424233512e-21 7.076652574637075e-21 7.077004871437593e-21 7.077360342955103e-21 7.077719017764082e-21 7.078080924695735e-21 7.078446092840285e-21 7.078814551549297e-21 7.079186330438024e-21 7.079561459387767e-21 7.079939968548236e-21 7.080321888340002e-21 7.080707249456884e-21 7.081096082868402e-21 7.081488419822254e-21 7.081884291846828e-21 7.082283730753673e-21 7.082686768640052e-21 7.083093437891524e-21 7.083503771184491e-21 7.083917801488828e-21 7.084335562070498e-21 7.084757086494204e-21 7.085182408626069e-21 7.085611562636337e-21 7.086044583002078e-21 7.086481504509951e-21 7.08692236225898e-21 7.087367191663348e-21 7.087816028455193e-21 7.088268908687479e-21 7.088725868736877e-21 7.089186945306633e-21 7.08965217542951e-21 7.090121596470736e-21 7.090595246130975e-21 7.091073162449327e-21 7.091555383806348e-21 7.092041948927154e-21 7.092532896884424e-21 7.09302826710158e-21 7.09352809935588e-21 7.094032433781623e-21 7.094541310873297e-21 7.095054771488844e-21 7.095572856852888e-21 7.096095608560012e-21 7.09662306857809e-21 7.097155279251599e-21 7.097692280548419e-21 
7.160001076992568e-21 7.16110371210641e-21 7.162216270935942e-21 7.163338836918292e-21 7.16447149987155e-21 7.16561435041732e-21 7.166767479987945e-21 7.167930980833628e-21 7.169104946029724e-21 7.170289469484223e-21 7.171484645944939e-21 7.172690571007132e-21 7.173907341121017e-21 7.17513505359939e-21 7.176373806625177e-21 7.177623699259438e-21 7.178884831448856e-21 7.18015730403389e-21 7.181441218756519e-21 7.182736678268435e-21 7.184043786139027e-21 7.185362646863533e-21 7.186693365871307e-21 7.188036049534157e-21 7.189390805174695e-21 7.190757741074733e-21 7.192136966483896e-21 7.19352859162818e-21 7.194932727718669e-21 7.196349486960215e-21 7.19777898256036e-21 7.199221328738182e-21 7.20067664073328e-21 7.202145034814892e-21 7.203626628291047e-21 7.205121539517714e-21 7.206629887908164e-21 7.208151793942347e-21 7.209687379176444e-21 7.211236766252239e-21 7.212800078907004e-21 7.214377441982995e-21 7.215968981437385e-21 7.21757482435221e-21 7.219195098944257e-21 7.220829934575091e-21 7.222479461761421e-21 7.224143812185116e-21 7.225823118703714e-21 7.227517515360783e-21 7.229227137396446e-21 7.230952121258019e-21 7.232692604610699e-21 7.234448726348398e-21 7.236220626604576e-21 7.238008446763343e-21 7.239812329470464e-21 7.241632418644539e-21 7.24346885948838e-21 7.245321798500252e-21 7.247191373888625e-21 
7.463867513125162e-21 7.467697882793314e-21 7.471562598954511e-21 7.47546194860228e-21 7.479396240848481e-21 7.483365787546668e-21 7.487370903316588e-21 7.491411905568284e-21 7.49548911452657e-21 7.499602853255924e-21 7.503753447685172e-21 7.507941226632749e-21 7.512166521832263e-21 7.516429667957781e-21 7.520731002649869e-21 7.525070866541443e-21 7.529449603284205e-21 7.533867559574982e-21 7.53832508518252e-21 7.542822532974475e-21 7.547360258944425e-21 7.551938622239403e-21 7.556557985187633e-21 7.561218713326154e-21 7.565921175429204e-21 7.570665743536551e-21 7.575452792981816e-21 7.580282702421897e-21 7.585155853865528e-21 7.590072632702926e-21 7.595033427735376e-21 7.600038631205044e-21 7.605088638825076e-21 7.610183849810146e-21 7.615324666907e-21 7.620511496425201e-21 7.625744748268644e-21 7.631024835966767e-21 7.636352176706429e-21 7.641727191363687e-21 7.647150304535995e-21 7.652621944575416e-21 7.658142543620498e-21 7.663712537630094e-21 7.669332366416297e-21 7.675002473678401e-21 7.680723307036893e-21 7.686495318067303e-21 7.692318962335157e-21 7.698194699430876e-21 7.704122993004398e-21 7.710104310801213e-21 7.716139124697769e-21 7.72222791073769e-21 7.728371149167859e-21 7.7345693244755e-21 7.740822925424979e-21 7.747132445094916e-21 7.753498380916214e-21 7.759921234709494e-21 7.766401479460512e-21 
8.515804306095463e-21 8.529026365728517e-21 8.542366169020699e-21 8.55582468835315e-21 8.569402972149755e-21 8.583102077983876e-21 8.596923072657726e-21 8.610867032281626e-21 8.624935042352513e-21 8.639128197834797e-21 8.653447603242241e-21 8.667894372718351e-21 8.682469630119517e-21 8.69717450909812e-21 8.71201015318545e-21 8.726977715877258e-21 8.742078360718676e-21 8.757313261389202e-21 8.772683601789899e-21 8.788190576130967e-21 8.803835389019355e-21 8.819619255546857e-21 8.835543401381228e-21 8.851609062854817e-21 8.86781748705608e-21 8.884169931921309e-21 8.900667666326851e-21 8.917311970183084e-21 8.934104134527404e-21 8.95104546161876e-21 8.968137265035208e-21 8.985380869767321e-21 9.00277761231791e-21 9.020328840797947e-21 9.038035915026925e-21 9.055900206631214e-21 9.073923099144336e-21 9.0921059881094e-21 9.11045028117945e-21 9.128957398221545e-21 9.147628771420378e-21 9.166465845381107e-21 9.185470077237287e-21 9.204642936755153e-21 9.223985906441527e-21 9.243500481651825e-21 9.263188170698498e-21 9.283050494961369e-21 9.303088988997355e-21 9.323305200653053e-21 9.34370069117702e-21 9.364277035332161e-21 9.385035821510878e-21 9.405978651850624e-21 9.427107142349591e-21 9.448422922982645e-21 9.469927637822118e-21 9.491622945154093e-21 9.513510517600267e-21 9.535592042237355e-21 9.557869106377428e-21 
1.212367197241274e-20 1.216877746054581e-20 1.221427942596674e-20 1.226018107064022e-20 1.230648585402906e-20 1.235319726485512e-20 1.240031882133263e-20 1.244785407141465e-20 1.249580659302948e-20 1.254417999432801e-20 1.259297791392703e-20 1.264220402115678e-20 1.269186201631198e-20 1.274195563090066e-20 1.27924886279008e-20 1.284346480201029e-20 1.289488797990912e-20 1.294676202051343e-20 1.299909081524004e-20 1.305187828826855e-20 1.310512839680411e-20 1.315884513134654e-20 1.321303251595615e-20 1.326769460852993e-20 1.33228355010669e-20 1.337845931995105e-20 1.343457022622029e-20 1.349117241585224e-20 1.354827012004053e-20 1.36058676054811e-20 1.366396917465552e-20 1.372257916611916e-20 1.378170195479008e-20 1.384134195224221e-20 1.390150360699688e-20 1.396219140482246e-20 1.402340986902729e-20 1.408516356076562e-20 1.414745707933654e-20 1.421029506249021e-20 1.42736821867347e-20 1.433762316764567e-20 1.440212276017784e-20 1.44671857589778e-20 1.453281699870337e-20 1.459902135433851e-20 1.466580374151554e-20 1.473316911683971e-20 1.480112247821326e-20 1.486966886516459e-20 1.493881335917631e-20 1.500856108401904e-20 1.50789172060904e-20 1.514988693474572e-20 1.522147552264345e-20 1.529368826608371e-20 1.536653050535922e-20 1.544000762509443e-20 1.551412505460303e-20 1.558888826823538e-20 1.56643023986906e-20 
2.428524330702287e-20 2.443577398166878e-20 2.458759567302159e-20 2.474071836536172e-20 2.489515289095407e-20 2.50509101680683e-20 2.520800120159399e-20 2.536643708367521e-20 2.552622899435515e-20 2.568738820219638e-20 2.584992606494263e-20 2.601385403014628e-20 2.617918363583755e-20 2.634592651115918e-20 2.65140943770433e-20 2.668369904685547e-20 2.685475242707781e-20 2.702726651796104e-20 2.720125341421648e-20 2.737672530567532e-20 2.755369447798852e-20 2.773217331329425e-20 2.791217429092352e-20 2.809370998808709e-20 2.827679308056586e-20 2.846143634342909e-20 2.864765265172196e-20 2.883545498118856e-20 2.902485640890615e-20 2.921587011430288e-20 2.940850937943704e-20 2.96027875900017e-20 2.979871823601093e-20 2.999631491258582e-20 3.019559132038623e-20 3.039656126682504e-20 3.059923866651969e-20 3.080363754209157e-20 3.100977202493297e-20 3.121765635597759e-20 3.142730488644067e-20 3.163873207861019e-20 3.185195250659908e-20 3.20669808571324e-20 3.228383193031928e-20 3.250252064045269e-20 3.272306201677508e-20 3.294547120428764e-20 3.316976346453912e-20 3.33959541764323e-20 3.362405883702265e-20 3.385409306233374e-20 3.408607258816541e-20 3.432001327091657e-20 3.45559310884016e-20 3.479384214067784e-20 3.503376265088309e-20 3.527570896606351e-20 3.551969755800471e-20 3.576574502409403e-20 3.601386681495187e-20 
6.39876532066804e-20 6.447002502568079e-20 6.495634396480147e-20 6.544663800122594e-20 6.594093776727706e-20 6.643927410716724e-20 6.694167807814761e-20 6.744818095164112e-20 6.795881421442465e-20 6.847360956974165e-20 6.899259893849484e-20 6.951581446039201e-20 7.004328849508594e-20 7.057505362336277e-20 7.111114264827357e-20 7.165158859632282e-20 7.219642471861876e-20 7.274568449203539e-20 7.329940162038743e-20 7.385761003559061e-20 7.442034389881973e-20 7.498763760170677e-20 7.555952576746647e-20 7.613604325211177e-20 7.671722514558224e-20 7.730310677298056e-20 7.789372369523564e-20 7.848911170244052e-20 7.908930687789379e-20 7.969434542887995e-20 8.030426391274492e-20 8.091909908412134e-20 8.153888795306833e-20 8.21636677231434e-20 8.27934759675244e-20 8.342835037487968e-20 8.406832894369094e-20 8.471344991220817e-20 8.536375176841404e-20 8.601927325183873e-20 8.668005335464388e-20 8.734613132281388e-20 8.80175466572904e-20 8.869433911514313e-20 8.937654871072633e-20 9.00642157168497e-20 9.075738066591002e-20 9.14560843510434e-20 9.216036782729087e-20 9.287027241274155e-20 9.358583968964983e-20 9.430711150562863e-20 9.503412997473462e-20 9.576693747865054e-20 9.650557666778975e-20 9.725009046241397e-20 9.800052205381224e-20 9.875691490536994e-20 9.951931275370871e-20 1.002877596097984e-19 1.010622957869927e-19 
1.862090295450422e-19 1.876438288172502e-19 1.890893388469628e-19 1.905456223217958e-19 1.920127495361342e-19 1.934907911170168e-19 1.949798180239438e-19 1.964799015488177e-19 1.979911133157979e-19 1.995135252810662e-19 2.010472097326717e-19 2.025922392903146e-19 2.041486869050284e-19 2.057166258588819e-19 2.072961297647069e-19 2.08887272565741e-19 2.104901285351653e-19 2.121047722757865e-19 2.137312787194812e-19 2.153697231268136e-19 2.170201810864183e-19 2.18682728514547e-19 2.203574416543818e-19 2.220443970755558e-19 2.237436716745425e-19 2.254553426535506e-19 2.271794871461423e-19 2.289161864462971e-19 2.30665558374249e-19 2.324275961123124e-19 2.342024194957771e-19 2.359901097310198e-19 2.377907440698335e-19 2.396043563752834e-19 2.414311201709993e-19 2.432710737036183e-19 2.451242937734761e-19 2.469908619116334e-19 2.48870859506175e-19 2.507643682324898e-19 2.526714700774656e-19 2.545922473367834e-19 2.565267826135302e-19 2.584751588167309e-19 2.604374591599303e-19 2.624137671595995e-19 2.644041666337603e-19 2.66408741700252e-19 2.68427576775119e-19 2.70460756570911e-19 2.725083660950619e-19 2.74570490647892e-19 2.766472158209805e-19 2.787386274951437e-19 2.808448118386573e-19 2.829658553050381e-19 2.851018446312358e-19 2.87252866835414e-19 2.894190092148757e-19 2.916003593438112e-19 2.937969938099982e-19 
5.246274037746878e-19 5.283572750604077e-19 5.321101900671957e-19 5.358862263888066e-19 5.396854803914241e-19 5.435080482793632e-19 5.473540260865683e-19 5.512235096675324e-19 5.551165946885531e-19 5.59033376618524e-19 5.629739507200205e-19 5.669384120399655e-19 5.709268554003266e-19 5.749393753886692e-19 5.789760663487108e-19 5.830370223707887e-19 5.871223372819388e-19 5.912321046363539e-19 5.953664177052192e-19 5.995253694670213e-19 6.03709052597111e-19 6.079175594578281e-19 6.121509820886595e-19 6.164094122133868e-19 6.206929408362358e-19 6.250016507230401e-19 6.293357262779498e-19 6.33696876244008e-19 6.380768300717708e-19 6.42488259870282e-19 6.469242725608372e-19 6.513859591676804e-19 6.558723264100103e-19 6.603910582560849e-19 6.649285749476761e-19 6.694940240797245e-19 6.740857354697593e-19 6.787036871176374e-19 6.833479739767481e-19 6.880186813543642e-19 6.927158935721476e-19 6.974396944362384e-19 7.021901672038828e-19 7.069673945700525e-19 7.117714586548155e-19 7.166024409910614e-19 7.214604225116085e-19 7.26345483536649e-19 7.312577037608089e-19 7.361971622404217e-19 7.411639373801136e-19 7.461581069199908e-19 7.51179747922294e-19 7.562289367581498e-19 7.613057490941194e-19 7.664102598788337e-19 7.715425433291546e-19 7.767026729165725e-19 7.818907213537848e-19 7.871067605802119e-19 7.92350834893031e-19 
1.30176980851031e-18 1.309400253734691e-18 1.317060510726097e-18 1.324750492691724e-18 1.332470149460263e-18 1.340219428691823e-18 1.34799827586126e-18 1.355806634241626e-18 1.363644444886743e-18 1.371511646616446e-18 1.379408175998887e-18 1.387333967334706e-18 1.395288952641135e-18 1.403273061635014e-18 1.411286221717613e-18 1.419328357958206e-18 1.427399393078526e-18 1.435499247437037e-18 1.443627839012645e-18 1.451785083390049e-18 1.459970893743269e-18 1.468185180826421e-18 1.476427853071931e-18 1.484698813439565e-18 1.492997896939444e-18 1.501325994854303e-18 1.50970216256471e-18 1.517976253176403e-18 1.524541279655212e-18 1.532902644798467e-18 1.54135520825519e-18 1.549823335082455e-18 1.558385978508838e-18 1.568848155684245e-18 1.577540769866818e-18 1.58612023840215e-18 1.594748321648367e-18 1.603404145146161e-18 1.612086462283205e-18 1.620795214933351e-18 1.629530268412564e-18 1.638291481799283e-18 1.647078711597164e-18 1.65589181158882e-18 1.664730632817789e-18 1.673595023576687e-18 1.682484829396398e-18 1.691399893034683e-18 1.700340054465329e-18 1.709305150867316e-18 1.718295016614412e-18 1.727309483264865e-18 1.736348379550947e-18 1.745411531370122e-18 1.754498761774041e-18 1.763609890960694e-18 1.772744736264102e-18 1.78190311214625e-18 1.791084830187835e-18 1.800289699080125e-18 1.809517477447773e-18 
2.592254532942207e-18 2.602427106186384e-18 2.612597089968914e-18 2.622764004529308e-18 2.632927419618631e-18 2.643086902700699e-18 2.653242018978744e-18 2.663392331421076e-18 2.673537400787542e-18 2.683676785657613e-18 2.693810042457257e-18 2.703936725487234e-18 2.714056386951926e-18 2.724168576988431e-18 2.734272843695997e-18 2.744368733165722e-18 2.754455789512082e-18 2.76453355490239e-18 2.774601569588985e-18 2.78465937194153e-18 2.794706498489752e-18 2.804742484247016e-18 2.814766853539804e-18 2.824778920634218e-18 2.834782022841624e-18 2.844857180800959e-18 2.854192048128478e-18 2.849252189277608e-18 2.890142400582748e-18 2.893319316910201e-18 2.903175662641563e-18 2.91326036204814e-18 2.93021980271943e-18 2.908172013698982e-18 2.93340614723624e-18 2.943908433994076e-18 2.953627082410356e-18 2.963416602919238e-18 2.973190653940713e-18 2.982944676999693e-18 2.992678410719148e-18 3.002391370301037e-18 3.012083060280101e-18 3.021752984530451e-18 3.031400645995428e-18 3.041025546715869e-18 3.050627187875041e-18 3.060205069841207e-18 3.069758692212458e-18 3.079287553860468e-18 3.08879115297545e-18 3.09826898711133e-18 3.10772055323074e-18 3.117145347750972e-18 3.126542866590811e-18 3.135912605215282e-18 3.145254058683788e-18 3.154566721696641e-18 3.163850088642693e-18 3.173103653646125e-18 3.182326863631827e-18 
3.774633769089272e-18 3.779848269218226e-18 3.784995418501717e-18 3.790074843940849e-18 3.795086203333544e-18 3.80002915856696e-18 3.804903375663568e-18 3.809708524819688e-18 3.814444280451835e-18 3.819110321235845e-18 3.823706330149496e-18 3.828231994513147e-18 3.832687006030652e-18 3.837071060828011e-18 3.841383859493727e-18 3.845625107118383e-18 3.849794513330403e-18 3.853891792337017e-18 3.857916662959568e-18 3.861868848679161e-18 3.865748077911459e-18 3.869554075621125e-18 3.873286346151129e-18 3.876949356657115e-18 3.880666675301869e-18 3.883004600176058e-18 3.854690818973695e-18 3.95836039848213e-18 1.259285244438402e-21 1.263076447888665e-21 1.263074751522249e-21 1.263068170877194e-21 1.259245933904917e-21 3.977701027919318e-18 3.879241002653898e-18 3.913974861177779e-18 3.917826210437578e-18 3.920296484524972e-18 3.92281739780302e-18 3.925265520784423e-18 3.927636049927145e-18 3.929929046962463e-18 3.932144358729663e-18 3.934281829564911e-18 3.936341309410954e-18 3.938322653610906e-18 3.940225722919455e-18 3.94205038352069e-18 3.943796507045653e-18 3.945463970593133e-18 3.947052656742142e-18 3.948562453569855e-18 3.94999325466564e-18 3.951344959146593e-18 3.952617471671003e-18 3.953810702451007e-18 3.954924567264227e-18 3.955958987464549e-18 3.956913889995715e-18 3.957789207396845e-18 3.958584873963034e-18 
3.772721726886453e-18 3.767415924217349e-18 3.762043551238469e-18 3.756604994374637e-18 3.751100617008934e-18 3.745530786330084e-18 3.739895873285039e-18 3.734196252533617e-18 3.728432302399478e-18 3.72260440482519e-18 3.716712945321992e-18 3.710758312924361e-18 3.704740900139418e-18 3.698661102899068e-18 3.692519320511208e-18 3.686315955610782e-18 3.680051414108354e-18 3.673726105142629e-18 3.667340441029231e-18 3.660894837265273e-18 3.654389710536997e-18 3.647825409250372e-18 3.641203983610097e-18 3.634587781519805e-18 3.627176228074698e-18 3.594428872876595e-18 3.674826569311257e-18 1.258100278170473e-21 1.264284658868296e-21 1.264283130519994e-21 1.264283124001201e-21 1.264283130502452e-21 1.264284658813444e-21 1.258131275635511e-21 3.616276900282779e-18 3.524484425628639e-18 3.542004781777553e-18 3.535175779870798e-18 3.527614716640248e-18 3.520060634568887e-18 3.512457319019572e-18 3.504803825042195e-18 3.497100688788823e-18 3.489348386585382e-18 3.481547395025294e-18 3.473698192500509e-18 3.465801259104251e-18 3.457857076576194e-18 3.44986612824925e-18 3.441828898994186e-18 3.433745875167547e-18 3.425617544556568e-18 3.417444396326642e-18 3.409226920965738e-18 3.400965610232815e-18 3.392660957103302e-18 3.384313455715127e-18 3.375923601316327e-18 3.367491890211289e-18 3.359018819707674e-18 3.350504931550239e-18 
2.588556342007868e-18 2.578380852834512e-18 2.568203672530954e-18 2.558025273007329e-18 2.547846071826364e-18 2.537666484111111e-18 2.527486922522173e-18 2.517307797235997e-18 2.507129515923712e-18 2.496952483730332e-18 2.486777103253302e-18 2.476603774524131e-18 2.466432894987743e-18 2.45626485948363e-18 2.446100060227961e-18 2.435938886794458e-18 2.425781726097935e-18 2.415628962376047e-18 2.405480977176074e-18 2.395338149247993e-18 2.38520084900187e-18 2.375069583666306e-18 2.364953812198459e-18 2.354723272616155e-18 2.336166789745667e-18 2.361675148301985e-18 1.259366715406641e-21 1.264284656186e-21 1.264282606471568e-21 1.26428259649862e-21 1.26428259650239e-21 1.264282596502538e-21 1.264282606399395e-21 1.264284657096386e-21 1.259495006016038e-21 2.258936847022472e-18 2.216335615180779e-18 2.213977919552948e-18 2.204095673087149e-18 2.194123528594413e-18 2.184171476214454e-18 2.174232300168319e-18 2.164306211962283e-18 2.154393525961568e-18 2.144494549358866e-18 2.134609586312599e-18 2.124738938002937e-18 2.114882902625616e-18 2.105041775388645e-18 2.095215848508584e-18 2.085405411208246e-18 2.075610749713053e-18 2.065832147250104e-18 2.056069884045273e-18 2.046324237322592e-18 2.036595481302314e-18 2.026883887201381e-18 2.017189723232154e-18 2.00751325460287e-18 1.997854743517805e-18 1.988214498226278e-18 
1.299003611685729e-18 1.291413834830908e-18 1.283853897172038e-18 1.276323878445935e-18 1.26882381747836e-18 1.261353751033461e-18 1.253913713830899e-18 1.246503738563259e-18 1.239123855912463e-18 1.2317740945672e-18 1.224454481240274e-18 1.217165040685769e-18 1.209905795716101e-18 1.202676767219392e-18 1.19547797417673e-18 1.188309433679146e-18 1.181171160945818e-18 1.17406316933997e-18 1.166985470386648e-18 1.159938073706467e-18 1.152920989204884e-18 1.145934527812629e-18 1.138974119540201e-18 1.131310233377509e-18 1.12812730143493e-18 1.261639007550018e-21 1.264284677419174e-21 1.264282604744479e-21 1.264282595935978e-21 1.264282595939747e-21 1.264282595939746e-21 1.264282595939747e-21 1.264282595935976e-21 1.264282604543985e-21 1.26428467890323e-21 1.26177158009469e-21 1.047343188552087e-18 1.037638598300415e-18 1.031792361338641e-18 1.025353430723145e-18 1.018941354906019e-18 1.012559598729473e-18 1.006207906723131e-18 9.99886248756416e-19 9.935945946842493e-19 9.873329129320129e-19 9.811011705675159e-19 9.74899333316637e-19 9.687273655810692e-19 9.625852304541213e-19 9.564728897376915e-19 9.503903039582022e-19 9.443374323836864e-19 9.38314233039366e-19 9.323206627244817e-19 9.263566770283248e-19 9.20422230346221e-19 9.145172758957385e-19 9.086417657327946e-19 9.027956507676738e-19 8.969789103164873e-19 
5.232773229677289e-19 5.195786897092454e-19 5.159028336142496e-19 5.122496766617905e-19 5.086191217630862e-19 5.050110717209618e-19 5.014254292378852e-19 4.978620969238452e-19 4.943209773043464e-19 4.908019728280039e-19 4.87304985874431e-19 4.838299187615649e-19 4.803766737534166e-19 4.769451530672176e-19 4.735352588809122e-19 4.701468933403867e-19 4.667799585664096e-19 4.634343566619125e-19 4.601099897187054e-19 4.568067598220207e-19 4.535245690575625e-19 4.50263340075115e-19 4.470228531736066e-19 4.436856223651898e-19 4.408300382598616e-19 1.264097530491323e-21 1.264283131445489e-21 1.264282596015249e-21 1.264282595939746e-21 1.26428259594e-21 1.26428259594e-21 1.26428259594e-21 1.264282595939746e-21 1.264282596007953e-21 1.264283131328646e-21 1.264112953650131e-21 4.039792296371464e-19 4.007549317120858e-19 3.979313551446966e-19 3.950304116227725e-19 3.921484885980684e-19 3.892855747845102e-19 3.864415593978613e-19 3.836163462690554e-19 3.808098393664867e-19 3.780219428020835e-19 3.752525608373392e-19 3.725015978879873e-19 3.697689585285256e-19 3.670545474965312e-19 3.643582696971898e-19 3.616800302075181e-19 3.590197342806223e-19 3.563772873498932e-19 3.537525950329251e-19 3.51145563135787e-19 3.485560976567991e-19 3.459841047904492e-19 3.434294909312294e-19 3.408921626774374e-19 3.383720396165998e-19 
1.856901344044794e-19 1.842698169690628e-19 1.828600317027874e-19 1.814607170464096e-19 1.800718044898345e-19 1.786932258554583e-19 1.773249132981503e-19 1.759667993050976e-19 1.746188166956896e-19 1.732808986212733e-19 1.719529785650215e-19 1.706349903417131e-19 1.693268680974218e-19 1.680285463093349e-19 1.667399597854469e-19 1.65461043664185e-19 1.641917334141766e-19 1.629319648338415e-19 1.616816740510298e-19 1.604407975225986e-19 1.592092720336693e-19 1.57987035562216e-19 1.567740215848664e-19 1.555557721980493e-19 1.544009853728751e-19 1.26421695748271e-21 1.264283127351958e-21 1.264282595961307e-21 1.264282595939745e-21 1.26428259594e-21 1.26428259594e-21 1.26428259594e-21 1.264282595939745e-21 1.264282595958605e-21 1.264283127363688e-21 1.264222666613162e-21 1.407472058016984e-19 1.396326811064231e-19 1.385707297870207e-19 1.375052983059451e-19 1.364480196533418e-19 1.353988401261304e-19 1.343577030033414e-19 1.333245524750853e-19 1.32299333044947e-19 1.312819895292881e-19 1.302724670565215e-19 1.292707110662495e-19 1.282766673084295e-19 1.272902818425119e-19 1.263115010365912e-19 1.253402715665187e-19 1.243765404150247e-19 1.234202548708084e-19 1.224713625276813e-19 1.21529811283564e-19 1.205955493396495e-19 1.196685251994178e-19 1.187486876677034e-19 1.17835985849753e-19 1.169303737404502e-19 
6.381328790801621e-20 6.333624592787749e-20 6.286307510628337e-20 6.239374816955194e-20 6.192823560229735e-20 6.146650809374434e-20 6.100853653663383e-20 6.055429202605504e-20 6.01037458583371e-20 5.965686952993017e-20 5.921363473626709e-20 5.877401337063689e-20 5.833797752310366e-20 5.790549947935009e-20 5.747655171959461e-20 5.705110691745899e-20 5.662913793888881e-20 5.621061784102443e-20 5.579551987112094e-20 5.538381746542991e-20 5.497548424811537e-20 5.457049406571465e-20 5.416882075701959e-20 5.376871799178103e-20 5.337782127709064e-20 1.264259737215661e-21 1.264283127424975e-21 1.264282595938454e-21 1.264282595939756e-21 1.26428259594e-21 1.26428259594e-21 1.26428259594e-21 1.264282595939756e-21 1.264282595937564e-21 1.264283127427562e-21 1.26426161799874e-21 4.888157533053104e-20 4.852322390434055e-20 4.817264522755923e-20 4.782355727244466e-20 4.747734870522106e-20 4.713399696306512e-20 4.679347950897737e-20 4.645577399464057e-20 4.612085823438265e-20 4.578871020417465e-20 4.545930804063302e-20 4.513263004002906e-20 4.480865465727338e-20 4.448736050493258e-20 4.416872635226326e-20 4.385273112418347e-20 4.353935390033542e-20 4.322857391409359e-20 4.292037055158016e-20 4.261472335072605e-20 4.231161200027922e-20 4.201101633886306e-20 4.171291635401208e-20 4.141729218122804e-20 4.11241255884412e-20 
2.423084469293093e-20 2.408205608791527e-20 2.393453190917323e-20 2.378826245599823e-20 2.364323734683424e-20 2.349944628221744e-20 2.335687904418302e-20 2.32155254956674e-20 2.307537557991678e-20 2.293641931989879e-20 2.279864681771732e-20 2.266204825403662e-20 2.252661388749684e-20 2.239233405414286e-20 2.225919916685606e-20 2.212719971478842e-20 2.199632626279665e-20 2.186656945088233e-20 2.173791999364369e-20 2.16103686797119e-20 2.148390637121279e-20 2.135852400535782e-20 2.12342125729909e-20 2.111069779276463e-20 2.098936539691373e-20 1.26425664241762e-21 1.264284721989195e-21 1.264282595909582e-21 1.264282595935858e-21 1.264282595939756e-21 1.264282595939745e-21 1.264282595939756e-21 1.264282595935858e-21 1.264282595908655e-21 1.264284721995575e-21 1.264257803102848e-21 1.960194899860094e-20 1.949192796219966e-20 1.938381330421587e-20 1.927639975820733e-20 1.916990706721009e-20 1.906432752921239e-20 1.895965348964138e-20 1.885587735736207e-20 1.875299160258099e-20 1.865098875638088e-20 1.85498614102587e-20 1.844960221566406e-20 1.835020388355009e-20 1.825165918390953e-20 1.815396094533637e-20 1.805710205456841e-20 1.79610754560522e-20 1.786587415149833e-20 1.777149119943999e-20 1.7677919714806e-20 1.7585152868483e-20 1.749318388688876e-20 1.740200605154467e-20 1.731161269865879e-20 1.722199767266399e-20 
1.210737414600391e-20 1.206280345889774e-20 1.201862079806411e-20 1.197482305772065e-20 1.193140693133539e-20 1.188836914015714e-20 1.184570643299353e-20 1.180341558598673e-20 1.176149340239025e-20 1.171993671235178e-20 1.167874237269152e-20 1.163790726668654e-20 1.159742830385783e-20 1.155730241975272e-20 1.151752657573849e-20 1.147809775878583e-20 1.143901298126464e-20 1.14002692807373e-20 1.136186371975001e-20 1.132379338563171e-20 1.128605539029067e-20 1.124864687001426e-20 1.121156498779041e-20 1.117480690051197e-20 1.113811509380159e-20 1.110265305673297e-20 1.264262154433826e-21 1.26428472203131e-21 1.264282595902501e-21 1.2642825959293e-21 1.264282595932167e-21 1.2642825959293e-21 1.264282595902244e-21 1.264284722033859e-21 1.26426251064353e-21 1.075835848364591e-20 1.072494635154074e-20 1.069267381231942e-20 1.066045092151323e-20 1.06285098864732e-20 1.059684829425531e-20 1.056546372676532e-20 1.053435378854379e-20 1.050351610446887e-20 1.047294831958806e-20 1.044264809895351e-20 1.041261312745451e-20 1.038284110965495e-20 1.0353329769632e-20 1.032407685081325e-20 1.029508011581671e-20 1.026633734629381e-20 1.023784634277037e-20 1.020960492449146e-20 1.018161092926574e-20 1.015386221331179e-20 1.012635665110704e-20 1.009909213523395e-20 1.00720665762324e-20 1.004527790244899e-20 1.00187241943913e-20 
8.511027190810998e-21 8.497963922284436e-21 8.485015842526773e-21 8.472182009192009e-21 8.459461421622171e-21 8.446853087825502e-21 8.434356024402662e-21 8.421969256473637e-21 8.409691817604762e-21 8.397522749738145e-21 8.38546110311897e-21 8.373505936224977e-21 8.36165631569722e-21 8.349911316269039e-21 8.338270020698677e-21 8.32673151969926e-21 8.315294911872503e-21 8.303959303639837e-21 8.292723809176965e-21 8.281587550347292e-21 8.270549656635484e-21 8.259609265083976e-21 8.248765520227215e-21 8.238017576209962e-21 8.227364570989109e-21 8.216630325245109e-21 8.206624400126358e-21 1.264265283472225e-21 1.264284722050805e-21 1.264283127448504e-21 1.264283127462717e-21 1.264283127448452e-21 1.264284722051379e-21 1.264265365588367e-21 8.126159415696344e-21 8.116045479472952e-21 8.106639213650477e-21 8.097147432618566e-21 8.087739561282125e-21 8.07841488205394e-21 8.069172661879196e-21 8.060012176072601e-21 8.050932706258089e-21 8.041933540314154e-21 8.033013972320171e-21 8.024173302503378e-21 8.015410837185909e-21 8.006725888733096e-21 7.998117775500147e-21 7.989585821782257e-21 7.981129357762823e-21 7.972747719462731e-21 7.964440248690641e-21 7.956206292992917e-21 7.948045205604377e-21 7.93995634539936e-21 7.931939076843496e-21 7.923992769945006e-21 7.916116800207673e-21 7.908310548583134e-21 7.900573440612257e-21 
7.462483662504457e-21 7.458699608243147e-21 7.45494914816303e-21 7.45123200426378e-21 7.447547881737432e-21 7.443896488369294e-21 7.44027753451524e-21 7.436690733079925e-21 7.433135799493744e-21 7.429612451691372e-21 7.426120410089839e-21 7.422659397566611e-21 7.419229139438333e-21 7.415829363439636e-21 7.412459799701815e-21 7.409120180732011e-21 7.40581024139254e-21 7.402529718880139e-21 7.399278352705795e-21 7.396055884674524e-21 7.392862058865204e-21 7.389696621610725e-21 7.386559321478379e-21 7.383449909250633e-21 7.380368139661801e-21 7.377313752337582e-21 7.3741529768137e-21 7.3715502021699e-21 1.264268480487416e-21 1.26427908338096e-21 1.264278552199631e-21 1.264279084080831e-21 1.264268497224849e-21 7.354099898056794e-21 7.350885351625414e-21 7.348224433834217e-21 7.345455870537535e-21 7.342711914690726e-21 7.339992363192943e-21 7.337296998045658e-21 7.334625604854937e-21 7.331977971118217e-21 7.329353886207038e-21 7.326753141351382e-21 7.324175529622561e-21 7.321620845917824e-21 7.319088886943889e-21 7.316579451201345e-21 7.314092338968833e-21 7.311627352287531e-21 7.309184294945605e-21 7.30676297246309e-21 7.304363192076573e-21 7.301984762724065e-21 7.299627495030424e-21 7.297291201292159e-21 7.294975695463051e-21 7.29268079313958e-21 7.290406311546448e-21 7.288152069522386e-21 7.285917898821482e-21 
7.159602721646064e-21 7.158513467670064e-21 7.157433918958283e-21 7.156363994708073e-21 7.155303609291606e-21 7.154252677840457e-21 7.153211116239035e-21 7.152178841117799e-21 7.151155769846762e-21 7.150141820528884e-21 7.149136911993704e-21 7.148140963790826e-21 7.147153896183573e-21 7.146175630142813e-21 7.145206087340484e-21 7.144245190143603e-21 7.14329286160801e-21 7.142349025472343e-21 7.14141360615197e-21 7.140486528733052e-21 7.139567718966537e-21 7.138657103262357e-21 7.137754608683635e-21 7.136860162940779e-21 7.135973694385991e-21 7.135095133362711e-21 7.134224398084563e-21 7.133269259745701e-21 7.132617523843549e-21 7.131721629703063e-21 7.130881563895957e-21 7.130048995006035e-21 7.129272072867327e-21 7.1282509325146e-21 7.127532431916855e-21 7.126729170237492e-21 7.125933064028402e-21 7.125144060801518e-21 7.124362095978252e-21 7.123587106881991e-21 7.122819031392811e-21 7.122057807942533e-21 7.121303375509844e-21 7.120555673615414e-21 7.119814642317122e-21 7.119080222205367e-21 7.118352354398234e-21 7.117630980536935e-21 7.116916042781113e-21 7.11620748380426e-21 7.115505246789238e-21 7.114809275423647e-21 7.114119513895496e-21 7.113435906888656e-21 7.112758399578544e-21 7.112086937627759e-21 7.111421467181723e-21 7.110761934864482e-21 7.1101082877744e-21 7.109460473479985e-21 7.108818443267457e-21 
7.072548298542825e-21 7.072235807917138e-21 7.071926106968812e-21 7.071619172396836e-21 7.07131497951792e-21 7.071013503868667e-21 7.070714721203599e-21 7.070418607493211e-21 7.070125138922077e-21 7.069834291886927e-21 7.06954604299478e-21 7.069260369061053e-21 7.068977247107727e-21 7.068696654361501e-21 7.068418568251989e-21 7.068142966409873e-21 7.067869826665189e-21 7.067599127045475e-21 7.06733084577407e-21 7.067064961268357e-21 7.066801452138025e-21 7.066540297183391e-21 7.066281475393664e-21 7.066024965945297e-21 7.065770748200318e-21 7.065518801704669e-21 7.065269107089688e-21 7.065021637747458e-21 7.06474643451146e-21 7.064503372389479e-21 7.064262485301703e-21 7.064023749787954e-21 7.063787150709593e-21 7.063582595838811e-21 7.063350204404361e-21 7.063119883840068e-21 7.062891622111846e-21 7.062665399948973e-21 7.062441199144676e-21 7.062219001654483e-21 7.061998789594779e-21 7.061780545241372e-21 7.061564251028068e-21 7.061349889545285e-21 7.061137443538639e-21 7.060926895907571e-21 7.060718229703987e-21 7.060511428130888e-21 7.060306474541034e-21 7.06010335243561e-21 7.059902045462903e-21 7.059702537416985e-21 7.059504812236449e-21 7.059308854003076e-21 7.059114646940597e-21 7.058922175413415e-21 7.058731423925347e-21 7.058542377118401e-21 7.058355019771537e-21 7.058169336799441e-21 7.057985314183339e-21 
7.047593765324787e-21 7.047504278007034e-21 7.047415590388166e-21 7.047327695777124e-21 7.047240587087315e-21 7.047154257295423e-21 7.047068699440836e-21 7.046983906625094e-21 7.046899872011328e-21 7.046816588823724e-21 7.046734050346957e-21 7.046652249925676e-21 7.046571180963948e-21 7.046490836924741e-21 7.046411211329393e-21 7.046332297757099e-21 7.046254089844382e-21 7.046176581284595e-21 7.046099765827403e-21 7.046023637278294e-21 7.045948189498064e-21 7.04587341640234e-21 7.045799311961077e-21 7.045725870198087e-21 7.045653085190552e-21 7.045580951068539e-21 7.045509462014548e-21 7.045438612661013e-21 7.045368395328711e-21 7.04529880737451e-21 7.045229841449797e-21 7.04516149227564e-21 7.045093754056172e-21 7.045026623062891e-21 7.044960090863578e-21 7.044894154055509e-21 7.04482880692279e-21 7.044764044194595e-21 7.044699860647176e-21 7.044636251103444e-21 7.044573210432551e-21 7.044510733549475e-21 7.044448815414618e-21 7.044387451033395e-21 7.044326635455836e-21 7.044266363776181e-21 7.044206631132496e-21 7.044147432706276e-21 7.044088763722051e-21 7.04403061944702e-21 7.043972995190653e-21 7.043915886304318e-21 7.043859288180912e-21 7.043803196254491e-21 7.043747605999895e-21 7.043692512932387e-21 7.043637912607299e-21 7.043583800619664e-21 7.043530172603871e-21 7.043477024233307e-21 7.043424351486777e-21 
7.040450657624254e-21 7.040425056029572e-21 7.040399683348394e-21 7.040374537663646e-21 7.04034961694514e-21 7.040324919180837e-21 7.040300442376693e-21 7.04027618455648e-21 7.040252143761643e-21 7.040228318051131e-21 7.04020470550125e-21 7.0401813042055e-21 7.040158112274431e-21 7.040135127835476e-21 7.040112349032814e-21 7.040089774027218e-21 7.040067400995894e-21 7.040045228132356e-21 7.040023253646257e-21 7.040001475763264e-21 7.039979892724906e-21 7.03995850278843e-21 7.039937304226667e-21 7.039916295327891e-21 7.039895474395675e-21 7.03987483974876e-21 7.039854389720924e-21 7.039834122660836e-21 7.039814037010591e-21 7.039794130990949e-21 7.03977440307311e-21 7.039754851664034e-21 7.039735475184889e-21 7.039716271992379e-21 7.039697240693037e-21 7.039678379671389e-21 7.039659687404328e-21 7.039641162382374e-21 7.039622803109535e-21 7.039604608103199e-21 7.03958657589401e-21 7.039568705025757e-21 7.03955099405523e-21 7.039533441552149e-21 7.039516046099004e-21 7.039498806290967e-21 7.039481720735771e-21 7.039464788053598e-21 7.039448006876967e-21 7.039431375850627e-21 7.039414893631443e-21 7.039398558888289e-21 7.039382370301946e-21 7.039366326564988e-21 7.039350426381679e-21 7.039334668467877e-21 7.039319051550914e-21 7.039303574369505e-21 7.039288235673645e-21 7.039273034224511e-21 7.039257968870647e-21 
7.038407543965011e-21 7.038400223318536e-21 7.038392968148014e-21 7.038385777904835e-21 7.038378652008056e-21 7.038371589881927e-21 7.038364590955852e-21 7.038357654664336e-21 7.038350780446944e-21 7.038343967748252e-21 7.038337216017813e-21 7.038330524710093e-21 7.038323893284443e-21 7.038317321205053e-21 7.038310807940901e-21 7.038304352965721e-21 7.03829795575795e-21 7.038291615800691e-21 7.038285332581678e-21 7.038279105593215e-21 7.038272934332162e-21 7.038266818299866e-21 7.038260757002148e-21 7.038254749949241e-21 7.03824879665576e-21 7.03824289664067e-21 7.038237049427229e-21 7.038231254542968e-21 7.038225511519636e-21 7.038219819893185e-21 7.038214179203702e-21 7.0382085889954e-21 7.038203048816564e-21 7.038197558219524e-21 7.038192116760611e-21 7.038186724000129e-21 7.038181379502312e-21 7.038176082835294e-21 7.038170833571074e-21 7.03816563128548e-21 7.03816047555813e-21 7.038155365972409e-21 7.038150302115426e-21 7.038145283577984e-21 7.038140309954549e-21 7.038135380843212e-21 7.038130495845662e-21 7.038125654567153e-21 7.038120856616463e-21 7.038116101605881e-21 7.038111389151155e-21 7.038106718871479e-21 7.038102090389446e-21 7.038097503331031e-21 7.038092957325554e-21 7.038088452005652e-21 7.038083987007246e-21 7.038079561969519e-21 7.038075176534875e-21 7.038070830348923e-21 7.03806652308226e-21 
7.038026902670968e-21 7.038022858691441e-21 7.038018852085377e-21 7.038014882527809e-21 7.038010949676196e-21 7.03800705319116e-21 7.038003192736469e-21 7.037999367978993e-21 7.037995578588684e-21 7.037991824238543e-21 7.037988104604596e-21 7.037984419365862e-21 7.037980768204328e-21 7.037977150804924e-21 7.037973566855485e-21 7.037970016046741e-21 7.037966498072273e-21 7.037963012628497e-21 7.037959559414639e-21 7.037956138132702e-21 7.037952748487443e-21 7.037949390186351e-21 7.037946062939618e-21 7.037942766460116e-21 7.037939500463368e-21 7.037936264667531e-21 7.037933058793367e-21 7.037929882564215e-21 7.037926735705978e-21 7.037923617947087e-21 7.037920529018487e-21 7.037917468653611e-21 7.037914436588353e-21 7.037911432561053e-21 7.037908456312464e-21 7.037905507585743e-21 7.037902586126413e-21 7.037899691682358e-21 7.037896824003787e-21 7.03789398284322e-21 7.037891167955465e-21 7.037888379097596e-21 7.037885616028936e-21 7.037882878511029e-21 7.037880166307626e-21 7.03787747918466e-21 7.037874816910229e-21 7.037872179254576e-21 7.037869565990065e-21 7.037866976891171e-21 7.037864411734446e-21 7.037861870298512e-21 7.037859352364036e-21 7.037856857713716e-21 7.037854386132257e-21 7.037851937406352e-21 7.037849511324669e-21 7.037847107677829e-21 7.037844726258389e-21 7.037842366860821e-21 7.037840029293342e-21 
7.039119375288696e-21 7.039105230641474e-21 7.039091216687494e-21 7.03907733229075e-21 7.039063576253775e-21 7.039049947390165e-21 7.039036444524481e-21 7.039023066492142e-21 7.039009812139329e-21 7.038996680322888e-21 7.038983669910217e-21 7.038970779779189e-21 7.03895800881804e-21 7.038945355925284e-21 7.038932820009603e-21 7.038920399989771e-21 7.038908094794554e-21 7.038895903362608e-21 7.038883824642406e-21 7.038871857592125e-21 7.038860001179583e-21 7.038848254382124e-21 7.038836616186546e-21 7.038825085589012e-21 7.038813661594956e-21 7.038802343219005e-21 7.038791129484894e-21 7.03878001942537e-21 7.03876901208213e-21 7.038758106505716e-21 7.038747301755449e-21 7.038736596899344e-21 7.038725991014022e-21 7.038715483184642e-21 7.038705072504815e-21 7.038694758076528e-21 7.038684539010067e-21 7.038674414423938e-21 7.038664383444795e-21 7.038654445207363e-21 7.038644598854357e-21 7.038634843536424e-21 7.038625178412051e-21 7.038615602647509e-21 7.038606115416766e-21 7.038596715901429e-21 7.038587403290668e-21 7.038578176781145e-21 7.038569035576941e-21 7.038559978889505e-21 7.038551005937557e-21 7.038542115947047e-21 7.038533308151083e-21 7.038524581789846e-21 7.038515936110552e-21 7.038507370367366e-21 7.038498883821348e-21 7.038490475740389e-21 7.038482145399145e-21 7.038473892078975e-21 7.038465715109282e-21 
7.042939767762469e-21 7.042890312207133e-21 7.042841313425554e-21 7.042792767450025e-21 7.04274467009788e-21 7.042697017225063e-21 7.042649804725774e-21 7.042603028532117e-21 7.042556684613745e-21 7.042510768977523e-21 7.042465277667173e-21 7.042420206762948e-21 7.04237555238128e-21 7.04233131067446e-21 7.042287477830296e-21 7.042244050071796e-21 7.042201023656832e-21 7.04215839487783e-21 7.042116160061439e-21 7.042074315568232e-21 7.04203285779237e-21 7.041991783161318e-21 7.041951088135513e-21 7.041910769208082e-21 7.041870822904522e-21 7.04183124578242e-21 7.041792034431134e-21 7.04175318547152e-21 7.041714695555635e-21 7.041676561366442e-21 7.041638779617542e-21 7.041601347052865e-21 7.041564260446417e-21 7.041527516601988e-21 7.041491112352883e-21 7.041455044561638e-21 7.041419310119774e-21 7.041383905947498e-21 7.04134882899347e-21 7.041314076234517e-21 7.041279644675385e-21 7.041245531348478e-21 7.041211733313601e-21 7.041178247657716e-21 7.041145071494676e-21 7.04111220196499e-21 7.041079636235574e-21 7.0410473714995e-21 7.04101540497577e-21 7.040983733909059e-21 7.04095235556949e-21 7.040921267252397e-21 7.040890466278087e-21 7.040859949991618e-21 7.040829715762563e-21 7.040799760984788e-21 7.040770083076226e-21 7.040740679478659e-21 7.040711547657491e-21 7.040682685101536e-21 7.04065408946759e-21 
7.056292221965876e-21 7.056119426757437e-21 7.055948226290819e-21 7.055778606730788e-21 7.055610553490574e-21 7.055444052117825e-21 7.055279088293392e-21 7.055115647830083e-21 7.054953716671469e-21 7.054793280890653e-21 7.054634326689108e-21 7.054476840395485e-21 7.054320808464429e-21 7.054166217475449e-21 7.05401305413174e-21 7.053861305259058e-21 7.053710957804594e-21 7.053561998835859e-21 7.053414415539561e-21 7.053268195220523e-21 7.053123325300603e-21 7.052979793317591e-21 7.052837586924163e-21 7.052696693886817e-21 7.052557102084834e-21 7.052418799509215e-21 7.052281774261688e-21 7.052146014553666e-21 7.052011508705233e-21 7.051878245144169e-21 7.051746212404931e-21 7.051615399127686e-21 7.051485794057338e-21 7.05135738604256e-21 7.05123016403484e-21 7.051104117087528e-21 7.050979234354916e-21 7.050855505091288e-21 7.050732918650012e-21 7.050611464482626e-21 7.050491132137932e-21 7.050371911261098e-21 7.050253791592779e-21 7.050136762968231e-21 7.050020815316444e-21 7.049905938659272e-21 7.049792123110587e-21 7.049679358875427e-21 7.049567636249156e-21 7.049456945616636e-21 7.049347277451394e-21 7.049238622314819e-21 7.049130970855346e-21 7.049024313807644e-21 7.048918641991843e-21 7.048813946312732e-21 7.048710217758982e-21 7.048607447402377e-21 7.048505626397046e-21 7.0484047459787e-21 7.048304797969981e-21 
7.102910920419515e-21 7.102307978536209e-21 7.101710593409501e-21 7.101118716944246e-21 7.100532298419825e-21 7.099951287581554e-21 7.099375634636425e-21 7.098805290248903e-21 7.09824020553672e-21 7.09768033206673e-21 7.097125621850772e-21 7.09657602734165e-21 7.096031501429053e-21 7.095491997435544e-21 7.094957469112624e-21 7.094427870636809e-21 7.093903156605698e-21 7.093383282034161e-21 7.092868202350471e-21 7.092357873392573e-21 7.091852251404265e-21 7.09135129303153e-21 7.090854955318838e-21 7.090363195705484e-21 7.089875972021975e-21 7.089393242486462e-21 7.088914965701163e-21 7.088441100648845e-21 7.087971606689368e-21 7.087506443556189e-21 7.087045571352962e-21 7.086588950550144e-21 7.086136541981604e-21 7.085688306841347e-21 7.085244206680162e-21 7.084804203402372e-21 7.084368259262577e-21 7.083936336862497e-21 7.083508399147705e-21 7.083084409404542e-21 7.082664331256967e-21 7.082248128663448e-21 7.081835765913935e-21 7.081427207626769e-21 7.081022418745719e-21 7.080621364536951e-21 7.080224010586121e-21 7.079830322795403e-21 7.0794402673806e-21 7.079053810868276e-21 7.07867092009289e-21 7.078291562193997e-21 7.077915704613418e-21 7.077543315092474e-21 7.077174361669269e-21 7.07680881267593e-21 7.076446636735923e-21 7.076087802761372e-21 7.075732279950443e-21 7.075380037784671e-21 7.075031047793525e-21 
7.265357433499664e-21 7.263258743206432e-21 7.261179343555947e-21 7.259119068314903e-21 7.257077742091007e-21 7.255055191093638e-21 7.253051243119339e-21 7.25106572753731e-21 7.249098475275447e-21 7.247149318805762e-21 7.245218092130719e-21 7.243304630769212e-21 7.241408771742727e-21 7.239530353561857e-21 7.237669216212712e-21 7.235825201143416e-21 7.233998151250975e-21 7.232187910868097e-21 7.230394325750093e-21 7.228617243061976e-21 7.226856511365671e-21 7.225111980607349e-21 7.223383502104764e-21 7.221670928534861e-21 7.219974113921454e-21 7.218292913622889e-21 7.216627184319977e-21 7.214976784003956e-21 7.213341571964603e-21 7.211721408778412e-21 7.210116156296861e-21 7.208525677634884e-21 7.206949837159383e-21 7.205388500477699e-21 7.203841534426571e-21 7.202308807060767e-21 7.200790187642012e-21 7.19928554662815e-21 7.197794755662155e-21 7.196317687561308e-21 7.194854216306649e-21 7.193404217032225e-21 7.191967566014734e-21 7.190544140663044e-21 7.189133819507965e-21 7.187736482191973e-21 7.186352009459032e-21 7.184980283144711e-21 7.183621186166167e-21 7.182274602512291e-21 7.180940417233991e-21 7.179618516434431e-21 7.178308787259562e-21 7.177011117888567e-21 7.175725397524422e-21 7.174451516384642e-21 7.173189365691984e-21 7.171938837665287e-21 7.170699825510434e-21 7.169472223411373e-21 7.1682559326799e-21 
7.829352024123211e-21 7.822080580112673e-21 7.814875643152593e-21 7.807736644855824e-21 7.800662984971495e-21 7.793654068668287e-21 7.786709306486537e-21 7.779828114290478e-21 7.773009913220483e-21 7.766254129645924e-21 7.759560195119106e-21 7.752927546328242e-21 7.746355625051931e-21 7.73984387811376e-21 7.733391757337529e-21 7.726998719501808e-21 7.72066422629665e-21 7.714387744278639e-21 7.708168744828586e-21 7.702006704107464e-21 7.695901103014198e-21 7.68985142714288e-21 7.683857166741471e-21 7.67791781666945e-21 7.672032876356911e-21 7.666201849763884e-21 7.660424245339319e-21 7.654699575981322e-21 7.649027358997009e-21 7.643407116063459e-21 7.637838373188146e-21 7.632320660670523e-21 7.626853513063209e-21 7.621436469134415e-21 7.61606907182971e-21 7.610750868234644e-21 7.605481409537968e-21 7.600260250994599e-21 7.595086951889237e-21 7.589961075500223e-21 7.584882189063759e-21 7.579849863738334e-21 7.574863674569708e-21 7.569923200455929e-21 7.565028024112713e-21 7.560177732039364e-21 7.555371914484691e-21 7.550610165413229e-21 7.54589208247233e-21 7.541217266958613e-21 7.53658532378533e-21 7.531995861450174e-21 7.527448492002635e-21 7.522942831012418e-21 7.518478497537769e-21 7.514055114093972e-21 7.509672306622417e-21 7.505329704459777e-21 7.501026940307477e-21 7.496763650201389e-21 7.492539494872024e-21 
9.774176715746245e-21 9.749198604219544e-21 9.724446835069267e-21 9.699919504025302e-21 9.675614596538314e-21 9.651530115859237e-21 9.627664082885961e-21 9.60401453601231e-21 9.580579530974748e-21 9.557357140705787e-21 9.534345455182863e-21 9.511542581283097e-21 9.488946642636003e-21 9.466555779480033e-21 9.444368148517931e-21 9.422381922774782e-21 9.400595291456742e-21 9.379006459811854e-21 9.357613648989888e-21 9.3364150959056e-21 9.315409053102573e-21 9.294593788615815e-21 9.273967585840384e-21 9.253528743395872e-21 9.233275574996029e-21 9.213206409316226e-21 9.193319589865983e-21 9.173613474857662e-21 9.154086437079838e-21 9.134736863771753e-21 9.115563156496434e-21 9.096563731016433e-21 9.077737017170668e-21 9.059081458752523e-21 9.04059551338732e-21 9.022277652412815e-21 9.004126360759421e-21 8.986140136832885e-21 8.968317492395054e-21 8.950656952449324e-21 8.933157055124221e-21 8.915816351559775e-21 8.898633405793089e-21 8.881606794647018e-21 8.864735107617166e-21 8.84801694676339e-21 8.831450926597775e-21 8.815035673978114e-21 8.798769827997771e-21 8.782652039881388e-21 8.766680972876367e-21 8.750855302150066e-21 8.735173714683705e-21 8.719634909169827e-21 8.704237595910298e-21 8.688980496714132e-21 8.673862344796507e-21 8.65888188467969e-21 8.644037872093617e-21 8.629329073877807e-21 8.614754341689054e-21 
1.639597287242362e-20 1.631153333807589e-20 1.622784565925337e-20 1.614490369800191e-20 1.606270093853225e-20 1.598123092022837e-20 1.590048723720984e-20 1.582046353788507e-20 1.574115352451783e-20 1.566255095279657e-20 1.558464963139743e-20 1.550744342156281e-20 1.543092623667441e-20 1.535509204183257e-20 1.527993485343813e-20 1.520544873877864e-20 1.513162781561392e-20 1.505846625177242e-20 1.498595826473899e-20 1.491409812125823e-20 1.484288013692903e-20 1.477229867581302e-20 1.470234815003793e-20 1.463302301940685e-20 1.456431779101124e-20 1.449622701884521e-20 1.442874530342282e-20 1.436186729139929e-20 1.429558767519712e-20 1.422990119262673e-20 1.41648026265214e-20 1.410028680436414e-20 1.403634859792767e-20 1.397298292290764e-20 1.391018473856533e-20 1.384794904736799e-20 1.378627089463904e-20 1.372514536820165e-20 1.366456759803092e-20 1.360453275591005e-20 1.354503605508547e-20 1.348607274992199e-20 1.342763813557001e-20 1.336972754762698e-20 1.331233636180283e-20 1.325545999359124e-20 1.319909389794147e-20 1.314323356892997e-20 1.308787453944094e-20 1.303301238084149e-20 1.297864270266714e-20 1.292476115230294e-20 1.287136341467308e-20 1.281844521192658e-20 1.276600230313078e-20 1.271403048396491e-20 1.266252558641585e-20 1.261148347847704e-20 1.256090006384829e-20 1.251077128164207e-20 1.246109335767043e-20 
3.841761010548661e-20 3.814051284570224e-20 3.786580204817411e-20 3.759345935047206e-20 3.732346512129172e-20 3.705579988155466e-20 3.679044430339254e-20 3.652737920908783e-20 3.626658557007391e-20 3.600804450588411e-20 3.575173728315101e-20 3.549764531458934e-20 3.524575015798609e-20 3.499603351519848e-20 3.474847723115728e-20 3.450306329287319e-20 3.425977382845082e-20 3.401859110610808e-20 3.377949753318635e-20 3.354247565520354e-20 3.330750815485807e-20 3.307457785109512e-20 3.284366769812332e-20 3.261476078449049e-20 3.238784033211277e-20 3.21628896953455e-20 3.193989236005385e-20 3.171883194266567e-20 3.149969218925627e-20 3.128245697462601e-20 3.106711030138014e-20 3.085363629903111e-20 3.064201922307533e-20 3.043224345410368e-20 3.022429349690464e-20 3.001815397957215e-20 2.981380965262184e-20 2.961124538811061e-20 2.941044617876283e-20 2.921139713709106e-20 2.90140834945458e-20 2.881849060064488e-20 2.862460392212115e-20 2.843240904207156e-20 2.824189165911317e-20 2.805303758654166e-20 2.786583275149825e-20 2.768026319413029e-20 2.749631506678041e-20 2.731397463315448e-20 2.713322826751074e-20 2.695406245384665e-20 2.677646378509449e-20 2.66004189623195e-20 2.642591479392315e-20 2.625293819485224e-20 2.608147618581416e-20 2.591151589248644e-20 2.574304454475188e-20 2.557604947592002e-20 2.541051896038798e-20 
1.085457292593374e-19 1.076848489396619e-19 1.068309216818097e-19 1.059839001772437e-19 1.051437330261745e-19 1.043103691530346e-19 1.034837578052118e-19 1.026638485518081e-19 1.018505912823297e-19 1.010439362054251e-19 1.002438338476195e-19 9.945023505195207e-20 9.866309097674745e-20 9.788235309427501e-20 9.710797318943695e-20 9.633990335848172e-20 9.557809600764427e-20 9.482250385187834e-20 9.407307991345139e-20 9.332977752068056e-20 9.259255030657793e-20 9.186135220748146e-20 9.113613746174697e-20 9.041686060840762e-20 8.970347648576458e-20 8.899594023011073e-20 8.829420727432608e-20 8.75982333465362e-20 8.690797446874272e-20 8.622338695548263e-20 8.554442741243133e-20 8.487105273504984e-20 8.42032201072239e-20 8.354088699990333e-20 8.288401116968279e-20 8.223255065748649e-20 8.158646378713352e-20 8.094570916403917e-20 8.031024567375341e-20 7.968003248064232e-20 7.905502902649502e-20 7.843519502913749e-20 7.782049048105135e-20 7.721087564800022e-20 7.660631106767343e-20 7.600675754826275e-20 7.541217616710599e-20 7.482252826931345e-20 7.423777546638742e-20 7.365787963483458e-20 7.308280291478899e-20 7.251250770864206e-20 7.19469566796781e-20 7.138611275066755e-20 7.082993910252907e-20 7.02783991729257e-20 6.973145665491383e-20 6.918907549557789e-20 6.86512198946378e-20 6.811785430309997e-20 6.758894610159886e-20 
3.149182409579089e-19 3.12497679149603e-19 3.100943176017451e-19 3.077080691268432e-19 3.053388344134766e-19 3.029865144401158e-19 3.006510104782884e-19 2.983322240957504e-19 2.96030057159485e-19 2.937444118386744e-19 2.914751906075878e-19 2.892222962485177e-19 2.869856318543327e-19 2.847651008314467e-19 2.825606069022679e-19 2.803720541077836e-19 2.781993468102142e-19 2.760423896952136e-19 2.739010877745013e-19 2.717753463880747e-19 2.696650712063617e-19 2.675701682326158e-19 2.654905438049415e-19 2.634261045983702e-19 2.613767576269361e-19 2.593424102455797e-19 2.573229701520576e-19 2.553183453889004e-19 2.533284443450026e-19 2.513531757575707e-19 2.493924487136627e-19 2.474461726518886e-19 2.455142573639301e-19 2.435966129960819e-19 2.4169315005081e-19 2.39803779388024e-19 2.379284122265485e-19 2.360669601453715e-19 2.342193350850116e-19 2.323854493485887e-19 2.305652156031304e-19 2.287585468806665e-19 2.269653565792123e-19 2.251855584639143e-19 2.234190666679487e-19 2.216657956935366e-19 2.199256604127686e-19 2.1819857606847e-19 2.164844582750085e-19 2.147832230190493e-19 2.130947866603626e-19 2.114190659323016e-19 2.097559779426189e-19 2.081054401740192e-19 2.064673704846617e-19 2.048416871086901e-19 2.032283086567668e-19 2.016271541164195e-19 2.000381428525279e-19 1.984611946076401e-19 1.968962374350839e-19 
8.423441763216227e-19 8.36653478949155e-19 8.30993375977092e-19 8.253638267958646e-19 8.197647606038849e-19 8.141961055681403e-19 8.086577888419484e-19 8.031497365822183e-19 7.976718739662717e-19 7.922241252088965e-19 7.868064135790186e-19 7.814186614171002e-19 7.760607901508974e-19 7.707327203126495e-19 7.654343715552238e-19 7.601656626686565e-19 7.549265115959222e-19 7.49716835449577e-19 7.445365505272974e-19 7.393855723279909e-19 7.342638155676084e-19 7.291711941945967e-19 7.241076214053718e-19 7.190730096600545e-19 7.140672706975388e-19 7.090903155506744e-19 7.041420545614574e-19 6.992223973958831e-19 6.943312530586827e-19 6.894685299082449e-19 6.846341356712604e-19 6.798279774568024e-19 6.750499617711283e-19 6.702999945317346e-19 6.655779810814274e-19 6.608838262023529e-19 6.562174341300413e-19 6.515787085669604e-19 6.469675526963056e-19 6.42383869195365e-19 6.378275602491598e-19 6.332985275634988e-19 6.287966723783282e-19 6.243218954805072e-19 6.198740972172596e-19 6.15453177508215e-19 6.11059035858833e-19 6.066915713725009e-19 6.023506827632012e-19 5.98036268367648e-19 5.93748226157738e-19 5.894864537523726e-19 5.852508484296002e-19 5.810413071384692e-19 5.768577265106304e-19 5.7270000287193e-19 5.685680322541238e-19 5.64461710405961e-19 5.603809328046888e-19 5.56325594667066e-19 5.52295611406476e-19 
1.896169070620864e-18 1.88642414717339e-18 1.876701622040142e-18 1.867001789172413e-18 1.8573248893385e-18 1.847671159939472e-18 1.838040835015837e-18 1.828434145255084e-18 1.81885131799901e-18 1.809292577251741e-18 1.799758143687952e-18 1.790248234661554e-18 1.780763064214769e-18 1.771302843086701e-18 1.761867778723614e-18 1.752458075288695e-18 1.743073933672229e-18 1.733715551501706e-18 1.724383123153099e-18 1.715076839761912e-18 1.70579688923431e-18 1.696543456258716e-18 1.687316722318402e-18 1.678116865703129e-18 1.668944061521722e-18 1.659798481715015e-18 1.650680295068805e-18 1.64158966722671e-18 1.63252676070452e-18 1.623491734903652e-18 1.614484746124527e-18 1.60550594758189e-18 1.596555489417984e-18 1.587633518719123e-18 1.578740179528419e-18 1.569875612862555e-18 1.561039956726716e-18 1.552233346129816e-18 1.543455913100517e-18 1.534707786703075e-18 1.525989093053767e-18 1.517299955337256e-18 1.508640493822212e-18 1.500010825879289e-18 1.491411065997249e-18 1.482841325800571e-18 1.474301714065707e-18 1.465792336738952e-18 1.457313296954983e-18 1.448864695052619e-18 1.440446628594239e-18 1.43205919238313e-18 1.423702478481003e-18 1.415376576227608e-18 1.407081572258098e-18 1.398817550521647e-18 1.390584592300236e-18 1.38238277622749e-18 1.374212178307218e-18 1.366072871932878e-18 1.357964969105132e-18 
3.266341199136489e-18 3.257125380817549e-18 3.247872157438028e-18 3.238582133977087e-18 3.229255868758658e-18 3.2198939203192e-18 3.210496847348502e-18 3.201065208630958e-18 3.191599562987818e-18 3.182100469217283e-18 3.172568486038195e-18 3.163004172032689e-18 3.153408085587128e-18 3.14378078483752e-18 3.134122827611542e-18 3.124434771373352e-18 3.114717173166938e-18 3.104970589561851e-18 3.095195576597453e-18 3.085392689728429e-18 3.075562483771088e-18 3.065705512848961e-18 3.055822330340042e-18 3.045913488823974e-18 3.035979540028476e-18 3.026021034778594e-18 3.016038522944454e-18 3.006032553389795e-18 2.996003673922531e-18 2.985952431242478e-18 2.975879370893628e-18 2.965785037213513e-18 2.955669973284869e-18 2.945534720887012e-18 2.935379820448485e-18 2.925205810998995e-18 2.915013230122989e-18 2.904802613913191e-18 2.894574496924805e-18 2.88432941212952e-18 2.874067890871799e-18 2.863790462823419e-18 2.853497655940428e-18 2.843189996419396e-18 2.832868008655042e-18 2.822532215197604e-18 2.812183136711424e-18 2.801821291933501e-18 2.79144719763352e-18 2.781061368573119e-18 2.770664317466427e-18 2.760256554941648e-18 2.749838589502277e-18 2.739410927488949e-18 2.728974073042608e-18 2.718528528067885e-18 2.708074792196382e-18 2.697613362751298e-18 2.687144734712751e-18 2.676669400682781e-18 2.666187904257944e-18 
3.962161534788255e-18 3.962103331469636e-18 3.96195975738781e-18 3.961730823468361e-18 3.961416547005955e-18 3.961016951740541e-18 3.960532067854407e-18 3.959961931965231e-18 3.959306587126851e-18 3.958566082816928e-18 3.957740474930263e-18 3.956829825774987e-18 3.955834204059699e-18 3.95475368488561e-18 3.953588349735349e-18 3.952338286458047e-18 3.951003589263052e-18 3.949584358698061e-18 3.948080701644012e-18 3.946492731290673e-18 3.944820567126744e-18 3.943064334919167e-18 3.941224166696937e-18 3.9393002007294e-18 3.937292581510475e-18 3.935201459734854e-18 3.933026992276282e-18 3.930769342166309e-18 3.928428678570504e-18 3.926005176763975e-18 3.92349901810601e-18 3.9209103900144e-18 3.918239485939111e-18 3.915486505333587e-18 3.912651653627073e-18 3.909735142195801e-18 3.906737188330438e-18 3.903658015208124e-18 3.900497851857893e-18 3.897256933132293e-18 3.893935499667927e-18 3.890533797857203e-18 3.887052079810271e-18 3.883490603318889e-18 3.879849631823517e-18 3.876129434371358e-18 3.872330285581943e-18 3.868452465607604e-18 3.864496260092655e-18 3.860461960134803e-18 3.856349862245192e-18 3.852160268303785e-18 3.847893485520156e-18 3.843549826388593e-18 3.839129608645886e-18 3.834633155227171e-18 3.830060794219226e-18 3.825412858816529e-18 3.820689687274781e-18 3.815891622864545e-18 3.81101903884853e-18 
3.26968168234974e-18 3.27884566528213e-18 3.287971019355665e-18 3.297057141081972e-18 3.30610347429736e-18 3.315109463433053e-18 3.324074553576875e-18 3.332998190533687e-18 3.341879820886826e-18 3.350718892060795e-18 3.359514852381509e-18 3.36826715113995e-18 3.376975238653308e-18 3.385638566327324e-18 3.394256586719652e-18 3.402828753602053e-18 3.411354522022338e-18 3.419833348369399e-18 3.428264690433697e-18 3.436648007472263e-18 3.4449827602713e-18 3.453268411208753e-18 3.461504424319268e-18 3.46969026535565e-18 3.47782540185445e-18 3.485909303197237e-18 3.493941440676006e-18 3.501921287554969e-18 3.509848319135889e-18 3.517722012819994e-18 3.525541848172194e-18 3.533307306984452e-18 3.541017873339133e-18 3.548673033672277e-18 3.556272276836866e-18 3.563815094166003e-18 3.571300979535784e-18 3.578729429428521e-18 3.586099942995898e-18 3.593412022120658e-18 3.600665171479835e-18 3.60785889860796e-18 3.614992713957201e-18 3.622066130961191e-18 3.629078666097004e-18 3.636029838945534e-18 3.64291917225312e-18 3.649746191994407e-18 3.656510427431397e-18 3.663211411174575e-18 3.669848679244938e-18 3.676421771131905e-18 3.682930229854212e-18 3.68937360202016e-18 3.695751437886495e-18 3.702063291415722e-18 3.708308720337978e-18 3.714487286205976e-18 3.72059855445542e-18 3.72664209446067e-18 3.732617449288025e-18 
1.89971675871406e-18 1.909491890263749e-18 1.919288929189606e-18 1.929107570237321e-18 1.938947554475702e-18 1.948808619571855e-18 1.958690499785846e-18 1.968592925967857e-18 1.978515625554576e-18 1.988458322565541e-18 1.998420737602052e-18 2.008402587843792e-18 2.018403587047725e-18 2.028423445546717e-18 2.038461870249282e-18 2.048518564637838e-18 2.058593228769926e-18 2.06868555927862e-18 2.078795249372571e-18 2.088921988838581e-18 2.099065464042087e-18 2.109225357930593e-18 2.119401350035871e-18 2.129593116477303e-18 2.139800329965675e-18 2.150022659806795e-18 2.160259771906653e-18 2.170511328776414e-18 2.180776989538121e-18 2.191056409930511e-18 2.201349242315819e-18 2.211655135686592e-18 2.221973735673449e-18 2.23230468455354e-18 2.242647621258122e-18 2.253002181382866e-18 2.263367997196523e-18 2.273744697651576e-18 2.284131908394827e-18 2.294529251778448e-18 2.304936346871418e-18 2.315352809472532e-18 2.325778252122556e-18 2.336212284117678e-18 2.346654511523068e-18 2.357104537188121e-18 2.367561960760583e-18 2.378026378701884e-18 2.388497384304008e-18 2.398974567705504e-18 2.409457515908701e-18 2.419945812797049e-18 2.430439039154407e-18 2.440936772682573e-18 2.451438588021329e-18 2.461944056768336e-18 2.472452747499543e-18 2.482964225790187e-18 2.493478054236418e-18 2.503993792477669e-18 2.514510943533997e-18 
8.444202849472899e-19 8.501528473259228e-19 8.559162229431316e-19 8.617104487953076e-19 8.675355898556197e-19 8.733917099533391e-19 8.792788717568789e-19 8.85197136755084e-19 8.911465652392017e-19 8.971272162843784e-19 9.031391477317515e-19 9.091824161695227e-19 9.152570769146101e-19 9.213631839944511e-19 9.275007901271222e-19 9.336699467036722e-19 9.398707037690452e-19 9.461031100023497e-19 9.523672126987666e-19 9.586630577499245e-19 9.649906896249127e-19 9.713501513505671e-19 9.777414844933147e-19 9.84164729138073e-19 9.906199238700707e-19 9.971071057548945e-19 1.003626310318908e-18 1.010177571529723e-18 1.01676092177606e-18 1.02337639184831e-18 1.030024010919027e-18 1.036703806522244e-18 1.043415804534239e-18 1.050160029152882e-18 1.056936502878947e-18 1.063745246493868e-18 1.070586279041691e-18 1.077459617807922e-18 1.084365278299269e-18 1.091303274223906e-18 1.098273617471251e-18 1.10527631809051e-18 1.112311384271895e-18 1.119378822325508e-18 1.126478636661282e-18 1.133610829768188e-18 1.140775402193863e-18 1.147972352525383e-18 1.155201677366781e-18 1.162463371320159e-18 1.169757426965196e-18 1.177083834837915e-18 1.184442583410874e-18 1.19183365907265e-18 1.199257046107145e-18 1.206712726673626e-18 1.214200680785762e-18 1.221720886292023e-18 1.229273318854774e-18 1.236857951929681e-18 1.244474717767e-18 
3.158023736864907e-19 3.182465655848836e-19 3.207082190661753e-19 3.231874222741296e-19 3.256842760178019e-19 3.281988813743422e-19 3.307313396852048e-19 3.332817525522982e-19 3.358502218341894e-19 3.38436849642088e-19 3.41041738335884e-19 3.436649905199826e-19 3.463067090392167e-19 3.489669969744141e-19 3.516459576382637e-19 3.543436945707743e-19 3.570603115347037e-19 3.597959125111787e-19 3.625506016947558e-19 3.653244834888867e-19 3.681176625009641e-19 3.709302435373859e-19 3.737623315986082e-19 3.766140318739366e-19 3.794854497364784e-19 3.823766907377668e-19 3.852878606023192e-19 3.882190652224072e-19 3.911704106522461e-19 3.941420031025867e-19 3.971339489348205e-19 4.001463546551738e-19 4.031793269088904e-19 4.062329724741544e-19 4.093073982558967e-19 4.124027112797565e-19 4.15519018685691e-19 4.186564277216217e-19 4.21815045736796e-19 4.249949801754774e-19 4.28196338569975e-19 4.314192285340551e-19 4.346637577558949e-19 4.379300339912849e-19 4.412181650562743e-19 4.445282588203531e-19 4.478604231986572e-19 4.512147661451618e-19 4.545913956445866e-19 4.579904197053572e-19 4.614119463513528e-19 4.648560836145899e-19 4.683229395269171e-19 4.718126221121884e-19 4.753252393781489e-19 4.788608993080881e-19 4.824197098524609e-19 4.860017789206432e-19 4.896072143720878e-19 4.932361240078709e-19 4.96888596843001e-19 
SCALARS grain_id_initial double 1
LOOKUP_TABLE default
2 2 2 2 2 2 2 2 2 2 2 2 2 2 2 2 2 2 2 2 2 2 2 2 2 2 2 2 2 2 2 2 2 2 2 2 2 2 2 2 2 2 2 2 2 2 2 2 2 2 2 2 2 2 2 2 2 2 2 2 2 
2 2 2 2 2 2 2 2 2 2 2 2 2 2 2 2 2 2 2 2 2 2 2 2 2 2 2 2 2 2 2 2 2 2 2 2 2 2 2 2 2 2 2 2 2 2 2 2 2 2 2 2 2 2 2 2 2 2 2 2 2 
2 2 2 2 2 2 2 2 2 2 2 2 2 2 2 2 2 2 2 2 2 2 2 2 2 2 2 2 2 2 2 2 2 2 2 2 2 2 2 2 2 2 2 2 2 2 2 2 2 2 2 2 2 2 2 2 2 2 2 2 2 
2 2 2 2 2 2 2 2 2 2 2 2 2 2 2 2 2 2 2 2 2 2 2 2 2 2 2 2 2 2 2 2 2 2 2 2 2 2 2 2 2 2 2 2 2 2 2 2 2 2 2 2 2 2 2 2 2 2 2 2 2 
2 2 2 2 2 2 2 2 2 2 2 2 2 2 2 2 2 2 2 2 2 2 2 2 2 2 2 2 2 2 2 2 2 2 2 2 2 2 2 2 2 2 2 2 2 2 2 2 2 2 2 2 2 2 2 2 2 2 2 2 2 
2 2 2 2 2 2 2 2 2 2 2 2 2 2 2 2 2 2 2 2 2 2 2 2 2 2 2 2 2 2 2 2 2 2 2 2 2 2 2 2 2 2 2 2 2 2 2 2 2 2 2 2 2 2 2 2 2 2 2 2 2 
2 2 2 2 2 2 2 2 2 2 2 2 2 2 2 2 2 2 2 2 2 2 2 2 2 2 2 2 2 2 2 2 2 2 2 2 2 2 2 2 2 2 2 2 2 2 2 2 2 2 2 2 2 2 2 2 2 2 2 2 2 
2 2 2 2 2 2 2 2 2 2 2 2 2 2 2 2 2 2 2 2 2 2 2 2 2 2 2 2 2 2 2 2 2 2 2 2 2 2 2 2 2 2 2 2 2 2 2 2 2 2 2 2 2 2 2 2 2 2 2 2 2 
2 2 2 2 2 2 2 2 2 2 2 2 2 2 2 2 2 2 2 2 2 2 2 2 2 2 2 2 2 2 2 2 2 2 2 2 2 2 2 2 2 2 2 2 2 2 2 2 2 2 2 2 2 2 2 2 2 2 2 2 2 
2 2 2 2 2 2 2 2 2 2 2 2 2 2 2 2 2 2 2 2 2 2 2 2 2 2 2 2 2 2 2 2 2 2 2 2 2 2 2 2 2 2 2 2 2 2 2 2 2 2 2 2 2 2 2 2 2 2 2 2 2 
2 2 2 2 2 2 2 2 2 2 2 2 2 2 2 2 2 2 2 2 2 2 2 2 2 2 2 2 2 2 2 2 2 2 2 2 2 2 2 2 2 2 2 2 2 2 2 2 2 2 2 2 2 2 2 2 2 2 2 2 2 
2 2 2 2 2 2 2 2 2 2 2 2 2 2 2 2 2 2 2 2 2 2 2 2 2 2 2 2 2 2 2 2 2 2 2 2 2 2 2 2 2 2 2 2 2 2 2 2 2 2 2 2 2 2 2 2 2 2 2 2 2 
2 2 2 2 2 2 2 2 2 2 2 2 2 2 2 2 2 2 2 2 2 2 2 2 2 2 2 2 2 2 2 2 2 2 2 2 2 2 2 2 2 2 2 2 2 2 2 2 2 2 2 2 2 2 2 2 2 2 2 2 2 
2 2 2 2 2 2 2 2 2 2 2 2 2 2 2 2 2 2 2 2 2 2 2 2 2 2 2 2 2 2 2 2 2 2 2 2 2 2 2 2 2 2 2 2 2 2 2 2 2 2 2 2 2 2 2 2 2 2 2 2 2 
2 2 2 2 2 2 2 2 2 2 2 2 2 2 2 2 2 2 2 2 2 2 2 2 2 2 2 2 2 2 2 2 2 2 2 2 2 2 2 2 2 2 2 2 2 2 2 2 2 2 2 2 2 2 2 2 2 2 2 2 2 
2 2 2 2 2 2 2 2 2 2 2 2 2 2 2 2 2 2 2 2 2 2 2 2 2 2 2 2 2 2 2 2 2 2 2 2 2 2 2 2 2 2 2 2 2 2 2 2 2 2 2 2 2 2 2 2 2 2 2 2 2 
2 2 2 2 2 2 2 2 2 2 2 2 2 2 2 2 2 2 2 2 2 2 2 2 2 2 2 2 2 2 2 2 2 2 2 2 2 2 2 2 2 2 2 2 2 2 2 2 2 2 2 2 2 2 2 2 2 2 2 2 2 
2 2 2 2 2 2 2 2 2 2 2 2 2 2 2 2 2 2 2 2 2 2 2 2 2 2 2 2 2 2 2 2 2 2 2 2 2 2 2 2 2 2 2 2 2 2 2 2 2 2 2 2 2 2 2 2 2 2 2 2 2 
2 2 2 2 2 2 2 2 2 2 2 2 2 2 2 2 2 2 2 2 2 2 2 2 2 2 2 2 2 2 2 2 2 2 2 2 2 2 2 2 2 2 2 2 2 2 2 2 2 2 2 2 2 2 2 2 2 2 2 2 2 
2 2 2 2 2 2 2 2 2 2 2 2 2 2 2 2 2 2 2 2 2 2 2 2 2 2 2 2 2 2 2 2 2 2 2 2 2 2 2 2 2 2 2 2 2 2 2 2 2 2 2 2 2 2 2 2 2 2 2 2 2 
2 2 2 2 2 2 2 2 2 2 2 2 2 2 2 2 2 2 2 2 2 2 2 2 2 2 2 2 2 2 2 2 2 2 2 2 2 2 2 2 2 2 2 2 2 2 2 2 2 2 2 2 2 2 2 2 2 2 2 2 2 
2 2 2 2 2 2 2 2 2 2 2 2 2 2 2 2 2 2 2 2 2 2 2 2 2 2 2 2 2 2 2 2 2 2 2 2 2 2 2 2 2 2 2 2 2 2 2 2 2 2 2 2 2 2 2 2 2 2 2 2 2 
2 2 2 2 2 2 2 2 2 2 2 2 2 2 2 2 2 2 2 2 2 2 2 2 2 2 2 2 2 2 2 2 2 2 2 2 2 2 2 2 2 2 2 2 2 2 2 2 2 2 2 2 2 2 2 2 2 2 2 2 2 
2 2 2 2 2 2 2 2 2 2 2 2 2 2 2 2 2 2 2 2 2 2 2 2 2 2 2 2 2 2 2 2 2 2 2 2 2 2 2 2 2 2 2 2 2 2 2 2 2 2 2 2 2 2 2 2 2 2 2 2 2 
2 2 2 2 2 2 2 2 2 2 2 2 2 2 2 2 2 2 2 2 2 2 2 2 2 2 2 2 2 2 2 2 2 2 2 2 2 2 2 2 2 2 2 2 2 2 2 2 2 2 2 2 2 2 2 2 2 2 2 2 2 
2 2 2 2 2 2 2 2 2 2 2 2 2 2 2 2 2 2 2 2 2 2 2 2 2 2 2 2 2 2 2 2 2 2 2 2 2 2 2 2 2 2 2 2 2 2 2 2 2 2 2 2 2 2 2 2 2 2 2 2 2 
1 1 1 1 1 1 1 1 1 1 1 1 1 1 1 1 1 1 1 1 1 1 1 1 1 1 1 1 1 1 1 1 1 1 1 1 1 1 1 1 1 1 1 1 1 1 1 1 1 1 1 1 1 1 1 1 1 1 1 1 1 
1 1 1 1 1 1 1 1 1 1 1 1 1 1 1 1 1 1 1 1 1 1 1 1 1 1 1 1 1 1 1 1 1 1 1 1 1 1 1 1 1 1 1 1 1 1 1 1 1 1 1 1 1 1 1 1 1 1 1 1 1 
1 1 1 1 1 1 1 1 1 1 1 1 1 1 1 1 1 1 1 1 1 1 1 1 1 1 1 1 1 1 1 1 1 1 1 1 1 1 1 1 1 1 1 1 1 1 1 1 1 1 1 1 1 1 1 1 1 1 1 1 1 
1 1 1 1 1 1 1 1 1 1 1 1 1 1 1 1 1 1 1 1 1 1 1 1 1 1 1 1 1 1 1 1 1 1 1 1 1 1 1 1 1 1 1 1 1 1 1 1 1 1 1 1 1 1 1 1 1 1 1 1 1 
1 1 1 1 1 1 1 1 1 1 1 1 1 1 1 1 1 1 1 1 1 1 1 1 1 1 1 1 1 1 1 1 1 1 1 1 1 1 1 1 1 1 1 1 1 1 1 1 1 1 1 1 1 1 1 1 1 1 1 1 1 
1 1 1 1 1 1 1 1 1 1 1 1 1 1 1 1 1 1 1 1 1 1 1 1 1 1 1 1 1 1 1 1 1 1 1 1 1 1 1 1 1 1 1 1 1 1 1 1 1 1 1 1 1 1 1 1 1 1 1 1 1 
1 1 1 1 1 1 1 1 1 1 1 1 1 1 1 1 1 1 1 1 1 1 1 1 1 1 1 1 1 1 1 1 1 1 1 1 1 1 1 1 1 1 1 1 1 1 1 1 1 1 1 1 1 1 1 1 1 1 1 1 1 
1 1 1 1 1 1 1 1 1 1 1 1 1 1 1 1 1 1 1 1 1 1 1 1 1 1 1 1 1 1 1 1 1 1 1 1 1 1 1 1 1 1 1 1 1 1 1 1 1 1 1 1 1 1 1 1 1 1 1 1 1 
1 1 1 1 1 1 1 1 1 1 1 1 1 1 1 1 1 1 1 1 1 1 1 1 1 1 1 1 1 1 1 1 1 1 1 1 1 1 1 1 1 1 1 1 1 1 1 1 1 1 1 1 1 1 1 1 1 1 1 1 1 
1 1 1 1 1 1 1 1 1 1 1 1 1 1 1 1 1 1 1 1 1 1 1 1 1 1 1 1 1 1 1 1 1 1 1 1 1 1 1 1 1 1 1 1 1 1 1 1 1 1 1 1 1 1 1 1 1 1 1 1 1 
1 1 1 1 1 1 1 1 1 1 1 1 1 1 1 1 1 1 1 1 1 1 1 1 1 1 1 1 1 1 1 1 1 1 1 1 1 1 1 1 1 1 1 1 1 1 1 1 1 1 1 1 1 1 1 1 1 1 1 1 1 
1 1 1 1 1 1 1 1 1 1 1 1 1 1 1 1 1 1 1 1 1 1 1 1 1 1 1 1 1 1 1 1 1 1 1 1 1 1 1 1 1 1 1 1 1 1 1 1 1 1 1 1 1 1 1 1 1 1 1 1 1 
1 1 1 1 1 1 1 1 1 1 1 1 1 1 1 1 1 1 1 1 1 1 1 1 1 1 1 1 1 1 1 1 1 1 1 1 1 1 1 1 1 1 1 1 1 1 1 1 1 1 1 1 1 1 1 1 1 1 1 1 1 
1 1 1 1 1 1 1 1 1 1 1 1 1 1 1 1 1 1 1 1 1 1 1 1 1 1 1 1 1 1 1 1 1 1 1 1 1 1 1 1 1 1 1 1 1 1 1 1 1 1 1 1 1 1 1 1 1 1 1 1 1 
1 1 1 1 1 1 1 1 1 1 1 1 1 1 1 1 1 1 1 1 1 1 1 1 1 1 1 1 1 1 1 1 1 1 1 1 1 1 1 1 1 1 1 1 1 1 1 1 1 1 1 1 1 1 1 1 1 1 1 1 1 
1 1 1 1 1 1 1 1 1 1 1 1 1 1 1 1 1 1 1 1 1 1 1 1 1 1 1 1 1 1 1 1 1 1 1 1 1 1 1 1 1 1 1 1 1 1 1 1 1 1 1 1 1 1 1 1 1 1 1 1 1 
1 1 1 1 1 1 1 1 1 1 1 1 1 1 1 1 1 1 1 1 1 1 1 1 1 1 1 1 1 1 1 1 1 1 1 1 1 1 1 1 1 1 1 1 1 1 1 1 1 1 1 1 1 1 1 1 1 1 1 1 1 
1 1 1 1 1 1 1 1 1 1 1 1 1 1 1 1 1 1 1 1 1 1 1 1 1 1 1 1 1 1 1 1 1 1 1 1 1 1 1 1 1 1 1 1 1 1 1 1 1 1 1 1 1 1 1 1 1 1 1 1 1 
1 1 1 1 1 1 1 1 1 1 1 1 1 1 1 1 1 1 1 1 1 1 1 1 1 1 1 1 1 1 1 1 1 1 1 1 1 1 1 1 1 1 1 1 1 1 1 1 1 1 1 1 1 1 1 1 1 1 1 1 1 
1 1 1 1 1 1 1 1 1 1 1 1 1 1 1 1 1 1 1 1 1 1 1 1 1 1 1 1 1 1 1 1 1 1 1 1 1 1 1 1 1 1 1 1 1 1 1 1 1 1 1 1 1 1 1 1 1 1 1 1 1 
1 1 1 1 1 1 1 1 1 1 1 1 1 1 1 1 1 1 1 1 1 1 1 1 1 1 1 1 1 1 1 1 1 1 1 1 1 1 1 1 1 1 1 1 1 1 1 1 1 1 1 1 1 1 1 1 1 1 1 1 1 
1 1 1 1 1 1 1 1 1 1 1 1 1 1 1 1 1 1 1 1 1 1 1 1 1 1 1 1 1 1 1 1 1 1 1 1 1 1 1 1 1 1 1 1 1 1 1 1 1 1 1 1 1 1 1 1 1 1 1 1 1 
1 1 1 1 1 1 1 1 1 1 1 1 1 1 1 1 1 1 1 1 1 1 1 1 1 1 1 1 1 1 1 1 1 1 1 1 1 1 1 1 1 1 1 1 1 1 1 1 1 1 1 1 1 1 1 1 1 1 1 1 1 
1 1 1 1 1 1 1 1 1 1 1 1 1 1 1 1 1 1 1 1 1 1 1 1 1 1 1 1 1 1 1 1 1 1 1 1 1 1 1 1 1 1 1 1 1 1 1 1 1 1 1 1 1 1 1 1 1 1 1 1 1 
1 1 1 1 1 1 1 1 1 1 1 1 1 1 1 1 1 1 1 1 1 1 1 1 1 1 1 1 1 1 1 1 1 1 1 1 1 1 1 1 1 1 1 1 1 1 1 1 1 1 1 1 1 1 1 1 1 1 1 1 1 
1 1 1 1 1 1 1 1 1 1 1 1 1 1 1 1 1 1 1 1 1 1 1 1 1 1 1 1 1 1 1 1 1 1 1 1 1 1 1 1 1 1 1 1 1 1 1 1 1 1 1 1 1 1 1 1 1 1 1 1 1 
1 1 1 1 1 1 1 1 1 1 1 1 1 1 1 1 1 1 1 1 1 1 1 1 1 1 1 1 1 1 1 1 1 1 1 1 1 1 1 1 1 1 1 1 1 1 1 1 1 1 1 1 1 1 1 1 1 1 1 1 1 
1 1 1 1 1 1 1 1 1 1 1 1 1 1 1 1 1 1 1 1 1 1 1 1 1 1 1 1 1 1 1 1 1 1 1 1 1 1 1 1 1 1 1 1 1 1 1 1 1 1 1 1 1 1 1 1 1 1 1 1 1 
1 1 1 1 1 1 1 1 1 1 1 1 1 1 1 1 1 1 1 1 1 1 1 1 1 1 1 1 1 1 1 1 1 1 1 1 1 1 1 1 1 1 1 1 1 1 1 1 1 1 1 1 1 1 1 1 1 1 1 1 1 
1 1 1 1 1 1 1 1 1 1 1 1 1 1 1 1 1 1 1 1 1 1 1 1 1 1 1 1 1 1 1 1 1 1 1 1 1 1 1 1 1 1 1 1 1 1 1 1 1 1 1 1 1 1 1 1 1 1 1 1 1 
1 1 1 1 1 1 1 1 1 1 1 1 1 1 1 1 1 1 1 1 1 1 1 1 1 1 1 1 1 1 1 1 1 1 1 1 1 1 1 1 1 1 1 1 1 1 1 1 1 1 1 1 1 1 1 1 1 1 1 1 1 
2 2 2 2 2 2 2 2 2 2 2 2 2 2 2 2 2 2 2 2 2 2 2 2 2 2 2 2 2 2 2 2 2 2 2 2 2 2 2 2 2 2 2 2 2 2 2 2 2 2 2 2 2 2 2 2 2 2 2 2 2 
2 2 2 2 2 2 2 2 2 2 2 2 2 2 2 2 2 2 2 2 2 2 2 2 2 2 2 2 2 2 2 2 2 2 2 2 2 2 2 2 2 2 2 2 2 2 2 2 2 2 2 2 2 2 2 2 2 2 2 2 2 
2 2 2 2 2 2 2 2 2 2 2 2 2 2 2 2 2 2 2 2 2 2 2 2 2 2 2 2 2 2 2 2 2 2 2 2 2 2 2 2 2 2 2 2 2 2 2 2 2 2 2 2 2 2 2 2 2 2 2 2 2 
2 2 2 2 2 2 2 2 2 2 2 2 2 2 2 2 2 2 2 2 2 2 2 2 2 2 2 2 2 2 2 2 2 2 2 2 2 2 2 2 2 2 2 2 2 2 2 2 2 2 2 2 2 2 2 2 2 2 2 2 2 
SCALARS GB_initial double 1
LOOKUP_TABLE default
0.01317287382847921 0.01334312754145523 0.01351532393149835 0.0136894814584538 0.01386561870728184 0.01404375438824308 0.01422390733707406 0.01440609651515295 0.01459034100965573 0.01477666003370176 0.01496507292648936 0.01515559915342119 0.01534825830621892 0.0155430701030271 0.01574005438850679 0.01593923113391729 0.01614062043718793 0.01634424252297743 0.01655011774272287 0.01675826657467645 0.0169687096239307 0.01718146762243195 0.01739656142898183 0.01761401202922653 0.01783384053563335 0.01805606818745561 0.01828071635068469 0.01850780651798846 0.01873736030863809 0.0189693994684209 0.01920394586954038 0.01944102151050261 0.01968064851598957 0.01992284913671817 0.02016764574928578 0.02041506085600226 0.02066511708470666 0.0209178371885708 0.02117324404588767 0.02143136065984608 0.02169221015828921 0.02195581579345975 0.02222220094172834 0.02249138910330976 0.02276340390195933 0.02303826908465739 0.02331600852127766 0.02359664620423851 0.02388020624813758 0.02416671288937506 0.02445619048575281 0.02474866351606555 0.02504415657966852 0.02534269439603277 0.02564430180428278 0.02594900376271455 0.02625682534830056 0.02656779175617418 0.02688192829909842 0.02719926040691531 0.0275198136259809 
0.001959280076036396 0.001989711810185012 0.002020577674449543 0.002051883216850215 0.002083634046066041 0.00211583583194341 0.00214849430600671 0.002181615261970868 0.002215204556255919 0.002249268108503376 0.002283811902094568 0.00231884198467077 0.002354364468655217 0.00239038553177681 0.002426911417595692 0.002463948436030394 0.002501502963886859 0.002539581445388916 0.002578190392710511 0.002617336386509462 0.002657026076462733 0.002697266181803241 0.00273806349185813 0.002779424866588472 0.002821357237130238 0.002863867606336795 0.002906963049322618 0.002950650714008153 0.002994937821666055 0.003039831667468506 0.003085339621035642 0.003131469126985107 0.003178227705482624 0.003225622952793469 0.003273662541834943 0.003322354222729809 0.003371705823360309 0.003421725249923208 0.00347242048748542 0.003523799600540449 0.003575870733565194 0.003628642111577625 0.003682122040694566 0.003736318908690672 0.003791241185556683 0.00384689742405905 0.003903296260299264 0.003960446414273657 0.004018356690432934 0.004077035978242736 0.00413649325274276 0.004196737575107476 0.004257778093205369 0.004319624042158833 0.004382284744903741 0.00444576961274815 0.004510088145931447 0.004575249934182414 0.004641264657277129 0.004708142085595924 0.004775892080680352 
0.0002060657421810543 0.0002098050819902018 0.0002136082029806049 0.0002174761149224704 0.0002214098421394481 0.0002254104236933058 0.0002294789135705271 0.0002336163808708426 0.0002378239099977223 0.0002421026008508147 0.0002464535690203831 0.0002508779459837104 0.0002553768793035299 0.0002599515328284477 0.0002646030868954198 0.0002693327385342473 0.0002741417016741494 0.0002790312073523846 0.0002840025039249686 0.0002890568572794784 0.0002941955510499594 0.000299419886833963 0.0003047311844117099 0.0003101307819673975 0.0003156200363126597 0.0003212003231122092 0.0003268730371116608 0.0003326395923675272 0.0003385014224794496 0.0003444599808246306 0.0003505167407945037 0.0003566731960336434 0.0003629308606809369 0.0003692912696130072 0.0003757559786899273 0.0003823265650032321 0.0003890046271262028 0.000395791785366492 0.0004026896820210597 0.0004096999816334598 0.0004168243712534443 0.0004240645606989394 0.0004314222828204046 0.0004388992937675784 0.0004464973732585283 0.0004542183248512265 0.000462063976217443 0.0004700361794191096 0.0004781368111870473 0.00048636777320227 0.0004947309923795328 0.0005032284211535495 0.000511862037767522 0.0005206338465642273 0.0005295458782795996 0.000538600190338711 0.0005477988671543984 0.0005571440204282749 0.000566637789454347 0.0005762823414250755 0.0005860798717401047 
1.532527789897521e-05 1.564354280876987e-05 1.596811266599039e-05 1.62991057754407e-05 1.663664252400808e-05 1.698084541454115e-05 1.733183910022745e-05 1.768975041947356e-05 1.80547084312982e-05 1.84268444512402e-05 1.88062920877926e-05 1.91931872793649e-05 1.958766833178461e-05 1.99898759563401e-05 2.039995330837668e-05 2.081804602644736e-05 2.124430227203034e-05 2.167887276981604e-05 2.212191084857355e-05 2.257357248260223e-05 2.303401633377559e-05 2.350340379418572e-05 2.398189902939453e-05 2.446966902230036e-05 2.496688361762461e-05 2.547371556703046e-05 2.599034057487835e-05 2.651693734462405e-05 2.705368762587178e-05 2.760077626208695e-05 2.81583912389767e-05 2.872672373354691e-05 2.930596816384385e-05 2.989632223938671e-05 3.049798701230194e-05 3.11111669291662e-05 3.173606988356425e-05 3.237290726937442e-05 3.302189403478618e-05 3.368324873706197e-05 3.435719359804501e-05 3.504395456043271e-05 3.574376134481293e-05 3.645684750748252e-05 3.718345049904233e-05 3.792381172379787e-05 3.867817659995554e-05 3.944679462063669e-05 4.022991941570589e-05 4.102780881444399e-05 4.184072490904182e-05 4.266893411896404e-05 4.351270725615527e-05 4.437231959112438e-05 4.524805091990631e-05 4.61401856319037e-05 4.704901277863681e-05 4.797482614339254e-05 4.891792431179382e-05 4.987861074329167e-05 5.08571938436053e-05 
8.059427721039136e-07 8.247978338530228e-07 8.440779113288423e-07 8.637921954522743e-07 8.839500667624647e-07 9.045610991214977e-07 9.256350634869873e-07 9.471819317535992e-07 9.692118806647869e-07 9.917352957957845e-07 1.014762775609221e-06 1.038305135584392e-06 1.062373412421596e-06 1.086978868322639e-06 1.112132995348923e-06 1.137847519858275e-06 1.16413440702191e-06 1.191005865422895e-06 1.218474351737336e-06 1.246552575499783e-06 1.275253503954155e-06 1.304590366991685e-06 1.334576662177221e-06 1.365226159865473e-06 1.396552908408436e-06 1.428571239455799e-06 1.461295773349677e-06 1.494741424615108e-06 1.528923407548153e-06 1.563857241902961e-06 1.599558758679479e-06 1.636044106013466e-06 1.673329755170435e-06 1.711432506645167e-06 1.750369496368582e-06 1.790158202023694e-06 1.830816449472224e-06 1.872362419293907e-06 1.914814653440121e-06 1.958192062003837e-06 2.002513930107275e-06 2.047799924909983e-06 2.094070102738324e-06 2.141344916339165e-06 2.189645222258689e-06 2.238992288349603e-06 2.289407801407554e-06 2.340913874939809e-06 2.393533057067016e-06 2.447288338562138e-06 2.502203161025852e-06 2.558301425203853e-06 2.615607499445168e-06 2.674146228306023e-06 2.733942941300352e-06 2.795023461799073e-06 2.857414116081529e-06 2.921141742540114e-06 2.986233701041511e-06 3.052717882446033e-06 3.120622718288817e-06 
2.997045501419055e-08 3.075057166228233e-08 3.155039261170086e-08 3.237039946413517e-08 3.321108517299166e-08 3.407295430033193e-08 3.495652327936757e-08 3.586232068261987e-08 3.679088749586662e-08 3.774277739798652e-08 3.871855704683268e-08 3.971880637124352e-08 4.07441188693324e-08 4.179510191316742e-08 4.287237705998665e-08 4.397658037006745e-08 4.510836273139578e-08 4.626839019126633e-08 4.745734429495617e-08 4.867592243161473e-08 4.992483818751359e-08 5.12048217068082e-08 5.251662005995765e-08 5.386099761996273e-08 5.523873644656835e-08 5.66506366786041e-08 5.809751693461647e-08 5.958021472195506e-08 6.109958685449415e-08 6.26565098791502e-08 6.425188051137354e-08 6.588661607979827e-08 6.756165498022371e-08 6.927795713911567e-08 7.103650448681809e-08 7.283830144066896e-08 7.468437539820354e-08 7.657577724066269e-08 7.851358184699392e-08 8.049888861855873e-08 8.253282201475597e-08 8.461653209977251e-08 8.675119510068096e-08 8.893801397711809e-08 9.117821900273021e-08 9.347306835867896e-08 9.582384873938206e-08 9.82318759707701e-08 1.006984956412591e-07 1.032250837457572e-07 1.058130473428501e-07 1.084638252255472e-07 1.11178888605735e-07 1.139597418126816e-07 1.168079230058381e-07 1.197250049021787e-07 1.227125955184317e-07 1.257723389284114e-07 1.289059160357922e-07 1.321150453625853e-07 1.35401483853685e-07 
7.880898853293206e-10 8.106850448426748e-10 8.339121201610413e-10 8.577883177127625e-10 8.823312990684619e-10 9.075591926057334e-10 9.334906054626344e-10 9.601446357866682e-10 9.875408852865004e-10 1.015699472093336e-09 1.044641043939605e-09 1.074386791662206e-09 1.104958463038201e-09 1.136378376960641e-09 1.16866943796284e-09 1.201855151098947e-09 1.23595963718958e-09 1.27100764844089e-09 1.307024584445977e-09 1.34403650857758e-09 1.382070164781217e-09 1.4211529947783e-09 1.461313155688654e-09 1.502579538082501e-09 1.544981784471583e-09 1.588550308250168e-09 1.6333163130961e-09 1.679311812842647e-09 1.726569651832309e-09 1.775123525763655e-09 1.825008003042646e-09 1.876258546650259e-09 1.928911536538372e-09 1.983004292565978e-09 2.038575097988539e-09 2.095663223513144e-09 2.154308951932324e-09 2.214553603350276e-09 2.276439561014953e-09 2.340010297769894e-09 2.405310403140267e-09 2.472385611067447e-09 2.541282828307274e-09 2.612050163507433e-09 2.684736956978131e-09 2.75939381117441e-09 2.836072621903958e-09 2.914826610278524e-09 2.995710355424708e-09 3.078779827973542e-09 3.164092424342943e-09 3.251707001835688e-09 3.341683914567126e-09 3.434085050244433e-09 3.528973867815667e-09 3.62641543600743e-09 3.72647647277331e-09 3.829225385671629e-09 3.934732313194796e-09 4.0430691670707e-09 4.154309675560325e-09 
1.465384036625645e-11 1.511278188370933e-11 1.558579965541886e-11 1.607331593085305e-11 1.657576532884049e-11 1.709359519080155e-11 1.762726594379437e-11 1.817725147363704e-11 1.874403950838084e-11 1.932813201240862e-11 1.993004559145042e-11 2.055031190880222e-11 2.118947811305501e-11 2.184810727763862e-11 2.252677885250019e-11 2.322608912823798e-11 2.39466517130293e-11 2.468909802268903e-11 2.545407778421372e-11 2.624225955316879e-11 2.705433124528726e-11 2.789100068266202e-11 2.87529961549147e-11 2.964106699574834e-11 3.055598417527731e-11 3.149854090857198e-11 3.246955328083496e-11 3.346986088965249e-11 3.450032750477522e-11 3.556184174589332e-11 3.665531777887584e-11 3.778169603096719e-11 3.894194392543985e-11 4.013705663621259e-11 4.136805786296438e-11 4.263600062728592e-11 4.394196809040849e-11 4.528707439309558e-11 4.667246551826317e-11 4.80993201769362e-11 4.956885071814311e-11 5.108230406338236e-11 5.264096266629748e-11 5.424614549823265e-11 5.589920906031202e-11 5.7601548422785e-11 5.935459829229899e-11 6.115983410785924e-11 6.301877316619785e-11 6.493297577735461e-11 6.690404645118838e-11 6.893363511570473e-11 7.102343836794753e-11 7.317520075835084e-11 7.539071610939846e-11 7.767182886945546e-11 8.002043550273401e-11 8.243848591626999e-11 8.492798492490101e-11 8.749099375518054e-11 9.01296315893518e-11 
1.926728156947682e-13 1.992186316641156e-13 2.059829047505561e-13 2.129727900445382e-13 2.20195672381903e-13 2.27659173567163e-13 2.353711598188915e-13 2.433397494437926e-13 2.515733207464134e-13 2.600805201814371e-13 2.688702707559842e-13 2.779517806892168e-13 2.873345523370964e-13 2.970283913901205e-13 3.070434163522419e-13 3.173900683093208e-13 3.280791209957694e-13 3.391216911682542e-13 3.505292492956388e-13 3.623136305744643e-13 3.744870462797939e-13 3.870620954612513e-13 4.000517769945779e-13 4.134695019992498e-13 4.273291066328712e-13 4.416448652737381e-13 4.564315041028564e-13 4.717042150972728e-13 4.874786704469344e-13 5.03771037407516e-13 5.205979936020874e-13 5.379767427848592e-13 5.559250310806268e-13 5.744611637138762e-13 5.936040222419807e-13 6.133730823073331e-13 6.337884319235236e-13 6.548707903114256e-13 6.766415273011312e-13 6.991226833164148e-13 7.223369899587676e-13 7.463078912084972e-13 7.71059565260942e-13 7.966169470165069e-13 8.23005751243101e-13 8.502524964313912e-13 8.783845293622684e-13 9.074300504078101e-13 9.37418139586598e-13 9.68378783396102e-13 1.000342902443438e-12 1.033342379899247e-12 1.067410090797044e-12 1.102579932203707e-12 1.138886854285762e-12 1.176366892297219e-12 1.215057199516327e-12 1.254996081157818e-12 1.29622302928949e-12 1.338778758781197e-12 1.382705244318049e-12 
1.791359361027396e-15 1.856986628886314e-15 1.92498146634893e-15 1.995427922421821e-15 2.068412979948808e-15 2.144026656220081e-15 2.222362106967588e-15 2.303515733858188e-15 2.387587295600356e-15 2.474680022783064e-15 2.564900736570154e-15 2.658359971376629e-15 2.755172101658375e-15 2.855455472949826e-15 2.959332537289888e-15 3.066929993179359e-15 3.178378930219108e-15 3.293814978581946e-15 3.413378463477133e-15 3.537214564770022e-15 3.665473481926536e-15 3.798310604455746e-15 3.935886688030273e-15 4.078368036471131e-15 4.225926689785208e-15 4.378740618456839e-15 4.536993924194143e-15 4.700877047341127e-15 4.870586981173016e-15 5.046327493298073e-15 5.228309354396884e-15 5.41675057453725e-15 5.611876647311047e-15 5.81392080204576e-15 6.023124264353241e-15 6.239736525285369e-15 6.464015619374472e-15 6.696228411847118e-15 6.936650895306657e-15 7.185568496190547e-15 7.443276391318308e-15 7.710079834855039e-15 7.986294496026237e-15 8.272246807931334e-15 8.56827432780957e-15 8.874726109132373e-15 9.191963085896402e-15 9.520358469513772e-15 9.860298158698522e-15 1.021218116277586e-14 1.057642003882813e-14 1.095344134314071e-14 1.134368609738792e-14 1.174761027004084e-14 1.216568527348196e-14 1.259839847732227e-14 1.304625373844814e-14 1.350977194832104e-14 1.398949159809203e-14 1.44859693620761e-14 1.499978070021434e-14 
1.177709765861985e-17 1.223998500847737e-17 1.272082306948875e-17 1.322029831900348e-17 1.373912310796323e-17 1.427803662139902e-17 1.483780587402563e-17 1.541922674218894e-17 1.602312503347744e-17 1.665035759534432e-17 1.730181346414452e-17 1.797841505603067e-17 1.868111940121259e-17 1.941091942312734e-17 2.016884526413177e-17 2.095596565937959e-17 2.177338936060331e-17 2.262226661158536e-17 2.350379067716592e-17 2.441919942768923e-17 2.536977698087557e-17 2.635685540315634e-17 2.738181647259537e-17 2.844609350558568e-17 2.955117324958657e-17 3.069859784425739e-17 3.188996685341231e-17 3.312693937030229e-17 3.441123619884379e-17 3.574464211347193e-17 3.712900820041065e-17 3.856625428324181e-17 4.005837143575849e-17 4.160742458518587e-17 4.321555520896804e-17 4.488498412842661e-17 4.661801440270663e-17 4.841703432654986e-17 5.028452053556505e-17 5.222304122276921e-17 5.423525947032803e-17 5.632393670054967e-17 5.849193625032199e-17 6.074222707334577e-17 6.307788757462132e-17 6.550210958188201e-17 6.801820245873351e-17 7.062959736449752e-17 7.333985166587193e-17 7.615265350578525e-17 7.907182653484376e-17 8.210133481118068e-17 8.524528787449197e-17 8.850794600040583e-17 9.189372564147172e-17 9.54072050612375e-17 9.905313016822522e-17 1.028364205566937e-16 1.067621757614701e-16 1.108356817341441e-16 1.1506241754866e-16 
1.516259973040765e-16 1.571940706413166e-16 1.629637061671825e-16 1.689420921015856e-16 1.751366690422282e-16 1.81555138681807e-16 1.88205472821196e-16 1.950959226884496e-16 2.022350285738623e-16 2.096316297915282e-16 2.17294874978398e-16 2.252342327418986e-16 2.334595026678451e-16 2.41980826700519e-16 2.508087009073179e-16 2.599539876407323e-16 2.694279281107887e-16 2.792421553815997e-16 2.894087078060825e-16 2.999400429132733e-16 3.108490517632869e-16 3.221490737853441e-16 3.338539121148426e-16 3.459778494459308e-16 3.585356644165738e-16 3.715426485437498e-16 3.850146237268484e-16 3.989679603379431e-16 4.13419595918352e-16 4.283870545013791e-16 4.438884665818166e-16 4.599425897534474e-16 4.765688300365366e-16 4.937872639178807e-16 5.116186611268197e-16 5.30084508171375e-16 5.492070326592518e-16 5.69009228429607e-16 5.895148815219589e-16 6.107485970096385e-16 6.327358267260204e-16 6.555028979127532e-16 6.790770428199198e-16 7.034864292894379e-16 7.287601923532485e-16 7.549284668800244e-16 7.820224213039267e-16 8.100742924709867e-16 8.391174216389979e-16 8.691862916693098e-16 9.003165654476786e-16 9.325451255759665e-16 9.65910115374049e-16 1.000450981235763e-15 1.036208516382165e-15 1.073224906056945e-15 1.111543774211695e-15 1.15121023172805e-15 1.192270926227317e-15 1.234774093517313e-15 1.278769610732438e-15 
1.939450322806599e-14 2.005675241911868e-14 2.074124443471685e-14 2.144871350238405e-14 2.217991764814806e-14 2.293563945320494e-14 2.371668683416068e-14 2.452389384755893e-14 2.53581215194419e-14 2.622025870070105e-14 2.711122294900939e-14 2.803196143813303e-14 2.898345189546536e-14 2.996670356862881e-14 3.098275822203832e-14 3.203269116432426e-14 3.311761230755605e-14 3.423866725922568e-14 3.539703844798945e-14 3.659394628417271e-14 3.783065035610889e-14 3.910845066337924e-14 4.042868888806912e-14 4.179274970519939e-14 4.32020621334869e-14 4.4658100927682e-14 4.616238801370882e-14 4.771649396790097e-14 4.932203954166442e-14 5.098069723292901e-14 5.269419290578463e-14 5.446430745975725e-14 5.629287855021076e-14 5.818180236139259e-14 6.013303543372209e-14 6.214859654691986e-14 6.423056866065968e-14 6.638110091446104e-14 6.860241068858122e-14 7.089678572773739e-14 7.326658632952142e-14 7.57142475994358e-14 7.824228177453682e-14 8.085328061773569e-14 8.354991788480572e-14 8.633495186634341e-14 8.921122800681836e-14 9.218168160306306e-14 9.524934058450046e-14 9.841732837760628e-14 1.016888668569869e-13 1.050672793857675e-13 1.085559939478043e-13 1.121585463745173e-13 1.158785836691206e-13 1.19719867431053e-13 1.236862773836858e-13 1.277818150082229e-13 1.320106072870313e-13 1.363769105594423e-13 1.408851144936742e-13 
1.754189104904473e-12 1.809580161537956e-12 1.866686927249731e-12 1.925561474132298e-12 1.986257420867669e-12 2.048829977614757e-12 2.113335992167856e-12 2.179833997420928e-12 2.248384260174012e-12 2.319048831318338e-12 2.391891597438514e-12 2.466978333870227e-12 2.544376759253788e-12 2.624156591624401e-12 2.706389606081556e-12 2.791149694080174e-12 2.878512924388774e-12 2.968557605759575e-12 3.061364351357669e-12 3.157016144997088e-12 3.255598409233279e-12 3.357199075362652e-12 3.46190865538085e-12 3.569820315953552e-12 3.681029954453715e-12 3.795636277122859e-12 3.913740879412527e-12 4.035448328566071e-12 4.160866248501375e-12 4.290105407056468e-12 4.423279805662641e-12 4.56050677151024e-12 4.701907052274653e-12 4.847604913471837e-12 4.997728238514048e-12 5.15240863153922e-12 5.311781523087805e-12 5.475986278704446e-12 5.64516631054322e-12 5.819469192056995e-12 5.999046775853302e-12 6.184055314802668e-12 6.374655586486201e-12 6.571013021072017e-12 6.773297832710999e-12 6.981685154549204e-12 7.196355177450179e-12 7.417493292529474e-12 7.645290237598311e-12 7.87994224762917e-12 8.121651209338402e-12 8.370624820008775e-12 8.627076750653768e-12 8.891226813645312e-12 9.163301134922892e-12 9.443532330901481e-12 9.732159690209629e-12 1.002942936037926e-11 1.033559453962352e-11 1.065091567382997e-11 1.097566065892363e-11 
1.121932989483242e-10 1.154483682377142e-10 1.187957550173529e-10 1.222380146854015e-10 1.257777715519028e-10 1.294177206453674e-10 1.331606295652948e-10 1.370093403817364e-10 1.409667715830867e-10 1.450359200732297e-10 1.492198632193347e-10 1.53521760951441e-10 1.579448579151911e-10 1.624924856789462e-10 1.671680649966477e-10 1.719751081277636e-10 1.769172212157334e-10 1.819981067263098e-10 1.872215659472792e-10 1.9259150155104e-10 1.981119202215549e-10 2.037869353472743e-10 2.096207697815838e-10 2.156177586724628e-10 2.217823523629659e-10 2.281191193643056e-10 2.346327494032544e-10 2.413280565456466e-10 2.482099823978449e-10 2.552835993880547e-10 2.625541141293536e-10 2.700268708664698e-10 2.777073550082886e-10 2.856011967481178e-10 2.937141747738702e-10 3.020522200703068e-10 3.106214198154697e-10 3.194280213736798e-10 3.284784363873164e-10 3.377792449697518e-10 3.473372000018929e-10 3.571592315347369e-10 3.672524513005134e-10 3.77624157335032e-10 3.882818387136719e-10 3.9923318040405e-10 4.104860682378267e-10 4.220485940046522e-10 4.339290606709881e-10 4.461359877270789e-10 4.586781166645299e-10 4.715644165882966e-10 4.848040899655769e-10 4.984065785152948e-10 5.123815692413514e-10 5.267390006128099e-10 5.414890688948822e-10 5.566422346338761e-10 5.722092292999301e-10 5.882010620910008e-10 6.046290269025603e-10 
5.073996775330213e-09 5.208234512360939e-09 5.345928153661738e-09 5.487164081299104e-09 5.632030767963615e-09 5.780618825797684e-09 5.933021056320122e-09 6.089332501469612e-09 6.249650495792011e-09 6.414074719795205e-09 6.582707254497442e-09 6.755652637193439e-09 6.933017918465704e-09 7.114912720465768e-09 7.301449296494435e-09 7.492742591907006e-09 7.688910306372449e-09 7.890072957515059e-09 8.096353945968354e-09 8.307879621869802e-09 8.524779352828682e-09 8.747185593396695e-09 8.975233956073638e-09 9.209063283881665e-09 9.448815724537625e-09 9.69463680626181e-09 9.946675515254683e-09 1.020508437487561e-08 1.047001952656275e-08 1.074164081252745e-08 1.102011186026175e-08 1.130560016889664e-08 1.159827719744959e-08 1.18983184550005e-08 1.220590359283709e-08 1.252121649861016e-08 1.284444539253932e-08 1.317578292571466e-08 1.351542628053482e-08 1.386357727332789e-08 1.422044245919831e-08 1.458623323914795e-08 1.496116596951654e-08 1.534546207379152e-08 1.573934815683035e-08 1.614305612155521e-08 1.655682328815959e-08 1.698089251588718e-08 1.741551232742847e-08 1.786093703599835e-08 1.831742687513511e-08 1.878524813129354e-08 1.926467327927383e-08 1.975598112055534e-08 2.025945692458843e-08 2.077539257310293e-08 2.130408670750413e-08 2.18458448794053e-08 2.240097970437273e-08 2.296981101893717e-08 2.355266604095485e-08 
1.622655085262016e-07 1.661445205825073e-07 1.701132230996904e-07 1.741736150459927e-07 1.783277381488886e-07 1.825776777680742e-07 1.86925563785355e-07 1.913735715117e-07 1.959239226118351e-07 2.005788860466152e-07 2.053407790335792e-07 2.102119680259437e-07 2.151948697104172e-07 2.202919520241367e-07 2.255057351911125e-07 2.308387927784792e-07 2.362937527729531e-07 2.418732986778378e-07 2.475801706309352e-07 2.534171665437644e-07 2.593871432624257e-07 2.654930177505364e-07 2.717377682946124e-07 2.78124435732292e-07 2.846561247037842e-07 2.913360049270208e-07 2.981673124968591e-07 3.051533512087806e-07 3.122974939075356e-07 3.196031838611615e-07 3.270739361608154e-07 3.347133391468657e-07 3.425250558617344e-07 3.50512825529922e-07 3.586804650656955e-07 3.670318706089701e-07 3.755710190897824e-07 3.843019698219405e-07 3.932288661263244e-07 4.023559369843157e-07 4.116874987219507e-07 4.212279567252663e-07 4.309818071873827e-07 4.409536388879555e-07 4.511481350053542e-07 4.615700749624018e-07 4.722243363060033e-07 4.831158966214353e-07 4.94249835481662e-07 5.056313364326585e-07 5.172656890147839e-07 5.291582908214688e-07 5.41314649595306e-07 5.537403853624905e-07 5.664412326062177e-07 5.794230424795026e-07 5.926917850584073e-07 6.062535516360707e-07 6.201145570583833e-07 6.342811421018992e-07 6.487597758950249e-07 
3.669399547648495e-06 3.747781597434967e-06 3.827769592973837e-06 3.909394921570862e-06 3.992689551463019e-06 4.077686041897987e-06 4.164417553375421e-06 4.252917858051859e-06 4.343221350312082e-06 4.435363057508584e-06 4.529378650872862e-06 4.625304456599189e-06 4.723177467105138e-06 4.823035352470067e-06 4.924916472054799e-06 5.028859886304861e-06 5.134905368739725e-06 5.243093418130938e-06 5.353465270872021e-06 5.466062913541879e-06 5.580929095665593e-06 5.698107342674827e-06 5.817641969070359e-06 5.939578091790463e-06 6.063961643786703e-06 6.190839387811244e-06 6.320258930418394e-06 6.452268736182126e-06 6.586918142134372e-06 6.72425737242622e-06 6.864337553214553e-06 7.007210727778417e-06 7.152929871867625e-06 7.301548909286256e-06 7.453122727715394e-06 7.607707194777946e-06 7.765359174347693e-06 7.926136543107978e-06 8.090098207361528e-06 8.257304120096205e-06 8.427815298308606e-06 8.601693840590838e-06 8.779002944982113e-06 8.959806927091093e-06 9.144171238488388e-06 9.33216248537861e-06 9.523848447550764e-06 9.719298097613107e-06 9.918581620514844e-06 1.012177043336167e-05 1.03289372055223e-05 1.054015587903931e-05 1.07555016893384e-05 1.097505118624747e-05 1.11988822553269e-05 1.142707413951197e-05 1.16597074610783e-05 1.189686424392782e-05 1.213862793620337e-05 1.238508343323411e-05 1.263631710081908e-05 
5.867546643722784e-05 5.977991394382254e-05 6.090406255504824e-05 6.204824220902787e-05 6.321278796182604e-05 6.439804005943136e-05 6.560434401062775e-05 6.683205066075235e-05 6.808151626636175e-05 6.935310257079993e-05 7.064717688069445e-05 7.196411214337189e-05 7.330428702521751e-05 7.466808599097282e-05 7.605589938399756e-05 7.746812350748591e-05 7.890516070666414e-05 8.036741945196395e-05 8.185531442319211e-05 8.336926659469925e-05 8.490970332155716e-05 8.647705842675819e-05 8.807177228944384e-05 8.969429193416999e-05 9.13450711212176e-05 9.302457043796896e-05 9.473325739134591e-05 9.647160650132115e-05 9.824009939552304e-05 0.0001000392249049336 0.0001018694791606924 0.0001037313656920144 0.0001056253955252392 0.0001075520872840079 0.0001095119672905903 0.0001115055696683702 0.0001135334364454865 0.0001155961176596592 0.0001176941714641961 0.0001198281642351987 0.0001219986706799641 0.0001242062739466186 0.0001264515657349602 0.0001287351464085583 0.0001310576251080685 0.0001334196198658392 0.0001358217577217593 0.0001382646748404016 0.0001407490166294296 0.0001432754378593457 0.000145844602784485 0.0001484571852653941 0.0001511138688924893 0.0001538153471110789 0.0001565623233477412 0.0001593555111380333 0.0001621956342556107 0.0001650834268426963 0.0001680196335419619 0.0001710050096297927 0.000174040321151004 
0.0006634540628235562 0.0006742625773664701 0.0006852349364493222 0.0006963734111659726 0.000707680300573574 0.000719157931981528 0.0007308086612425726 0.0007426348730460252 0.0007546389812132085 0.0007668234289949927 0.0007791906893715526 0.0007917432653542363 0.0008044836902896524 0.0008174145281658791 0.0008305383739208993 0.0008438578537531471 0.0008573756254342888 0.0008710943786241385 0.0008850168351877712 0.0008991457495148052 0.0009134839088408646 0.0009280341335712221 0.0009427992776066159 0.0009577822286712553 0.000972985908642969 0.0009884132738855699 0.001004067315583406 0.001019951060077994 0.001036067569206931 0.00105241994064492 0.001069011308246958 0.001085844842393712 0.001102923750339049 0.001120251276559696 0.001137830703107075 0.001155665349961323 0.001173758575387357 0.001192113776293183 0.001210734388590264 0.001229623887556097 0.001248785788198811 0.001268223645623931 0.001287941055403282 0.00130794165394603 0.001328229118871589 0.001348807169384936 0.001369679566653782 0.001390850114187943 0.001412322658220581 0.001434101088091886 0.001456189336634225 0.001478591380559936 0.001501311240850668 0.00152435298314898 0.001547720718151966 0.001571418602006618 0.00159545083670749 0.001619821670496085 0.001644535398262318 0.001669596361947781 0.001695008950951204 
0.005304664539615994 0.005377687812345766 0.00545161893400077 0.00552646772617387 0.00560224409588164 0.005678958036024471 0.005756619625845361 0.005835239031387039 0.005914826505947863 0.005995392390535793 0.006076947114320794 0.006159501195085456 0.006243065239673926 0.006327649944438629 0.006413266095685371 0.006499924570115973 0.00658763633526926 0.006676412449959382 0.006766264064712105 0.006857202422198787 0.006949238857667645 0.007042384799372749 0.007136651769000347 0.007232051382092521 0.007328595348467866 0.00742629547263971 0.007525163654231193 0.007625211888387175 0.007726452266183353 0.007828896975032019 0.007932558299084522 0.008037448619630518 0.00814358041549372 0.008250966263423937 0.008359618838485712 0.008469550914443368 0.00858077536414174 0.008693305159883515 0.008807153373802374 0.008922333178232258 0.009038857846072007 0.009156740751146256 0.009275995368561387 0.009396635275058277 0.009518674149358371 0.009642125772507101 0.009767004028211831 0.00989332290317479 0.01002109648742059 0.01015033897462083 0.01028106466241018 0.01041328795270065 0.01054702335198789 0.01068228547165354 0.010819089028262 0.01095744884385014 0.01109737984621333 0.0112388970691839 0.01138201565290465 0.01152675084409526 0.01167311799631428 
0.02999146990905251 0.03032877553766402 0.03066932691851813 0.03101314826279927 0.03136026387712475 0.03171069816286793 0.03206447561546595 0.03242162082371043 0.03278215846902306 0.03314611332471352 0.03351351025522147 0.03388437421534237 0.03425873024943581 0.0346366034906173 0.03501801915993363 0.03540300256552021 0.03579157910174274 0.03618377424831992 0.0365796135694306 0.03697912271280256 0.03738232740878369 0.037789253469396 0.03819992678737244 0.03861437333517505 0.03903261916399525 0.03945469040273696 0.03988061325698219 0.04031041400793627 0.04074411901135723 0.04118175469646585 0.04162334756483782 0.04206892418927646 0.04251851121266933 0.042972135346823 0.04342982337128162 0.04389160213212683 0.0443574985407565 0.04482753957264748 0.04530175226609764 0.04578016372095039 0.04626280109729778 0.04674969161416746 0.04724086254818709 0.04773634123223526 0.04823615505406435 0.04874033145491202 0.04924889792809067 0.04976188201755624 0.05027931131645649 0.05080121346566719 0.051327616152296 0.05185854710818042 0.05239403410835486 0.05293410496950501 0.05347878754840148 0.05402810974030858 0.05458209947738107 0.05514078472703498 0.05570419349030189 0.05627235380015953 0.05684529371984946 
0.1199030795989827 0.1209502935381447 0.1220044743742309 0.1230656450055019 0.1241338281534028 0.1252090463593949 0.1262913219817754 0.1273806771924866 0.1284771339739151 0.1295807141156783 0.1306914392114015 0.1318093306554863 0.1329344096398661 0.1340666971507546 0.1352062139653848 0.1363529806487355 0.1375070175502553 0.1386683448005713 0.1398369823081947 0.141012949756216 0.1421962665989923 0.1433869520588283 0.1445850251226511 0.1457905045386756 0.1470034088130645 0.1482237562065835 0.14945156473125 0.1506868521469749 0.1519296359581999 0.153179933410531 0.1544377614873663 0.1557031369065183 0.1569760761168375 0.1582565952948244 0.1595447103412439 0.1608404368777378 0.1621437902434278 0.163454785491524 0.164773437385926 0.1660997603978282 0.1674337687023155 0.1687754761749663 0.1701248963884497 0.1714820426091286 0.1728469277936528 0.1742195645855617 0.1755999653118889 0.1769881419797608 0.1783841062729959 0.1797878695487259 0.1811994428339842 0.1826188368223353 0.1840460618704773 0.1854811279948648 0.1869240448683363 0.1883748218167302 0.1898334678155269 0.1912999914864801 0.1927744010942624 0.1942567045431079 0.1957469093734777 
0.3389656449820639 0.3410764516130144 0.3431942723670879 0.3453190749040894 0.347450826308022 0.3495894930858791 0.3517350411664854 0.3538874358993762 0.3560466420537304 0.3582126238173392 0.3603853447956283 0.3625647680107222 0.3647508559005573 0.3669435703180383 0.3691428725302492 0.3713487232177011 0.373561082473641 0.3757799098033966 0.3780051641237786 0.3802368037625301 0.382474786457821 0.3847190693577981 0.3869696090201837 0.3892263614119242 0.3914892819088849 0.3937583252956066 0.3960334457651053 0.3983145969187247 0.4006017317660447 0.4028948027248372 0.4051937616210819 0.4074985596890209 0.4098091475712912 0.4121254753190828 0.4144474923923693 0.4167751476601906 0.4191083894009803 0.4214471653029586 0.4237914224645745 0.4261411073950089 0.428496166014723 0.4308565436560729 0.4332221850639742 0.4355930343966305 0.437969035226302 0.4403501305401483 0.4427362627411248 0.4451273736489301 0.4475234045010019 0.4499242959536106 0.4523299880829472 0.4547404203863343 0.4571555317834452 0.4595752606176086 0.4619995446571729 0.4644283210969025 0.4668615265594696 0.4692990970969764 0.4717409681925511 0.4741870747619903 0.4766373511554856 
0.677600611370589 0.6801258869380925 0.6826483799063193 0.6851679896736838 0.6876846154211724 0.6901981561187573 0.6927085105318541 0.6952155772278173 0.6977192545824858 0.7002194407867575 0.7027160338532148 0.7052089316227842 0.7076980317714363 0.7101832318169232 0.7126644291255591 0.7151415209190277 0.7176144042812409 0.7200829761652192 0.7225471334000182 0.725006772697686 0.7274617906602526 0.7299120837867574 0.7323575484803088 0.7347980810551752 0.7372335777439035 0.739663934704479 0.7420890480275083 0.7445088137434305 0.7469231278297653 0.7493318862183799 0.7517349848027942 0.7541323194454976 0.7565237859853161 0.7589092802447782 0.7612886980375231 0.7636619351757316 0.7660288874775706 0.7683894507746718 0.7707435209196242 0.7730909937934975 0.7754317653133718 0.7777657314398995 0.7800927881848808 0.7824128316188637 0.7847257578787454 0.7870314631754086 0.7893298438013705 0.7916207961384385 0.7939042166653761 0.7961800019656176 0.7984480487349355 0.8007082537891835 0.802960514072002 0.8052047266625603 0.807440788783309 0.809668597807718 0.8118880512680536 0.8140990468631399 0.8163014824661385 0.8184952561323212 0.8206802661068717 
0.9578216611650991 0.9590022675254873 0.9601671781575246 0.9613163323545889 0.9624496701816988 0.9635671324807213 0.9646686608755175 0.9657541977770226 0.966823686388265 0.9678770707093149 0.9689142955421729 0.9699353064955882 0.970940049989812 0.9719284732612822 0.9729005243672419 0.9738561521902862 0.9747953064428438 0.9757179376715853 0.9766239972617634 0.9775134374414818 0.9783862112858921 0.9792422727213198 0.9800815765293179 0.9809040783506475 0.9817097346891834 0.9824985029157494 0.9832703412718767 0.9840252088734879 0.9847630657145067 0.9854838726703901 0.9861875915015889 0.9868741848569238 0.9875436162768949 0.9881958501969039 0.988830851950405 0.9894485877719761 0.99004902480031 0.9906321310811281 0.9911978755700148 0.991746228135173 0.9922771595600965 0.9927906415461665 0.9932866467151642 0.9937651486117052 0.9942261217055887 0.9946695413940696 0.9950953840040474 0.9955036267941714 0.9958942479568637 0.9962672266202648 0.9966225428500871 0.9969601776513947 0.9972801129702932 0.9975823316955398 0.9978668176600695 0.9981335556424337 0.9983825313681607 0.9986137315110269 0.9988271436942464 0.9990227564915745 0.9992005594283281 
0.9573886604713048 0.9561867525439229 0.9549692954033817 0.9537363523126612 0.9524879872829316 0.9512242650680165 0.9499452511587968 0.9486510117775582 0.9473416138722771 0.9460171251108546 0.9446776138752888 0.9433231492557961 0.941953801044874 0.9405696397313129 0.9391707364941502 0.9377571631965776 0.9363289923797892 0.9348862972567847 0.9334291517061184 0.9319576302655983 0.930471808125939 0.9289717611243637 0.9274575657381585 0.9259292990781807 0.9243870388823239 0.9228308635089324 0.9212608519301732 0.9196770837253682 0.9180796390742766 0.9164685987503439 0.9148440441138965 0.913206057105315 0.911554720238145 0.9098901165921891 0.9082123298065502 0.9065214440726361 0.9048175441271372 0.9031007152449587 0.9013710432321241 0.8996286144186391 0.8978735156513303 0.8961058342866449 0.8943256581834218 0.8925330756956272 0.890728175665073 0.8889110474140927 0.8870817807381907 0.8852404658986717 0.8833871936152471 0.8815220550585879 0.8796451418428998 0.8777565460184249 0.8758563600639596 0.8739446768793276 0.8720215897778326 0.8700871924787098 0.86814157909953 0.866184844148607 0.8642170825173746 0.8622383894727597 0.8602488606495152 
0.6766820617202132 0.6741531538337567 0.6716217002165937 0.6690878006924947 0.6665515548403254 0.6640130619878679 0.6614724212056897 0.6589297313010595 0.6563850908119053 0.6538385980008271 0.6512903508491494 0.6487404470510274 0.6461889840075991 0.643636058821188 0.6410817682895513 0.6385262089001859 0.6359694768246736 0.6334116679130872 0.6308528776884417 0.628293201341197 0.6257327337238173 0.6231715693453772 0.620609802366221 0.6180475265926774 0.6154848354718299 0.6129218220863314 0.6103585791492803 0.6077951989991525 0.605231773594776 0.6026683945103832 0.6001051529306853 0.5975421396460412 0.5949794450476417 0.5924171591227849 0.5898553714501876 0.5872941711953538 0.5847336471060129 0.5821738875076014 0.5796149802988095 0.5770570129471781 0.5745000724847648 0.5719442455038577 0.5693896181527522 0.5668362761315786 0.5642843046882066 0.5617337886141889 0.5591848122407664 0.5566374594349424 0.5540918135956203 0.5515479576497632 0.5490059740486763 0.546465944764283 0.5439279512855101 0.5413920746147082 0.5388583952641279 0.5363269932524843 0.5337979481015453 0.5312713388328075 0.5287472439642176 0.5262257415069693 0.5237069089623332 
0.3382001594895883 0.3360989675257817 0.3340048638390452 0.3319178788422946 0.3298380423784132 0.327765383721687 0.3256999315792823 0.323641714092766 0.321590758839664 0.3195470928350621 0.3175107425332465 0.3154817338293824 0.313460092061234 0.3114458420109219 0.309439007906716 0.3074396134248752 0.3054476816915103 0.3034632352844975 0.3014862962354199 0.2995168860315489 0.2975550256178585 0.2956007353990786 0.2936540352417772 0.291714944476482 0.2897834818998357 0.2878596657767799 0.2859435138427749 0.2840350433060554 0.2821342708499074 0.2802412126349961 0.2783558843016948 0.2764783009724834 0.2746084772543357 0.2727464272411693 0.2708921645163086 0.2690457021549754 0.2672070527268191 0.2653762282984634 0.2635532404360869 0.2617381002080243 0.2599308181874044 0.2581314044548032 0.2563398686009303 0.2545562197293313 0.2527804664591298 0.2510126169277795 0.2492526787938413 0.2475006592397909 0.2457565649748523 0.2440204022378274 0.2422921767999916 0.2405718939679638 0.2388595585866347 0.2371551750420941 0.235458747264579 0.233770278731459 0.2320897724702162 0.2304172310614621 0.2287526566419631 0.2270960509076942 0.2254474151168898 
0.1195241632292752 0.1184864112856834 0.1174555714349299 0.1164316202071343 0.1154145339692862 0.1144042889283489 0.1134008611343498 0.1124042264834575 0.111414360721046 0.1104312394447456 0.109454838107479 0.1084851320204852 0.1075220963563277 0.1065657061518898 0.1056159363113532 0.1046727616091662 0.1037361566929907 0.1028060960866404 0.1018825541929999 0.1009655052969299 0.100054923568156 0.09915078306414334 0.09825305773295279 0.0973617214160829 0.09647674785129673 0.09559811067542888 0.09472578342717798 0.09385973954988501 0.09299995239428686 0.09214639522126604 0.09129904120456615 0.09045786343350956 0.08962283491567838 0.08879392857959337 0.08797111727736692 0.08715437378733935 0.08634367081670066 0.0855389810040906 0.08474027692218289 0.08394753108024892 0.08316071592670704 0.0823798038516501 0.08160476718935397 0.08083557822077157 0.08007220917600494 0.07931463223675911 0.07856281953877585 0.07781674317425118 0.07707637519423573 0.07634168761100454 0.07561265240042678 0.07488924150429621 0.07417142683265816 0.07345918026610784 0.07275247365807024 0.0720512788370674 0.07135556760895589 0.07066531175915305 0.06998048305483899 0.06930105324714313 0.06862699407330335 
0.02986966662601257 0.02953674766898285 0.0292070176247256 0.02888045260779782 0.0285570288309556 0.02823672260574664 0.02791951034308607 0.02760536855381868 0.02729427384926457 0.02698620294175064 0.02668113264512652 0.02637903987526609 0.02607990165055401 0.02578369509235807 0.02549039742548602 0.02519998597862967 0.02491243818479294 0.02462773158170704 0.0243458438122311 0.02406675262473897 0.02379043587349226 0.02351687151899972 0.02324603762836282 0.02297791237560811 0.02271247404200682 0.02244970101638001 0.02218957179539104 0.02193206498382694 0.02167715929486296 0.02142483355031942 0.02117506668090061 0.02092783772642686 0.02068312583604861 0.02044091026845273 0.02020117039205437 0.01996388568517721 0.0197290357362225 0.01949660024382554 0.01926655901700104 0.01903889197527651 0.01881357914881503 0.01859060067852599 0.01836993681616467 0.01815156792442178 0.017935474477001 0.01772163705868635 0.01751003636539824 0.01730065320423968 0.0170934684935328 0.0168884632628417 0.01668561865299065 0.01648491591606635 0.01628633641541487 0.01608986162562621 0.01589547313250928 0.01570315263305926 0.01551288193541281 0.01532464295879596 0.01513841773346184 0.01495418840062011 0.01477193721235559 
0.005278345313436733 0.005206544200025852 0.005135628059298188 0.005065587353587764 0.004996412628629681 0.004928094513093543 0.004860623718115837 0.00479399103683156 0.004728187343904848 0.004663203595058788 0.004599030826604594 0.004535660154970018 0.004473082776227189 0.004411289965619871 0.004350273077090143 0.004290023542804881 0.004230532872681455 0.004171792653913469 0.004113794550495982 0.004056530302750661 0.003999991726850616 0.003944170714345224 0.003889059231684859 0.003834649319745565 0.003780933093353876 0.003727902740811635 0.003675550523420754 0.003623868775008812 0.003572849901453904 0.003522486380210822 0.003472770759836568 0.003423695659517176 0.003375253768594112 0.003327437846091741 0.003280240720245033 0.003233655288027758 0.003187674514681528 0.003142291433245214 0.00309749914408522 0.003053290814426256 0.003009659677883163 0.002966599033993305 0.002924102247749792 0.002882162749135719 0.002840774032659254 0.002799929656889607 0.002759623243993925 0.002719848479275387 0.002680599110712391 0.00264186894849826 0.002603651864583051 0.002565941792215464 0.002528732725486722 0.00249201871887528 0.0024557938867927 0.002420052403131245 0.002384788500812224 0.002349996471336075 0.002315670664333582 0.002281805487118729 0.002248395404242536 
0.0006595655770086649 0.0006489768513347166 0.0006385467120157734 0.0006282729799196812 0.0006181535026418375 0.0006081861542277329 0.0005983688348975758 0.0005886994707730779 0.0005791760136063059 0.0005697964405106935 0.0005605587536941092 0.000551460980194053 0.0005425011716149263 0.0005336774038674047 0.0005249877769098605 0.0005164304144919075 0.0005080034638999461 0.0004997050957048302 0.0004915335035115521 0.0004834869037109828 0.000475563535233652 0.000467761659305559 0.0004600795592060123 0.0004525155400274751 0.0004450679284374344 0.000437735072442283 0.000430515341153127 0.0004234071245537039 0.0004164088332701311 0.000409518898342776 0.0004027357709999359 0.0003960579224336154 0.0003894838435771282 0.0003830120448847202 0.0003766410561130739 0.0003703694261047406 0.0003641957225735009 0.0003581185318916077 0.0003521364588789226 0.0003462481265939351 0.0003404521761266712 0.0003347472663934505 0.0003291320739334904 0.0003236052927073802 0.000318165633897382 0.0003128118257095494 0.0003075426131776555 0.0003023567579689533 0.0002972530381917438 0.0002922302482046483 0.000287287198427792 0.0002824227151556229 0.0002776356403715895 0.0002729248315645052 0.0002682891615466588 0.0002637275182736971 0.0002592388046661575 0.0002548219384327599 0.0002504758518953691 0.0002461994918156697 0.0002419918192234686 
5.827884338661768e-05 5.720073536922127e-05 5.614156858841052e-05 5.510102980331222e-05 5.407881058701816e-05 5.307460725919505e-05 5.208812081952276e-05 5.111905688195509e-05 5.016712560979209e-05 4.923204165155964e-05 4.831352407768297e-05 4.741129631795041e-05 4.652508609975672e-05 4.565462538712038e-05 4.479965032046296e-05 4.395990115714868e-05 4.313512221276772e-05 4.232506180316644e-05 4.152947218720587e-05 4.074810951024847e-05 3.998073374836251e-05 3.922710865323614e-05 3.848700169779507e-05 3.776018402251439e-05 3.704643038242048e-05 3.634551909477328e-05 3.565723198741656e-05 3.498135434780548e-05 3.431767487267921e-05 3.366598561839963e-05 3.30260819519206e-05 3.239776250240782e-05 3.178082911347939e-05 3.117508679607597e-05 3.058034368194577e-05 2.99964109777391e-05 2.942310291970861e-05 2.886023672900357e-05 2.830763256755567e-05 2.776511349454645e-05 2.723250542345615e-05 2.67096370796757e-05 2.619633995868909e-05 2.569244828481035e-05 2.519779897047277e-05 2.471223157606223e-05 2.423558827028838e-05 2.376771379109122e-05 2.330845540707371e-05 2.285766287944906e-05 2.241518842451333e-05 2.198088667661469e-05 2.155461465163449e-05 2.113623171095949e-05 2.072559952594575e-05 2.032258204287165e-05 1.992704544836407e-05 1.953885813530356e-05 1.915789066919488e-05 1.878401575500263e-05 1.841710820443992e-05 
3.641301384685936e-06 3.565059461481107e-06 3.490351552863886e-06 3.417148153581195e-06 3.34542029716194e-06 3.275139546665192e-06 3.206277985575217e-06 3.138808208842283e-06 3.072703314066007e-06 3.007936892820168e-06 2.944483022116186e-06 2.882316256003813e-06 2.821411617306504e-06 2.761744589490156e-06 2.703291108662424e-06 2.646027555701688e-06 2.58993074851273e-06 2.534977934408147e-06 2.481146782613108e-06 2.428415376891817e-06 2.376762208293878e-06 2.326166168018791e-06 2.276606540396739e-06 2.228062995984007e-06 2.180515584771416e-06 2.133944729503995e-06 2.088331219109811e-06 2.043656202237557e-06 1.999901180899414e-06 1.957048004219672e-06 1.915078862285502e-06 1.873976280100149e-06 1.83372311163551e-06 1.794302533983661e-06 1.755698041605184e-06 1.717893440673147e-06 1.680872843511186e-06 1.644620663124224e-06 1.609121607820459e-06 1.574360675923075e-06 1.540323150570816e-06 1.506994594605126e-06 1.47436084554349e-06 1.442408010637115e-06 1.411122462011739e-06 1.380490831890279e-06 1.350500007896094e-06 1.321137128435626e-06 1.292389578159319e-06 1.264244983498919e-06 1.236691208281211e-06 1.209716349415607e-06 1.183308732655547e-06 1.157456908431862e-06 1.132149647757197e-06 1.107375938200669e-06 1.083124979930943e-06 1.059386181827485e-06 1.036149157658206e-06 1.013403722323021e-06 9.911398881616787e-07 
1.608774182564954e-07 1.571175517606117e-07 1.53442816248264e-07 1.49851350379994e-07 1.463413319565178e-07 1.429109771312851e-07 1.395585396380879e-07 1.362823100334564e-07 1.330806149535575e-07 1.2995181638537e-07 1.268943109518303e-07 1.239065292107365e-07 1.209869349671459e-07 1.181340245990174e-07 1.153463263958639e-07 1.12622399910185e-07 1.09960835321421e-07 1.073602528122446e-07 1.048193019569156e-07 1.023366611215148e-07 9.991103687582577e-08 9.754116341664776e-08 9.522580200233345e-08 9.296374039835395e-08 9.075379233367201e-08 8.859479696774359e-08 8.648561836792004e-08 8.442514499711056e-08 8.241228921145303e-08 8.04459867678709e-08 7.85251963412663e-08 7.664889905124514e-08 7.481609799812235e-08 7.302581780809292e-08 7.127710418736858e-08 6.956902348511236e-08 6.790066226502938e-08 6.627112688542243e-08 6.467954308757348e-08 6.312505559228963e-08 6.160682770446556e-08 6.012404092549116e-08 5.867589457339075e-08 5.72616054105168e-08 5.588040727867669e-08 5.453155074153821e-08 5.321430273418037e-08 5.192794621966385e-08 5.067177985248052e-08 4.944511764873064e-08 4.824728866295637e-08 4.707763667143155e-08 4.593551986185021e-08 4.482031052924978e-08 4.37313947780619e-08 4.266817223019027e-08 4.16300557389693e-08 4.061647110891625e-08 3.962685682115576e-08 3.866066376441084e-08 3.771735497144057e-08 
5.026044270662682e-09 4.896383077437564e-09 4.769981662139273e-09 4.646760330056045e-09 4.526641276301133e-09 4.409548542481069e-09 4.2954079743205e-09 4.184147180223835e-09 4.075695490753836e-09 3.969983919007789e-09 3.866945121871435e-09 3.76651336213354e-09 3.668624471440911e-09 3.573215814077834e-09 3.48022625155064e-09 3.38959610796161e-09 3.301267136154371e-09 3.215182484615017e-09 3.131286665112054e-09 3.049525521060116e-09 2.969846196591341e-09 2.892197106319293e-09 2.816527905780973e-09 2.742789462541595e-09 2.67093382794874e-09 2.600914209521219e-09 2.532684943958607e-09 2.4662014707599e-09 2.401420306435185e-09 2.338299019300603e-09 2.276796204841141e-09 2.216871461631535e-09 2.158485367800716e-09 2.101599458030081e-09 2.046176201072509e-09 1.992178977781543e-09 1.939572059639495e-09 1.888320587773262e-09 1.838390552447595e-09 1.789748773025275e-09 1.742362878383841e-09 1.696201287778885e-09 1.65123319214431e-09 1.607428535819938e-09 1.564757998696778e-09 1.523192978771094e-09 1.482705575098025e-09 1.443268571136307e-09 1.404855418475176e-09 1.367440220934743e-09 1.330997719032662e-09 1.295503274807376e-09 1.260932856991701e-09 1.227263026527696e-09 1.194470922415853e-09 1.162534247891404e-09 1.131431256919637e-09 1.101140741004118e-09 1.07164201630003e-09 1.042914911026467e-09 1.014939753170349e-09 
1.110325440650044e-10 1.078993511339772e-10 1.048526998766108e-10 1.018902540008233e-10 9.900973875394608e-11 9.620893934425834e-11 9.348569940184325e-11 9.083791947784428e-11 8.826355558115602e-11 8.576061775168321e-11 8.332716866924533e-11 8.096132229730158e-11 7.866124256061787e-11 7.642514205608043e-11 7.425128079582251e-11 7.213796498191501e-11 7.008354581181338e-11 6.808641831384536e-11 6.614502021198766e-11 6.42578308192258e-11 6.242336995879526e-11 6.064019691263179e-11 5.890690939634678e-11 5.722214256010287e-11 5.558456801473864e-11 5.399289288252861e-11 5.244585887196746e-11 5.094224137601518e-11 4.948084859317656e-11 4.806052067091833e-11 4.668012887080407e-11 4.533857475488116e-11 4.403478939273417e-11 4.276773258873926e-11 4.153639212899955e-11 4.033978304747585e-11 3.917694691084847e-11 3.804695112163507e-11 3.694888823911478e-11 3.588187531762482e-11 3.484505326179088e-11 3.383758619826449e-11 3.285866086357678e-11 3.190748600768911e-11 3.098329181285633e-11 3.008532932742385e-11 2.921286991417767e-11 2.836520471289569e-11 2.754164411674093e-11 2.674151726213465e-11 2.596417153181036e-11 2.520897207067048e-11 2.44753013141662e-11 2.37625585288611e-11 2.307015936488045e-11 2.239753541995322e-11 2.174413381474401e-11 2.110941677919987e-11 2.049286124962862e-11 1.989395847624948e-11 1.931221364092441e-11 
1.734470955033881e-12 1.681338034048702e-12 1.629803648265251e-12 1.579820614085703e-12 1.531343112679927e-12 1.484326651354137e-12 1.438728025987937e-12 1.394505284511082e-12 1.351617691391584e-12 1.310025693108462e-12 1.269690884581696e-12 1.230575976534264e-12 1.192644763760487e-12 1.155862094276401e-12 1.120193839328086e-12 1.085606864234882e-12 1.052069000044433e-12 1.019549015978043e-12 9.88016592644305e-13 9.574422960004455e-13 9.277975520409595e-13 8.990546221935568e-13 8.711865794033172e-13 8.441672848861741e-13 8.179713655334402e-13 7.925741919496981e-13 7.679518571063659e-13 7.440811555947851e-13 7.209395634614634e-13 6.985052186105346e-13 6.767569017568418e-13 6.556740179155545e-13 6.352365784126136e-13 6.154251834024857e-13 5.962210048787197e-13 5.776057701639877e-13 5.595617458664048e-13 5.420717222891723e-13 5.251189982810061e-13 5.086873665154126e-13 4.92761099186695e-13 4.773249341112023e-13 4.623640612228399e-13 4.478641094516402e-13 4.338111339749431e-13 4.20191603830789e-13 4.069923898834336e-13 3.942007531313594e-13 3.818043333481544e-13 3.697911380468232e-13 3.581495317590545e-13 3.468682256199737e-13 3.359362672505006e-13 3.253430309285837e-13 3.150782080414059e-13 3.051317978108362e-13 2.954940982841821e-13 2.861556975831413e-13 2.771074654035005e-13 2.683405447587653e-13 2.598463439605101e-13 
1.915916299507386e-14 1.852609989273361e-14 1.791363467955109e-14 1.732110791601359e-14 1.674788091834111e-14 1.619333511683128e-14 1.565687143366475e-14 1.513790967959625e-14 1.463588796896736e-14 1.415026215249809e-14 1.368050526732373e-14 1.32261070037689e-14 1.278657318835236e-14 1.236142528254634e-14 1.195019989681199e-14 1.155244831946134e-14 1.116773605989665e-14 1.079564240580271e-14 1.04357599938681e-14 1.008769439363627e-14 9.751063704088089e-15 9.425498162577087e-15 9.110639765743903e-15 8.80614190205271e-15 8.511668995599141e-15 8.226896160850634e-15 7.951508867988354e-15 7.685202618537894e-15 7.427682630968616e-15 7.178663535972475e-15 6.937869081118726e-15 6.705031844612249e-15 6.479892957871556e-15 6.262201836666297e-15 6.051715920551235e-15 5.848200420347532e-15 5.651428073427981e-15 5.461178906567041e-15 5.277240006129706e-15 5.099405295374177e-15 4.927475318653494e-15 4.761257032304564e-15 4.600563602024563e-15 4.445214206534437e-15 4.295033847339511e-15 4.149853164400705e-15 4.009508257536887e-15 3.873840513383203e-15 3.742696437736356e-15 3.615927493120317e-15 3.493389941416858e-15 3.374944691401099e-15 3.26045715103654e-15 3.149797084380447e-15 3.042838472960192e-15 2.939459381483768e-15 2.839541827749149e-15 2.742971656627003e-15 2.649638417988051e-15 2.559435248458668e-15 2.472258756879429e-15 
1.49650713683653e-16 1.443463229237035e-16 1.392274601026323e-16 1.342877255850181e-16 1.295209373082584e-16 1.249211234970302e-16 1.204825156178516e-16 1.161995415659842e-16 1.120668190770908e-16 1.080791493564267e-16 1.042315109184331e-16 1.005190536299456e-16 9.69370929503835e-17 9.348110436250382e-17 9.014671798753476e-17 8.69297133786815e-17 8.382601448718424e-17 8.083168479531307e-17 7.794292261085105e-17 7.515605651779208e-17 7.246754097816255e-17 6.98739520800161e-17 6.73719834268256e-17 6.495844216365753e-17 6.263024513563987e-17 6.038441517439379e-17 5.821807750822973e-17 5.612845629208143e-17 5.411287125318381e-17 5.216873444878494e-17 5.029354713211337e-17 4.848489672314189e-17 4.674045388061068e-17 4.505796967204823e-17 4.343527283852525e-17 4.187026715102928e-17 4.03609288554533e-17 3.890530420325061e-17 3.750150706495401e-17 3.614771662381383e-17 3.484217514690297e-17 3.358318583112798e-17 3.236911072168599e-17 3.119836870054959e-17 3.006943354266894e-17 2.89808320376512e-17 2.793114217473688e-17 2.691899138898559e-17 2.594305486663738e-17 2.500205390766421e-17 2.409475434365536e-17 2.321996500914384e-17 2.23765362646406e-17 2.15633585696308e-17 2.077936110387338e-17 2.00235104354031e-17 1.929480923366426e-17 1.859229502628194e-17 1.791503899800522e-17 1.726214483043385e-17 1.663274758112057e-17 
1.161316694602987e-17 1.117369379547631e-17 1.075064643092927e-17 1.034341878732374e-17 9.951426863361769e-18 9.574107929460959e-18 9.210919763721699e-18 8.861339914939463e-18 8.524864991715834e-18 8.201009976762547e-18 7.889307565514154e-18 7.589307528205821e-18 7.300576094592758e-18 7.022695360520713e-18 6.755262715584253e-18 6.4978902911339e-18 6.250204427918877e-18 6.011845162679752e-18 5.782465733023938e-18 5.561732099944317e-18 5.349322487361965e-18 5.144926938093801e-18 4.9482468856691e-18 4.758994741437104e-18 4.57689349642846e-18 4.401676337450712e-18 4.233086276915076e-18 4.070875795915008e-18 3.914806500082978e-18 3.764648787781434e-18 3.62018153018591e-18 3.481191762846698e-18 3.347474388317708e-18 3.218831889465324e-18 3.095074053077291e-18 2.976017703407404e-18 2.861486445304949e-18 2.751310416587396e-18 2.645326049330574e-18 2.54337583975883e-18 2.445308126430001e-18 2.350976876420341e-18 2.260241479225889e-18 2.172966548105244e-18 2.089021728598966e-18 2.008281513970347e-18 1.930625067320736e-18 1.855936050141911e-18 1.784102457076154e-18 1.715016456660787e-18 1.648574237846752e-18 1.58467586208134e-18 1.523225120759141e-18 1.464129397847558e-18 1.407299537502011e-18 1.352649716493145e-18 1.300097321272142e-18 1.249562829509238e-18 1.200969695944018e-18 1.154244242394415e-18 1.109315551771765e-18 
1.768076089306037e-15 1.705546630969184e-15 1.645197199151757e-15 1.586952916648721e-15 1.530741438094505e-15 1.476492865750966e-15 1.424139668047855e-15 1.373616600788051e-15 1.324860630931445e-15 1.277810862875128e-15 1.232408467149052e-15 1.188596611450001e-15 1.14632039393807e-15 1.105526778723291e-15 1.066164533471142e-15 1.028184169059369e-15 9.915378812191127e-16 9.561794940969205e-16 9.220644056750843e-16 8.891495349904457e-16 8.573932710934656e-16 8.267554236910331e-16 7.971971754186479e-16 7.686810356890381e-16 7.411707960661232e-16 7.146314871148338e-16 6.890293366785244e-16 6.643317295383232e-16 6.405071684084301e-16 6.175252362249902e-16 5.953565596853561e-16 5.739727739979533e-16 5.533464888025081e-16 5.334512552229208e-16 5.14261534015652e-16 4.957526647777255e-16 4.779008361800346e-16 4.606830571919291e-16 4.440771292651115e-16 4.280616194451681e-16 4.126158343803931e-16 3.977197951983948e-16 3.833542132222253e-16 3.695004664982691e-16 3.561405771093279e-16 3.432571892469927e-16 3.308335480184361e-16 3.188534789634007e-16 3.073013682580646e-16 2.96162143582857e-16 2.854212556329134e-16 2.750646602492424e-16 2.650788011507449e-16 2.554505932468305e-16 2.461674065115869e-16 2.372170504009974e-16 2.285877587950395e-16 2.202681754474927e-16 2.12247339926415e-16 2.04514674029374e-16 1.970599686570575e-16 
1.903463345166306e-13 1.840872522619158e-13 1.780305893110177e-13 1.721699130906366e-13 1.664989916957642e-13 1.610117877514023e-13 1.557024524581451e-13 1.505653198162683e-13 1.455949010230664e-13 1.407858790383918e-13 1.361331033134037e-13 1.316315846777973e-13 1.272764903807906e-13 1.23063139281401e-13 1.189869971835666e-13 1.150436723118974e-13 1.112289109238504e-13 1.075385930543607e-13 1.039687283889779e-13 1.005154522617324e-13 9.717502177403531e-14 9.39438120310303e-14 9.081831249192217e-14 8.77951234309076e-14 8.487095250542461e-14 8.204261142854417e-14 7.930701274237511e-14 7.666116668956907e-14 7.410217817988059e-14 7.162724384909134e-14 6.923364920741845e-14 6.691876587485783e-14 6.468004890077446e-14 6.251503416528778e-14 6.042133585998477e-14 5.839664404558536e-14 5.643872228428485e-14 5.454540534450496e-14 5.271459697590881e-14 5.094426775257166e-14 4.923245298225799e-14 4.757725067981408e-14 4.597681960277139e-14 4.442937734727713e-14 4.293319850253985e-14 4.148661286202772e-14 4.008800368971451e-14 3.873580603971588e-14 3.742850512770705e-14 3.616463475253719e-14 3.494277576657478e-14 3.376155459324728e-14 3.261964179040716e-14 3.151575065809629e-14 3.044863588938238e-14 2.941709226296988e-14 2.841995337629277e-14 2.745609041788922e-14 2.652441097784757e-14 2.562385789518206e-14 2.475340814098164e-14 
1.449043324681256e-11 1.405002568902668e-11 1.362274360510881e-11 1.320820388098183e-11 1.280603433917638e-11 1.241587343399231e-11 1.203736995493912e-11 1.167018273824042e-11 1.131398038618496e-11 1.0968440994121e-11 1.063325188488728e-11 1.030810935048767e-11 9.99271840081401e-12 9.68679251923294e-12 9.390053424851221e-12 9.102230841285523e-12 8.823062271760056e-12 8.552292780366819e-12 8.289674779321469e-12 8.034967822056999e-12 7.787938401998065e-12 7.548359756864634e-12 7.316011678357026e-12 7.090680327078737e-12 6.872158052556284e-12 6.660243218219854e-12 6.454740031210159e-12 6.255458376886111e-12 6.0622136579003e-12 5.874826637727197e-12 5.693123288516761e-12 5.516934643163843e-12 5.346096651473583e-12 5.180450040317146e-12 5.019840177667301e-12 4.864116940409594e-12 4.71313458582808e-12 4.56675162666453e-12 4.42483070965531e-12 4.28723849745185e-12 4.153845553832585e-12 4.024526232115886e-12 3.899158566689695e-12 3.777624167570562e-12 3.659808117910994e-12 3.545598874374173e-12 3.434888170298111e-12 3.32757092157362e-12 3.223545135161709e-12 3.122711820176814e-12 3.024974901469478e-12 2.930241135635136e-12 2.838420029387137e-12 2.749423760225996e-12 2.663167099343298e-12 2.579567336699471e-12 2.498544208213654e-12 2.420019825010083e-12 2.343918604662395e-12 2.270167204382649e-12 2.198694456098657e-12 
7.800303636539689e-10 7.582698824035944e-10 7.371023937718295e-10 7.165121402413335e-10 6.964837717529243e-10 6.77002335478352e-10 6.580532658414455e-10 6.396223747819327e-10 6.216958422561238e-10 6.042602069690397e-10 5.873023573323728e-10 5.708095226431679e-10 5.547692644778463e-10 5.391694682966588e-10 5.239983352534599e-10 5.092443742060956e-10 4.948963939225325e-10 4.809434954782206e-10 4.673750648400751e-10 4.541807656326974e-10 4.41350532082515e-10 4.288745621355884e-10 4.16743310744983e-10 4.049474833236749e-10 3.934780293590313e-10 3.823261361850641e-10 3.714832229085418e-10 3.609409344855886e-10 3.506911359447764e-10 3.407259067536183e-10 3.310375353246351e-10 3.216185136580262e-10 3.124615321173327e-10 3.035594743351486e-10 2.949054122456302e-10 2.864926012407584e-10 2.783144754474479e-10 2.703646431225044e-10 2.626368821626235e-10 2.551251357266855e-10 2.478235079675863e-10 2.407262598709376e-10 2.338278051981403e-10 2.271227065312057e-10 2.206056714169104e-10 2.142715486078493e-10 2.081153243980222e-10 2.021321190507113e-10 1.963171833163627e-10 1.906658950382007e-10 1.851737558436531e-10 1.798363879192145e-10 1.746495308669496e-10 1.696090386404862e-10 1.647108765586023e-10 1.599511183945581e-10 1.553259435392001e-10 1.508316342361397e-10 1.464645728871628e-10 1.422212394262003e-10 1.380982087600788e-10 
2.969169097175401e-08 2.893768470645508e-08 2.820228816470675e-08 2.748505611113558e-08 2.678555360319817e-08 2.610335576218016e-08 2.543804754906638e-08 2.478922354519937e-08 2.415648773761256e-08 2.35394533089574e-08 2.293774243192018e-08 2.235098606804594e-08 2.177882377087186e-08 2.122090349328873e-08 2.067688139903925e-08 2.014642167827237e-08 1.962919636706632e-08 1.912488517084426e-08 1.863317529159763e-08 1.815376125884205e-08 1.768634476422854e-08 1.723063449973339e-08 1.678634599935362e-08 1.635320148423684e-08 1.593092971117302e-08 1.551926582437945e-08 1.511795121050765e-08 1.47267333568136e-08 1.434536571241293e-08 1.39736075525714e-08 1.361122384595267e-08 1.325798512477633e-08 1.291366735781223e-08 1.257805182616225e-08 1.225092500176456e-08 1.193207842856648e-08 1.162130860630947e-08 1.131841687687135e-08 1.102320931311098e-08 1.073549661016401e-08 1.045509397914004e-08 1.018182104316415e-08 9.915501735720947e-09 9.655964201247983e-09 9.403040697931898e-09 9.156567502660987e-09 8.916384818087403e-09 8.682336681756715e-09 8.454270877259134e-09 8.232038847356651e-09 8.015495609052297e-09 7.804499670549181e-09 7.598912950068732e-09 7.39860069648227e-09 7.203431411718736e-09 7.013276774913235e-09 6.82801156825405e-09 6.647513604496268e-09 6.471663656103613e-09 6.300345385985022e-09 6.133445279789178e-09 
7.991929434011344e-07 7.809029071430793e-07 7.630168968630125e-07 7.455263330971077e-07 7.284228106004486e-07 7.116980949873388e-07 6.953441194324961e-07 6.793529814322151e-07 6.637169396243805e-07 6.484284106664617e-07 6.334799661703478e-07 6.188643296932446e-07 6.045743737835174e-07 5.906031170806782e-07 5.769437214684823e-07 5.63589489280349e-07 5.505338605560797e-07 5.377704103491324e-07 5.252928460834776e-07 5.130950049592465e-07 5.011708514063419e-07 4.895144745851113e-07 4.781200859333628e-07 4.669820167588721e-07 4.560947158766204e-07 4.454527472899751e-07 4.350507879149913e-07 4.248836253472954e-07 4.149461556704651e-07 4.052333813055919e-07 3.957404089008953e-07 3.864624472610796e-07 3.773948053153931e-07 3.685328901239762e-07 3.598722049216767e-07 3.514083471987051e-07 3.431370068175394e-07 3.350539641653559e-07 3.271550883414183e-07 3.194363353787643e-07 3.118937464996679e-07 3.045234464041231e-07 2.973216415909415e-07 2.902846187107612e-07 2.834087429504439e-07 2.766904564483042e-07 2.701262767395658e-07 2.637127952316155e-07 2.574466757084439e-07 2.513246528636624e-07 2.453435308618581e-07 2.395001819274244e-07 2.337915449606736e-07 2.282146241805472e-07 2.227664877935151e-07 2.174442666882393e-07 2.122451531554044e-07 2.071663996323943e-07 2.022053174722767e-07 1.973592757367063e-07 1.926257000122368e-07 
1.521113548994644e-05 1.490128030548723e-05 1.459745854146201e-05 1.429955865389923e-05 1.400747103875521e-05 1.372108800060085e-05 1.344030372176771e-05 1.316501423194782e-05 1.28951173782402e-05 1.263051279563976e-05 1.237110187796186e-05 1.211678774919693e-05 1.186747523529059e-05 1.162307083634239e-05 1.138348269921826e-05 1.114862059057221e-05 1.091839587026945e-05 1.069272146520894e-05 1.047151184353693e-05 1.025468298924905e-05 1.004215237717318e-05 9.833838948330857e-06 9.629663085669438e-06 9.429546590162138e-06 9.233412657270055e-06 9.041185853761797e-06 8.852792094884298e-06 8.668158621884031e-06 8.487213979868023e-06 8.309887996006743e-06 8.136111758067432e-06 7.965817593280027e-06 7.798939047525078e-06 7.635410864844123e-06 7.475168967264886e-06 7.318150434938408e-06 7.164293486584046e-06 7.013537460237068e-06 6.865822794295368e-06 6.721091008860803e-06 6.579284687372189e-06 6.440347458523361e-06 6.304223978465398e-06 6.17085991328694e-06 6.040201921769484e-06 5.912197638413596e-06 5.786795656731951e-06 5.663945512806508e-06 5.543597669105372e-06 5.425703498554034e-06 5.310215268861878e-06 5.197086127094503e-06 5.086270084493504e-06 4.977722001536817e-06 4.871397573237347e-06 4.767253314677536e-06 4.665246546773932e-06 4.565335382271095e-06 4.467478711959711e-06 4.371636191116979e-06 4.277768226164288e-06 
0.0002047221879230389 0.0002010682112062734 0.0001974756858955004 0.0001939436498404783 0.0001904711546607776 0.0001870572655711999 0.0001837010612090319 0.0001804016334631354 0.0001771580873048399 0.0001739695406206433 0.0001708351240466889 0.000167753980805024 0.0001647252665416122 0.0001617481491660951 0.0001588218086932817 0.0001559454370863653 0.0001531182381018364 0.0001503394271360958 0.000147608231073745 0.0001449238881375413 0.0001422856477400094 0.0001396927703366868 0.0001371445272810045 0.000134640200680771 0.0001321790832562649 0.0001297604781999173 0.0001273836990375453 0.0001250480694911885 0.0001227529233434445 0.000120497604303387 0.0001182814658739624 0.0001161038712209356 0.0001139641930432986 0.0001118618134451853 0.000109796123809248 0.0001077665246714887 0.000105772425597546 0.0001038132450604058 0.0001018884103195369 9.999735730142679e-05 9.813953048152557e-05 9.631438276756093e-05 9.452137538422379e-05 9.27599777592202e-05 9.102966741066106e-05 8.932992983578747e-05 8.766025840101228e-05 8.602015423327723e-05 8.440912611271064e-05 8.282669036654552e-05 8.127237076434817e-05 7.974569841446889e-05 7.824621166177079e-05 7.677345598657937e-05 7.532698390485538e-05 7.390635486959886e-05 7.251113517343153e-05 7.114089785238631e-05 6.979522259086675e-05 6.847369562778211e-05 6.717590966382175e-05 
0.001948325341462142 0.001918476702971437 0.00188904932015698 0.001860037845317431 0.001831436989214957 0.001803241520577801 0.001775446265604952 0.001748046107473102 0.001721035985845682 0.00169441089638422 0.001668165890261897 0.001642296073679397 0.001616796607383021 0.001591662706185145 0.001566889638486933 0.001542472725803517 0.001518407342291368 0.001494688914278214 0.001471312919795237 0.001448274888111745 0.001425570399272221 0.001403195083635861 0.001381144621418523 0.001359414742237155 0.001338001224656754 0.001316899895739751 0.001296106630597852 0.001275617351946636 0.00125542802966231 0.00123553468034141 0.001215933366862643 0.001196620197951675 0.001177591327748152 0.001158842955375521 0.001140371324513336 0.001122172722972139 0.001104243482271023 0.001086579977217715 0.001069178625491309 0.001052035887227564 0.001035148264606939 0.001018512301445124 0.001002124582786244 0.0009859817344987447 0.0009700804228738666 0.0009544173542267704 0.0009389892745002635 0.0009237929688712547 0.0009088252613598597 0.0008940830144409605 0.0008795631286587627 0.0008652625422436365 0.0008511782307318884 0.000837307206588043 0.0008236465188297538 0.0008101932526555229 0.0007969445290748699 0.0007838975045413035 0.0007710493705878501 0.0007583973534653156 0.0007459387137830455 
0.01311146831466652 0.01294383387908127 0.01277809898729955 0.01261424559881502 0.01245225579731884 0.01229211179046534 0.01213379590962838 0.01197729060964991 0.01182257846857945 0.01166964218740549 0.01151846458977875 0.01136902862172727 0.01122131735136372 0.01107531396858488 0.0109310017847633 0.01078836423243204 0.01064738486496116 0.01050804735622779 0.01037033550027863 0.0102342332109856 0.01009972452169476 0.009966793584868263 0.009835424671719979 0.009705602171844442 0.009577310592839837 0.00945053455992426 0.009325258815546106 0.009201468218989133 0.00907914774597021 0.008958282488233365 0.008838857653136032 0.008720858563232067 0.00860427065584746 0.008489079482652153 0.008375270709226248 0.008262830114620935 0.008151743590915396 0.00804199714276806 0.007933576886963785 0.007826469051956114 0.007720659977405652 0.007616136113713609 0.007512884021551298 0.007410890371385801 0.00731014194300147 0.007210625625017595 0.00711232841440198 0.007015237415981465 0.006919339841949018 0.006824623011365858 0.006731074349662812 0.006638681388135814 0.006547431763440275 0.006457313217081261 0.006368313594900884 0.00628042084656366 0.006193623025037948 0.006107908286075641 0.006023264887688918 0.005939681189624899 0.005857145652837163 
0.06239279852477441 0.06175364784460557 0.06111987886840028 0.06049146041581696 0.05986836132223512 0.05925055044095877 0.0586379966453958 0.05803066883121306 0.05742853591846658 0.05683156685370814 0.05623973061206676 0.05565299619930647 0.05507133265385938 0.05449470904883494 0.05392309449400368 0.05335645813775911 0.05279476916905229 0.0522379968193049 0.05168611036429693 0.05113907912603022 0.05059687247456836 0.0500594598298526 0.04952681066349306 0.04899889450053683 0.0484756809212126 0.04795713956264983 0.04744324012057523 0.04693395235098696 0.04642924607180072 0.04592909116447953 0.04543345757563079 0.04494231531859047 0.04445563447497286 0.04397338519620672 0.04349553770504226 0.04302206229703649 0.04255292934201732 0.04208810928552206 0.04162757265021495 0.04117129003728028 0.04071923212779506 0.04027136968407709 0.03982767355101072 0.03938811465735164 0.0389526640170083 0.03852129273030139 0.03809397198519982 0.0376706730585368 0.03725136731720519 0.03683602621932405 0.03642462131539465 0.03601712424942367 0.03561350676003342 0.03521374068154601 0.03481779794504658 0.03442565057942902 0.03403727071241572 0.03365263057156007 0.03327170248522654 0.03289445888355189 0.03252087229938212 
0.209947586701518 0.2083318107272272 0.2067245270419608 0.2051257312015548 0.2035354183123941 0.2019535830352611 0.2003802195891949 0.1988153217553652 0.1972588828809548 0.195710895883055 0.1941713532525713 0.1926402470581375 0.1911175689500407 0.1896033101641553 0.1880974615258822 0.1866000134541023 0.1851109559651283 0.1836302786766715 0.1821579708118104 0.1806940212029663 0.1792384182958838 0.1777911501536175 0.1763522044605196 0.1749215685262347 0.1734992292896984 0.1720851733231339 0.1706793868360553 0.1692818556792735 0.1678925653488961 0.166511500990343 0.1651386474023403 0.1637739890409416 0.1624175100235209 0.1610691941327867 0.1597290248207834 0.158396985212891 0.1570730581118297 0.1557572260016539 0.154449471051748 0.1531497751208147 0.151858119760865 0.1505744862211984 0.1492988554523813 0.1480312081102164 0.1467715245597148 0.1455197848790539 0.1442759688635282 0.1430400560295001 0.1418120256183448 0.1405918566003685 0.1393795276787515 0.1381750172934484 0.1369783036251065 0.1357893645989591 0.1346081778887123 0.1334347209204312 0.1322689708764012 0.1311109046989905 0.1299604990944954 0.1288177305369815 0.1276825752720993 
0.4995518752303371 0.4969833574424997 0.4944186159763309 0.4918577289243663 0.4893007737554257 0.4867478273119487 0.484198965807403 0.4816542648237691 0.4791137993090928 0.4765776435751167 0.4740458712949809 0.4715185555009976 0.4689957685824985 0.4664775822837562 0.4639640677019739 0.4614552952853543 0.4589513348312327 0.4564522554842874 0.4539581257348212 0.4514690134171125 0.4489849857078393 0.4465061091245749 0.4440324495243517 0.441564072102298 0.4391010413903488 0.4366434212560183 0.4341912749012476 0.4317446648613258 0.4293036530038677 0.4268683005278847 0.4244386679628874 0.4220148151681046 0.4195968013317197 0.4171846849702183 0.4147785239277777 0.4123783753757297 0.4099842958120983 0.4075963410611937 0.4052145662732799 0.4028390259242996 0.4004697738156789 0.3981068630741836 0.3957503461518494 0.3934002748259655 0.3910567001991427 0.388719672699426 0.3863892420804728 0.3840654574218026 0.381748367129117 0.3794380189346425 0.3771344598975963 0.3748377364046527 0.372547894170516 0.3702649782385293 0.3679890329813419 0.3657201021016616 0.3634582286330325 0.3612034549406963 0.3589558227225001 0.3567153730098739 0.354482146168841 
0.8405113563696028 0.8383423163088934 0.8361629255198182 0.8339732939362857 0.8317735317905651 0.8295637496041059 0.8273440581783541 0.8251145685855674 0.822875392159627 0.8206266404868512 0.8183684253968084 0.816100858953133 0.8138240534443428 0.8115381213746632 0.8092431754548506 0.8069393285930313 0.8046266938855351 0.8023053846077493 0.799975514204973 0.7976371962832846 0.7952905446004221 0.7929356730566739 0.7905726956857796 0.7882017266458503 0.7858228802103043 0.7834362707588123 0.7810420127682639 0.7786402208037559 0.7762310095095908 0.7738144936003075 0.7713907878517144 0.7689600070919725 0.7665222661926667 0.7640776800599328 0.7616263636255908 0.7591684318383051 0.7567039996547825 0.754233182030985 0.7517560939133794 0.749272850230208 0.7467835658828024 0.7442883557369162 0.7417873346140972 0.739280617283083 0.7367683184512497 0.7342505527560759 0.7317274347566448 0.7291990789251919 0.7266655996386959 0.7241271111704688 0.721583727681849 0.7190355632138674 0.7164827316790061 0.7139253468529689 0.711363522366495 0.7087973716972408 0.7062270081616694 0.7036525449070133 0.7010740949032666 0.6984917709352378 0.6959056855946228 
0.9999996850218275 0.9999866823864634 0.9999546077140249 0.9999034628397319 0.999833250689864 0.9997439752814827 0.9996356417220477 0.9995082562089296 0.99936182602882 0.9991963595570358 0.9990118662567214 0.9988083566779467 0.9985858424567009 0.9983443363137849 0.9980838520535981 0.9978044045628242 0.9975060098090123 0.9971886848390572 0.996852447777576 0.9964973178251822 0.9961233152566594 0.9957304614190312 0.9953187787295307 0.9948882906734685 0.9944390218020006 0.9939709977297938 0.9934842451325918 0.9929787917446818 0.99245466635626 0.9919118988106999 0.9913505200017177 0.9907705618704454 0.9901720574023979 0.9895550406243487 0.9889195466011058 0.9882656114321887 0.9875932722484132 0.9869025672083758 0.9861935354948456 0.9854662173110581 0.9847206538769183 0.9839568874251056 0.9831749611970879 0.9823749194390397 0.9815568073976728 0.9807206713159696 0.9798665584288258 0.9789945169586042 0.9781045961106019 0.9771968460684126 0.9762713179892242 0.9753280639990022 0.9743671371876055 0.9733885916038038 0.9723924822502082 0.9713788650781271 0.9703477969823207 0.9692993357956838 0.9682335402838391 0.9671504701396514 0.96605018597765 
0.8412971663874346 0.8434519168909627 0.8455960580787946 0.847729481087846 0.8498520773933838 0.8519637388181681 0.8540643575415869 0.8561538261087758 0.8582320374397314 0.8602988848384037 0.8623542620017801 0.8643980630289513 0.8664301824301605 0.8684505151358345 0.8704589565055996 0.8724554023372698 0.8744397488758252 0.8764118928223561 0.8783717313429943 0.8803191620778151 0.8822540831497132 0.8841763931732554 0.8860859912635048 0.8879827770448172 0.8898666506596025 0.8917375127770646 0.8935952646019047 0.8954398078829893 0.8972710449219905 0.8990888785819848 0.9008932122960247 0.9026839500756589 0.9044609965194358 0.9062242568213453 0.9079736367792353 0.9097090428031847 0.9114303819238269 0.9131375618006393 0.9148304907301826 0.9165090776542997 0.9181732321682609 0.9198228645288691 0.9214578856625123 0.9230782071731725 0.9246837413503717 0.9262744011770798 0.927850100337568 0.9294107532252021 0.9309562749501796 0.9324865813472344 0.9340015889832458 0.9355012151648311 0.9369853779458489 0.9384539961348605 0.9399069893025305 0.9413442777889515 0.9427657827109284 0.9441714259691818 0.9455611302554985 0.9469348190598069 0.9482924166772031 
0.5004863929321369 0.5030599326981766 0.5056370617528237 0.5082176999262022 0.510801766437207 0.5133891798965604 0.515979858309948 0.518573719081221 0.521170679015682 0.5237706543234337 0.526373560622809 0.5289793129438728 0.5315878257319965 0.5341990128515048 0.5368127875894033 0.5394290626591667 0.5420477502046157 0.5446687618038536 0.5472920084732851 0.5499174006717062 0.552544848304463 0.5551742607276882 0.5578055467526101 0.5604386146499328 0.5630733721542845 0.5657097264687484 0.5683475842694586 0.5709868517102658 0.5736274344274833 0.5762692375446943 0.578912165677642 0.5815561229391738 0.5842010129442818 0.5868467388151862 0.5894932031865064 0.5921403082105022 0.594787955562372 0.5974360464456336 0.6000844815975673 0.6027331612947345 0.6053819853585528 0.608030853160951 0.6106796636300859 0.6133283152561342 0.615976706097134 0.618624733784911 0.6212722955310702 0.6239192881330428 0.6265656079801923 0.6292111510600285 0.631855812964415 0.6344994888959156 0.6371420736741463 0.6397834617422236 0.6424235471732735 0.645062223676977 0.6476993846062147 0.6503349229637436 0.6529687314089506 0.6556007022646499 0.6582307275239709 
0.2105369893511778 0.2121643507080053 0.2138002130489379 0.2154445792783605 0.2170974518345771 0.2187588326860389 0.2204287233275898 0.222107124776726 0.2237940375698766 0.2254894617586974 0.2271933969063862 0.2289058420840156 0.2306267958668857 0.2323562563308948 0.2340942210489355 0.2358406870873039 0.23759565100214 0.2393591088358814 0.2411310561137458 0.2429114878402355 0.2447003984956625 0.2464977820327026 0.2483036318729731 0.2501179409036357 0.2519407014740226 0.2537719053922966 0.2556115439221337 0.2574596077794319 0.2593160871290552 0.2611809715815984 0.2630542501901894 0.2649359114473144 0.2668259432816844 0.2687243330551197 0.2706310675594761 0.272546133013604 0.2744695150603322 0.276401198763495 0.2783411686049874 0.2802894084818613 0.2822459017034486 0.2842106309885278 0.2861835784625243 0.2881647256547522 0.2901540534956821 0.29215154231426 0.2941571718352645 0.2961709211766964 0.2981927688472025 0.3002226927435729 0.3022606701482264 0.3043066777267932 0.3063606915256962 0.3084226869698002 0.3104926388601049 0.3125705213714583 0.3146563080503471 0.3167499718127077 0.3188514849417965 0.3209608190860922 0.3230779452572703 
0.06262645478970515 0.06327299356382346 0.06392498778548442 0.0645824686714154 0.06524546744416379 0.06591401532976247 0.06658814355537158 0.06726788334689454 0.06795326592657246 0.06864432251055101 0.06934108430642555 0.07004358251076119 0.0707518483065888 0.07146591286087627 0.07218580732197767 0.07291156281705516 0.07364321044948118 0.0743807812962123 0.07512430640514281 0.07587381679243306 0.07662934343981313 0.07739091729186487 0.07815856925327958 0.07893233018609204 0.07971223090688999 0.08049830218400342 0.08129057473466798 0.08208907922216643 0.08289384625294627 0.08370490637371553 0.08452229006851528 0.08534602775576837 0.08617614978530966 0.08701268643538738 0.08785566790964733 0.08870512433409436 0.08956108575402852 0.09042358213096284 0.09129264333951735 0.0921682991642942 0.09305057929672597 0.09393951333190867 0.09483513076540923 0.09573746099005667 0.0966465332927048 0.09756237685098187 0.09848502073001839 0.09941449387915124 0.1003508251286064 0.1012940431861749 0.1022441766338459 0.1032012539244455 0.1041653033782361 0.1051363531795081 0.1061144313731521 0.1070995658612037 0.1080917843993819 0.1090911145936004 0.1100975838964651 0.1111112196037497 0.112132048850863 
SCALARS GB_eta_indicator double 1
LOOKUP_TABLE default
0.02574451765328069 0.02596459933053488 0.02618647246605636 0.02641014930174099 0.02663564327838858 0.02686296792077077 0.02709213683793085 0.02732316372348406 0.027556062355929 0.02779084659893958 0.02802753040165143 0.02826612779897287 0.02850665291186985 0.02874911994765285 0.02899354320026166 0.02923993705054865 0.0294883159665728 0.02973869450385266 0.02999108730566594 0.03024550910331041 0.03050197471636486 0.03076049905297041 0.03102109711008473 0.03128378397374188 0.03154857481930889 0.0318154849117401 0.03208452960581575 0.03235572434640394 0.03262908466869092 0.03290462619842188 0.03318236465213815 0.03346231583739162 0.03374449565299704 0.03402892008923197 0.03431560522806513 0.03460456724335924 0.03489582240110124 0.03518938705958152 0.0354852776696084 0.035783510774701 0.03608410301127891 0.03638707110885263 0.03669243189018599 0.03700020227150533 0.03731039926263512 0.03762303996718368 0.03793814158270283 0.03825572140082664 0.03857579680744535 0.03889838528282719 0.0392235044017642 0.03955117183371239 0.03988140534289417 0.04021422278845126 0.04054964212453347 0.04088768140040376 0.04122835876056792 0.04157169244483657 0.04191770078843639 0.04226640222206668 0.04261781346952652 
0.007959630891871124 0.008030522512089029 0.008102030214043984 0.008174158773198938 0.008246913364044059 0.008320299201266906 0.008394321540016051 0.008468985676181982 0.00854429694666514 0.008620260729655662 0.008696882444909728 0.008774167554028062 0.00885212156073718 0.008930750011165183 0.009010058494132635 0.009090052641427912 0.009170738128096751 0.00925212067272705 0.009334206037735987 0.009417000029659941 0.009500508499441038 0.009584737342722711 0.009669692500137175 0.009755379957602931 0.009841805746616682 0.009928975944552424 0.01001689667495238 0.01010557410783443 0.01019501445998263 0.01028522399525323 0.01037620902487622 0.01046797590775372 0.01056053105077201 0.01065388090909957 0.01074803198649698 0.0108429908356258 0.01093876405835161 0.01103535830606287 0.01113278027997283 0.01123103673143865 0.01133013446226736 0.01143008032503955 0.01153088122341536 0.01163254411245816 0.01173507599894425 0.0118384839416915 0.01194277505186914 0.01204795649332399 0.01215403548290139 0.01226101929076468 0.0123689152407214 0.01247773071054795 0.01258747313231514 0.0126981499927109 0.01280976883337362 0.01292233725121254 0.01303586289874731 0.01315035348442784 0.01326581677297242 0.01338226058569209 0.01349969219821271 
0.002373948482841332 0.002395559922607946 0.002417365661389935 0.002439367299366801 0.002461566560738087 0.002483965184385556 0.00250656492399306 0.002529367548164517 0.002552374840544485 0.002575588599937774 0.002599010640432938 0.002622642791523358 0.002646486898232215 0.002670544821234975 0.002694818436985976 0.002719309637843765 0.002744020332199204 0.002768952444602711 0.002794107915892287 0.00281948870332501 0.002845096780706575 0.002870934138523235 0.002897002784074306 0.002923304741605715 0.002949842052444329 0.00297661677513348 0.003003630985568711 0.003030886777136709 0.003058386260850976 0.003086131565493734 0.003114124837753678 0.003142368242369008 0.003170863962268997 0.00319961419871595 0.003228621171451247 0.003257887118839209 0.003287414298013564 0.003317204985024391 0.003347261474986034 0.003377586082227793 0.003408181140441651 0.003439049002834645 0.003470192042282212 0.003501612651478897 0.00353331324309557 0.003565296249931721 0.003597564125074352 0.003630119342054415 0.003662964395005324 0.00369610179882173 0.003729534089321644 0.003763263823407346 0.003797293579228348 0.003831625956344482 0.003866263575891982 0.003901209080749498 0.003936465135703922 0.003972034427619947 0.004007919665608208 0.00404412358119735 0.004080648741021023 
0.0006942189338958356 0.0007006132209453662 0.0007070660332536426 0.0007135778678915058 0.0007201492590251499 0.0007267807455762121 0.0007334728712626282 0.000740226184640084 0.0007470412391443994 0.000753918593133438 0.000760858809929807 0.0007678624578639305 0.0007749301103171819 0.0007820623457655468 0.000789259747824115 0.0007965229052906966 0.0008038524121914152 0.0008112488678252885 0.0008187128768100265 0.0008262450491276966 0.0008338460001712204 0.0008415163507908157 0.0008492567273411076 0.0008570677617287993 0.0008649500914597975 0.0008729043596881852 0.0008809312152643675 0.0008890313127841332 0.0008972053126380497 0.0009054538810613369 0.00091377769018393 0.0009221774180812295 0.0009306537488248928 0.0009392073725347046 0.0009478389854301054 0.0009565492898822706 0.0009653389944673723 0.0009742088140192541 0.0009831594696834069 0.0009921916889703039 0.001001306205810623 0.001010503760609679 0.001019785100302555 0.001029150978410646 0.001038602155097088 0.001048139397223523 0.001057763478407972 0.001067475179081514 0.001077275286546762 0.001087164595036516 0.001097143905772459 0.001107214027024802 0.00111737577417237 0.001127629969762577 0.001137977443572995 0.001148419032671987 0.001158955581481291 0.001169587941837933 0.001180316973057983 0.001191143541998096 0.001202068467036329 
0.0002008588989359611 0.000202720574886391 0.0002045994526420924 0.0002064956806665435 0.0002084094182881397 0.0002103408262859887 0.000212290066902891 0.0002142573038585532 0.0002162427023627866 0.0002182464291289389 0.000220268652387368 0.0002223095418990972 0.0002243692689694634 0.0002264480064620809 0.0002285459288128218 0.0002306632120437459 0.0002328000337775784 0.0002349565732519352 0.0002371330113336941 0.0002393295305338074 0.0002415463150219021 0.000243783550641205 0.0002460414249234537 0.0002483201271041251 0.0002506198481375917 0.0002529407807125246 0.0002552831192675651 0.0002576470600068291 0.0002600328009155631 0.0002624405417764744 0.0002648704841855309 0.0002673228315681385 0.0002697977891956755 0.0002722955642018694 0.0002748163655995253 0.0002773604042970897 0.0002799278931159766 0.0002825190468072119 0.0002851340820690218 0.000287773217564067 0.0002904366739367864 0.000293124673831557 0.0002958374419099683 0.0002985752048692883 0.0003013381914602344 0.0003041266325056082 0.0003069407609185019 0.000309780811721122 0.0003126470220634198 0.0003155396312421104 0.0003184588807198963 0.0003214050141444554 0.0003243782773682285 0.000327378918467825 0.0003304071877638419 0.0003334633378408666 0.0003365476235676622 0.0003396603021172168 0.0003428016329875823 0.0003459718780222426 0.0003491712850050759 
5.778211354823665e-05 5.831946579762545e-05 5.886180829245506e-05 5.940918446823877e-05 5.996164090668075e-05 6.051922461863488e-05 6.108198304802174e-05 6.164996407579648e-05 6.222321602394154e-05 6.280178765947802e-05 6.338572819856543e-05 6.397508731063607e-05 6.456991512245734e-05 6.51702622223885e-05 6.577617966458226e-05 6.638771897319138e-05 6.700493214674834e-05 6.762787166247162e-05 6.825659048057748e-05 6.889114204880757e-05 6.953158030676883e-05 7.017795969050019e-05 7.083033513699485e-05 7.148876208876306e-05 7.215329649846675e-05 7.282399483353913e-05 7.350091408093581e-05 7.418411175186324e-05 7.487364588651288e-05 7.55695750589861e-05 7.627195838211063e-05 7.698085551232226e-05 7.769632665468106e-05 7.841843256790299e-05 7.914723456931404e-05 7.988279454003361e-05 8.062517493009737e-05 8.137443876358366e-05 8.213064964395837e-05 8.289387175928431e-05 8.366416988753754e-05 8.444160940203415e-05 8.522625627686396e-05 8.601817709228646e-05 8.681743904036771e-05 8.762410993043377e-05 8.843825819482135e-05 8.925995289444296e-05 9.008926372457207e-05 9.092626102063064e-05 9.177101576394841e-05 9.262359958774391e-05 9.348408478299322e-05 9.435254430440037e-05 9.522905177653454e-05 9.611368149980821e-05 9.700650845673114e-05 9.790760831803205e-05 9.881705744896923e-05 9.973493291566378e-05 0.0001006613077351352 
1.657137642192014e-05 1.672575988746075e-05 1.688158093754471e-05 1.703885214139163e-05 1.719758697372955e-05 1.73577990341829e-05 1.751950204845761e-05 1.768270986946472e-05 1.784743647853822e-05 1.801369598658545e-05 1.818150263530393e-05 1.835087079838964e-05 1.852181498273914e-05 1.869434982969885e-05 1.8868490116293e-05 1.904425075648656e-05 1.922164680243262e-05 1.94006934457786e-05 1.958140601891401e-05 1.976379999630689e-05 1.994789099578194e-05 2.013369477988138e-05 2.032122725715991e-05 2.051050448356383e-05 2.07015426637747e-05 2.089435815258389e-05 2.108896745628724e-05 2.12853872340681e-05 2.148363429941785e-05 2.168372562155681e-05 2.188567832687091e-05 2.20895097003631e-05 2.229523718710991e-05 2.250287839375567e-05 2.271245108996484e-05 2.292397320998294e-05 2.313746285408865e-05 2.335293829018292e-05 2.357041795529614e-05 2.378992045716292e-05 2.401146457580011e-05 2.423506926507381e-05 2.44607536543401e-05 2.468853705001269e-05 2.491843893724564e-05 2.51504789815448e-05 2.538467703043787e-05 2.562105311516466e-05 2.585962745236212e-05 2.61004204457679e-05 2.634345268794207e-05 2.658874496202782e-05 2.683631824348451e-05 2.708619370186289e-05 2.733839270260739e-05 2.759293680884526e-05 2.784984778320921e-05 2.810914758969077e-05 2.83708583954708e-05 2.86350025727978e-05 2.890160133207174e-05 
4.744686389945484e-06 4.788931456008688e-06 4.833589115286491e-06 4.878662983850704e-06 4.924156937524159e-06 4.970074888173472e-06 5.016420784051358e-06 5.063198610128015e-06 5.110412388432351e-06 5.158066178399169e-06 5.206164077212594e-06 5.254710220159252e-06 5.303708780982002e-06 5.353163972233835e-06 5.403080045643075e-06 5.453461292469261e-06 5.504312043878506e-06 5.555636671310228e-06 5.607439586848179e-06 5.659725243600046e-06 5.712498136080604e-06 5.765762800592226e-06 5.819523815612976e-06 5.873785802189521e-06 5.928553424331644e-06 5.983831389410472e-06 6.039624448561081e-06 6.095937397086078e-06 6.152775074871698e-06 6.210142366794214e-06 6.268044203139197e-06 6.326485560028105e-06 6.385471459835416e-06 6.445006971624213e-06 6.505097211574728e-06 6.565747343422769e-06 6.626962578901472e-06 6.688748178189075e-06 6.751109450350051e-06 6.814051753797818e-06 6.877580496746329e-06 6.941701137675732e-06 7.00641918579231e-06 7.071740201508683e-06 7.137669796908542e-06 7.204213636231573e-06 7.271377436359212e-06 7.339166967292259e-06 7.407588052657183e-06 7.476646570192219e-06 7.546348452255013e-06 7.616699686327692e-06 7.687706315523958e-06 7.759374439113841e-06 7.831710213033911e-06 7.904719850418229e-06 7.978409622129362e-06 8.052785857290297e-06 8.127854943826787e-06 8.203623329005877e-06 8.280097127346478e-06 
1.357291595173016e-06 1.36995505619041e-06 1.382736697038199e-06 1.395637554797767e-06 1.408658740932203e-06 1.421801377259523e-06 1.435066596049325e-06 1.448455540120592e-06 1.461969362938396e-06 1.475609228714917e-06 1.48937631250829e-06 1.503271800322973e-06 1.517296889213449e-06 1.531452787385733e-06 1.545740714301217e-06 1.560161900781318e-06 1.574717589114149e-06 1.589409033160761e-06 1.604237498461318e-06 1.61920426234703e-06 1.634310614046115e-06 1.649557854797927e-06 1.664947297962039e-06 1.680480269132697e-06 1.696158106251607e-06 1.711982159724072e-06 1.727953792533077e-06 1.744074380358845e-06 1.760345311694539e-06 1.776767987966783e-06 1.793343823655916e-06 1.810074246416953e-06 1.826960697202164e-06 1.844004630386326e-06 1.86120751388858e-06 1.878570829301998e-06 1.896096072017483e-06 1.913784751354243e-06 1.931638390689583e-06 1.949658527587002e-06 1.96784671393188e-06 1.986204516061722e-06 2.004733514901684e-06 2.023435306101297e-06 2.042311500169724e-06 2.061363722614118e-06 2.080593614081237e-06 2.100002830494887e-06 2.119593043201647e-06 2.139365939111088e-06 2.159323220842776e-06 2.17946660687134e-06 2.199797831674113e-06 2.220318645880015e-06 2.241030816419827e-06 2.261936126677969e-06 2.283036376644717e-06 2.304333383071503e-06 2.325828979626856e-06 2.347525017052268e-06 2.36942325088689e-06 
3.880912027480723e-07 3.917130630197944e-07 3.953687376359261e-07 3.990585235352748e-07 4.027827389358818e-07 4.065417050233634e-07 4.103357459785347e-07 4.141651890053199e-07 4.180303643589483e-07 4.219316053742751e-07 4.25869248494694e-07 4.298436333009556e-07 4.338551025404481e-07 4.379040021567088e-07 4.419906813192195e-07 4.461154924534587e-07 4.502787912712548e-07 4.544809368014145e-07 4.587222914206338e-07 4.630032208847454e-07 4.673240943600113e-07 4.716852844552113e-07 4.760871672535154e-07 4.805301223449327e-07 4.850145328589536e-07 4.895407854975751e-07 4.941092705685725e-07 4.98720382019101e-07 5.033745174696151e-07 5.080720782480974e-07 5.128134694246087e-07 5.175990998461549e-07 5.224293821718932e-07 5.273047329086402e-07 5.322255724467325e-07 5.371923250962269e-07 5.422054191234001e-07 5.472652867876317e-07 5.523723643786049e-07 5.575270922538639e-07 5.627299148767148e-07 5.679812808544837e-07 5.732816429771233e-07 5.786314582562089e-07 5.840311879642339e-07 5.894812976743399e-07 5.949822573003791e-07 6.00534541137335e-07 6.061386279021974e-07 6.117950007751864e-07 6.175041474411642e-07 6.232665601317713e-07 6.290827356677649e-07 6.34953175501683e-07 6.408783857611266e-07 6.468588772922043e-07 6.528951657035684e-07 6.589877714107313e-07 6.65137219680845e-07 6.713440406779679e-07 6.776087373425127e-07 
1.109400862350332e-07 1.119755853072876e-07 1.130207541066387e-07 1.14075677578157e-07 1.151404467516232e-07 1.162151535061365e-07 1.172998905780381e-07 1.183947515688924e-07 1.194998309536119e-07 1.206152240885081e-07 1.217410272196208e-07 1.228773374909085e-07 1.240242529527194e-07 1.251818725701889e-07 1.263502962317874e-07 1.275296247579187e-07 1.287199599096662e-07 1.299214043974686e-07 1.311340618900774e-07 1.323580370234313e-07 1.335934354096974e-07 1.348403636463725e-07 1.360989293254747e-07 1.373692410428047e-07 1.386514084073669e-07 1.399455420507125e-07 1.412517536365859e-07 1.425701558704867e-07 1.43900862509405e-07 1.452439883716243e-07 1.465996493466055e-07 1.479679624050416e-07 1.493490456088299e-07 1.507430181213586e-07 1.521500002177176e-07 1.535701132950844e-07 1.550034798831837e-07 1.564502236548372e-07 1.579104694366912e-07 1.593843432198566e-07 1.608719721708905e-07 1.623734846426886e-07 1.638890101855645e-07 1.654186795584062e-07 1.669626247400077e-07 1.685209789403267e-07 1.700938766120936e-07 1.716814534623215e-07 1.732838464640306e-07 1.749011938680537e-07 1.765336352149405e-07 1.781813113469805e-07 1.798443644203917e-07 1.815229379175198e-07 1.832171766592164e-07 1.849272268173372e-07 1.866532359273237e-07 1.883953529009067e-07 1.901537280390293e-07 1.919285130446029e-07 1.937198518381742e-07 
2.07483004064501e-07 2.093567567603354e-07 2.112474387871545e-07 2.131551934126885e-07 2.150801747732176e-07 2.170225383963368e-07 2.189824412133454e-07 2.209600415719807e-07 2.229554992492742e-07 2.249689754642786e-07 2.270006328912345e-07 2.290506356725912e-07 2.311191494323619e-07 2.332063412893323e-07 2.353123798707162e-07 2.374374353256619e-07 2.39581679339038e-07 2.417452851451767e-07 2.439284275420171e-07 2.461312829051045e-07 2.48354029201817e-07 2.50596846005843e-07 2.528599145115052e-07 2.551434175484914e-07 2.57447539596549e-07 2.597724668004877e-07 2.621183869850029e-07 2.644854896700562e-07 2.668739660859375e-07 2.692840091889289e-07 2.717158136766414e-07 2.741695760039271e-07 2.76645494398616e-07 2.791437688775378e-07 2.816646012626579e-07 2.84208195197372e-07 2.867747561629183e-07 2.893644914949746e-07 2.919776104003783e-07 2.946143239739702e-07 2.972748452157621e-07 2.999593890478901e-07 3.026681723322141e-07 3.054014138875615e-07 3.081593345076275e-07 3.109421569785335e-07 3.137501060970356e-07 3.165834086885234e-07 3.194422936253416e-07 3.223269918452833e-07 3.252377363701794e-07 3.281747623247363e-07 3.311383069554736e-07 3.341286096498739e-07 3.371459119556678e-07 3.401904576004451e-07 3.43262492511074e-07 3.463622648338277e-07 3.494900249541196e-07 3.526460255168649e-07 3.558305050998328e-07 
7.257470822485557e-07 7.322999027318498e-07 7.389119100899425e-07 7.455836049520268e-07 7.523155259493859e-07 7.591082165717836e-07 7.659622252111078e-07 7.728781052055324e-07 7.798564148840315e-07 7.868977176116871e-07 7.940025818345799e-07 8.011715811259018e-07 8.084052942321161e-07 8.157043051195314e-07 8.230692030213004e-07 8.305005824852274e-07 8.379990434211138e-07 8.45565191149454e-07 8.531996364500237e-07 8.609029956114278e-07 8.686758904801975e-07 8.765189485112443e-07 8.844328028182227e-07 8.924180922249047e-07 9.004754613160444e-07 9.086055604896871e-07 9.168090460093702e-07 9.250865800573615e-07 9.334388307873879e-07 9.418664723788684e-07 9.503701850909759e-07 9.589506553178666e-07 9.676085756433124e-07 9.763446448967849e-07 9.851595682100758e-07 9.940540570734166e-07 1.003028829393091e-06 1.0120846095496e-06 1.021222128455304e-06 1.030442123613609e-06 1.039745339178721e-06 1.049132526014849e-06 1.058604441757001e-06 1.068161850872397e-06 1.077805524721226e-06 1.087536241619166e-06 1.097354786900383e-06 1.107261952979943e-06 1.117258539418511e-06 1.127345352985972e-06 1.137523207726624e-06 1.147792925025201e-06 1.158155333672012e-06 1.168611269930747e-06 1.179161577604768e-06 1.189807108106001e-06 1.200548720522568e-06 1.211387281688621e-06 1.222323666253902e-06 1.233358756753535e-06 1.2444933865225e-06 
2.537692684384881e-06 2.560597129977883e-06 2.58370833868467e-06 2.607028057757828e-06 2.630558167237958e-06 2.654300564100252e-06 2.678257162408819e-06 2.702429893470002e-06 2.726820705986506e-06 2.75143156621541e-06 2.776264458124279e-06 2.801321383551332e-06 2.826604362367286e-06 2.85211543263507e-06 2.877856650776226e-06 2.903830091734043e-06 2.930037849140363e-06 2.956482035484478e-06 2.983164782282588e-06 3.010088240248389e-06 3.037254579465929e-06 3.064665989563527e-06 3.092324679890899e-06 3.12023287969447e-06 3.14839283829724e-06 3.176806825280874e-06 3.205477130663804e-06 3.234406065090906e-06 3.263595960012274e-06 3.29304916787597e-06 3.322768062313648e-06 3.352755038331975e-06 3.38301251250435e-06 3.413542923166291e-06 3.444348730608859e-06 3.475432417277556e-06 3.506796487971159e-06 3.538443470042985e-06 3.57037591360255e-06 3.602596391721712e-06 3.63510750063948e-06 3.667911859972265e-06 3.701012112921223e-06 3.734410926487579e-06 3.768110991683085e-06 3.802115023749341e-06 3.836425762372547e-06 3.871045971904601e-06 3.905978441587102e-06 3.941225985768214e-06 3.97679144413678e-06 4.012677681942762e-06 4.048887590234087e-06 4.085424086082022e-06 4.122290112817295e-06 4.159488640267684e-06 4.197022664994976e-06 4.234895210534601e-06 4.27310932763734e-06 4.31166809451778e-06 4.350574417377184e-06 
8.867729572074986e-06 8.94771111024612e-06 9.028413899801093e-06 9.109844024964567e-06 9.192008033353829e-06 9.274912531431833e-06 9.358564185028757e-06 9.442969719875187e-06 9.528135922138832e-06 9.614069638969263e-06 9.700777779038649e-06 9.788267313098558e-06 9.87654527453021e-06 9.96561875991398e-06 1.00554949295892e-05 1.014618100822566e-05 1.02376842854046e-05 1.033001211619449e-05 1.042317192174372e-05 1.051717118986757e-05 1.061201747564936e-05 1.070771840203681e-05 1.080428166045858e-05 1.090171501143298e-05 1.100002628518486e-05 1.109922338227231e-05 1.119931427422197e-05 1.130030700415405e-05 1.140220968742723e-05 1.150503051229402e-05 1.160877774053998e-05 1.171345970815253e-05 1.181908482598111e-05 1.192566158040733e-05 1.20331985340227e-05 1.21417043263114e-05 1.225118767433506e-05 1.236165737343075e-05 1.247312229791157e-05 1.258559140177526e-05 1.269907371940978e-05 1.281357836632071e-05 1.292911453985801e-05 1.304569151994004e-05 1.316331866980168e-05 1.328200543673511e-05 1.340176135284469e-05 1.352259603580181e-05 1.364451918961236e-05 1.376754060539764e-05 1.389167016215742e-05 1.401691782757072e-05 1.414329365878013e-05 1.427080780320026e-05 1.439947049931548e-05 1.452929207750421e-05 1.466028296085574e-05 1.479245366599873e-05 1.492581480394184e-05 1.506037708091472e-05 1.519615060225564e-05 
3.095008779724972e-05 3.122887418574952e-05 3.151016965166158e-05 3.179399529093661e-05 3.208037381286288e-05 3.236932812989055e-05 3.266088135945152e-05 3.295505682576194e-05 3.325187806166852e-05 3.355136881053751e-05 3.385355302807294e-05 3.415845488424458e-05 3.446609876518632e-05 3.477650927512359e-05 3.50897112382823e-05 3.540572970091293e-05 3.572458993318296e-05 3.60463174312413e-05 3.637093791917121e-05 3.669847735106619e-05 3.70289619130469e-05 3.736241802532203e-05 3.769887234427923e-05 3.803835176459287e-05 3.838088342133413e-05 3.872649469209745e-05 3.907521319917311e-05 3.942706681171549e-05 3.978208364794371e-05 4.014029207733855e-05 4.050172072289716e-05 4.086639846337008e-05 4.123435443553287e-05 4.160561803649104e-05 4.19802189259947e-05 4.23581870287502e-05 4.273955253679085e-05 4.312434591184348e-05 4.351259788774552e-05 4.390433947281539e-05 4.429960195234933e-05 4.469841689102555e-05 4.510081613541299e-05 4.550683181648697e-05 4.59164963521297e-05 4.632984244966497e-05 4.674690310847817e-05 4.716771162255131e-05 4.759230158311737e-05 4.802070688128127e-05 4.845296171068013e-05 4.888910057017415e-05 4.932915826654792e-05 4.977316991725103e-05 5.022117095313439e-05 5.067319712125987e-05 5.112928448768162e-05 5.158946944027301e-05 5.20537886916021e-05 5.252227928177658e-05 5.299497615494042e-05 
0.0001077786099913911 0.0001087470672017587 0.0001097242084587646 0.0001107101063248442 0.0001117048389547542 0.0001127084851964511 0.0001137211245972869 0.0001147428374101019 0.0001157737045994119 0.0001168138078477063 0.0001178632295616834 0.0001189220528786411 0.00011999036167294 0.0001210682405623948 0.0001221557749148606 0.0001232530508547669 0.0001243601552698026 0.0001254771758175756 0.0001266042009323872 0.0001277413198320551 0.0001288886225247457 0.0001300461998159333 0.0001312141433154122 0.0001323925454442835 0.0001335814994421304 0.0001347810993741802 0.0001359914401384676 0.000137212617473272 0.0001384447279643402 0.0001396878690523798 0.0001409421390405433 0.0001422076371019606 0.0001434844632873539 0.0001447727185327582 0.0001460725046672477 0.0001473839244207025 0.0001487070814317848 0.0001500420802558253 0.0001513890263728823 0.000152748026195781 0.000154119187078249 0.0001555026173233172 0.0001568984261913786 0.0001583067239087379 0.0001597276216759382 0.0001611612316763519 0.0001626076670847699 0.0001640670420759622 0.0001655394718335162 0.0001670250725586599 0.0001685239614790143 0.0001700362568577057 0.0001715620780023182 0.0001731015452740485 0.0001746547800968312 0.0001762219049667152 0.0001778030434611641 0.0001793983202484453 0.0001810078610972404 0.000182631792886111 0.0001842702352031161 
0.0003737466131514592 0.0003770896322584694 0.0003804624212586067 0.0003838652260053025 0.0003872983115783684 0.0003907619453709384 0.000394256397109536 0.0003977819388741141 0.0004013388451179053 0.0004049273926878639 0.0004085478608453688 0.0004122005312865514 0.0004158856881633123 0.0004196036181043368 0.000423354610236059 0.0004271389562042921 0.0004309569501956995 0.0004348088889592833 0.0004386950718284273 0.0004426158007430445 0.0004465713802717236 0.0004505621176340044 0.000454588322723417 0.0004586503081298891 0.000462748389162884 0.0004668828838745953 0.0004710541130832604 0.0004752624003969224 0.0004795080722369424 0.0004837914578618967 0.0004881128893922468 0.000492472701833954 0.0004968712331036939 0.0005013088240531087 0.000505785818494182 0.0005103025632241062 0.0005148594080506366 0.0005194567058179901 0.000524094812432217 0.0005287740868875166 0.000533494891292435 0.0005382575908958652 0.0005430625541143371 0.0005479101525583807 0.000552800761059814 0.0005577347576990455 0.0005627125238324981 0.0005677344441205005 0.0005728009065550326 0.0005779123024881902 0.0005830690266605737 0.0005882714772297038 0.0005935200557991349 0.0005988151674476725 0.000604157220758622 0.0006095466278491028 0.0006149838044005865 0.0006204691696883013 0.0006260031466120408 0.0006315861617263547 0.0006372186163616513 
0.00128594719905042 0.001297351512209236 0.001308856069292642 0.001320461679874145 0.001332169218632168 0.001343979567642889 0.001355893616439233 0.001367912262073186 0.001380036409175574 0.001392266970018592 0.001404604864577321 0.001417051020592335 0.001429606373633147 0.001442271867161136 0.001455048452594441 0.001467937089371142 0.001480938745015563 0.001494054395202504 0.001507285023824125 0.00152063162305621 0.001534095193424606 0.001547676743873267 0.001561377291831467 0.001575197863283626 0.001589139492836397 0.001603203223790212 0.001617390108207282 0.001631701206983841 0.001646137589920029 0.001660700335792254 0.001675390532424841 0.001690209276762889 0.001705157674945311 0.001720236842378959 0.001735447903812341 0.001750791993411371 0.001766270254833436 0.001781883841304758 0.001797633915695956 0.001813521650599493 0.001829548228407235 0.001845714841388769 0.001862022691770141 0.001878472991812949 0.001895066963895094 0.001911805840590392 0.00192869086475005 0.001945723289584728 0.001962904378746468 0.001980235406411927 0.001997717657365316 0.002015352427082799 0.0020331410218182 0.002051084758686619 0.002069184965751765 0.002087442982111553 0.002105860157986836 0.002124437854807143 0.002143177445301072 0.002162080313584136 0.002181147757389947 
0.004360836170299006 0.004398895817244963 0.004437281880319602 0.004475996883913308 0.004515043566817885 0.004554424689570279 0.004594143034608103 0.004634201406430106 0.004674602631759119 0.004715349559698927 0.004756445061901543 0.004797892032725899 0.004839693389407026 0.004881852072216508 0.004924371044633658 0.004967253293508321 0.005010501829233603 0.005054119685910742 0.005098109921524055 0.00514247561810764 0.005187219881922319 0.005232345843624412 0.005277856658444127 0.005323755506359251 0.005370045592269689 0.005416730146179081 0.005463812423368477 0.005511295704580579 0.005559183296195371 0.005607478530415951 0.005656184765449131 0.0057053053856873 0.005754843801897368 0.005804803451401185 0.005855187798267532 0.005906000333494825 0.005957244575204679 0.006008924068827593 0.006061042387295146 0.006113603131234979 0.006166609929157944 0.006220066437658123 0.006273976341603028 0.006328343354332628 0.00638317121785452 0.006438463703046141 0.00649422460984836 0.006550457767470064 0.006607167034587625 0.006664356299548796 0.006722029480574637 0.006780190525965692 0.006838843414306304 0.006897992154672673 0.006957640786839248 0.007017793381487974 0.007078454040420015 0.007139626896765091 0.007201316115191611 0.00726352589212468 0.007326260134044881 
0.01439905401021116 0.01452101520629972 0.01464397437837281 0.01476793860008322 0.01489291561639984 0.01501891322586498 0.01514593928088491 0.01527400168801636 0.01540310840826536 0.01553326745736861 0.01566448690609502 0.01579677488053539 0.01593013956239066 0.01606458918927232 0.01620013205498857 0.01633677650984477 0.01647453096093432 0.01661340387243243 0.01675340376589321 0.01689453922054303 0.01703681887357331 0.01718025142044346 0.01732484561516546 0.01747061027061116 0.01761755425879741 0.01776568651118978 0.01791501601899359 0.01806555183345359 0.01821730306614623 0.01837027888927959 0.01852448853598421 0.01867994130061444 0.0188366465390456 0.01899461366895659 0.01915385217014483 0.01931437158480832 0.01947618151784079 0.01963929163713707 0.0198037116738752 0.01996945142282218 0.02013652074261919 0.02030492955608303 0.02047468785049303 0.02064580567788703 0.02081829315535377 0.02099216046532898 0.02116741785588147 0.02134407564100444 0.02152214420091027 0.02170163398231943 0.02188255549874305 0.02206491933078455 0.02224873612641409 0.02243401660126743 0.02262077153892524 0.02280901179119572 0.02299874827841265 0.02318999198970571 0.02338275398328864 0.02357704538674046 0.02377287639274788 
0.04530107742589665 0.0456638470332674 0.04602932471093749 0.04639752630862348 0.04676846959931071 0.04714217244009156 0.04751865277211674 0.04789792862058048 0.04828001809468358 0.04866493938757426 0.04905271077630892 0.04944335062179738 0.04983687736872274 0.05023330954546577 0.05063266576403626 0.05103496471998269 0.05144022519227515 0.05184846604322526 0.05225970621834545 0.05267396474625233 0.05309126073851077 0.05351161338951912 0.05393504197633596 0.0543615658585481 0.054791204478086 0.05522397735905059 0.05565990410753731 0.05609900441145237 0.05654129804028507 0.05698680484490595 0.05743554475735867 0.05788753779061843 0.05834280403833685 0.05880136367462101 0.0592632369537508 0.05972844420990763 0.06019700585691239 0.06066894238790794 0.06114427437507806 0.06162302246932579 0.06210520739994208 0.06259084997427727 0.06307997107740573 0.06357259167175405 0.06406873279674254 0.06456841556838235 0.06507166117892764 0.06557849089643741 0.06608892606436773 0.06660298810114207 0.06712069849974142 0.06764207882719901 0.06816715072418912 0.06869593590451557 0.06922845615466253 0.06976473333323341 0.07030478937049386 0.07084864626781069 0.0713963260971273 0.0719478510003943 0.07250324034179632 
0.130865590263577 0.131808637815993 0.1327575116618887 0.1337122314197963 0.1346728214546033 0.1356393060902706 0.1366117096076834 0.137590056242355 0.1385743701822159 0.1395646755652858 0.1405609964774197 0.1415633569499475 0.1425717809573224 0.1435862924147323 0.1446069151757111 0.1456336730297292 0.1466665896996849 0.1477056888394913 0.1487509940315075 0.1498025287840872 0.1508603165289407 0.1519243806186437 0.1529947443239606 0.1540714308312644 0.1551544632398985 0.1562438645594327 0.1573396577070203 0.1584418655046796 0.159550510676447 0.1606656158457579 0.1617872035325101 0.1629152961502775 0.1640499160034886 0.1651910852845253 0.1663388260708379 0.1674931603219447 0.1686541098766322 0.1698216964498425 0.1709959416297026 0.1721768668745425 0.1733644935098333 0.1745588427250561 0.1757599355706718 0.1769677929549868 0.1781824356409505 0.1794038842430521 0.1806321592240613 0.1818672808918531 0.183109269396137 0.1843581447252384 0.1856139267027077 0.1868766349840801 0.188146289053502 0.1894229082203805 0.1907065116159834 0.191997118190059 0.193294746707338 0.194599415744094 0.1959111436847499 0.1972299487182159 0.1985558420444349 
0.3273555456865763 0.3292848006504799 0.331221593116826 0.3331659011412271 0.3351177120385452 0.3370770125753467 0.3390437889656853 0.3410180268669189 0.3429997113753031 0.3449888270222596 0.3469853577699029 0.348989287007038 0.3510005975451402 0.3530192716140624 0.3550452908581969 0.3570786363323218 0.3591192884976718 0.3611672272179609 0.3632224317552638 0.3652848807663119 0.3673545522983672 0.3694314237856294 0.3715154720449901 0.373606673272764 0.3757050030402636 0.3778104362905249 0.3799229473344871 0.3820425098471282 0.3841690968336372 0.3863026807469666 0.3884432333026347 0.3905907255961075 0.3927451280691108 0.3949064105371189 0.3970745420621793 0.3992494911349708 0.4014312255478902 0.4036197124227609 0.4058149182073986 0.4080168086724424 0.4102253489082401 0.4124405033217448 0.4146622356332953 0.4168905088737551 0.4191252853814953 0.4213665267993543 0.423614194071903 0.4258682474425665 0.428128646450879 0.4303953499297462 0.432668316002813 0.4349475020818587 0.437232864864153 0.4395243603302218 0.4418219437410665 0.4441255696361787 0.4464351918309336 0.4487507634145517 0.4510722367477579 0.453399563460725 0.4557326825249579 
0.6536371697911655 0.6562091674728073 0.6587805104440633 0.6613510774039769 0.6639207595699192 0.6664894475809606 0.669057031504614 0.6716234008433219 0.6741884445411476 0.676752050990875 0.6793141080408041 0.6818745030019052 0.6844331226551069 0.6869898532586542 0.6895445805555479 0.6920971897810562 0.6946475656706845 0.697195592467625 0.699741153930894 0.7022841333435776 0.7048244135205872 0.7073618768172277 0.7098964051375537 0.7124278799428282 0.7149561822602313 0.7174811926915815 0.7200027914220352 0.7225208580964825 0.725018528228434 0.7275291219184956 0.73003582092005 0.7325385033898159 0.7350370472948012 0.7375483070581328 0.740038252011008 0.7425236895673597 0.745004496393081 0.7474805487074659 0.7499517224279564 0.7524178931806662 0.7548789363103754 0.7573347268913341 0.759785139737535 0.7622300494134413 0.7646693302449051 0.767102856329682 0.7695305015487011 0.771952139576829 0.7743676438942058 0.7767768877973052 0.7791797444103041 0.7815760866965021 0.7839657874696986 0.7863487194058104 0.7887247550547143 0.7910937668515596 0.7934556271289399 0.7958102081286569 0.7981573820137643 0.8004970208803975 0.8028289848909884 
0.9525857820247911 0.9539041979182591 0.9552055850605714 0.9564898491439977 0.9577569036473664 0.9590066630834152 0.9602390430104378 0.9614539600420314 0.9626513318588114 0.963831077218304 0.9649931159657257 0.9661373690442535 0.9672637585053733 0.9683722075186504 0.9694626403819341 0.9705349825313629 0.971589160550408 0.9726251021802292 0.9736427363286533 0.9746419930794942 0.9756228037017832 0.9765851006587086 0.9775288176168078 0.9784538894537652 0.9793602522684096 0.9802478433874527 0.9811166011659271 0.98192581212872 9.601846663737906e-21 4.91765924721516e-22 4.934546257648769e-22 4.951519701992041e-22 9.703007925401328e-21 0.9866249282535126 0.9873817145581542 0.9880784179679256 0.988755743423008 0.9894136438049941 0.9900520731099441 0.9906709866643464 0.9912703411297695 0.9918500945102776 0.9924102061567573 0.9929506367735139 0.9934713484225984 0.993972304529425 0.9944534698876979 0.9949148106638723 0.995356294401592 0.9957778900269463 0.996179567851625 0.9965612995774547 0.9969230582999447 0.9972648185122162 0.9975865561084054 0.9978882483868652 0.9981698740531052 0.9984314132225178 0.9986728474238157 0.9988941596004268 0.9990953331397544 
0.9521023479914537 0.9507608474844904 0.9494025155742724 0.9480274499630951 0.9466357425274593 0.9452274861060727 0.9438027744878587 0.9423617024004904 0.9409043654979921 0.9394308603493816 0.9379412844259658 0.9364357360898548 0.9349143145811707 0.9333771200059453 0.9318242533237844 0.9302558163354927 0.9286719116700711 0.9270726427727159 0.9254581138915215 0.9238284300653323 0.9221836971104106 0.920524021607948 0.9188495108909107 0.9171602730310473 0.9154564168259188 0.9137380516068986 0.9119692208013348 1.074047776994043e-20 7.13220769352362e-42 2.060988262773635e-44 2.06802416216006e-44 2.075179234595136e-44 7.163552917202337e-42 1.069706980896125e-20 0.8976028399693355 0.8957809906703567 0.8939104468815292 0.892026758968562 0.8901300446704068 0.8882204220764385 0.8862980097877029 0.8843629269033526 0.8824152930069004 0.8804552281527598 0.8784828528524848 0.8764982880612664 0.8745016551641888 0.8724930759626188 0.8704726726607519 0.8684405678516089 0.866396884503871 0.8643417459479481 0.8622752758627005 0.8601975982613824 0.8581088374786019 0.8560091181565342 0.8538985652312773 0.851777303919605 0.849645459705375 0.8475031583261089 0.8453505367546479 
0.6527021321874961 0.6501293972525646 0.6475562347382141 0.6449827639605451 0.6424090904946506 0.6398353192987845 0.6372615547086041 0.6346879004316814 0.6321144595421523 0.6295413344754589 0.6269686270229248 0.6243964383271111 0.6218248688765965 0.6192540185012109 0.6166839863675125 0.6141148709739528 0.6115467701467139 0.6089797810350871 0.6064140001075035 0.6038495231471755 0.6012864452484027 0.5987248608124481 0.5961648635438639 0.5936065464469935 0.5910500017380845 0.5884728619100569 8.362116182228776e-21 6.666571593316398e-42 9.468404488587674e-64 1.69258421647876e-67 1.698302042468004e-67 1.704238632430161e-67 9.433511060762874e-64 6.57204955503416e-42 8.132447476666471e-21 0.5630492083861751 0.5605423416527118 0.5580169126106561 0.5554944725562059 0.5529751029650982 0.5504588844882322 0.5479458970297659 0.5454362197456716 0.5429299310420894 0.5404271085741049 0.5379278292444951 0.5354321692025992 0.5329402038431796 0.5304520078055919 0.5279676549728446 0.5254872184710181 0.5230107706683421 0.5205383831749616 0.5180701268422018 0.5156060717624134 0.5131462872684812 0.5106908419339447 0.508239803572675 0.5057932392389902 0.503351215227699 0.5009138094754761 
0.3266561501994157 0.3247371776831988 0.3228257496044579 0.320921886123569 0.3190255970571013 0.3171368917003728 0.3152557788317805 0.313382266717203 0.3115163631141496 0.3096580752761674 0.3078074099572282 0.3059643734160674 0.3041289714204963 0.3023012092517941 0.3004810917090727 0.2986686231135681 0.2968638073132438 0.295066647686807 0.2932771471483525 0.2914953081518488 0.2897211326951485 0.2879546223246343 0.2861957781395924 0.2844446007817735 0.2826953336394344 4.704964244184787e-21 4.450387578418059e-42 7.518998064718894e-64 3.636091168769117e-86 4.363057755217553e-91 4.377516658310023e-91 4.39310023336867e-91 3.589069712650409e-86 7.331915663008979e-64 4.276435030427703e-42 4.445987854641307e-21 0.2623711383078858 0.2607324877620863 0.2590961041522802 0.2574673412259299 0.2558461927938315 0.2542326522882897 0.2526267127816222 0.251028366989953 0.2494376072776489 0.2478544256614192 0.2462788138148051 0.2447107630720581 0.2431502644326273 0.2415973085651546 0.2400518858117661 0.2385139861921012 0.2369835994076323 0.2354607148456041 0.2339453215832883 0.2324374083920375 0.2309369637413259 0.2294439758028477 0.2279584324545897 0.2264803212848806 0.2250096370640786 
0.1305242405753342 0.1295890911359818 0.1286597005946269 0.1277360492247263 0.1268181124786935 0.1259058657815361 0.1249992845328882 0.1240983441090012 0.1232030198647663 0.122313287135634 0.1214291212396086 0.1205504974791007 0.1196773911428861 0.118809777507913 0.1179476318411968 0.1170909294016468 0.1162396454418223 0.1153937552097723 0.1145532339507325 0.1137180569089251 0.1128881993292127 0.1120636364588372 0.1112443435490541 0.1104302958510887 0.1096192369895432 7.409653417955003e-23 3.10542940607647e-45 2.550414670835129e-68 6.574791098931822e-92 9.122783246520113e-114 4.584652608562508e-115 9.069782508226376e-114 6.016579926121814e-92 2.333870784228229e-68 2.84175697114505e-45 6.780517839158043e-23 0.1003117029483229 0.09957054692580672 0.09883221698568607 0.09809873840241767 0.09737008676611156 0.09664623769343704 0.09592716683405207 0.09521284987186271 0.09450326252619771 0.09379838055305421 0.09309817974624461 0.09240263593857868 0.0917117250030077 0.09102542285371534 0.09034370544726289 0.08966654878365662 0.08899392890742483 0.0883258219086783 0.08766220392410105 0.08700305113803058 0.08634833978341235 0.0856980461427902 0.08505214654927641 0.08441061738751265 0.08377343832629171 
0.04516988180149486 0.04481077373086208 0.04445432857687425 0.0441005307751085 0.04374936300371308 0.04340080802490218 0.04305484868495131 0.04271146791415801 0.04237064872681272 0.04203237422113686 0.04169662757924955 0.04136339206711196 0.04103265103444876 0.04070438791470213 0.04037858622495447 0.04005522956583356 0.03973430162145384 0.03941578615931335 0.03909966703020209 0.03878592816810363 0.03847455359009209 0.03816552739622977 0.0378588337694313 0.03755445697343788 0.03725162312119987 2.517957284273299e-23 1.055253436230926e-45 8.665948688937805e-69 2.233721357225159e-92 2.339451790469325e-116 3.24413226914465e-137 2.12273121469806e-116 2.026793054951776e-92 7.863149294263239e-69 9.574964644063998e-46 2.284697748067868e-23 0.03380069030990539 0.03352783387896267 0.03325637731383987 0.03298699697060608 0.03271967850108779 0.03245440763524388 0.03219117018274712 0.03192995203275909 0.03167073915375631 0.03141351759330151 0.03115827347785536 0.03090499301255864 0.03065366248102109 0.03040426824510371 0.0301567967447039 0.02991123449753121 0.0296675680988855 0.02942578422142659 0.02918586961495789 0.02894781110617274 0.0287115955984427 0.0284772100715686 0.02824464158154462 0.02801387726032017 0.0277849054761232 
0.01435496810066219 0.01423435448230708 0.01411471963407855 0.01399605666019471 0.01387835809808907 0.01376161653692819 0.01364582461733495 0.01353097503109325 0.01341706052086778 0.01330407387992114 0.01319200795182601 0.01308085563018032 0.01297060985833394 0.01286126362909623 0.01275280998446231 0.0126452420153267 0.01253855286121041 0.01243273570997546 0.01232778379755182 0.01222369040765464 0.01212044887151205 0.01201805256758746 0.01191649492130466 0.01181576940416427 0.0117156310943906 7.919026843741683e-24 3.318828987247019e-46 2.72553507704725e-69 7.025500851598963e-93 3.295321444148684e-116 1.480374066194199e-119 2.982342108216657e-116 6.343874355411242e-93 2.461098779300639e-69 2.996830175481376e-46 7.150708285003213e-24 0.0105789583677012 0.01048943896249058 0.01040044296253629 0.01031218077420405 0.0102246466226556 0.01013783477440187 0.01005173953758717 0.009966355261740445 0.009881676337514292 0.009797697196430604 0.009714412310628303 0.009631816192612861 0.009549903394999573 0.009468668510264911 0.009388106170502309 0.009308211047162075 0.009228977850814446 0.009150401330898778 0.009072476275474627 0.008995197510984326 0.008918559902002273 0.008842558350996827 0.008767187798086525 0.008692443220801416 0.008618320009409038 
0.004347082215820569 0.004309463027639835 0.004272163532556049 0.004235181277876638 0.004198513638765447 0.00416215801114223 0.004126111811532657 0.004090372476917189 0.004054937464581521 0.004019804251967843 0.003984970336526874 0.00395043323557226 0.003916190486132796 0.003882239644808023 0.003848578287624549 0.003815204009892975 0.003782114426064816 0.003749307169590954 0.003716779892783028 0.0036845302666709 0.003652555980866572 0.003620854743425483 0.003589424280707943 0.003558262337062125 0.00352729489080874 2.265875219026709e-23 9.002717377385441e-45 6.995556811104381e-67 1.703570056116412e-89 1.426492147631709e-95 1.413393878177437e-95 1.401119052627873e-95 1.569932613584438e-89 6.40860891728629e-67 8.199315671416507e-45 2.051906672900598e-23 0.003176533401181208 0.003148968690986281 0.003121575829781584 0.003094417763646553 0.003067492526187351 0.00304079816671303 0.003014332750279797 0.002988094357571745 0.002962081084782348 0.002936291043496803 0.002910722360575231 0.002885373178035968 0.002860241652942007 0.002835325957283713 0.002810624277867987 0.002786134816202603 0.002761855788386213 0.002737785424995908 0.00271392197097561 0.002690263685528102 0.002666808842004362 0.00264355572779565 0.002620502644225437 0.00259764790644398 0.002574989958099316 
0.001281826513877345 0.001270557417931354 0.001259386429184931 0.001248312762382972 0.001237335581513554 0.001226454057588739 0.001215667368588471 0.001204974699403867 0.001194375241780769 0.001183868194264859 0.001173452762145596 0.001163128157401704 0.001152893598647331 0.001142748311077025 0.001132691526413568 0.001122722482853209 0.001112840425014056 0.001103044603883784 0.001093334276766897 0.001083708707233875 0.001074167165069749 0.001064708926223465 0.001055333272757766 0.001046039492798729 0.001036826880279875 0.001027643948765438 6.564669583099787e-24 2.59668991150947e-45 2.010616476162881e-67 5.533417365358925e-72 5.483403429570112e-72 5.435015596851479e-72 1.873785565764298e-67 2.405321537833389e-45 6.044412869178321e-24 0.0009406026293267035 0.0009323576733467206 0.0009241386558904371 0.0009159915284660668 0.000907915669917272 0.0008999104641717054 0.0008919753003851182 0.000884109572897965 0.0008763126811927838 0.0008685840298516514 0.0008609230285145589 0.0008533290918370511 0.0008458016394491223 0.0008383400959144399 0.0008309438906891649 0.0008236124580814926 0.0008163452372119674 0.0008091416719732609 0.0008020012109909628 0.0007949233075842046 0.0007879074197268294 0.0007809530100091741 0.0007740595455991896 0.0007672264982051243 0.0007604533440374107 0.0007537395977783252 
0.0003725387841054886 0.0003692359131839927 0.0003659621661861539 0.0003627173048525198 0.0003595010761802443 0.0003563132293576167 0.0003531535157454018 0.0003500216888583628 0.0003469175043468069 0.0003438407199787417 0.0003407910956214968 0.0003377683932238914 0.0003347723767987283 0.0003318028124048366 0.0003288594681300324 0.0003259421140734162 0.0003230505223286135 0.0003201844669663574 0.0003173437240179448 0.0003145280714584043 0.0003117372891896965 0.0003089711590246629 0.0003062294646703601 0.00030351199171196 0.0003008185275968189 0.0002981488615245032 0.0002954881536501028 1.88195222628064e-24 7.426458312691632e-46 6.737610451195408e-49 6.677142698022187e-49 6.61780347055845e-49 7.000573275471247e-46 1.763143612065396e-24 0.0002751452611376869 0.0002727160326677246 0.0002702947521254366 0.0002678948795436434 0.0002655162269133435 0.0002631586077759876 0.000260821837295984 0.0002585057322464814 0.0002562101109957983 0.0002539347934936358 0.0002516796012575013 0.0002494443573593101 0.0002472288864119865 0.0002450330145563966 0.0002428565694478664 0.0002406993802435669 0.0002385612775894207 0.0002364420936072813 0.0002343416618823636 0.000232259817450581 0.0002301963967860983 0.0002281512377889546 0.0002261241797728734 0.0002241150634529465 0.0002221237309337436 0.0002201500256972519 0.0002181938024992431 
0.0001074287220620775 0.0001064719750764648 0.0001055237219256037 0.0001045838923208703 0.0001036524117240531 0.0001027292062526164 0.0001018142026739574 0.0001009073283998969 0.000100008511480856 9.91176806004291e-05 9.823476506983964e-05 9.735969482240091e-05 9.649240040813704e-05 9.563281298842916e-05 9.478086433062165e-05 9.393648680276087e-05 9.309961336836555e-05 9.22701775811817e-05 9.144811358008305e-05 9.063335608395593e-05 8.982584038660385e-05 8.902550235172522e-05 8.823227840795783e-05 8.744610554398405e-05 8.666692130352993e-05 8.589466378061191e-05 8.512927158777204e-05 8.436650224275133e-05 5.364719409523448e-25 1.607622454307287e-26 1.593242331862601e-26 1.57903676764426e-26 5.115816774031091e-25 7.995474403215815e-05 7.924610010835405e-05 7.853982262747764e-05 7.783982584399411e-05 7.714605411670569e-05 7.645845227013057e-05 7.577696561541806e-05 7.510153994598676e-05 7.443212153343507e-05 7.376865712320382e-05 7.311109393061414e-05 7.245937963654497e-05 7.181346238353584e-05 7.117329077162811e-05 7.053881385441907e-05 6.99099811350613e-05 6.928674256234121e-05 6.866904852674912e-05 6.805684985665335e-05 6.745009781443003e-05 6.684874409263704e-05 6.625274081032819e-05 6.566204050921329e-05 6.507659615001929e-05 6.449636110880707e-05 6.392128917331467e-05 6.335133453936116e-05 6.278645466824285e-05 
3.084936903090743e-05 3.057396588228995e-05 3.030101657858112e-05 3.003050068992489e-05 2.976239656648084e-05 2.949668275041532e-05 2.923333797423714e-05 2.897234115908455e-05 2.871367141308211e-05 2.845730802966956e-05 2.820323048599403e-05 2.795141844125832e-05 2.770185173512247e-05 2.745451038613691e-05 2.720937459011131e-05 2.696642471859385e-05 2.672564131729399e-05 2.648700510455662e-05 2.625049696982869e-05 2.601609797215867e-05 2.578378933867728e-05 2.555355246312963e-05 2.532536890441204e-05 2.509922038507896e-05 2.487508878993279e-05 2.465295616456369e-05 2.443280471395041e-05 2.421461679461833e-05 2.399767317997497e-05 2.378336631627951e-05 2.3570970960763e-05 2.336047009131373e-05 2.315184684393934e-05 2.294575548831947e-05 2.274083148685436e-05 2.253773544236341e-05 2.233645108420715e-05 2.21369622801981e-05 2.193925304141577e-05 2.17433075209426e-05 2.154911001259542e-05 2.135664494969247e-05 2.116589690381921e-05 2.097685058359369e-05 2.078949083346181e-05 2.060380263250745e-05 2.041977109323486e-05 2.023738146041325e-05 2.00566191098893e-05 1.987746954743068e-05 1.969991840759186e-05 1.952395145254278e-05 1.934955457097654e-05 1.917671377695685e-05 1.900541520882918e-05 1.883564512811589e-05 1.866738991841378e-05 1.850063608433507e-05 1.833537025041601e-05 1.817157916006214e-05 1.800925049665224e-05 
8.838834525652268e-06 8.75982549366892e-06 8.681521793909281e-06 8.6039175350271e-06 8.527006476186839e-06 8.450782432147949e-06 8.375239272769443e-06 8.300370922516685e-06 8.226171359979978e-06 8.152634617391658e-06 8.079754780152804e-06 8.007525986354181e-06 7.935942426315495e-06 7.864998342114173e-06 7.794688027133219e-06 7.725005825593637e-06 7.655946132118801e-06 7.587503391269198e-06 7.51967209711001e-06 7.452446792768147e-06 7.385822069992992e-06 7.319792568730002e-06 7.254352976686309e-06 7.189498028908784e-06 7.125222507364226e-06 7.061521240521354e-06 6.998389102935299e-06 6.935821014840097e-06 6.873811940941713e-06 6.812356893224623e-06 6.751450925727034e-06 6.691089137370463e-06 6.631266670759427e-06 6.571978712559805e-06 6.513220490038953e-06 6.454987275309029e-06 6.397274381854841e-06 6.340077164938299e-06 6.283391021223254e-06 6.227211388407792e-06 6.171533744862906e-06 6.116353609264352e-06 6.06166654023956e-06 6.007468136009093e-06 5.953754034035519e-06 5.900519910674193e-06 5.847761480828581e-06 5.795474497603823e-06 5.743654751970328e-06 5.692298072426804e-06 5.641400324661481e-06 5.590957411226441e-06 5.540965271210535e-06 5.491419879908621e-06 5.442317248503307e-06 5.393653423744872e-06 5.345424487633488e-06 5.297626557108655e-06 5.250255783735066e-06 5.203308353396143e-06 5.156780721633256e-06 
2.529418014939488e-06 2.506792355897695e-06 2.484368889913287e-06 2.462145925241255e-06 2.440121670132726e-06 2.418294348837226e-06 2.396662201457874e-06 2.375223483812435e-06 2.353976467291427e-06 2.332919438720701e-06 2.31205070022234e-06 2.2913685690797e-06 2.270871377600815e-06 2.25055747298541e-06 2.230425217191779e-06 2.210472986805187e-06 2.190699172907352e-06 2.171102180947243e-06 2.151680430612582e-06 2.132432355704105e-06 2.113356404007529e-06 2.094451037170669e-06 2.075714730579501e-06 2.057145973234445e-06 2.038743267631101e-06 2.020505129637314e-06 2.0024300883753e-06 1.984516686104351e-06 1.966763478101565e-06 1.949169032546458e-06 1.93173193040739e-06 1.914450765325105e-06 1.897324143501368e-06 1.880350683586345e-06 1.863529016567295e-06 1.846857785658913e-06 1.830335646194295e-06 1.813961265516531e-06 1.797733322871436e-06 1.78165050930182e-06 1.765711527542035e-06 1.749915091913421e-06 1.734259928222007e-06 1.718744773653771e-06 1.703368376675571e-06 1.688129496932977e-06 1.67302690515151e-06 1.658059383036445e-06 1.643225723176261e-06 1.628524728944819e-06 1.613955214405345e-06 1.599516004214476e-06 1.585205933528347e-06 1.571023847909532e-06 1.556968603232269e-06 1.543039065591899e-06 1.529234111213794e-06 1.515552626361798e-06 1.501993507249986e-06 1.488555659952764e-06 1.475238067766031e-06 
7.233797584927614e-07 7.16906741234933e-07 7.104916016631994e-07 7.041338550708149e-07 6.978329881529558e-07 6.915884921931788e-07 6.853998630229627e-07 6.792666009807886e-07 6.731882108719277e-07 6.671642019285686e-07 6.611940877702492e-07 6.552773863646709e-07 6.494136199888385e-07 6.436023151905826e-07 6.378430027503937e-07 6.321352176436779e-07 6.264784990029952e-07 6.208723900813531e-07 6.153164382150975e-07 6.098101947875079e-07 6.043532151926424e-07 5.989450587995037e-07 5.935852889165258e-07 5.882734727563612e-07 5.830091814010221e-07 5.777919897673012e-07 5.72621476572487e-07 5.67497224300448e-07 5.624188191679248e-07 5.573858510912397e-07 5.523979136531796e-07 5.474546040702774e-07 5.425555231603249e-07 5.37700275310201e-07 5.32888468443972e-07 5.281197139912906e-07 5.233936268560817e-07 5.18709825385472e-07 5.140679313390452e-07 5.09467569858337e-07 5.049083694366278e-07 5.003899618889745e-07 4.959119823224895e-07 4.914740691070796e-07 4.870758638461041e-07 4.8271701134755e-07 4.783971595953987e-07 4.741159597212509e-07 4.698730659762e-07 4.656681357029192e-07 4.615008293080828e-07 4.57370810234943e-07 4.532777449362204e-07 4.492213028471987e-07 4.452011563590042e-07 4.412169807924268e-07 4.372684543713978e-07 4.333552581972692e-07 4.294770762230214e-07 4.25633595227893e-07 4.218245240833719e-07 
2.06806078582805e-07 2.049551520461864e-07 2.031207802195184e-07 2.013028243943732e-07 1.995011376867298e-07 1.977155745264096e-07 1.959459906454369e-07 1.941922430663585e-07 1.924541900907826e-07 1.907316912877982e-07 1.890246074828042e-07 1.873328007461097e-07 1.856561343819703e-07 1.839944729173866e-07 1.823476820913121e-07 1.807156288437375e-07 1.790981813049867e-07 1.774952087849956e-07 1.759065817628816e-07 1.743321718764078e-07 1.727718519116423e-07 1.712254957926907e-07 1.696929785715161e-07 1.681741764178356e-07 1.666689666091996e-07 1.651772275209745e-07 1.636988386165923e-07 1.622336804377943e-07 1.607816345950484e-07 1.593425837578782e-07 1.579164116455187e-07 1.565030030174061e-07 1.551022436639993e-07 1.537140203974275e-07 1.523382210424749e-07 1.509747344274511e-07 1.496234503752548e-07 1.482842596944092e-07 1.469570541703461e-07 1.456417265566063e-07 1.443381705661976e-07 1.43046280863008e-07 1.417659530533075e-07 1.404970836773184e-07 1.392395702008616e-07 1.379933110070658e-07 1.367582053882172e-07 1.35534153537544e-07 1.343210565412213e-07 1.331188163703406e-07 1.319273358730756e-07 1.307465187667155e-07 1.295762696300203e-07 1.284164938953966e-07 1.272670978413745e-07 1.261279885849308e-07 1.249990740740859e-07 1.238802630804294e-07 1.227714651917069e-07 1.216725908046367e-07 1.205835566330821e-07 
1.105660710330383e-07 1.095436054562259e-07 1.085305892552012e-07 1.075269402651436e-07 1.065325718794344e-07 1.055473982920365e-07 1.045713344901077e-07 1.036042962466605e-07 1.026462001133434e-07 1.016969634131689e-07 1.007565042334696e-07 9.982474141875066e-08 9.890159456376671e-08 9.798698400654517e-08 9.70808308215273e-08 9.618305681275309e-08 9.529358450715926e-08 9.441233714782609e-08 9.353923868744111e-08 9.267421378165944e-08 9.181718778267663e-08 9.096808673275332e-08 9.012683735784842e-08 8.929336706129416e-08 8.846760391753162e-08 8.764947666594849e-08 8.683891470465778e-08 8.603584808449692e-08 8.524020750290937e-08 8.445192429804386e-08 8.367093044278471e-08 8.289715853890568e-08 8.21305418112398e-08 8.137101410196293e-08 8.061850986482951e-08 7.987296415954922e-08 7.913431264620569e-08 7.84024915796865e-08 7.767743780416032e-08 7.695908874768469e-08 7.624738241677394e-08 7.554225739105917e-08 7.484365281798484e-08 7.415150840759389e-08 7.34657644272692e-08 7.27863616966488e-08 7.211324158245479e-08 7.144634599349353e-08 7.078561737561674e-08 7.013099870675832e-08 6.948243349202557e-08 6.883986575881751e-08 6.820324005200403e-08 6.757250142913365e-08 6.694759545572109e-08 6.632846820050583e-08 6.571506623084814e-08 6.510733660810043e-08 6.450522688301614e-08 6.390868509128645e-08 6.331766274161519e-08 
3.867830097177299e-07 3.832067268060047e-07 3.796634879145599e-07 3.761530058191471e-07 3.726749777566865e-07 3.69229103761342e-07 3.658150866388886e-07 3.62432631941087e-07 3.590814479403183e-07 3.557612456044207e-07 3.524717385719516e-07 3.492126431272913e-07 3.459836781763647e-07 3.42784565222389e-07 3.396150283418852e-07 3.364747941608812e-07 3.333635918315108e-07 3.302811530084609e-07 3.27227211826005e-07 3.242015048750702e-07 3.212037711805137e-07 3.182337521787772e-07 3.152911916954071e-07 3.12375835923129e-07 3.094874333999167e-07 3.066257349874693e-07 3.037904938495353e-07 3.009814654307995e-07 2.981984074357339e-07 2.954410798078764e-07 2.927092447089319e-07 2.900026664984342e-07 2.873211117133662e-07 2.846643490481849e-07 2.820321493347005e-07 2.79424285522454e-07 2.768405326591137e-07 2.742806678711907e-07 2.717444703446737e-07 2.692317213061212e-07 2.667422040037566e-07 2.642757036889039e-07 2.61832007597313e-07 2.594109049309189e-07 2.570121868397704e-07 2.546356464038524e-07 2.522810786153495e-07 2.499482803610623e-07 2.476370504047562e-07 2.453471893698988e-07 2.430784997224699e-07 2.408307857540098e-07 2.386038535646234e-07 2.363975110463392e-07 2.342115678666289e-07 2.32045835451872e-07 2.299001269711592e-07 2.277742573202906e-07 2.256680431056488e-07 2.235813026285415e-07 2.215138663379023e-07 
1.352717621310167e-06 1.340213452441819e-06 1.32782477264571e-06 1.315550578740548e-06 1.303389813195716e-06 1.291341428242695e-06 1.279404385785591e-06 1.267577657311253e-06 1.255860223801638e-06 1.244251075646073e-06 1.23274921255351e-06 1.221353643468408e-06 1.210063386483475e-06 1.198877468757125e-06 1.187794926428514e-06 1.176814804535815e-06 1.165936156933264e-06 1.155158046209995e-06 1.144479543609809e-06 1.13389972895168e-06 1.123417690548956e-06 1.113032525133155e-06 1.102743337775304e-06 1.09254924180853e-06 1.082449358752824e-06 1.072442818238953e-06 1.062528757933973e-06 1.052706323466245e-06 1.042974668353246e-06 1.033332953927786e-06 1.023780349266799e-06 1.014316031119004e-06 1.004939183834156e-06 9.956489992942965e-07 9.864446768426045e-07 9.77325423214874e-07 9.682904524727433e-07 9.593389859337187e-07 9.504702521064876e-07 9.416834866232906e-07 9.329779321744265e-07 9.24352838443206e-07 9.158074620417503e-07 9.073410664464663e-07 8.98952921934981e-07 8.906423055235768e-07 8.824085009049492e-07 8.742507983861577e-07 8.661684948280474e-07 8.581608935850115e-07 8.502273044441926e-07 8.423670435670095e-07 8.345794334299149e-07 8.268638027662823e-07 8.1921948650819e-07 8.116458257301181e-07 8.041421675914412e-07 7.967078652807918e-07 7.893422779600474e-07 7.820447707095408e-07 7.748147510823599e-07 
4.728705233397379e-06 4.685016299944752e-06 4.641730575411741e-06 4.59884456174656e-06 4.556354570880981e-06 4.514256948733795e-06 4.472548074901191e-06 4.431224362343451e-06 4.390282257081521e-06 4.34971823788937e-06 4.309528815995226e-06 4.269710534782626e-06 4.230259969492805e-06 4.191173726935073e-06 4.152448445191918e-06 4.114080793334467e-06 4.076067471135876e-06 4.03840520879073e-06 4.001090766631457e-06 3.964120934855023e-06 3.9274925332468e-06 3.891202410906518e-06 3.855247445979352e-06 3.819624545390366e-06 3.784330644578331e-06 3.749362707232147e-06 3.714717725032703e-06 3.680392717395557e-06 3.646384731212439e-06 3.612690840603224e-06 3.579308146660461e-06 3.546233777203882e-06 3.513464886534907e-06 3.480998655190267e-06 3.448832289703582e-06 3.416963022362902e-06 3.385388110976796e-06 3.354104838635915e-06 3.323110513484007e-06 3.292402468484366e-06 3.261978061193152e-06 3.231834673531024e-06 3.201969711561496e-06 3.172380605265762e-06 3.143064808325308e-06 3.114019797900888e-06 3.085243074418324e-06 3.056732161354059e-06 3.028484605022013e-06 3.000497974364574e-06 2.972769860741573e-06 2.945297877728116e-06 2.918079660906566e-06 2.891112867663995e-06 2.86439517699432e-06 2.837924289295985e-06 2.811697926176239e-06 2.785713830256004e-06 2.759969764976777e-06 2.734463514406895e-06 2.709193011011142e-06 
1.651561317358347e-05 1.636316746601216e-05 1.621212670925764e-05 1.606247874311247e-05 1.591421074355342e-05 1.576731000436251e-05 1.562176393605119e-05 1.547756006479506e-05 1.533468603137439e-05 1.519312959012192e-05 1.50528786078792e-05 1.49139210629818e-05 1.477624504422271e-05 1.463983874984296e-05 1.450469048653543e-05 1.437078866845018e-05 1.423812181620484e-05 1.410667855591635e-05 1.397644761822615e-05 1.384741783735555e-05 1.371957815013933e-05 1.359291759510149e-05 1.346742531151555e-05 1.334309053848311e-05 1.321990261401752e-05 1.309785097414253e-05 1.297692515198859e-05 1.285711477690267e-05 1.27384095735746e-05 1.262079936115317e-05 1.250427405238616e-05 1.238882365276294e-05 1.227443825965633e-05 1.216110806149535e-05 1.204882333691606e-05 1.193757445394142e-05 1.182735186915735e-05 1.171814612691419e-05 1.160994785850013e-05 1.150274778136372e-05 1.139653669831328e-05 1.129130549673549e-05 1.1187045147826e-05 1.108374670581112e-05 1.098140130719647e-05 1.088000017000112e-05 1.077953459302266e-05 1.067999595508845e-05 1.058137571431864e-05 1.04836654074087e-05 1.038685664889932e-05 1.029094113047078e-05 1.019591062022819e-05 1.010175696199994e-05 1.000847207465276e-05 9.916047951392197e-06 9.824476659086401e-06 9.73375033758565e-06 9.643861199062698e-06 9.554801527336253e-06 9.46656412401646e-06 
5.758801884754538e-05 5.70573933667447e-05 5.653164526428541e-05 5.601073251032279e-05 5.549461075928597e-05 5.498323607056473e-05 5.447656490484199e-05 5.397455412042577e-05 5.347716096971858e-05 5.298434309553358e-05 5.249605852763653e-05 5.20122656792026e-05 5.153292334331597e-05 5.105799068956313e-05 5.058742726059424e-05 5.012119296870953e-05 4.965924809254036e-05 4.920155327371541e-05 4.874806951355001e-05 4.829875816978141e-05 4.785358095333992e-05 4.741249992514218e-05 4.6975477492892e-05 4.654247640794469e-05 4.611345976219516e-05 4.568839098495551e-05 4.526723383990559e-05 4.484995242204787e-05 4.443651115470522e-05 4.402687478652787e-05 4.362100838852852e-05 4.321887735116812e-05 4.282044738145027e-05 4.242568450000847e-05 4.203455503831015e-05 4.164702563578738e-05 4.126306323703363e-05 4.088263508906508e-05 4.050570873854237e-05 4.013225202903374e-05 3.97622330983478e-05 3.9395620375816e-05 3.903238257967316e-05 3.867248871440889e-05 3.831590806817863e-05 3.796261021020919e-05 3.76125649882238e-05 3.726574252594306e-05 3.692211322055144e-05 3.658164774020797e-05 3.624431702158866e-05 3.591009226741635e-05 3.55789449440717e-05 3.525084677917023e-05 3.492576975918292e-05 3.460368612709113e-05 3.428456838003986e-05 3.396838926701809e-05 3.365512178657678e-05 3.334473918455704e-05 3.303721650897998e-05 
0.000200186429763153 0.0001983479434049449 0.0001965262724557277 0.000194721273206492 0.0001929327938919164 0.00019116068411694 0.0001894047948446521 0.0001876649783842173 0.0001859410883788014 0.0001842329797936527 0.000182540508904451 0.0001808635332854241 0.000179201911797835 0.0001775555045785011 0.0001759241730284786 0.0001743077798015703 0.0001727061887933782 0.0001711192651299458 0.0001695468751570521 0.0001679888864290789 0.0001664451676983344 0.0001649155889042352 0.000163400021162867 0.0001618983367562746 0.0001604104091221221 0.0001589361128434061 0.0001574753236380858 0.0001560279183490296 0.0001545937749338639 0.000153172772455103 0.0001517647910701415 0.0001503697120215418 0.000148987417627225 0.0001476177912709651 0.0001462607173927255 0.0001449160814792076 0.0001435837700545526 0.0001422636706709759 0.0001409556718995689 0.0001396596633211617 0.0001383755355172766 0.0001371031800611319 0.0001358424895087906 0.0001345933573903147 0.0001333556782010113 0.0001321293473928181 0.0001309142613656826 0.0001297103174590245 0.0001285174139434137 0.000127335450012088 0.0001261643257727028 0.0001250039422391895 0.0001238542013235034 0.0001227150058276408 0.0001215862594356256 0.0001204678667055492 0.0001193597330617465 0.0001182617647870038 0.0001171738690148402 0.0001160959537218434 0.0001150279331283085 
0.0006919090724010344 0.000685593694433593 0.000679335544077439 0.0006731341398636086 0.0006669889724405245 0.0006608995369571683 0.0006548653330243151 0.00064888586467635 0.0006429606403325123 0.0006370891727598276 0.0006312709790349003 0.0006255055805071934 0.0006197925027617848 0.0006141312755830986 0.0006085214329183318 0.0006029625128415656 0.0005974540575180457 0.0005919956131689927 0.0005865867300361632 0.000581226962347279 0.0005759158682815981 0.0005706530099351768 0.000565437953287651 0.0005602702681679776 0.0005551495282214633 0.0005500753108762617 0.0005450471973111388 0.0005400647724222757 0.0005351276247912532 0.0005302353466533062 0.0005253875338652462 0.0005205837858740421 0.0005158237056856828 0.0005111068998343541 0.0005064329783514616 0.0005018015547354134 0.0004972122459213379 0.000492664672251419 0.000488158457444751 0.0004836932285683739 0.0004792686160078398 0.0004748842534384848 0.0004705397777964941 0.0004662348292507579 0.0004619690511743013 0.0004577420901168483 0.000453553595776502 0.0004494032209728111 0.0004452906216189226 0.000441215456695214 0.0004371773882218532 0.0004331760812328109 0.0004292112037490307 0.000425282426752507 0.000421389424160494 0.0004175318727996736 0.0004137094523806222 0.0004099218454727604 0.0004061687374792148 0.000402449816612024 0.0003987647925281247 
0.002366140749526356 0.002344791354307637 0.002323632055598563 0.00230266130150036 0.002281877444583769 0.002261278851369331 0.00224086390221674 0.002220630991211892 0.00220057852605729 0.002180704927963131 0.002161008631536845 0.002141488084676524 0.002122141748462984 0.002102968097053393 0.002083965617575562 0.002065132810023315 0.002046468187151714 0.002027970274374989 0.002009637609662326 0.001991468743437574 0.00197346223847672 0.001955616669808914 0.001937930624616155 0.001920402702134524 0.00190303151355632 0.00188581568193255 0.001868753842076156 0.001851844640466248 0.001835086735153582 0.001818478795664628 0.001802019502909281 0.00178570754908652 0.001769541637593371 0.001753520482932185 0.001737642810620298 0.00172190735709908 0.001706312869645511 0.001690858106282064 0.001675541835688747 0.00166036283711619 0.001645319900298433 0.00163041182536575 0.001615637422760492 0.001600995513151512 0.001586484927349549 0.001572104506224131 0.001557853100620599 0.001543729571277071 0.001529732788743681 0.00151586163330045 0.001502114994877757 0.001488491772975737 0.001474990876585776 0.001461611224111063 0.001448351743289084 0.001435211371114144 0.00142218905376045 0.001409283746505977 0.001396494413656577 0.001383820028471715 0.001371259636698969 
0.007934014142997952 0.007863953845308512 0.007794496932352022 0.007725638761436154 0.007657374369050874 0.007589698830174426 0.007522607258016481 0.00745609480375031 0.00739015665625998 0.007324788041874628 0.007259984224115446 0.007195740503438527 0.007132052216979524 0.007068914738300295 0.007006323477136923 0.006944273879148473 0.006882761425667698 0.006821781633453112 0.006761330054438709 0.006701402275494566 0.00664199391817498 0.006583100638482417 0.006524718126618864 0.006466842106752167 0.006409468336770545 0.006352592608047684 0.006296210745207748 0.006240318605885906 0.006184912080496948 0.006129987092002045 0.006075539595676108 0.00602156557888082 0.005968061060831207 0.00591502209237074 0.005862444755744573 0.005810325164373984 0.005758659462632913 0.005707443825625375 0.005656674458964521 0.005606347598550332 0.005556459510354634 0.005507006490200983 0.005457984863549174 0.005409390985280081 0.005361221239482287 0.005313472039239312 0.005266139826418982 0.005219221071461195 0.005172712273172908 0.005126609958517775 0.005080910682411115 0.005035611027514329 0.004990707604031514 0.004946197049506731 0.004902076028622544 0.004858341233000078 0.004814989381000583 0.004772017217525596 0.004729421513823547 0.004687199067292918 0.004645346913273474 
0.02566496142173586 0.02544729946608037 0.02523139549814937 0.02501723755661853 0.02480481264574571 0.02459410785176384 0.02438511034256075 0.02417780736736536 0.02397218625641645 0.02376823442064364 0.02356593935134738 0.02336528861985437 0.02316626987720701 0.02296887085382436 0.02277307935917048 0.02257888328142912 0.02238627058715994 0.02219522932097794 0.02200574760519827 0.02181781363951661 0.02163141570066662 0.02144654214207381 0.02126318139352484 0.02108132196082856 0.02090095242545969 0.02072206144423615 0.02054463774896387 0.02036867014609767 0.02019414751639493 0.02002105881457666 0.01984939306897428 0.01967913938118758 0.01951028692574065 0.01934282494973784 0.01917674277250498 0.01901202978525672 0.01884867545073392 0.01868666930287519 0.01852600094644742 0.0183666600567124 0.01820863637907458 0.01805191972873059 0.01789649999032004 0.01774236711757818 0.01758951113299303 0.01743792212744548 0.01728759025986635 0.01713850575688915 0.01699065891250096 0.01684404008769167 0.01669863971010579 0.01655444827369603 0.01641145633837838 0.01626965452967637 0.01612903353838282 0.0159895841202049 0.01585129709542254 0.01571416334854324 0.01557817382794992 0.01544331954555996 0.01530959225400757 
0.0778434622693116 0.07723145592541066 0.07662379843493487 0.07602046775370513 0.07542143877217065 0.07482668645407584 0.07423618583726055 0.07364991203446201 0.07306784023407302 0.07248994570089329 0.07191620377685967 0.07134658988178855 0.07078107951402123 0.07021964825117476 0.06966227175076108 0.06910892575084052 0.06855958607069289 0.06801422861137373 0.06747282935637995 0.06693536437220902 0.06640180980890333 0.06587214190065571 0.06534633696632156 0.06482437140994368 0.0643062217212771 0.06379186447627051 0.06328127633754892 0.06277443405490885 0.0622713144657202 0.0617718944954189 0.06127615115789608 0.06078406155592805 0.06029560288156047 0.05981075241649823 0.05932948753249921 0.05885178569169611 0.05837762444696847 0.05790698144225825 0.05743983441291549 0.05697616118596915 0.05651593968045728 0.05605914790770385 0.05560576397156723 0.05515576606873009 0.05470913248892634 0.05426584161519792 0.05382587192410324 0.05338920198593607 0.05295581046492956 0.05252567611944731 0.05209877780218747 0.05167509446030352 0.05125460513561092 0.05083728896472655 0.050423125179196 0.0500120931056274 0.04960417216582657 0.04919934187688459 0.04879758185130097 0.04839887179706352 0.04800319352342835 
0.2111959828589006 0.2097571669273181 0.2083260863764523 0.2069027309387224 0.2054870827129036 0.2040791235369894 0.2026788349926806 0.2012861984097495 0.1999011948702928 0.198523805213044 0.1971540100375877 0.1957917897087592 0.1944371243606285 0.193089993900846 0.191750378014725 0.1904182561694236 0.1890936076179318 0.1877764114032794 0.186466646362465 0.1851642911305293 0.1838693241445528 0.1825817236475632 0.1813014676924472 0.1800285341459294 0.1787629006923818 0.1775045448376625 0.176253443912957 0.1750095750785328 0.1737729153274658 0.172543441489413 0.1713211302343149 0.1701059580759561 0.1688979013757071 0.1676969363460782 0.1665030390542771 0.1653161854257561 0.1641363512477632 0.1629635121727684 0.1617976437219512 0.160638721288579 0.1594867201414562 0.1583416154282246 0.1572033821787394 0.1560719953082985 0.1549474296210442 0.1538296598130071 0.1527186604755007 0.1516144060981799 0.1505168710722438 0.1494260296935045 0.1483418561655347 0.1472643246026571 0.1461934090330144 0.145129083401566 0.1440713215730215 0.1430200973347723 0.1419753843998526 0.1409371564097425 0.1399053869372764 0.1388800494894276 0.1378611226796132 
0.4776413669258621 0.4751774947164359 0.4727192856180908 0.4702668139524387 0.4678201405944909 0.4653793255678987 0.4629444280466422 0.4605155063569358 0.4580926179790809 0.4556758195494932 0.4532651668627828 0.450860714873949 0.448462517700675 0.4460706286254956 0.4436851000983955 0.4413059837392772 0.4389333303405353 0.4365671898696096 0.4342076114718385 0.4318546434732511 0.4295083333833823 0.4271687278982038 0.4248358729033089 0.4225098134768541 0.4201905938927397 0.4178782576238824 0.4155728473454894 0.413274404938312 0.4109829714922709 0.4086985873098609 0.406421291909531 0.4041511240295592 0.4018881216313827 0.3996323219037886 0.397383761266131 0.3951424753725729 0.3929084991158602 0.3906818666311727 0.3884626113001731 0.3862507657550148 0.3840463618824939 0.381849430828188 0.3796600030004054 0.3774781080747295 0.3753037749980968 0.3731370319932485 0.3709779065628405 0.3688264254939619 0.3666826148628217 0.364546500038735 0.3624181056890309 0.3602974557834389 0.3581845735985189 0.3560794817226197 0.3539822020602684 0.3518927558368799 0.3498111636035043 0.3477374452415913 0.345671619967677 0.3436137063383051 0.34156373267133 
0.8240708743279955 0.821740779200461 0.8194012267088173 0.8170523698138703 0.8146943496802816 0.8123273075264471 0.8099513846095304 0.8075667222106147 0.8051734616201014 0.8027717441225647 0.8003617109825136 0.797943503429893 0.795517262645149 0.7930831297454295 0.790641245769924 0.7881917516659123 0.7857347882744389 0.7832704963165944 0.7807990163794168 0.7783204889021182 0.7758350541625045 0.7733428522632227 0.7708440231184208 0.7683387064403944 0.7658270417260415 0.7633091682440321 0.7607852250215964 0.7582553508315144 0.7557196841796148 0.7531783632915577 0.7506315261007704 0.7480793102356413 0.7455218530073021 0.7429592913973316 0.7403917620457837 0.7378194012390362 0.7352423448980517 0.7326607285666318 0.7300746873998359 0.7274843561523533 0.7248898691674515 0.722291360365482 0.719688963232997 0.7170828108116888 0.7144730356876758 0.7118597699807245 0.7092431453337777 0.7066232929024765 0.7040003433450517 0.701374426812028 0.6987456729362445 0.6961142108231421 0.6934801690409583 0.6908436756110806 0.6882048579987339 0.6855638431037218 0.6829207572511433 0.6802757261824492 0.6776288750466736 0.6749803283915851 0.6723302236582277 
0.9999996434975836 0.9999849275749789 0.9999486268085224 0.9998907439606 0.9998112834039344 0.9997102511408511 0.9995876548025338 0.9994435036472673 0.9992778085606329 0.9990905820523883 0.9988818382547789 0.998651592921574 0.9983998634248139 0.9981266687528246 0.9978320295073888 0.9975159678999712 0.9971785077501331 0.9968196744800003 0.9964394951129742 0.9960379982675579 0.9956152141548545 0.9951711745733356 0.9947059129047492 0.9942194641086302 0.9937118647183134 0.9931831528349161 0.9926333681218441 0.9920625517994222 0.9914707466388785 0.9908579969561554 0.990224348605498 0.9895698489729626 0.9888945469697589 0.9881984930249946 0.9874817390786788 0.9867443385744348 0.9859863464512718 0.9852078191365141 0.9844088145370576 0.9835893920321964 0.9827496124636426 0.9818895381283873 0.9810092327690756 0.9801087615648697 0.9791881911231303 0.9782475894688065 0.9772870260357363 0.9763065716566504 0.975306298552854 0.9742862803244688 0.9732465919403309 0.9721873097267095 0.9711085113573937 0.9700102758423419 0.9688926835170074 0.9677558160311759 0.9665997563371553 0.9654245886786675 0.964230398579095 0.963017272829761 0.9617853058050981 
0.8249154703681334 0.8272324596186362 0.8295396820841742 0.8318369851808662 0.8341242282902394 0.8364012709442358 0.8386679728408105 0.8409241938592112 0.8431697940755133 0.8454046337784692 0.8476285734847417 0.8498414739549971 0.8520431962093649 0.8542336015431998 0.8564125515431025 0.8585799081026438 0.8607355334380269 0.8628792901045287 0.8650110410117946 0.867130649440272 0.8692379790570385 0.8713328939316224 0.8734152585524267 0.8754849378422676 0.8775417971749571 0.8795857023907953 0.8816165198131075 0.8836341162638678 0.885638359080217 0.8876291161301176 0.8896062558285898 0.891569647153734 0.8935191596627481 0.8954546635079244 0.8973760294526467 0.8992831288873638 0.9011758338454858 0.9030540170193696 0.904917551776286 0.9067663121740182 0.9086001729768473 0.9104190096715342 0.9122226984825252 0.9140111163880894 0.9157841411359885 0.9175416512587438 0.9192835260892162 0.9210096457765 0.9227198913008541 0.9244141444891552 0.9260922880305823 0.9277542054912575 0.9293997813296442 0.9310289009117775 0.9326414505261529 0.9342373173982178 0.9358163897060131 0.9373785565940677 0.9389237081886711 0.9404517356119497 0.9419625233343917 
0.4785383519199108 0.4810098618397765 0.4834869107436691 0.485969421452162 0.4884573284980016 0.4909505655538609 0.4934490654309883 0.4959527600784898 0.4984615805824143 0.5009754571648326 0.503494319183558 0.5060180951312953 0.5085467126353609 0.5110800984573346 0.5136181784929943 0.5161608777718766 0.5187081204575837 0.5212598298478879 0.5238159283747422 0.5263763376049317 0.528940978240195 0.531509770118093 0.5340826322125646 0.5366594826347724 0.5392402386340612 0.5418248165988736 0.5444131320580533 0.5470050996821092 0.5496006332846561 0.5521996458238859 0.554802049404287 0.5574077552783684 0.5600166738486206 0.5626287146696551 0.5652437864501194 0.5678617970553029 0.5704826535093288 0.5731062619978462 0.5757325278707076 0.5783613556447632 0.5809926490067517 0.5836263108165901 0.5862622431104469 0.5889003471041432 0.5915405231965799 0.594182670973594 0.5968266892115274 0.5994724758811063 0.6021199281517042 0.6047689423953923 0.6074194141912898 0.6100712383299505 0.6127243088182376 0.6153785188837578 0.6180337609799278 0.620689926791005 0.6233469072372481 0.6260045924802266 0.6286628719282868 0.6313216342422109 0.6339807537673354 
0.2117208988702067 0.2131702998028715 0.2146274914465273 0.2160924831552118 0.2175652913565129 0.2190459321887991 0.2205344214969317 0.2220307748275346 0.2235350074244346 0.2250471342239843 0.2265671698505338 0.2280951286116451 0.2296310244934534 0.2311748711560663 0.2327266819285369 0.2342864698043976 0.2358542474368361 0.2374300271337073 0.2390138208529585 0.2406056401976678 0.2422054964112436 0.2438134003724401 0.2454293625907664 0.2470533932011523 0.2486855019593515 0.2503256982368967 0.2519739910161489 0.2536303888853597 0.2552949000335795 0.2569675322457424 0.2586482928977348 0.2603371889511644 0.2620342269484989 0.2637394130078423 0.2654527528182115 0.2671742516339113 0.2689039142699714 0.2706417450967982 0.2723877480350535 0.2741419265506637 0.2759042836497075 0.2776748218729908 0.2794535432912982 0.2812404495000538 0.2830355416142492 0.2848388202631874 0.2866502855853307 0.2884699372234408 0.2902977743188929 0.2921337955069017 0.2939779989113393 0.2958303821393667 0.2976909422764265 0.2995596758810537 0.3014365789796458 0.3033216470614143 0.3052148750730857 0.3071162574139446 0.3090257879305492 0.3109434599115233 0.3128692562272596 
0.07806700328234659 0.07868498417520992 0.07930737999334886 0.07993421302272292 0.08056550875153964 0.08120129273579041 0.08184159059829253 0.08248642802771566 0.08313583077762202 0.08378982466545108 0.08444843557151786 0.08511168943795971 0.08577961226770288 0.08645223012334173 0.08712956912609353 0.08781165545465043 0.0884985153440235 0.08919017508443564 0.08988666102007235 0.0905879995479357 0.09129421711659129 0.09200534022492057 0.09272139542086999 0.09344240930013407 0.09416840850487904 0.09489941972238371 0.09563546968366365 0.09637658516214888 0.09712279297221452 0.09787411996781371 0.09863059304098699 0.09939223912039451 0.100159085169845 0.1009311581867594 0.101708485200605 0.1024910932713682 0.1032790094879395 0.1040722609665066 0.1048708748488761 0.1056748783008781 0.1064842985106038 0.1072991626867399 0.1081194980567868 0.10894533186534 0.1097766913722305 0.1106136038508014 0.1114560965859363 0.1123041968723393 0.1131579320124874 0.1140173293148514 0.1148824160918096 0.1157532196577974 0.116629767327208 0.1175120864124131 0.1184002042217114 0.1192941480572186 0.1201939452127484 0.1210996229717283 0.1220112086049635 0.1229287293684994 0.1238522077685779 
SCALARS metal_fraction double 1
LOOKUP_TABLE default
1 1 1 1 1 1 1 1 1 1 1 1 1 1 1 1 1 1 1 1 1 1 1 1 1 1 1 1 1 1 1 1 1 1 1 1 1 1 1 1 1 1 1 1 1 1 1 1 1 1 1 1 1 1 1 1 1 1 1 1 1 
1 1 1 1 1 1 1 1 1 1 1 1 1 1 1 1 1 1 1 1 1 1 1 1 1 1 1 1 1 1 1 1 1 1 1 1 1 1 1 1 1 1 1 1 1 1 1 1 1 1 1 1 1 1 1 1 1 1 1 1 1 
1 1 1 1 1 1 1 1 1 1 1 1 1 1 1 1 1 1 1 1 1 1 1 1 1 1 1 1 1 1 1 1 1 1 1 1 1 1 1 1 1 1 1 1 1 1 1 1 1 1 1 1 1 1 1 1 1 1 1 1 1 
1 1 1 1 1 1 1 1 1 1 1 1 1 1 1 1 1 1 1 1 1 1 1 1 1 1 1 1 1 1 1 1 1 1 1 1 1 1 1 1 1 1 1 1 1 1 1 1 1 1 1 1 1 1 1 1 1 1 1 1 1 
1 1 1 1 1 1 1 1 1 1 1 1 1 1 1 1 1 1 1 1 1 1 1 1 1 1 1 1 1 1 1 1 1 1 1 1 1 1 1 1 1 1 1 1 1 1 1 1 1 1 1 1 1 1 1 1 1 1 1 1 1 
1 1 1 1 1 1 1 1 1 1 1 1 1 1 1 1 1 1 1 1 1 1 1 1 1 1 1 1 1 1 1 1 1 1 1 1 1 1 1 1 1 1 1 1 1 1 1 1 1 1 1 1 1 1 1 1 1 1 1 1 1 
1 1 1 1 1 1 1 1 1 1 1 1 1 1 1 1 1 1 1 1 1 1 1 1 1 1 1 1 1 1 1 1 1 1 1 1 1 1 1 1 1 1 1 1 1 1 1 1 1 1 1 1 1 1 1 1 1 1 1 1 1 
1 1 1 1 1 1 1 1 1 1 1 1 1 1 1 1 1 1 1 1 1 1 1 1 1 1 1 1 1 1 1 1 1 1 1 1 1 1 1 1 1 1 1 1 1 1 1 1 1 1 1 1 1 1 1 1 1 1 1 1 1 
1 1 1 1 1 1 1 1 1 1 1 1 1 1 1 1 1 1 1 1 1 1 1 1 1 1 1 1 1 1 1 1 1 1 1 1 1 1 1 1 1 1 1 1 1 1 1 1 1 1 1 1 1 1 1 1 1 1 1 1 1 
1 1 1 1 1 1 1 1 1 1 1 1 1 1 1 1 1 1 1 1 1 1 1 1 1 1 1 1 1 1 1 1 1 1 1 1 1 1 1 1 1 1 1 1 1 1 1 1 1 1 1 1 1 1 1 1 1 1 1 1 1 
1 1 1 1 1 1 1 1 1 1 1 1 1 1 1 1 1 1 1 1 1 1 1 1 1 1 1 1 1 1 1 1 1 1 1 1 1 1 1 1 1 1 1 1 1 1 1 1 1 1 1 1 1 1 1 1 1 1 1 1 1 
1 1 1 1 1 1 1 1 1 1 1 1 1 1 1 1 1 1 1 1 1 1 1 1 1 1 1 1 1 1 1 1 1 1 1 1 1 1 1 1 1 1 1 1 1 1 1 1 1 1 1 1 1 1 1 1 1 1 1 1 1 
1 1 1 1 1 1 1 1 1 1 1 1 1 1 1 1 1 1 1 1 1 1 1 1 1 1 1 1 1 1 1 1 1 1 1 1 1 1 1 1 1 1 1 1 1 1 1 1 1 1 1 1 1 1 1 1 1 1 1 1 1 
1 1 1 1 1 1 1 1 1 1 1 1 1 1 1 1 1 1 1 1 1 1 1 1 1 1 1 1 1 1 1 1 1 1 1 1 1 1 1 1 1 1 1 1 1 1 1 1 1 1 1 1 1 1 1 1 1 1 1 1 1 
1 1 1 1 1 1 1 1 1 1 1 1 1 1 1 1 1 1 1 1 1 1 1 1 1 1 1 1 1 1 1 1 1 1 1 1 1 1 1 1 1 1 1 1 1 1 1 1 1 1 1 1 1 1 1 1 1 1 1 1 1 
1 1 1 1 1 1 1 1 1 1 1 1 1 1 1 1 1 1 1 1 1 1 1 1 1 1 1 1 1 1 1 1 1 1 1 1 1 1 1 1 1 1 1 1 1 1 1 1 1 1 1 1 1 1 1 1 1 1 1 1 1 
1 1 1 1 1 1 1 1 1 1 1 1 1 1 1 1 1 1 1 1 1 1 1 1 1 1 1 1 1 1 1 1 1 1 1 1 1 1 1 1 1 1 1 1 1 1 1 1 1 1 1 1 1 1 1 1 1 1 1 1 1 
1 1 1 1 1 1 1 1 1 1 1 1 1 1 1 1 1 1 1 1 1 1 1 1 1 1 1 1 1 1 1 1 1 1 1 1 1 1 1 1 1 1 1 1 1 1 1 1 1 1 1 1 1 1 1 1 1 1 1 1 1 
1 1 1 1 1 1 1 1 1 1 1 1 1 1 1 1 1 1 1 1 1 1 1 1 1 1 1 1 1 1 1 1 1 1 1 1 1 1 1 1 1 1 1 1 1 1 1 1 1 1 1 1 1 1 1 1 1 1 1 1 1 
1 1 1 1 1 1 1 1 1 1 1 1 1 1 1 1 1 1 1 1 1 1 1 1 1 1 1 1 1 1 1 1 1 1 1 1 1 1 1 1 1 1 1 1 1 1 1 1 1 1 1 1 1 1 1 1 1 1 1 1 1 
1 1 1 1 1 1 1 1 1 1 1 1 1 1 1 1 1 1 1 1 1 1 1 1 1 1 1 1 1 1 1 1 1 1 1 1 1 1 1 1 1 1 1 1 1 1 1 1 1 1 1 1 1 1 1 1 1 1 1 1 1 
1 1 1 1 1 1 1 1 1 1 1 1 1 1 1 1 1 1 1 1 1 1 1 1 1 1 1 1 1 1 1 1 1 1 1 1 1 1 1 1 1 1 1 1 1 1 1 1 1 1 1 1 1 1 1 1 1 1 1 1 1 
1 1 1 1 1 1 1 1 1 1 1 1 1 1 1 1 1 1 1 1 1 1 1 1 1 1 1 1 1 1 1 1 1 1 1 1 1 1 1 1 1 1 1 1 1 1 1 1 1 1 1 1 1 1 1 1 1 1 1 1 1 
1 1 1 1 1 1 1 1 1 1 1 1 1 1 1 1 1 1 1 1 1 1 1 1 1 1 1 1 1 1 1 1 1 1 1 1 1 1 1 1 1 1 1 1 1 1 1 1 1 1 1 1 1 1 1 1 1 1 1 1 1 
1 1 1 1 1 1 1 1 1 1 1 1 1 1 1 1 1 1 1 1 1 1 1 1 1 1 1 1 1 1 1 1 1 1 1 1 1 1 1 1 1 1 1 1 1 1 1 1 1 1 1 1 1 1 1 1 1 1 1 1 1 
1 1 1 1 1 1 1 1 1 1 1 1 1 1 1 1 1 1 1 1 1 1 1 1 1 1 1 1 0 0 0 0 0 1 1 1 1 1 1 1 1 1 1 1 1 1 1 1 1 1 1 1 1 1 1 1 1 1 1 1 1 
1 1 1 1 1 1 1 1 1 1 1 1 1 1 1 1 1 1 1 1 1 1 1 1 1 1 1 0 0 0 0 0 0 0 1 1 1 1 1 1 1 1 1 1 1 1 1 1 1 1 1 1 1 1 1 1 1 1 1 1 1 
1 1 1 1 1 1 1 1 1 1 1 1 1 1 1 1 1 1 1 1 1 1 1 1 1 1 0 0 0 0 0 0 0 0 0 1 1 1 1 1 1 1 1 1 1 1 1 1 1 1 1 1 1 1 1 1 1 1 1 1 1 
1 1 1 1 1 1 1 1 1 1 1 1 1 1 1 1 1 1 1 1 1 1 1 1 1 0 0 0 0 0 0 0 0 0 0 0 1 1 1 1 1 1 1 1 1 1 1 1 1 1 1 1 1 1 1 1 1 1 1 1 1 
1 1 1 1 1 1 1 1 1 1 1 1 1 1 1 1 1 1 1 1 1 1 1 1 1 0 0 0 0 0 0 0 0 0 0 0 1 1 1 1 1 1 1 1 1 1 1 1 1 1 1 1 1 1 1 1 1 1 1 1 1 
1 1 1 1 1 1 1 1 1 1 1 1 1 1 1 1 1 1 1 1 1 1 1 1 1 0 0 0 0 0 0 0 0 0 0 0 1 1 1 1 1 1 1 1 1 1 1 1 1 1 1 1 1 1 1 1 1 1 1 1 1 
1 1 1 1 1 1 1 1 1 1 1 1 1 1 1 1 1 1 1 1 1 1 1 1 1 0 0 0 0 0 0 0 0 0 0 0 1 1 1 1 1 1 1 1 1 1 1 1 1 1 1 1 1 1 1 1 1 1 1 1 1 
1 1 1 1 1 1 1 1 1 1 1 1 1 1 1 1 1 1 1 1 1 1 1 1 1 0 0 0 0 0 0 0 0 0 0 0 1 1 1 1 1 1 1 1 1 1 1 1 1 1 1 1 1 1 1 1 1 1 1 1 1 
1 1 1 1 1 1 1 1 1 1 1 1 1 1 1 1 1 1 1 1 1 1 1 1 1 1 0 0 0 0 0 0 0 0 0 1 1 1 1 1 1 1 1 1 1 1 1 1 1 1 1 1 1 1 1 1 1 1 1 1 1 
1 1 1 1 1 1 1 1 1 1 1 1 1 1 1 1 1 1 1 1 1 1 1 1 1 1 1 0 0 0 0 0 0 0 1 1 1 1 1 1 1 1 1 1 1 1 1 1 1 1 1 1 1 1 1 1 1 1 1 1 1 
1 1 1 1 1 1 1 1 1 1 1 1 1 1 1 1 1 1 1 1 1 1 1 1 1 1 1 1 0 0 0 0 0 1 1 1 1 1 1 1 1 1 1 1 1 1 1 1 1 1 1 1 1 1 1 1 1 1 1 1 1 
1 1 1 1 1 1 1 1 1 1 1 1 1 1 1 1 1 1 1 1 1 1 1 1 1 1 1 1 1 1 1 1 1 1 1 1 1 1 1 1 1 1 1 1 1 1 1 1 1 1 1 1 1 1 1 1 1 1 1 1 1 
1 1 1 1 1 1 1 1 1 1 1 1 1 1 1 1 1 1 1 1 1 1 1 1 1 1 1 1 1 1 1 1 1 1 1 1 1 1 1 1 1 1 1 1 1 1 1 1 1 1 1 1 1 1 1 1 1 1 1 1 1 
1 1 1 1 1 1 1 1 1 1 1 1 1 1 1 1 1 1 1 1 1 1 1 1 1 1 1 1 1 1 1 1 1 1 1 1 1 1 1 1 1 1 1 1 1 1 1 1 1 1 1 1 1 1 1 1 1 1 1 1 1 
1 1 1 1 1 1 1 1 1 1 1 1 1 1 1 1 1 1 1 1 1 1 1 1 1 1 1 1 1 1 1 1 1 1 1 1 1 1 1 1 1 1 1 1 1 1 1 1 1 1 1 1 1 1 1 1 1 1 1 1 1 
1 1 1 1 1 1 1 1 1 1 1 1 1 1 1 1 1 1 1 1 1 1 1 1 1 1 1 1 1 1 1 1 1 1 1 1 1 1 1 1 1 1 1 1 1 1 1 1 1 1 1 1 1 1 1 1 1 1 1 1 1 
1 1 1 1 1 1 1 1 1 1 1 1 1 1 1 1 1 1 1 1 1 1 1 1 1 1 1 1 1 1 1 1 1 1 1 1 1 1 1 1 1 1 1 1 1 1 1 1 1 1 1 1 1 1 1 1 1 1 1 1 1 
1 1 1 1 1 1 1 1 1 1 1 1 1 1 1 1 1 1 1 1 1 1 1 1 1 1 1 1 1 1 1 1 1 1 1 1 1 1 1 1 1 1 1 1 1 1 1 1 1 1 1 1 1 1 1 1 1 1 1 1 1 
1 1 1 1 1 1 1 1 1 1 1 1 1 1 1 1 1 1 1 1 1 1 1 1 1 1 1 1 1 1 1 1 1 1 1 1 1 1 1 1 1 1 1 1 1 1 1 1 1 1 1 1 1 1 1 1 1 1 1 1 1 
1 1 1 1 1 1 1 1 1 1 1 1 1 1 1 1 1 1 1 1 1 1 1 1 1 1 1 1 1 1 1 1 1 1 1 1 1 1 1 1 1 1 1 1 1 1 1 1 1 1 1 1 1 1 1 1 1 1 1 1 1 
1 1 1 1 1 1 1 1 1 1 1 1 1 1 1 1 1 1 1 1 1 1 1 1 1 1 1 1 1 1 1 1 1 1 1 1 1 1 1 1 1 1 1 1 1 1 1 1 1 1 1 1 1 1 1 1 1 1 1 1 1 
1 1 1 1 1 1 1 1 1 1 1 1 1 1 1 1 1 1 1 1 1 1 1 1 1 1 1 1 1 1 1 1 1 1 1 1 1 1 1 1 1 1 1 1 1 1 1 1 1 1 1 1 1 1 1 1 1 1 1 1 1 
1 1 1 1 1 1 1 1 1 1 1 1 1 1 1 1 1 1 1 1 1 1 1 1 1 1 1 1 1 1 1 1 1 1 1 1 1 1 1 1 1 1 1 1 1 1 1 1 1 1 1 1 1 1 1 1 1 1 1 1 1 
1 1 1 1 1 1 1 1 1 1 1 1 1 1 1 1 1 1 1 1 1 1 1 1 1 1 1 1 1 1 1 1 1 1 1 1 1 1 1 1 1 1 1 1 1 1 1 1 1 1 1 1 1 1 1 1 1 1 1 1 1 
1 1 1 1 1 1 1 1 1 1 1 1 1 1 1 1 1 1 1 1 1 1 1 1 1 1 1 1 1 1 1 1 1 1 1 1 1 1 1 1 1 1 1 1 1 1 1 1 1 1 1 1 1 1 1 1 1 1 1 1 1 
1 1 1 1 1 1 1 1 1 1 1 1 1 1 1 1 1 1 1 1 1 1 1 1 1 1 1 1 1 1 1 1 1 1 1 1 1 1 1 1 1 1 1 1 1 1 1 1 1 1 1 1 1 1 1 1 1 1 1 1 1 
1 1 1 1 1 1 1 1 1 1 1 1 1 1 1 1 1 1 1 1 1 1 1 1 1 1 1 1 1 1 1 1 1 1 1 1 1 1 1 1 1 1 1 1 1 1 1 1 1 1 1 1 1 1 1 1 1 1 1 1 1 
1 1 1 1 1 1 1 1 1 1 1 1 1 1 1 1 1 1 1 1 1 1 1 1 1 1 1 1 1 1 1 1 1 1 1 1 1 1 1 1 1 1 1 1 1 1 1 1 1 1 1 1 1 1 1 1 1 1 1 1 1 
1 1 1 1 1 1 1 1 1 1 1 1 1 1 1 1 1 1 1 1 1 1 1 1 1 1 1 1 1 1 1 1 1 1 1 1 1 1 1 1 1 1 1 1 1 1 1 1 1 1 1 1 1 1 1 1 1 1 1 1 1 
1 1 1 1 1 1 1 1 1 1 1 1 1 1 1 1 1 1 1 1 1 1 1 1 1 1 1 1 1 1 1 1 1 1 1 1 1 1 1 1 1 1 1 1 1 1 1 1 1 1 1 1 1 1 1 1 1 1 1 1 1 
1 1 1 1 1 1 1 1 1 1 1 1 1 1 1 1 1 1 1 1 1 1 1 1 1 1 1 1 1 1 1 1 1 1 1 1 1 1 1 1 1 1 1 1 1 1 1 1 1 1 1 1 1 1 1 1 1 1 1 1 1 
1 1 1 1 1 1 1 1 1 1 1 1 1 1 1 1 1 1 1 1 1 1 1 1 1 1 1 1 1 1 1 1 1 1 1 1 1 1 1 1 1 1 1 1 1 1 1 1 1 1 1 1 1 1 1 1 1 1 1 1 1 
1 1 1 1 1 1 1 1 1 1 1 1 1 1 1 1 1 1 1 1 1 1 1 1 1 1 1 1 1 1 1 1 1 1 1 1 1 1 1 1 1 1 1 1 1 1 1 1 1 1 1 1 1 1 1 1 1 1 1 1 1 
1 1 1 1 1 1 1 1 1 1 1 1 1 1 1 1 1 1 1 1 1 1 1 1 1 1 1 1 1 1 1 1 1 1 1 1 1 1 1 1 1 1 1 1 1 1 1 1 1 1 1 1 1 1 1 1 1 1 1 1 1 
1 1 1 1 1 1 1 1 1 1 1 1 1 1 1 1 1 1 1 1 1 1 1 1 1 1 1 1 1 1 1 1 1 1 1 1 1 1 1 1 1 1 1 1 1 1 1 1 1 1 1 1 1 1 1 1 1 1 1 1 1 
1 1 1 1 1 1 1 1 1 1 1 1 1 1 1 1 1 1 1 1 1 1 1 1 1 1 1 1 1 1 1 1 1 1 1 1 1 1 1 1 1 1 1 1 1 1 1 1 1 1 1 1 1 1 1 1 1 1 1 1 1 
SCALARS eta_sum_sq double 1
LOOKUP_TABLE default
0.9197745089555693 0.9194323276206038 0.9190888257623215 0.9187440012956413 0.9183978503983925 0.91805036924919 0.9177015540275723 0.9173514009140331 0.9169999060904775 0.916647065740144 0.9162928760474647 0.9159373331987147 0.9155804333819877 0.91522217278726 0.9148625476064854 0.9145015540337744 0.9141391882659202 0.9137754465018098 0.9134103249433182 0.9130438197951307 0.9126759272646606 0.9123066435626849 0.9119359649032368 0.9115638875037959 0.9111904075854735 0.9108155213732395 0.910439225095753 0.9100615149860753 0.9096823872814608 0.9093018382236231 0.9089198640590126 0.9085364610385681 0.9081516254185752 0.9077653534602756 0.9073776414303349 0.9069884856007325 0.9065978822495113 0.9062058276602757 0.9058123181227983 0.9054173499331025 0.905020919393649 0.9046230228136304 0.9042236565087423 0.9038228168021113 0.9034205000237547 0.9030167025111973 0.9026114206096671 0.9022046506718765 0.9017963890589594 0.9013866321399352 0.9009753762923396 0.9005626179024245 0.9001483533649504 0.8997325790841305 0.89931529147321 0.8988964869546813 0.8984761619611294 0.8980543129347113 0.8976309363279014 0.897206028603267 0.8967795884168673 
0.9553916182431424 0.9551934086542531 0.9549943608698245 0.9547944727572262 0.9545937411691688 0.9543921629507248 0.954189734938478 0.9539864539614058 0.9537823168401389 0.9535773203874133 0.9533714614079777 0.953164736698615 0.9529571430482693 0.9527486772376308 0.9525393360399159 0.9523291162201292 0.9521180145355186 0.9519060277354882 0.951693152561621 0.9514793857477795 0.9512647240198498 0.9510491640962159 0.9508327026873343 0.950615336496038 0.9503970622174853 0.9501778765392932 0.9499577761411329 0.9497367576955136 0.9495148178670547 0.949291953312944 0.9490681606829712 0.9488434366191216 0.9486177777563655 0.9483911807219322 0.948163642135773 0.9479351586105936 0.9477057267514584 0.9474753431565744 0.9472440044165742 0.9470117071150882 0.9467784478282415 0.9465442231254458 0.9463090295686801 0.9460728637130684 0.9458357221063776 0.9455976012898131 0.9453584977973013 0.9451184081559636 0.9448773288861562 0.9446352565011864 0.9443921875076838 0.9441481184055297 0.9439030456880126 0.9436569658415488 0.9434098753461495 0.9431617706749678 0.9429126482950236 0.9426625046665736 0.9424113362436579 0.9421591394737292 0.9419059120946536 
0.975638408904422 0.9755277712365404 0.9754166435297207 0.9753050242996238 0.9751929114932421 0.9750803030496729 0.9749671969008722 0.9748535909711993 0.9747394831776183 0.9746248714292446 0.9745097536279883 0.9743941276679868 0.9742779914361398 0.9741613428114343 0.9740441796653678 0.973926499861715 0.9738083012568377 0.9736895816994542 0.9735703390302924 0.9734505710827336 0.9733302756823575 0.9732094506470401 0.9730880937869337 0.9729662029044575 0.9728437757942793 0.9727208102433019 0.9725973040305405 0.9724732549275443 0.9723486606976171 0.9722235190966781 0.9720978278723743 0.9719715847648293 0.9718447875063047 0.9717174338208564 0.9715895214249782 0.9714610480271501 0.9713320113279347 0.9712024090199654 0.9710722387878225 0.970941498308458 0.9708101852505275 0.9706782972747054 0.9705458320340007 0.9704127871729782 0.9702791603286237 0.9701449491294538 0.9700101511962731 0.9698747641417225 0.9697387855704875 0.9696022130788486 0.9694650442553291 0.9693272766802429 0.9691889079257945 0.9690499355560698 0.9689103571269136 0.9687701701863594 0.9686293722739605 0.9684879609212195 0.9683459336513592 0.96820328797975 0.9680600221469058 
0.9868259826372507 0.9867654503198083 0.9867046433551603 0.9866435608423664 0.9865822015682055 0.9865205643146677 0.9864586478587148 0.9863964509719327 0.986333972421176 0.9862712109681083 0.9862081653691842 0.9861448343760736 0.9860812167349822 0.9860173111869635 0.9859531164682341 0.9858886313093813 0.9858238544361179 0.9857587845688254 0.9856934204226417 0.9856277607074494 0.9855618041278521 0.9854955493831598 0.9854289951672587 0.9853621401690356 0.985294983071588 0.9852275225529765 0.9851597572857665 0.9850916859371203 0.9850233071687789 0.9849546196370442 0.9848856219927593 0.984816312881292 0.9847466909424059 0.9846767548105718 0.98460650311473 0.9845359344779407 0.9844650475180279 0.9843938408471181 0.9843223130717353 0.9842504627927788 0.9841782886053989 0.9841057890994157 0.9840329628585296 0.9839598084611867 0.9838863244796763 0.9838125094808866 0.9837383620258415 0.9836638806697954 0.9835890639622132 0.9835139104467523 0.9834384186611347 0.9833625871375653 0.9832864144019483 0.9832098989746344 0.9831330393700732 0.9830558340964665 0.9829782816564068 0.9829003805463099 0.9828221292569473 0.982743526272766 0.9826645704766725 
0.992913765122846 0.9928810012135232 0.9928480867483005 0.9928150212132212 0.9927818039253381 0.9927484341986011 0.9927149113439555 0.9926812346693312 0.9926474034796269 0.9926134170767017 0.99257927475936 0.9925449758233403 0.9925105195613031 0.9924759052627061 0.9924411322142366 0.9924061996990217 0.9923711069973925 0.9923358533865384 0.9923004381401637 0.9922648605291351 0.9922291198210315 0.9921932152802381 0.9921571461679349 0.9921209117420837 0.9920845112574151 0.9920479439653038 0.9920112091142008 0.9919743059489528 0.9919372337111252 0.9918999916392057 0.9918625789683743 0.9918249949301541 0.9917872387530645 0.9917493096621651 0.9917112068791517 0.9916729296223425 0.9916344771066682 0.9915958485436535 0.9915570431412968 0.9915180601044975 0.9914788986342684 0.9914395579286067 0.9914000371815946 0.9913603355842728 0.9913204523237399 0.9912803865839125 0.9912401375450705 0.9911997043839526 0.9911590862737429 0.9911182823839462 0.9910772918808156 0.991036113926676 0.9909947476802409 0.9909531922969308 0.9909114469280835 0.9908695107217163 0.9908273828221759 0.9907850623697976 0.99074254850155 0.9906998403505802 0.9906569372660499 
0.9961992726503134 0.996181640869541 0.99616392751986 0.9961461323171635 0.9961282548861831 0.9961102948499582 0.9960922518297181 0.9960741254453157 0.9960559153145576 0.9960376210536378 0.9960192422769101 0.9960007785973237 0.9959822296257493 0.9959635949713059 0.9959448742416842 0.9959260670423646 0.9959071729773831 0.9958881916489941 0.9958691226573266 0.9958499656010452 0.9958307200770068 0.9958113856799224 0.9957919620030118 0.9957724486375552 0.9957528451729944 0.9957331511969243 0.9957133662950874 0.9956934900513624 0.9956735220477601 0.9956534618642996 0.9956333090794485 0.9956130632694464 0.9955927240086307 0.9955722908697606 0.9955517634233427 0.9955311412379579 0.9955104238805822 0.9954896109158062 0.9954687019065995 0.9954476964139701 0.9954265939966266 0.9954053942116308 0.9953840966139472 0.9953627007565471 0.995341206190397 0.9953196124644528 0.9952979191256482 0.9952761257188893 0.9952542317870443 0.9952322368709333 0.9952101405092114 0.9951879422388016 0.9951656415942208 0.9951432381079056 0.9951207313105324 0.9950981207302351 0.9950754058934823 0.9950525863241818 0.9950296615444466 0.9950066310742539 0.9949834945496311 
0.9979646022243066 0.9979551430436192 0.9979456399452986 0.9979360927744849 0.9979265013278602 0.9979168654007298 0.9979071847879071 0.9978974592828214 0.9978876886782893 0.9978778727661797 0.9978680113370744 0.9978581041809311 0.9978481510867453 0.9978381518422145 0.9978281062343972 0.9978180140492676 0.9978078750718191 0.9977976890860627 0.9977874558751324 0.9977771752208358 0.997766846904318 0.9977564707056106 0.9977460464037395 0.9977355737767207 0.997725052601555 0.9977144826541124 0.9977038637095729 0.9976931955417536 0.9976824779235505 0.9976717106268205 0.9976608934223796 0.9976500260798843 0.9976391083682725 0.997628140055093 0.9976171209068327 0.9976060506892461 0.997594929166683 0.9975837561024183 0.9975725312589797 0.9975612543973646 0.9975499252779252 0.9975385436594737 0.9975271093001675 0.9975156219566148 0.9975040813846473 0.9974924873389812 0.9974808395728807 0.9974691378388182 0.9974573818880257 0.9974455714707104 0.9974337063356082 0.9974217862306418 0.9974098109024736 0.9973977800966108 0.9973856935574006 0.9973735510280232 0.9973613522504904 0.9973490969656367 0.9973367849131159 0.9973244158313959 0.9973119895214173 
0.9989108849475838 0.9989058186330015 0.9989007287510769 0.9988956152183914 0.998890477925293 0.9988853167615124 0.9988801316166067 0.9988749223792867 0.9988696889378632 0.9988644311801309 0.9988591489933658 0.9988538422643256 0.998848510879244 0.9988431547238301 0.9988377736832664 0.998832367642094 0.9988269364846549 0.9988214800944233 0.9988159983544482 0.9988104911472393 0.9988049583546518 0.9987993998583309 0.9987938155390412 0.9987882052771097 0.9987825689521994 0.9987769064437533 0.9987712176303227 0.9987655023899014 0.9987597606002525 0.9987539921382425 0.9987481968801702 0.9987423747020978 0.9987365254790712 0.9987306490860051 0.9987247453967929 0.9987188142851915 0.9987128556239311 0.9987068692856005 0.998700855141756 0.9986948130638069 0.9986887429221254 0.9986826445869303 0.9986765179273998 0.9986703628125515 0.9986641791103561 0.9986579666885096 0.9986517254140989 0.9986454551532635 0.9986391557718617 0.9986328271351327 0.9986264691073621 0.9986200815525439 0.9986136643339345 0.9986072173142709 0.9986007403553259 0.9985942333185693 0.9985876960647211 0.9985811284538594 0.9985745303455311 0.9985679015983018 0.9985612421044547 
0.9994174857093665 0.9994147746040207 0.9994120508744531 0.9994093144756122 0.9994065653488609 0.9994038034348447 0.9994010286742689 0.9993982410075626 0.9993954403745455 0.9993926267150925 0.9993897999687997 0.9993869600746492 0.9993841069716751 0.9993812405986271 0.9993783608936395 0.9993754677948918 0.9993725612401677 0.9993696411670725 0.9993667075125878 0.99936376021374 0.9993607992071496 0.9993578244292556 0.999354835815869 0.9993518333028375 0.9993488168255997 0.9993457863194066 0.9993427417188758 0.9993396829586543 0.9993366099729777 0.9993335226957751 0.9993304210607807 0.9993273050010891 0.9993241744498187 0.999321029339665 0.9993178696030145 0.9993146951719386 0.9993115059781954 0.9993083019532256 0.9993050830282639 0.9993018491338934 0.9992986002007103 0.9992953361588761 0.9992920569382304 0.9992887624682878 0.999285452678236 0.9992821274969348 0.9992787868529149 0.9992754306743763 0.9992720588891858 0.9992686714248773 0.9992652682086482 0.9992618491673602 0.9992584142275343 0.9992549633153536 0.9992514963566583 0.9992480132769446 0.9992445140013659 0.999240998454727 0.9992374665614867 0.9992339182457523 0.999230353449474 
0.9996885151677737 0.999687065077473 0.9996856082310233 0.999684144604472 0.9996826741662843 0.9996811968847799 0.9996797127281312 0.9996782216643787 0.9996767236614581 0.9996752186869258 0.9996737067084511 0.9996721876934611 0.9996706616092299 0.99966912842288 0.9996675881013823 0.9996660406115523 0.999664485920053 0.999662923993392 0.9996613547979216 0.9996597782999477 0.9996581944652883 0.9996566032599348 0.9996550046496098 0.9996533985998768 0.9996517850761399 0.9996501640436413 0.9996485354674627 0.9996468993125232 0.9996452555435795 0.9996436041252241 0.9996419450218856 0.9996402781978266 0.999638603617145 0.9996369212437708 0.9996352310414667 0.9996335329738282 0.9996318270042808 0.9996301130960803 0.9996283912123112 0.9996266613158886 0.9996249233695533 0.9996231773358746 0.9996214231772473 0.9996196608558909 0.9996178903338517 0.9996161115729969 0.9996143245350192 0.9996125291813815 0.9996107254734602 0.9996089133724801 0.9996070928393572 0.9996052638348849 0.9996034263196756 0.9996015802541589 0.9995997255985802 0.9995978623130004 0.9995959903572955 0.9995941096911549 0.9995922202739693 0.9995903220652764 0.999588415033855 
0.9998334616514277 0.9998326862338522 0.9998319072026611 0.9998311245447313 0.9998303382432956 0.9998295482813981 0.9998287546420042 0.999827957307889 0.9998271562620806 0.9998263514870838 0.9998255429657668 0.9998247306804731 0.9998239146137975 0.9998230947481435 0.9998222710658318 0.9998214435489905 0.9998206121799977 0.9998197769407051 0.9998189378132136 0.9998180947794288 0.9998172478211731 0.9998163969201841 0.9998155420581145 0.9998146832164199 0.9998138203768046 0.9998129535204423 0.9998120826287515 0.9998112076829562 0.99981032866419 0.9998094455534996 0.9998085583317335 0.9998076669799836 0.9998067714788097 0.999805871809015 0.9998049679512011 0.9998040598858806 0.9998031475934748 0.999802231054203 0.9998013102485259 0.9998003851563693 0.9997994557578984 0.9997985220330754 0.9997975839617694 0.9997966415236441 0.999795694698604 0.9997947434660124 0.9997937878054726 0.9997928276963817 0.9997918631180398 0.9997908940496523 0.999789920470326 0.999788942358961 0.9997879596945816 0.9997869724560167 0.9997859806219407 0.9997849841710136 0.9997839830817397 0.999782977332426 0.9997819669016129 0.9997809517672955 0.9997799319129177 
0.9997722484884628 0.9997712224023725 0.9997701916892741 0.9997691563335764 0.9997681163142664 0.9997670716105704 0.999766022201287 0.9997649680651195 0.9997639091810107 0.999762845527403 0.9997617770829224 0.9997607038259018 0.9997596257348562 0.9997585427878002 0.9997574549629833 0.9997563622384467 0.9997552645922427 0.9997541620019915 0.9997530544455475 0.9997519419005534 0.9997508243444401 0.9997497017548704 0.9997485741090744 0.9997474413842888 0.9997463035575387 0.9997451606060779 0.9997440125066148 0.9997428592361963 0.9997417007713219 0.9997405370888308 0.9997393681650119 0.9997381939763823 0.9997370144992417 0.9997358297097838 0.9997346395840946 0.9997334440981527 0.9997322432278291 0.999731036948885 0.9997298252369742 0.9997286080675289 0.9997273854162061 0.9997261572581055 0.9997249235686623 0.9997236843227548 0.9997224394955944 0.9997211890618349 0.9997199329963513 0.9997186712737929 0.9997174038686965 0.9997161307554829 0.9997148519084587 0.9997135673018154 0.9997122769096274 0.9997109807058537 0.9997096786642237 0.9997083707586842 0.9997070569626174 0.9997057372497338 0.9997044115931772 0.9997030799663085 0.9997017423491354 
0.9995740460464368 0.9995721273838618 0.9995702000726361 0.9995682640838848 0.999566319378461 0.9995643659171518 0.9995624036605697 0.9995604325691492 0.9995584526030366 0.999556463722532 0.9995544658874256 0.9995524590574356 0.9995504431921007 0.9995484182507772 0.9995463841925309 0.9995443409765732 0.9995422885615999 0.9995402269062335 0.9995381559687989 0.9995360757077681 0.999533986081093 0.9995318870466459 0.9995297785620023 0.999527660584878 0.9995255330724664 0.9995233959818797 0.9995212492699266 0.999519092893556 0.9995169268091888 0.9995147509731621 0.9995125653415058 0.9995103698703862 0.9995081645154389 0.9995059492321003 0.9995037239759412 0.999501488701998 0.9994992433651064 0.9994969879202327 0.9994947223218071 0.9994924465240558 0.9994901604813333 0.9994878641474548 0.9994855574760284 0.9994832404207887 0.9994809129349278 0.9994785749714283 0.9994762264833956 0.9994738674232799 0.999471497743762 0.9994691173969773 0.9994667263348465 0.9994643245094079 0.9994619118720405 0.9994594883743493 0.9994570539672772 0.9994546086019924 0.9994521522290467 0.9994496847990226 0.9994472062622359 0.9994447165685878 0.9994422156808962 
0.9992034931444035 0.9991999067039345 0.9991963041092915 0.9991926853064099 0.9991890502223746 0.9991853987840549 0.9991817309179942 0.9991780465504051 0.9991743456070608 0.9991706280137345 0.9991668936955329 0.9991631425773408 0.9991593745837037 0.9991555896387218 0.9991517876664866 0.9991479685904165 0.9991441323336996 0.9991402788190675 0.9991364079692411 0.9991325197062608 0.9991286139519293 0.9991246906275895 0.999120749654564 0.999116790953491 0.9991128144446533 0.9991088200483114 0.9991048076839228 0.9991007772710299 0.9990967287284815 0.9990926619747644 0.9990885769283335 0.9990844735069444 0.9990803516279869 0.9990762112088134 0.9990720521659615 0.9990678744160419 0.9990636778748461 0.9990594624582346 0.9990552280812458 0.9990509746589835 0.9990467021057281 0.9990424103358191 0.9990380992627708 0.9990337688001539 0.9990294188607074 0.999025049357227 0.9990206602016718 0.9990162513059415 0.9990118225815418 0.99900737393925 0.9990029052898878 0.9989984165434347 0.9989939076098009 0.998989378398494 0.9989848288182841 0.9989802587778653 0.9989756681855257 0.9989710569488086 0.9989664249751788 0.9989617721715749 0.9989570984684769 
0.998511063334818 0.9985043637549793 0.9984976340409768 0.9984908740920185 0.9984840837726802 0.9984772629469347 0.9984704114781493 0.9984635292290824 0.9984566160618822 0.9984496718380839 0.9984426964186056 0.9984356896637469 0.9984286514330742 0.998421581585864 0.9984144799804309 0.998407346474572 0.9984001809254512 0.9983929831895968 0.998385753122788 0.9983784905804969 0.9983711954172175 0.9983638674869093 0.99835650664277 0.9983491127376796 0.9983416856235291 0.9983342251515511 0.9983267311726507 0.9983192035367361 0.9983116420930491 0.9983040466904944 0.9982964171768605 0.9982887533997036 0.998281055205458 0.9982733224403206 0.99826555494936 0.9982577525774002 0.9982499151681323 0.9982420425649966 0.9982341346102939 0.9982261911460684 0.9982182120132193 0.9982101970522703 0.9982021461030393 0.9981940590042977 0.9981859355944356 0.9981777757110125 0.9981695791909793 0.9981613458702288 0.9981530755842594 0.9981447681677271 0.9981364234545543 0.998128041278038 0.9981196214704 0.9981111638634537 0.9981026682881524 0.998094134574701 0.9980855625525493 0.9980769520503927 0.9980683028961637 0.9980596149170338 0.9980508879840615 
0.9972183598454364 0.9972058599629616 0.9971933040041812 0.9971806917829668 0.9971680230486536 0.9971552975493617 0.997142515032434 0.9971296752437704 0.9971167779281496 0.9971038228295624 0.9970908096904275 0.9970777382524738 0.9970646082558513 0.9970514194400093 0.997038171542808 0.9970248643013973 0.9970114974513289 0.9969980707274341 0.9969845838629343 0.996971036590212 0.9969574286403616 0.9969437597434063 0.9969300296278493 0.9969162380213352 0.9969023846502001 0.996888469239577 0.996874491513392 0.9968604511943595 0.9968463480039743 0.9968321816625092 0.9968179518890083 0.9968036584012828 0.9967893009159042 0.99677487914809 0.99676039281214 0.9967458416207674 0.9967312252855363 0.9967165435166336 0.9967017960233091 0.9966869825130916 0.9966721026926726 0.9966571562671241 0.9966421429402248 0.9966270624146768 0.9966119143918795 0.9965966985715902 0.9965814146526938 0.9965660623323128 0.9965506413065754 0.996535151270168 0.9965195919165503 0.9965039629375062 0.9964882640238035 0.9964724948647457 0.9964566551482748 0.9964407445609682 0.9964247627880305 0.9964087095132892 0.9963925844191888 0.9963763871867847 0.9963601175790308 
0.9948091761253148 0.9947859069053001 0.9947625338077859 0.994739056493253 0.9947154745020326 0.9946917873724723 0.9946679946409311 0.9946440958417679 0.9946200905072254 0.9945959781678629 0.9945717583518846 0.9945474305855743 0.9945229943930642 0.9944984492967713 0.9944737948166138 0.994449030470887 0.9944241557753695 0.9943991702440921 0.9943740733888824 0.9943488647195814 0.9943235437435901 0.9942981099665256 0.9942725628917697 0.9942469020205711 0.9942211268520358 0.9941952368831205 0.994169231608511 0.994143110521057 0.9941168731110992 0.9940905188667927 0.9940640472744295 0.9940374578177669 0.9940107499783484 0.9939839232357189 0.9939569770671911 0.9939299109475075 0.9939027243494946 0.9938754167436085 0.9938479875980403 0.9938204363788153 0.9937927625492308 0.9937649655709547 0.9937370449029073 0.9937090000018081 0.9936808303220536 0.9936525353155985 0.9936241144323881 0.9935955671196863 0.9935668928223972 0.9935380909833869 0.9935091610427007 0.9934801024383275 0.9934509146057481 0.9934215969781461 0.9933921489859566 0.9933625700575194 0.9933328596186274 0.9933030170926277 0.9932730419004112 0.9932429334602927 0.9932126913433666 
0.9903337363325424 0.9902906020750798 0.9902472770307966 0.9902037605938692 0.990160051936384 0.990116150226668 0.9900720546296098 0.9900277643068665 0.9899832784166281 0.9899385961132781 0.9898937165480388 0.9898486388685175 0.9898033622188065 0.9897578857394669 0.9897122085675172 0.9896663298363102 0.9896202486759602 0.9895739642126685 0.9895274755690409 0.9894807818642957 0.9894338822140298 0.9893867757298728 0.9893394615201381 0.9892919386893674 0.989244206338426 0.9891962635644933 0.989148109460933 0.9890997431177282 0.9890511636207995 0.9890023700523271 0.9889533614910651 0.9889041370115572 0.9888546956848953 0.9888050365782636 0.9887551587550369 0.988705061274765 0.9886547431931604 0.988604203562083 0.9885534414295283 0.9885024558395012 0.9884512458324458 0.9883998104444551 0.9883481487081457 0.9882962596517549 0.988244142299904 0.988191795673139 0.9881392187880307 0.9880864106571572 0.9880333702890918 0.9879800966882776 0.9879265888554558 0.9878728457869869 0.9878188664751706 0.9877646499084511 0.9877101950711805 0.987655500943275 0.987600566500864 0.9875453907158296 0.9874899725559086 0.9874343109845621 0.987378405247714 
0.9820699470228262 0.9819906169442012 0.9819109420553707 0.9818309213230844 0.9817505533053877 0.9816698365552918 0.9815887696198748 0.98150735104104 0.9814255793550549 0.9813434530926509 0.9812609707790033 0.9811781309337172 0.9810949320708111 0.9810113726985923 0.9809274513200784 0.980843166432214 0.9807585165267338 0.980673500089267 0.9805881156000914 0.9805023615336765 0.9804162363587812 0.9803297385384331 0.9802428665298063 0.9801556187846444 0.9800679937484755 0.9799799898614749 0.9798916055575709 0.9798028392651988 0.9797136894068444 0.9796241543991392 0.9795342326528447 0.9794439225728355 0.9793532225580859 0.9792621310016524 0.9791706462905493 0.9790787668061515 0.9789864909235129 0.9788938170119142 0.9788007434346149 0.9787072685488419 0.9786133907057979 0.9785191082506438 0.9784244195224847 0.9783293228542845 0.9782338165730853 0.9781378989997446 0.9780415684488367 0.9779448232290644 0.9778476616428742 0.9777500819865974 0.9776520825502786 0.9775536616176985 0.9774548174667909 0.9773555483689389 0.9772558525893825 0.9771557283869984 0.9770551740147236 0.9769541877187737 0.9768527677393949 0.9767509123104122 0.9766486201832136 
0.9669816862548207 0.9668379139028827 0.9666935371124544 0.9665485542767471 0.9664029630516768 0.9662567610862187 0.9661099460217424 0.9659625154923381 0.9658144671251353 0.9656657985395359 0.9655165073480817 0.9653665911555758 0.9652160475599512 0.9650648741513963 0.9649130685132191 0.9647606282209745 0.9646075508433304 0.9644538339411937 0.9642994750685776 0.9641444717717277 0.9639888215899904 0.9638325220549396 0.9636755706911351 0.9635179650157941 0.9633597025384639 0.9632007807617816 0.9630411971806002 0.9628809492828598 0.962720034548716 0.9625584504512996 0.9623961944563908 0.9622332640220915 0.9620696565995873 0.9619053696322778 0.9617404005566459 0.9615747468013901 0.9614084057882941 0.9612413749314676 0.9610736516376738 0.9609052333066566 0.9607361173303833 0.9605663010939148 0.9603957819746488 0.9602245573427552 0.9600526245609637 0.9598799809850033 0.9597066239629499 0.9595325508356689 0.9593577589367075 0.9591822455923028 0.9590060081213841 0.9588290438355785 0.958651350039218 0.9584729240294113 0.9582937630958189 0.9581138645209071 0.9579332255799335 0.9577518435409234 0.957569715664373 0.9573868392039302 0.9572032123458769 
0.9400019708444292 0.9397484124559399 0.9394938549022461 0.9392382961890056 0.938981733029396 0.9387241621316467 0.9384655801991945 0.938205983930418 0.9379453700191168 0.9376837351541357 0.937421076019745 0.9371573892956929 0.9368926716569393 0.9366269197741435 0.9363601303132925 0.9360922999360791 0.9358234252999648 0.9355535030579134 0.9352825298588185 0.9350105023474502 0.9347374171642472 0.9344632709459064 0.9341880603249268 0.9339117819301038 0.9336344323861794 0.9333560083143365 0.9330765063318371 0.9327959230525201 0.9325142550864405 0.932231499040367 0.9319476515174256 0.931662709117503 0.9313766684373671 0.9310895260701083 0.9308012786061668 0.9305119226327151 0.9302214547338321 0.9299298714908978 0.9296371694822448 0.9293433452836624 0.9290483954680502 0.9287523166059259 0.9284551052651696 0.9281567580111708 0.9278572714070199 0.9275566420136619 0.9272548663897663 0.9269519410917941 0.9266478626744108 0.9263426276902529 0.9260362326900198 0.9257286742228789 0.925419948836134 0.9251100530757407 0.9247989834860809 0.9244867366100551 0.9241733089894975 0.9238586971649299 0.9235428976757656 0.9232259070605152 0.9229077234855572 
0.8935797511914592 0.8931544958441973 0.8927277707058464 0.8922995748515604 0.8918699052075192 0.8914387587118893 0.8910061323146108 0.8905720229779243 0.8901364276765806 0.8896993433977426 0.889260767141512 0.888820695921146 0.888379126763068 0.8879360567070845 0.8874914828068171 0.887045402129926 0.886597811758017 0.8861487087872888 0.8856980903283409 0.8852459535068208 0.8847922954632351 0.8843371133536014 0.8838804043492637 0.8834221656375426 0.8829623944216558 0.8825010879209825 0.8820382433714695 0.8815738580258927 0.8811079291539038 0.880640454042273 0.8801714299953859 0.8797008543353091 0.8792287244019095 0.8787550375534823 0.8782797911666794 0.8778029826367616 0.8773246093781684 0.8768446688243575 0.8763631584284866 0.8758800756633296 0.8753954180217075 0.8749091830165833 0.8744213681816883 0.8739319710713849 0.8734409892612104 0.8729484203478726 0.8724542619499172 0.8719585117076714 0.8714611672836278 0.8709622263626081 0.8704616866524659 0.8699595458836326 0.8694558018101282 0.868950452209325 0.868443494882748 0.86793492765567 0.8674247483780722 0.8669129549244099 0.8663995451943226 0.8658845171126682 0.8653678712734192 
0.8191232531089172 0.8184727032813123 0.8178204788801183 0.8171665844136781 0.8165110211384513 0.8158537903659677 0.8151948934636193 0.8145343318546611 0.8138721070189999 0.8132082204931974 0.8125426738711869 0.8118754688045792 0.8112066070029821 0.8105360902343797 0.8098639203256373 0.8091900991629805 0.8085146286920736 0.8078375109188176 0.8071587479093517 0.8064783417908494 0.805796294751521 0.8051126090414111 0.8044272869723991 0.8037403309188983 0.8030517433182551 0.8023615266708884 0.8016696835408954 0.800976216556523 0.8002811284101458 0.7995844218593425 0.7988860997267274 0.7981861649004949 0.7974846203349424 0.7967814690508142 0.7960767141356991 0.7953703587441482 0.7946624060987018 0.7939528594897413 0.7932417222759506 0.7925289978849132 0.7918146898135077 0.7910988016280064 0.7903813369647659 0.7896622995306137 0.7889416931029541 0.7882195215305453 0.7874957887334995 0.7867704987039661 0.7860436555064254 0.7853152632781668 0.784585326229418 0.7838538486439838 0.7831208348795016 0.7823862893678623 0.7816502166156182 0.780912621204441 0.7801735077912074 0.7794328811086679 0.7786907459657334 0.7779471072479367 0.7772019737270801 
0.7139250335634939 0.7130832870628998 0.7122407285955635 0.7113973747775209 0.710553238039117 0.7097083309086312 0.7088626660123285 0.7080162560745936 0.7071691139176001 0.7063212524619069 0.7054726847260673 0.7046234238268444 0.7037734829792118 0.7029228754960992 0.7020716147888344 0.7012197143667325 0.700367187837432 0.6995140489066045 0.6986603113779407 0.6978059891533621 0.6969510962326319 0.6960956467136703 0.6952396547920313 0.6943831347615446 0.6935261010133921 0.6926685680366326 0.6918105504180558 0.6909520628417577 0.6900931200755759 0.6892337370259305 0.6883739286551436 0.6875137100363565 0.6866530963396349 0.6857921028454232 0.684930744890007 0.6840690379469865 0.6832069975725534 0.6823446394192161 0.6814819792353468 0.6806190328649979 0.6797558162478758 0.6788923454191342 0.6780286365088957 0.6771647057422906 0.6763005694392257 0.6754362440138789 0.6745717459747078 0.6737070919241024 0.6728422985581538 0.671977382666306 0.6711123611311557 0.6702472509281222 0.6693820691250113 0.6685168328820676 0.6676515594511198 0.6667862661758346 0.665920970490909 0.6650556899220137 0.6641904420852281 0.6633252446868048 0.6624601199395271 
0.5957608474581416 0.5949663077369953 0.5941735252462849 0.5933825269974138 0.5925933359744062 0.5918059751843081 0.5910204676562045 0.5902368364398547 0.5894551046045 0.5886752952377712 0.5878974314443017 0.587121536344571 0.5863476330736582 0.5855757447799985 0.5848058946241277 0.5840381057773725 0.5832724014206989 0.5825088047432764 0.5817473389412307 0.5809880272165312 0.5802308927754058 0.5794759588272118 0.5787232485831054 0.5779727852546666 0.5772245920526196 0.5764786921855102 0.5757351088582611 0.5749938652321764 0.574249703167002 0.5735132138728383 0.5727791338624548 0.5720474862756432 0.5713182942941126 0.5705968364911805 0.5698726200266241 0.5691509285238595 0.5684317851158622 0.5677152128783047 0.5670012348666779 0.5662898741150377 0.5655811536344196 0.5648750964115731 0.5641717254073789 0.5634710635554875 0.5627731337609427 0.56207795889859 0.5613855618117823 0.5606959653108027 0.5600091921715279 0.5593252651338785 0.5586442069004011 0.557966040134793 0.5572907874604213 0.556618471458868 0.5559491146685118 0.5552827395829116 0.5546193686494296 0.5539590242677505 0.55330172878839 0.5526475045111524 0.5519963769981968 
0.5119974943648921 0.5116599038789005 0.5113269024540582 0.5109985048223273 0.5106747238167511 0.5103555721026931 0.5100410621770437 0.5097312063668309 0.5094260168285443 0.5091255055469164 0.5088296843340068 0.5085385648282357 0.5082521584934414 0.5079704766178426 0.5076935303131593 0.5074213305137681 0.5071538879755635 0.5068912132753378 0.5066333168097298 0.5063802087943864 0.5061318992631266 0.5058883980670882 0.5056497148739911 0.505415859167063 0.5051868402446654 0.5049626672190184 0.5047433489651223 0.5045187556734014 5.499807906744569e-11 1.491064531880278e-11 1.489149167795448e-11 1.487253804148777e-11 5.474066192378533e-11 0.5033346289385578 0.5031645858610041 0.5029893316114589 0.5028190109671331 0.5026536308052554 0.5024931977575363 0.5023377182606016 0.5021871985550719 0.5020416446854938 0.5019010624994376 0.5017654576473397 0.5016348355817379 0.5015092015569638 0.501388560628695 0.5012729176534398 0.5011622772880964 0.5010566439897848 0.5009560220152014 0.5008604154203846 0.5007698280603055 0.5006842635886048 0.5006037254572711 0.5005282169163389 0.5004577410135638 0.5003923005941264 0.5003318983005836 0.5002765365723563 0.5002262178895925 
0.5121213398826912 0.5124651685559515 0.5128135583848874 0.5131664940754861 0.5135239619140084 0.5138859480260876 0.5142524383777352 0.5146234187766031 0.5149988748729453 0.5153787921610028 0.5157631559799434 0.5161519515152866 0.5165451637998904 0.516942777715232 0.5173447779926428 0.5177511492145647 0.5181618758156104 0.5185769420840377 0.5189963321627648 0.519420030050861 0.51984801960462 0.5202802845389844 0.5207168084287489 0.5211575747098504 0.5216025666807129 0.5220517674465853 0.5224942069228027 5.217391820931591e-11 1.357555642223602e-21 9.652807098620371e-23 9.640337187926611e-23 9.628137122764276e-23 1.354624593706809e-21 5.227873649789122e-11 0.5262700841250831 0.5267714634916678 0.5272658128288517 0.527764158770053 0.5282664828871999 0.5287727665774082 0.5292829911221331 0.5297971376886101 0.5303151873312147 0.5308371209929561 0.5313629195068732 0.5318925635974994 0.5324260338822908 0.5329633108730473 0.5335043749774622 0.5340492065004221 0.5345977856456257 0.5351500925169472 0.535706107120004 0.5362658093634336 0.5368291790606142 0.5373961959309834 0.5379668396015248 0.5385410896083119 0.5391189253979621 0.539700326329109 0.5402852686842954 
0.5960500859674879 0.596846990197095 0.5976456056104633 0.5984459052753404 0.599247866351703 0.600051466030081 0.600856681532645 0.6016634901143062 0.6024718690638956 0.6032817957052575 0.6040932473981638 0.6049062015397131 0.6057206355651695 0.6065365269490693 0.6073538532063981 0.6081725918934493 0.6089927206090989 0.6098142169955691 0.6106370587397139 0.6114612235737655 0.6122866892766048 0.613113433674553 0.6139414346423899 0.6147706701044893 0.6156011179850235 0.6164196805822104 5.826975278064473e-11 1.401873234321525e-21 1.548224696008757e-32 2.766230175178448e-34 2.7626241288651e-34 2.759160333136436e-34 1.551062261654954e-32 1.411058029483376e-21 5.890201457442013e-11 0.62479658001711 0.6256531214615844 0.626497351879992 0.627342492174033 0.6281885212351905 0.6290354179681776 0.6298831613429994 0.630731730395882 0.6315811042298232 0.6324312620154947 0.633282182991968 0.6341338464675227 0.6349862318202366 0.6358393184988488 0.636693086023372 0.6375475139859713 0.6384025820513893 0.6392582699579247 0.6401145575178644 0.6409714246183458 0.641828851221765 0.6426868173667509 0.6435453031685677 0.6444042888198056 0.6452637545909293 0.6461236764506141 
0.7142307967084891 0.7150714222462247 0.7159112156365574 0.7167501605809947 0.7175882451733645 0.7184254576047655 0.7192617861637352 0.7200972192361572 0.7209317453049569 0.7217653529499934 0.7225980308482083 0.7234297677731443 0.7242605525951644 0.7250903742810498 0.7259192218938582 0.7267470845930327 0.7275739516340058 0.7283998123680937 0.7292246562422677 0.7300484727993519 0.7308712516771906 0.7316929826092062 0.7325136554235001 0.7333332600242738 0.7341442956983255 6.969621459445452e-11 1.638068228504336e-21 1.715723753018962e-32 1.028873796227112e-43 4.44122821144277e-46 4.435352970006764e-46 4.429877198861038e-46 1.035058652599771e-43 1.732887810924336e-32 1.658888160174802e-21 7.065346493556836e-11 0.7438789189925988 0.7446901452082776 0.7454925815657706 0.7462938012059805 0.7470937956505814 0.747892556492105 0.7486900754139795 0.7494863441895786 0.7502813546821144 0.751075098844318 0.751867568718433 0.7526587564355064 0.7534486542154546 0.7542372543665563 0.7550245492851273 0.7558105314554947 0.7565951934494276 0.7573785279259068 0.7581605276307384 0.7589411853966042 0.7597204941420966 0.7604984468720534 0.7612750366768657 0.7620502567321542 0.7628240963630298 
0.8193593065119226 0.8200075757594651 0.8206541744320398 0.8212990981943052 0.8219423460795138 0.8225839171738202 0.8232238106157519 0.8238620255956947 0.8244985613557849 0.8251334171892207 0.8257665924401898 0.8263980865031088 0.8270278988226379 0.8276560288928936 0.8282824762573651 0.8289072405085292 0.829530321287167 0.830151718282365 0.830771431230767 0.831389459916575 0.8320058041707862 0.8326204638711652 0.8332334389415506 0.83384472933008 0.8344458225056203 2.169457609242796e-11 1.404455933746462e-22 4.024780706637741e-34 6.461832748498927e-46 1.659751369003697e-57 4.539061786760275e-58 1.664144664446455e-57 6.517464635946825e-46 4.059431022558033e-34 1.416547171181356e-22 2.188134828772566e-11 0.8416296882058574 0.8422259947277781 0.8428120416621401 0.8433964093623769 0.843979098542802 0.8445601099352128 0.845139444310308 0.8457171024774307 0.8462930852839129 0.8468673936150313 0.8474400283935521 0.8480109905794035 0.8485802811693465 0.8491479011964854 0.8497138517300672 0.8502781338751212 0.8508407487720966 0.851401697596626 0.8519609815588162 0.8525186019034453 0.8530745599092666 0.8536288568887296 0.854181494187723 0.854732473185204 0.8552817925015055 
0.8937339637966725 0.8941572230489383 0.8945790241734876 0.8949993681267572 0.8954182580422246 0.8958356970636381 0.8962516883451342 0.8966662350509387 0.8970793403552735 0.8974910074418512 0.8979012395039963 0.8983100397444562 0.8987174113748706 0.8991233576159513 0.8995278816973087 0.8999309868567833 0.900332676340912 0.9007329534043007 0.9011318213096221 0.9015292833273308 0.9019253427355932 0.9023200028201717 0.902713266873831 0.9031051381734452 0.9034864045381249 2.348944840607822e-11 1.520641716607288e-22 4.357691759560564e-34 6.996211211778564e-46 7.159801600459068e-58 6.126746056585286e-69 7.1960851388289e-58 7.031665768033946e-46 4.379775144267425e-34 1.528347840947318e-22 2.360848538336323e-11 0.9080649820565161 0.9084469635976412 0.9088183443424245 0.9091883859704125 0.9095570919017462 0.9099244655368743 0.9102905102807815 0.9106552295419956 0.9110186267332698 0.9113807052706787 0.9117414685740505 0.9121009200665661 0.9124590631746416 0.9128159013278123 0.9131714379585857 0.9135256765023142 0.9138786203970537 0.9142302730833275 0.914580638004417 0.9149297186054872 0.9152775183342002 0.9156240406401621 0.9159692889748998 0.9163132667916833 0.9166559758049104 
0.9400938899179506 0.9403460929982586 0.9405973072283386 0.9408475345817767 0.9410967783179942 0.9413450416909693 0.9415923279497194 0.9418386403376678 0.9420839820928411 0.9423283564480296 0.9425717666304104 0.9428142158613924 0.9430557073572459 0.9432962443283021 0.9435358299794288 0.9437744675095547 0.944012160112178 0.9442489109747764 0.944484723279208 0.9447196002012581 0.9449535449109282 0.9451865605722899 0.9454186503434482 0.9456498173520873 0.9458704178504563 2.459150500292241e-11 1.591999565311317e-22 4.562248307361782e-34 7.324809217323912e-46 3.079183543456235e-57 7.905327113549559e-58 3.083601350218467e-57 7.345658310234052e-46 4.575234281377835e-34 1.596531056956756e-22 2.466150286424363e-11 0.9485627705798525 0.9487910189197248 0.949008718974424 0.9492255458567156 0.9494415026363938 0.9496565923521508 0.9498708180358008 0.9500841827128952 0.9502966894022382 0.9505083411158496 0.9507191408591602 0.9509290916310794 0.9511381964235356 0.9513464582217168 0.9515538800044696 0.9517604647432454 0.9519662154030666 0.9521711349421665 0.952375226311601 0.9525784924559926 0.9527809363127556 0.9529825608125118 0.9531833688789608 0.953383363428866 0.9535825463607061 
0.9670337967918911 0.9671767497509306 0.9673191052274299 0.9674608648014916 0.96760203077831 0.9677426054557389 0.9678825911244103 0.9680219900677401 0.9681608045619351 0.9682990368760017 0.9684366892716437 0.968573764003706 0.9687102633195293 0.9688461894593927 0.9689815446563059 0.9691163311364528 0.9692505511185442 0.9693842068141562 0.9695173004280661 0.9696498341574944 0.9697818101928822 0.9699132307175707 0.9700440979074828 0.970174413906626 0.9702942854767366 1.016125250413244e-10 2.645423990158114e-21 3.044943605352638e-32 1.961663500580426e-43 7.725016056072648e-46 7.724695613994756e-46 7.725184759139149e-46 1.962489476418883e-43 3.04673643418012e-32 2.647590279073338e-21 1.017276867309053e-10 0.9718094306352724 0.9719421637647776 0.9720644678331436 0.9721862544609144 0.9723075257236006 0.9724282836645795 0.9725485303203534 0.9726682677205575 0.9727874978879764 0.9729062228385519 0.9730244445813974 0.9731421651187017 0.973259386446175 0.9733761105523007 0.9734923394192182 0.9736080750218641 0.9737233193287474 0.9738380743016372 0.9739523418952449 0.9740661240578952 0.9741794227310997 0.9742922398496805 0.9744045773416754 0.974516437128785 0.9746278205602265 
0.9820986975761444 0.9821775603667393 0.9822560825268365 0.9823342650705571 0.9824121094107613 0.9824896169546034 0.9825667891038797 0.9826436272553749 0.9827201328001062 0.9827963071241099 0.9828721516081289 0.9829476676272955 0.9830228565518099 0.9830977197464046 0.9831722585709113 0.9832464743796149 0.9833203685216018 0.9833939423411037 0.9834671971767446 0.9835401343624357 0.9836127552265127 0.983685061092519 0.9837570532787848 0.9838287330985498 0.9839001017836637 0.9839511617468402 1.027109758125592e-10 2.667379614231673e-21 3.064343378874573e-32 4.811519985885616e-34 4.811438812462739e-34 4.811625034417448e-34 3.06511970558609e-32 2.668336438836916e-21 1.027627869869037e-10 0.9846449819852844 0.9847327336856444 0.9848001755282338 0.9848673240265439 0.9849341804909946 0.9850007461504886 0.9850670222294534 0.9851330099474126 0.9851987105191139 0.9852641251544328 0.9853292550588304 0.9853941014327062 0.9854586654717451 0.985522948367152 0.985586951305449 0.985650675468157 0.9857141220324752 0.9857772921708529 0.9858401870511172 0.9859028078364875 0.9859651556854804 0.9860272317523651 0.9860890371864076 0.9861505731327688 0.9862118407316366 0.9862728408093806 
0.9903493681021855 0.9903922438469627 0.9904349311792009 0.9904774306926696 0.9905197431973397 0.9905618694997267 0.9906038104033426 0.9906455667080465 0.9906871392103893 0.9907285287038452 0.9907697359786044 0.9908107618212542 0.9908516070154536 0.9908922723415028 0.9909327585764685 0.9909730664941931 0.9910131968653083 0.9910531504572484 0.9910929280341486 0.9911325303573028 0.9911719581843997 0.991211212270419 0.9912502933667611 0.99128920222203 0.9913279395817158 0.9913665060854141 0.9913847203823052 1.033061350509193e-10 2.67923955095275e-21 1.678983685337117e-22 1.678979350503616e-22 1.679020338615235e-22 2.679636017199721e-21 1.033281392799691e-10 0.9916858532342394 0.9917429418143712 0.9917796783498706 0.9918162526990048 0.9918526656673827 0.9918889179548434 0.9919250102586269 0.9919609432729457 0.9919967176889943 0.992032334195403 0.9920677934775869 0.9921030962181974 0.9921382430969133 0.9921732347908948 0.9922080719740183 0.9922427553176645 0.9922772854903944 0.9923116631576322 0.9923458889823356 0.992379963624567 0.9924138877416154 0.9924476619880048 0.9924812870155069 0.9925147634731509 0.9925480920072356 0.9925812732612266 0.992614307708489 
0.9948176086103695 0.9948407370905175 0.9948637630038019 0.9948866866827201 0.9949095085766677 0.9949322291327786 0.9949548487962641 0.9949773680107507 0.9949997872175163 0.9950221068562701 0.9950443273648301 0.9950664491787979 0.9950884727322309 0.9951103984572083 0.9951322267839466 0.9951539581408112 0.99517559295432 0.9951971316491542 0.9952185746481648 0.9952399223723782 0.9952611752410077 0.9952823336714575 0.9953033980792215 0.9953243688783326 0.995345246480705 0.9953660312964763 0.9953867236312436 0.9953870428328302 1.03626364330299e-10 2.593514725302617e-11 2.593529913092219e-11 2.593571341434273e-11 1.036349608641161e-10 0.9955087339817679 0.9955489859637391 0.9955688651953511 0.9955886559348491 0.9956083586747865 0.9956279738029564 0.9956475017054724 0.9956669427667777 0.9956862973696525 0.9957055658951089 0.9957247487228419 0.9957438462305703 0.9957628587944892 0.995781786789051 0.9958006305874211 0.9958193905607032 0.995838067078837 0.9958566605097154 0.9958751712199688 0.9958935995746387 0.9959119459368513 0.9959302106684899 0.9959483941298694 0.9959664966794081 0.9959845186743016 0.9960024604700854 0.9960203224207516 0.9960381047885213 
0.9972228895849174 0.9972353134950545 0.9972476820414877 0.9972599954064605 0.9972722538347993 0.9972844575702547 0.9972966068555098 0.997308701932181 0.9973207430408251 0.9973327304209441 0.9973446643109869 0.9973565449483577 0.9973683725693061 0.9973801474093781 0.9973918697027517 0.9974035396826891 0.9974151575813157 0.9974267236300703 0.9974382380589316 0.9974497010973118 0.9974611129732838 0.9974724739139154 0.9974837841456108 0.9974950438933372 0.9975062533815134 0.9975174128331312 0.997528522470533 0.9975395824375343 0.9975404313557203 0.9975513926623381 0.9975623050863568 0.9975731687934539 0.9975839840517708 0.9976049135203624 0.9976156326055016 0.9976263037556645 0.997636927260769 0.99764750333264 0.997658032182057 0.9976685140188748 0.9976789490520233 0.9976893374895126 0.9976996795384372 0.9977099754049805 0.9977202252944166 0.997730429411117 0.9977405879584423 0.9977507011391888 0.9977607691549284 0.9977707922064558 0.9977807704936805 0.9977907042155206 0.9978005935703504 0.9978104387553381 0.9978202399667823 0.9978299974004488 0.9978397112509093 0.997849381711877 0.997859008976544 0.9978685932368063 0.9978781346357455 
0.9985134911264095 0.9985201498814587 0.9985267788868049 0.9985333782411281 0.9985399480765544 0.9985464885249544 0.9985529997172842 0.9985594817840278 0.9985659348550919 0.9985723590596959 0.9985787545268183 0.9985851213845345 0.9985914597603507 0.9985977697815394 0.9986040515744787 0.9986103052649832 0.9986165309786434 0.9986227288401608 0.998628898973682 0.9986350415031362 0.9986411565514599 0.9986472442414867 0.9986533046951727 0.9986593380339335 0.9986653443789775 0.9986713238505325 0.9986772765687357 0.9986832026527486 0.9986891021957218 0.9986949753676543 0.9987008222604856 0.9987066429914905 0.9987124376774289 0.9987182064604585 0.9987239494044187 0.9987296666504815 0.9987353583134546 0.9987410245073041 0.9987466653458219 0.998752280942183 0.998757871409172 0.9987634368587393 0.9987689774026707 0.9987744931522554 0.9987799842179569 0.9987854507100782 0.998790892738324 0.9987963104119086 0.998801703839565 0.9988070731296509 0.998812418389712 0.9988177397271467 0.9988230372487665 0.9988283110609084 0.9988335612694366 0.9988387879797447 0.9988439912967579 0.9988491713249363 0.9988543281682735 0.9988594619303025 0.9988645726881462 
0.9992047927919523 0.9992083573477339 0.9992119059558613 0.9992154386695397 0.9992189555598496 0.9992224566975549 0.9992259421531033 0.9992294119966294 0.9992328662979539 0.9992363051265871 0.9992397285517292 0.9992431366422714 0.9992465294667987 0.9992499070935894 0.9992532695906178 0.9992566170255546 0.9992599494657692 0.9992632669783303 0.9992665696300078 0.9992698574872738 0.9992731306163036 0.9992763890829777 0.9992796329528826 0.9992828622912013 0.9992860771631584 0.9992892776333564 0.9992924637662188 0.9992956356258831 0.9992987932761994 0.9993019367807334 0.9993050662027687 0.9993081816051932 0.9993112830509483 0.9993143706023624 0.9993174443215951 0.9993205042705309 0.9993235505106659 0.9993265831035536 0.9993296021101421 0.9993326075912177 0.9993355996072957 0.9993385782185094 0.999341543485057 0.9993444954665358 0.9993474342223889 0.9993503598116813 0.9993532722935474 0.9993561717265269 0.9993590581688961 0.9993619316790041 0.9993647923146094 0.9993676401333198 0.9993704751923789 0.9993732975491036 0.9993761072602255 0.9993789043822217 0.9993816889716489 0.9993844610843701 0.9993872207764405 0.999389968103333 0.999392703106404 
0.999574741326209 0.9995766482723184 0.9995785466805802 0.9995804365795105 0.9995823180073298 0.9995841910017549 0.9995860556006673 0.9995879118416682 0.999589759762189 0.9995915993994968 0.9995934307906895 0.9995952539726998 0.9995970689822959 0.999598875856081 0.9996006746304948 0.9996024653419248 0.9996042480262639 0.9996060227195758 0.9996077894576534 0.9996095482761274 0.9996112992104722 0.9996130422960006 0.9996147775678699 0.9996165050610784 0.9996182248104695 0.9996199368507284 0.9996216412163881 0.9996233379418245 0.9996250270612617 0.9996267086087696 0.9996283826182661 0.9996300491235177 0.999631708158139 0.9996333597555953 0.999635003949201 0.9996366407721231 0.9996382702573787 0.999639892437838 0.9996415073462237 0.999643115015113 0.9996447154769361 0.99964630876398 0.9996478949083047 0.9996494739420378 0.9996510458970151 0.9996526108049182 0.9996541686973164 0.9996557196056395 0.9996572635611747 0.9996588005950713 0.9996603307383383 0.9996618540218449 0.999663370476324 0.9996648801323695 0.9996663830203292 0.9996678791707454 0.9996693686136939 0.9996708513792247 0.9996723274972541 0.9996737969975646 0.9996752599023697 
0.9997726203183306 0.9997736401360737 0.9997746553860529 0.9997756660834363 0.9997766722488504 0.9997776739024979 0.9997786710646013 0.9997796637551812 0.9997806519945012 0.9997816358022908 0.9997826151986351 0.9997835902030858 0.9997845608355493 0.9997855271154008 0.9997864890622603 0.9997874466955498 0.9997884000347153 0.9997893490987815 0.9997902939070231 0.9997912344785154 0.9997921708322495 0.9997931029871308 0.9997940309619799 0.9997949547754232 0.9997958744463351 0.9997967899931739 0.9997977014344259 0.9997986087883826 0.9997995120735879 0.9998004113080581 0.9998013065101721 0.9998021976977836 0.99980308488911 0.9998039681018425 0.9998048473539274 0.9998057226631181 0.9998065940471998 0.9998074615235464 0.9998083251097856 0.999809184823355 0.9998100406816153 0.9998108927018479 0.9998117409012584 0.9998125852969741 0.9998134259060467 0.9998142627453388 0.999815095831972 0.9998159251826575 0.9998167508141438 0.9998175727429917 0.9998183909860208 0.9998192055595341 0.9998200164802016 0.9998208237641777 0.9998216274279865 0.9998224274876362 0.9998232239593943 0.9998240168594559 0.999824806203611 0.9998255920079113 0.9998263742842299 
0.9998337426159414 0.9998345131384263 0.9998352800943637 0.9998360434964078 0.9998368033610208 0.9998375597045888 0.9998383125434227 0.9998390618936466 0.9998398077716417 0.9998405501932723 0.9998412891747694 0.9998420247318491 0.9998427568804837 0.9998434856364631 0.9998442110155035 0.9998449330331372 0.999845651705157 0.99984636704684 0.9998470790738352 0.9998477878012764 0.9998484932445588 0.9998491954188971 0.9998498943394341 0.9998505900212438 0.9998512824792172 0.9998519717285121 0.9998526577837703 0.9998533406600103 0.9998540203717379 0.9998546969337232 0.9998553703605579 0.9998560406667658 0.9998567078666925 0.9998573719749502 0.9998580330057514 0.9998586909732408 0.9998593458917209 0.9998599977754279 0.9998606466382001 0.9998612924941419 0.9998619353571838 0.9998625752411912 0.9998632121598543 0.9998638461271323 0.9998644771564766 0.9998651052617193 0.9998657304561869 0.9998663527534735 0.9998669721670022 0.9998675887101327 0.9998682023961631 0.9998688132383302 0.9998694212498087 0.9998700264436029 0.9998706288329868 0.9998712284307327 0.9998718252498842 0.9998724193034194 0.9998730106039471 0.9998735991643153 0.9998741849942274 
0.9996890405935521 0.9996904815325611 0.9996919158037928 0.9996933434307134 0.9996947644443053 0.9996961788750753 0.9996975867534996 0.9996989881099139 0.999700382974513 0.9997017713772414 0.9997031533482379 0.9997045289171691 0.9997058981136762 0.9997072609672624 0.9997086175072936 0.9997099677628913 0.9997113117633729 0.9997126495375885 0.9997139811143663 0.999715306522396 0.9997166257901398 0.9997179389462376 0.99971924601888 0.9997205470362338 0.9997218420262253 0.9997231310169828 0.9997244140361743 0.9997256911114483 0.9997269622702158 0.9997282275400938 0.999729486948238 0.9997307405217903 0.9997319882876559 0.9997332302729476 0.9997344665043206 0.9997356970084186 0.99973692181165 0.999738140940633 0.9997393544215323 0.9997405622805007 0.9997417645434601 0.9997429612365438 0.9997441523854329 0.9997453380156893 0.9997465181530889 0.9997476928229569 0.9997488620505 0.9997500258611407 0.9997511842798535 0.9997523373316062 0.9997534850411405 0.9997546274334161 0.9997557645329458 0.9997568963641283 0.9997580229515817 0.9997591443194782 0.9997602604918772 0.9997613714930604 0.9997624773468643 0.9997635780770155 0.9997646737019121 
0.9994184680530511 0.9994211620579705 0.9994238436035843 0.9994265127335951 0.9994291695056434 0.9994318139766585 0.9994344462037519 0.9994370662434391 0.999439674151974 0.9994422699856835 0.9994448538001917 0.9994474256513088 0.9994499855941447 0.9994525336839981 0.999455069975469 0.9994575945233484 0.999460107381733 0.9994626086049108 0.9994650982464761 0.9994675763602214 0.9994700429992456 0.9994724982168461 0.9994749420656317 0.9994773745982994 0.9994797958673045 0.9994822059245281 0.9994846048220527 0.9994869926112802 0.9994893693438149 0.9994917350705832 0.9994940898426063 0.9994964337106714 0.999498766724997 0.9995010889359048 0.9995034003934822 0.9995057011472535 0.9995079912469576 0.9995102707416603 0.9995125396805336 0.9995147981125218 0.9995170460860126 0.9995192836495002 0.9995215108512567 0.9995237277389986 0.9995259343605534 0.9995281307634176 0.9995303169949805 0.9995324931020781 0.9995346591316634 0.9995368151304727 0.9995389611446943 0.999541097220634 0.9995432234042756 0.9995453397414991 0.9995474462776412 0.9995495430581618 0.9995516301281984 0.9995537075327933 0.9995557753164472 0.9995578335237871 0.999559882188803 
0.9989127206852066 0.9989177550763007 0.9989227662073787 0.9989277541604036 0.9989327190422409 0.9989376609593756 0.9989425800178027 0.9989474763230302 0.9989523499800819 0.9989572010934982 0.9989620297673389 0.998966836105075 0.9989716202100339 0.9989763821847359 0.9989811221313418 0.9989858401515412 0.9989905363464461 0.9989952108170348 0.9989998636634911 0.999004494985537 0.9990091048827676 0.9990136934539893 0.9990182607976643 0.99902280701169 0.9990273321938472 0.9990318364411352 0.9990363198501053 0.9990407825171989 0.9990452245379695 0.9990496460079745 0.9990540470220004 0.9990584276743959 0.9990627880594096 0.9990671282704124 0.9990714484007889 0.9990757485430515 0.9990800287897297 0.9990842892324843 0.999088529962997 0.9990927510720855 0.9990969526505922 0.9991011347884975 0.999105297575812 0.9991094411016888 0.9991135654553138 0.9991176707250187 0.9991217569990614 0.9991258243652938 0.9991298729108313 0.9991339027228308 0.9991379138876051 0.9991419064914023 0.999145880620073 0.999149836358741 0.9991537737924694 0.9991576930059313 0.9991615940830763 0.9991654771077996 0.9991693421636119 0.9991731893333051 0.9991770186802107 
0.9979680297015928 0.9979774293914304 0.9979867857349007 0.9979960988832184 0.9980053690352174 0.9980145963883824 0.9980237811396284 0.9980329234848635 0.99804202361921 0.9980510817365715 0.9980600980302956 0.9980690726927395 0.9980780059154922 0.9980868978889366 0.998095748802919 0.9981045588463078 0.9981133282071106 0.9981220570724756 0.9981307456286976 0.9981393940612201 0.9981480025546409 0.9981565712927138 0.9981651004583547 0.9981735902336433 0.9981820407998283 0.9981904523373302 0.9981988250257455 0.9982071590438508 0.9982154545694941 0.9982237117800441 0.9982319308517273 0.9982401119600748 0.9982482552797054 0.9982563609847714 0.9982644292482978 0.9982724602426299 0.9982804541392141 0.9982884111090443 0.9982963313218909 0.9983042149471912 0.9983120621532759 0.998319873107705 0.9983276479776046 0.9983353869288953 0.9983430901271801 0.998350757736862 0.9983583899219253 0.9983659868456027 0.9983735486700499 0.9983810755571223 0.9983885676674924 0.9983960251614299 0.9984034481984712 0.9984108369370903 0.9984181915353685 0.9984255121506637 0.9984327989392814 0.9984400520571439 0.9984472716593488 0.9984544579002839 0.9984616108973827 
0.9962056614922123 0.9962231827762268 0.9962406235469121 0.9962579840824271 0.9962752647489751 0.996292465911444 0.9963095879327513 0.9963266311741811 0.9963435959957248 0.996360482755425 0.9963772918097111 0.9963940235137426 0.9964106782206379 0.9964272562822584 0.9964437580488823 0.9964601838688787 0.9964765340893795 0.9964928090558453 0.9965090091122898 0.9965251346008465 0.9965411858624383 0.996557163236343 0.9965730670603099 0.9965888976705648 0.9966046554018196 0.9966203405872777 0.996635953558639 0.9966514946459982 0.9966669641782935 0.996682362482648 0.9966976898848193 0.9967129467089855 0.9967281332781932 0.9967432499135899 0.9967582969353153 0.9967732746617347 0.9967881834097732 0.9968030234951478 0.9968177952321507 0.9968324989333226 0.9968471349102348 0.9968617034726096 0.9968762049291009 0.996890639586859 0.9969050077516451 0.9969193097279505 0.9969335458185583 0.9969477163252143 0.9969618215481899 0.9969758617863992 0.9969898373374042 0.9970037484974218 0.9970175955613297 0.9970313788226711 0.9970450985735502 0.9970587551050822 0.9970723487067344 0.9970858796667725 0.9970993482720488 0.997112754808448 0.9971260994924789 
0.9929256373120333 0.9929581972584075 0.9929906085775076 0.9930228717725799 0.9930549875109137 0.9930869564569198 0.9931187792717727 0.9931504566140874 0.9931819891394875 0.9932133775006187 0.9932446223476022 0.9932757243273818 0.9933066840841792 0.993337502259284 0.9933681794915079 0.9933987164164223 0.9934291136672523 0.9934593718740077 0.9934894916642646 0.993519473662736 0.9935493184915047 0.993579026769592 0.9936085991136306 0.9936380361374385 0.9936673384520227 0.9936965066660405 0.9937255413851409 0.993754443212422 0.9937832127482183 0.9938118505905563 0.9938403573343889 0.9938687335724933 0.9938969798945952 0.9939250968881553 0.9939530851380477 0.9939809452262386 0.9940086777324604 0.9940362832337817 0.9940637623047264 0.9940911155172847 0.9941183434409248 0.9941454466424925 0.994172425686663 0.9941992811352887 0.9942260135477412 0.9942526234812534 0.9942791114902663 0.9943054781267715 0.9943317239405413 0.9943578494789195 0.9943838552864983 0.9944097419057938 0.9944355098768102 0.9944611597371658 0.9944866920220977 0.994512107264476 0.9945374059948106 0.9945625887412626 0.9945876560296553 0.9946126083833694 0.9946374461976958 
0.9868479177275796 0.9869080779253184 0.9869679669268169 0.9870275856153587 0.9870869351774819 0.9871460167948245 0.9872048316440353 0.9872633808972273 0.9873216657212258 0.9873796872784684 0.9874374467261371 0.9874949452169518 0.9875521838987417 0.9876091639145753 0.9876658864027782 0.9877223524969467 0.9877785633258586 0.9878345200139282 0.9878902236804533 0.9879456754404022 0.9880008764041018 0.9880558276769216 0.9881105303599527 0.9881649855495852 0.9882191943376319 0.9882731578112373 0.9883268770533356 0.9883803531420023 0.9884335871508063 0.9884865801490426 0.9885393332015309 0.9885918473683003 0.9886441237052677 0.988696163263813 0.9887479670909052 0.9887995362291189 0.9888508717165405 0.9889019745872271 0.988952845870446 0.9890034865915784 0.9890538977712504 0.9891040804261211 0.989154035568459 0.989203764206377 0.9892532673432964 0.9893025459790685 0.9893516011088855 0.9894004337238461 0.9894490448107545 0.9894974353525755 0.9895456063276767 0.9895935587106187 0.9896412934718384 0.9896888115773335 0.9897361139893411 0.9897832016659106 0.9898300755610301 0.9898767366245316 0.9899231858025473 0.9899694240368642 0.9900154520317129 
0.9756785035949038 0.9757884771528821 0.9758979666023937 0.9760069734011225 0.976115499562594 0.9762235470928733 0.9763311179910241 0.9764382142484638 0.9765448378493118 0.9766509907707361 0.9767566749822002 0.9768618924462495 0.9769666451180916 0.9770709349457189 0.9771747638699309 0.9772781338243475 0.977381046735319 0.9774835045223823 0.9775855090975089 0.9776870623660026 0.9777881662256384 0.9778888225674465 0.9779890332752941 0.9780888002260107 0.9781881252894079 0.9782870103282947 0.9783854571984971 0.9784834677487673 0.9785810438212381 0.9786781872506748 0.9787748998653704 0.9788711834862852 0.9789670399278354 0.9790624709974679 0.9791574784957944 0.9792520642164937 0.9793462299467733 0.9794399774667273 0.9795333085496846 0.9796262249624459 0.9797187284650835 0.9798108208106301 0.9799025037457564 0.9799937790103488 0.9800846483376388 0.9801751134541116 0.9802651760799656 0.9803548379283572 0.9804441007063041 0.9805329661138206 0.9806214358447073 0.9807095115861297 0.9807971950187457 0.9808844878167272 0.9809713916477747 0.9810579081731393 0.9811440390475294 0.9812297859195694 0.9813151504310504 0.9814001342177165 0.9814847384794838 
0.9554634584217448 0.9556605315624178 0.9558567759096637 0.9560521935659674 0.9562467876349562 0.9564405612117667 0.956633517383792 0.956825659229801 0.9570169898207932 0.9572075122192293 0.9573972294794539 0.9575861446475741 0.9577742607614524 0.9579615808506938 0.9581481079366387 0.9583338450323514 0.9585187951426142 0.9587029612640254 0.9588863463845572 0.959068953484311 0.9592507855346374 0.9594318454990013 0.9596121363321055 0.9597916609807553 0.9599704223830881 0.9601484234689001 0.960325667159962 0.9605021563693669 0.9606778940019567 0.9608528829542132 0.9610271261141429 0.9612006263617116 0.9613733865681866 0.9615454095965711 0.9617166983014916 0.9618872555291987 0.9620570841175622 0.9622261868960732 0.9623945666859495 0.9625622262997017 0.9627291685417845 0.9628953962081629 0.9630609120864189 0.9632257189557559 0.9633898195869962 0.9635532167425848 0.9637159131766978 0.9638779116348106 0.9640392148543508 0.9641998255642692 0.9643597464851466 0.9645189803291998 0.9646775298002845 0.9648353975938975 0.9649925863971817 0.9651490988889292 0.9653049377396955 0.9654601056113672 0.9656146051578225 0.9657684390244957 0.965921609070856 
0.9198985620888737 0.9202389514454868 0.9205780327960891 0.920915808222124 0.9212522815477103 0.9215874565969133 0.9219213371935637 0.9222539271613238 0.9225852303232819 0.922915250502006 0.9232439915196531 0.9235714571971659 0.9238976513548964 0.924222577812049 0.9245462403866472 0.9248686428955664 0.9251897891541828 0.9255096829766369 0.9258283281751289 0.9261457285603434 0.9264618879412631 0.926776810124696 0.9270904989155216 0.9274029581167297 0.9277141915286036 0.9280242029494692 0.9283329961750688 0.9286405749986606 0.9289469432107172 0.9292521045991833 0.9295560629490616 0.9298588220423196 0.9301603856579992 0.9304607575721657 0.930759941557432 0.9310579413833044 0.931354760815556 0.9316504036170151 0.9319448735464453 0.9322381743591371 0.9325303098067487 0.9328212836370015 0.9331110995935957 0.9333997614163403 0.9336872728410723 0.9339736375993608 0.9342588594184289 0.9345429420212871 0.9348258891266553 0.9351077044486753 0.9353883916968292 0.9356679545760831 0.9359463967868119 0.9362237220244038 0.9364999339796193 0.9367750363380897 0.9370490327805683 0.9373219269828631 0.9375937226155521 0.9378644233439171 0.9381340314591373 
0.860497793682911 0.8610472598997718 0.8615949798282869 0.862140952642125 0.8626851803590136 0.8632276650286528 0.8637684087323538 0.8643074135826808 0.8648446817231391 0.8653802153276946 0.8659140166004645 0.8664460877756252 0.8669764311164908 0.8675050489158153 0.8680319434950766 0.8685571172040153 0.8690805724208042 0.8696023115509889 0.8701223370278532 0.8706406513117704 0.8711572568895614 0.8716721562747796 0.8721853520069693 0.8726968466514401 0.8732066427989384 0.8737147430653255 0.8742211500911492 0.8747258665417373 0.8752288951061561 0.8757302384976151 0.8762298994527403 0.8767278807313628 0.8772241851162094 0.8777188154124888 0.8782117744478951 0.8787030650719926 0.8791926901560152 0.8796806525924784 0.8801669552952089 0.8806516011984932 0.8811345932572323 0.881615934446734 0.8820956277617805 0.8825736762170671 0.8830500828463925 0.8835248507027899 0.8839979828579317 0.8844694824019366 0.884939352443055 0.8854075961074592 0.8858742165392104 0.8863392168992906 0.8868026003659689 0.8872643701344241 0.8877245294162722 0.8881830814392945 0.8886400294474889 0.889095376700388 0.8895491264732157 0.8900012820562622 0.8904518444661967 
0.7702196794442577 0.7710037298735448 0.7717862370624922 0.7725671907250582 0.7733465846755758 0.7741244128192479 0.7749006691520861 0.7756753477603292 0.7764484428200387 0.7772199485967315 0.777989859444628 0.7787581698069098 0.7795248742144432 0.7802899672859521 0.7810534437272569 0.7818152983310866 0.7825755259762903 0.7833341216277829 0.7840910803357068 0.7848463972352723 0.78560006754631 0.7863520865726211 0.7871024497015069 0.787851152403599 0.7885981902322223 0.7893435588228271 0.7900872538928289 0.7908292712408734 0.7915696067463815 0.7923082563692738 0.7930452161495681 0.7937804822064678 0.7945140507383905 0.7952459180223067 0.7959760804132012 0.7967045343436256 0.7974312763234633 0.7981563029391383 0.7988796108534013 0.7996011968045996 0.8003210576065585 0.8010391901477592 0.8017555913911564 0.8024702583733593 0.8031831882047592 0.8038943780682288 0.8046038252194319 0.8053115269859172 0.8060174807667908 0.8067216840320981 0.8074241343226259 0.808124829249147 0.8088237664920912 0.8095209438011508 0.8102163589946491 0.8109100099590344 0.8116018946487153 0.812292011085188 0.8129803573569672 0.8136669316188172 0.8143517286105226 
0.6544419849989667 0.655334403110587 0.6562270787212212 0.6571199867473845 0.6580131067590144 0.6589064184245644 0.6597999015114028 0.6606935358864707 0.6615873015166811 0.6624811784694566 0.6633751469132145 0.6642691871178438 0.6651632794552557 0.6660574043995735 0.6669515425278361 0.6678456745203604 0.6687397811611873 0.6696338433383231 0.6705278420443107 0.6714217583766073 0.6723155735378592 0.6732092688362282 0.6741028256860093 0.6749962256077087 0.6758894502284585 0.6767824812823607 0.6776753006107841 0.6785678901625268 0.6794602319943844 0.6803523082713206 0.6812441012665097 0.6821355933619453 0.6830267670482816 0.6839176049256623 0.6848080897032576 0.6856982041999233 0.6865879313444001 0.6874772541753164 0.6883661558414651 0.6892546196018953 0.6901426288263373 0.6910301669951832 0.6919172176993809 0.6928037646410884 0.6936897916334548 0.6945752826009216 0.6954602215790567 0.6963445927148627 0.6972283802670926 0.6981115686057173 0.69899414221269 0.6998760856815447 0.7007573837174531 0.7016380211376541 0.7025179828711203 0.7033972539587613 0.7042758195532807 0.7051536649194802 0.7060307754339995 0.706907136585406 0.7077827295182215 
0.5461082523530509 0.5467504056260887 0.5473960819025044 0.5480452539761693 0.5486978978333131 0.5493539893867896 0.5500135044777786 0.5506764188775887 0.5513427082894906 0.5520123483502891 0.5526853146322549 0.5533615826449085 0.5540411278365616 0.5547239255963132 0.5554099512556624 0.5560991800903291 0.5567915873219206 0.5574871481197816 0.5581858376026708 0.5588876308404744 0.5595925028560353 0.5603004286267788 0.5610113830865111 0.5617253411271715 0.5624422776004144 0.5631621673194823 0.5638849850608342 0.5646107055658214 0.5653393035425323 0.5660707536672671 0.5668050305864658 0.5675421089182042 0.5682819632540005 0.569024568160388 0.5697698981806992 0.5705179278366104 0.5712686316298743 0.5720219840439615 0.5727779595456857 0.5735365325867949 0.5742976776057495 0.5750613690291652 0.5758275812735389 0.576596288746853 0.5773674658501405 0.578141086979077 0.5789171265256188 0.5796955588794773 0.580476358429852 0.5812594995668442 0.5820449566830569 0.5828327041751729 0.5836227164454909 0.5844149679033688 0.5852094329668399 0.5860060860641438 0.5868049016350924 0.5876058541327005 0.588408918024609 0.5892140677945552 0.5900212738268809 
0.5000000891256031 0.5000037681204413 0.5000128434628239 0.5000273147559459 0.5000471813750986 0.5000724424626976 0.5001030969283987 0.500139143449027 0.5001805804690922 0.5002274062005383 0.5002796186229349 0.5003372154839447 0.5004001942992737 0.5004685523530459 0.5005422866980156 0.5006213941556484 0.5007058713168152 0.5007957145415777 0.5008909199601317 0.5009914834725708 0.5010974007496917 0.5012086672331464 0.5013252781360058 0.5014472284430086 0.5015745129112839 0.5017071260706547 0.5018450622241079 0.5019883154484117 0.5021368795946273 0.5022907482886545 0.5024499149318009 0.5026143727013812 0.5027841145514099 0.5029591332131244 0.5031394211957357 0.5033249707871263 0.5035157740543916 0.5037118228447426 0.5039131087860812 0.5041196232880275 0.504331357542265 0.504548302523757 0.5047704489913447 0.5049977874885273 0.505230308344585 0.5054680016750952 0.5057108573830766 0.5059588651598317 0.5062120144857707 0.5064702946314672 0.5067336946586742 0.5070022034210728 0.5072758095655138 0.5075545015328387 0.5078382675590455 0.5081270956763384 0.5084209737140286 0.5087198892997634 0.5090238298605845 0.5093327826240673 0.5096467330063674 
0.5458757134968463 0.5452383977239803 0.5446046546998314 0.543974511353548 0.5433479912750193 0.5427251179694303 0.5421059148556189 0.5414904052642002 0.5408786124357985 0.5402705595194048 0.5396662695704455 0.5390657655491911 0.5384690703188765 0.5378762066439444 0.537287197188386 0.5367020645139429 0.5361208310782589 0.5355435192333611 0.5349701512236509 0.5344007491843678 0.5338353351397792 0.5332739310013801 0.5327165585663367 0.5321632395155511 0.5316139954121781 0.531068847699673 0.5305278177002752 0.5299909266131408 0.5294581955128246 0.5289296453474158 0.5284052969369492 0.5278851709717045 0.5273692880105272 0.5268576684791615 0.5263503326685893 0.5258473007333749 0.5253485926900023 0.5248542284152643 0.5243642276446527 0.5238786099706384 0.5233973948411246 0.5229206015579122 0.522448249274899 0.521980356996658 0.5215169435768748 0.5210580277166421 0.5206036279629165 0.5201537627071242 0.5197084501834385 0.519267708467272 0.5188315554739217 0.5184000089568215 0.5179730865061488 0.5175508055473936 0.5171331833398335 0.516720236974921 0.5163119833751268 0.5159084392921851 0.5155096213058941 0.5151155458225425 0.5147262310472597 
0.6541176674358796 0.6532256274464134 0.6523338847602052 0.6514424647737199 0.650551388435313 0.6496606767882886 0.6487703509699901 0.6478804322113833 0.6469909418363471 0.6461019012607943 0.6452133319924721 0.644325255629806 0.6434376938614849 0.6425506684656604 0.6416642013094042 0.6407783143476056 0.639893029622578 0.6390083692632563 0.6381243554842226 0.6372410105852302 0.6363583569500977 0.6354764170461505 0.6345952134233253 0.6337147687133471 0.6328351056289384 0.631956246962814 0.6310782155869755 0.6302010344517941 0.6293247265851509 0.6284493150914794 0.6275748231509013 0.6267012740182558 0.6258286910221809 0.6249570975642786 0.6240865171179196 0.6232169732275351 0.6223484895074163 0.6214810896408556 0.6206147973791221 0.6197496365403808 0.6188856310086392 0.6180228047328575 0.6171611817257652 0.6163007860628102 0.6154416418810327 0.6145837733781658 0.6137272048113364 0.6128719604959255 0.6120180648046533 0.6111655421662688 0.6103144170644688 0.6094647140366134 0.6086164576728306 0.607769672614506 0.6069243835532757 0.6060806152297888 0.6052383924324714 0.6043977399962935 0.6035586828015103 0.602721245772502 0.6018854581381964 
0.7699343034749908 0.7691481536770171 0.7683604678349996 0.7675712565348189 0.7667805264582025 0.7659882843804335 0.7651945371712049 0.7643992917945774 0.763602555309661 0.7628043348709828 0.7620046377287568 0.7612034712293499 0.760400842815781 0.7595967600280661 0.75879123050325 0.7579842619763733 0.7571758622805622 0.7563660393471114 0.7555548012064293 0.754742155988023 0.7539281119209599 0.7531126773341255 0.7522958606569712 0.7514776704191866 0.7506581152517211 0.7498372038867122 0.7490149451580089 0.7481913480014238 0.747366421455142 0.7465401746598757 0.7457126168595054 0.7448837574011075 0.744053605735282 0.7432221714166329 0.74238946410419 0.7415554935610388 0.7407202696555412 0.739883802360993 0.7390461017559274 0.7382071780248836 0.7373670414582109 0.7365257024523673 0.73568317151041 0.7348394592421436 0.7339945763643865 0.7331485337012981 0.7323013421842619 0.7314530128527821 0.7306035568540419 0.7297529854434275 0.7289013099850263 0.7280485419512766 0.7271946929234664 0.7263397745921992 0.7254837987569561 0.7246267773269275 0.7237687223208216 0.7229096458670622 0.7220495602043021 0.7211884776809632 0.7203264151608109 
0.8602976348783711 0.8597457806560006 0.8591921699679076 0.8586368037441251 0.8580796801445492 0.8575207973634752 0.8569601536299658 0.8563977472080316 0.8558335763972588 0.8552676395329286 0.8546999349866434 0.8541304611664851 0.8535592165176668 0.852986199522509 0.8524114087013162 0.8518348426125363 0.8512564998528958 0.8506763790584118 0.8500944789041459 0.8495107981050047 0.8489253354160512 0.8483380896327751 0.8477490595916978 0.8471582441705082 0.8465656422888589 0.8459712529084699 0.8453750750334417 0.8447771077111167 0.8441773500319636 0.8435758011305181 0.8429724601853327 0.8423673264195933 0.8417603991016336 0.8411516775452469 0.8405411611099871 0.8399288492018347 0.8393147412735167 0.8386988368249764 0.838081135403502 0.8374616366047342 0.8368403400725287 0.8362172454997903 0.8355923526285927 0.8349656612509889 0.8343371712088925 0.8337068823953117 0.83307479475377 0.8324409082798694 0.8318052230206475 0.8311677390760306 0.8305284565982938 0.8298873757934372 0.8292444969209096 0.8285998202943992 0.8279533462823583 0.8273050753082216 0.8266550078508538 0.8260031444453038 0.8253494856828567 0.8246940322118912 0.8240367881000978 
SCALARS active_grain_id double 1
LOOKUP_TABLE default
2 2 2 2 2 2 2 2 2 2 2 2 2 2 2 2 2 2 2 2 2 2 2 2 2 2 2 2 2 2 2 2 2 2 2 2 2 2 2 2 2 2 2 2 2 2 2 2 2 2 2 2 2 2 2 2 2 2 2 2 2 
2 2 2 2 2 2 2 2 2 2 2 2 2 2 2 2 2 2 2 2 2 2 2 2 2 2 2 2 2 2 2 2 2 2 2 2 2 2 2 2 2 2 2 2 2 2 2 2 2 2 2 2 2 2 2 2 2 2 2 2 2 
2 2 2 2 2 2 2 2 2 2 2 2 2 2 2 2 2 2 2 2 2 2 2 2 2 2 2 2 2 2 2 2 2 2 2 2 2 2 2 2 2 2 2 2 2 2 2 2 2 2 2 2 2 2 2 2 2 2 2 2 2 
2 2 2 2 2 2 2 2 2 2 2 2 2 2 2 2 2 2 2 2 2 2 2 2 2 2 2 2 2 2 2 2 2 2 2 2 2 2 2 2 2 2 2 2 2 2 2 2 2 2 2 2 2 2 2 2 2 2 2 2 2 
2 2 2 2 2 2 2 2 2 2 2 2 2 2 2 2 2 2 2 2 2 2 2 2 2 2 2 2 2 2 2 2 2 2 2 2 2 2 2 2 2 2 2 2 2 2 2 2 2 2 2 2 2 2 2 2 2 2 2 2 2 
2 2 2 2 2 2 2 2 2 2 2 2 2 2 2 2 2 2 2 2 2 2 2 2 2 2 2 2 2 2 2 2 2 2 2 2 2 2 2 2 2 2 2 2 2 2 2 2 2 2 2 2 2 2 2 2 2 2 2 2 2 
2 2 2 2 2 2 2 2 2 2 2 2 2 2 2 2 2 2 2 2 2 2 2 2 2 2 2 2 2 2 2 2 2 2 2 2 2 2 2 2 2 2 2 2 2 2 2 2 2 2 2 2 2 2 2 2 2 2 2 2 2 
2 2 2 2 2 2 2 2 2 2 2 2 2 2 2 2 2 2 2 2 2 2 2 2 2 2 2 2 2 2 2 2 2 2 2 2 2 2 2 2 2 2 2 2 2 2 2 2 2 2 2 2 2 2 2 2 2 2 2 2 2 
2 2 2 2 2 2 2 2 2 2 2 2 2 2 2 2 2 2 2 2 2 2 2 2 2 2 2 2 2 2 2 2 2 2 2 2 2 2 2 2 2 2 2 2 2 2 2 2 2 2 2 2 2 2 2 2 2 2 2 2 2 
2 2 2 2 2 2 2 2 2 2 2 2 2 2 2 2 2 2 2 2 2 2 2 2 2 2 2 2 2 2 2 2 2 2 2 2 2 2 2 2 2 2 2 2 2 2 2 2 2 2 2 2 2 2 2 2 2 2 2 2 2 
2 2 2 2 2 2 2 2 2 2 2 2 2 2 2 2 2 2 2 2 2 2 2 2 2 2 2 2 2 2 2 2 2 2 2 2 2 2 2 2 2 2 2 2 2 2 2 2 2 2 2 2 2 2 2 2 2 2 2 2 2 
2 2 2 2 2 2 2 2 2 2 2 2 2 2 2 2 2 2 2 2 2 2 2 2 2 2 2 2 2 2 2 2 2 2 2 2 2 2 2 2 2 2 2 2 2 2 2 2 2 2 2 2 2 2 2 2 2 2 2 2 2 
2 2 2 2 2 2 2 2 2 2 2 2 2 2 2 2 2 2 2 2 2 2 2 2 2 2 2 2 2 2 2 2 2 2 2 2 2 2 2 2 2 2 2 2 2 2 2 2 2 2 2 2 2 2 2 2 2 2 2 2 2 
2 2 2 2 2 2 2 2 2 2 2 2 2 2 2 2 2 2 2 2 2 2 2 2 2 2 2 2 2 2 2 2 2 2 2 2 2 2 2 2 2 2 2 2 2 2 2 2 2 2 2 2 2 2 2 2 2 2 2 2 2 
2 2 2 2 2 2 2 2 2 2 2 2 2 2 2 2 2 2 2 2 2 2 2 2 2 2 2 2 2 2 2 2 2 2 2 2 2 2 2 2 2 2 2 2 2 2 2 2 2 2 2 2 2 2 2 2 2 2 2 2 2 
2 2 2 2 2 2 2 2 2 2 2 2 2 2 2 2 2 2 2 2 2 2 2 2 2 2 2 2 2 2 2 2 2 2 2 2 2 2 2 2 2 2 2 2 2 2 2 2 2 2 2 2 2 2 2 2 2 2 2 2 2 
2 2 2 2 2 2 2 2 2 2 2 2 2 2 2 2 2 2 2 2 2 2 2 2 2 2 2 2 2 2 2 2 2 2 2 2 2 2 2 2 2 2 2 2 2 2 2 2 2 2 2 2 2 2 2 2 2 2 2 2 2 
2 2 2 2 2 2 2 2 2 2 2 2 2 2 2 2 2 2 2 2 2 2 2 2 2 2 2 2 2 2 2 2 2 2 2 2 2 2 2 2 2 2 2 2 2 2 2 2 2 2 2 2 2 2 2 2 2 2 2 2 2 
2 2 2 2 2 2 2 2 2 2 2 2 2 2 2 2 2 2 2 2 2 2 2 2 2 2 2 2 2 2 2 2 2 2 2 2 2 2 2 2 2 2 2 2 2 2 2 2 2 2 2 2 2 2 2 2 2 2 2 2 2 
2 2 2 2 2 2 2 2 2 2 2 2 2 2 2 2 2 2 2 2 2 2 2 2 2 2 2 2 2 2 2 2 2 2 2 2 2 2 2 2 2 2 2 2 2 2 2 2 2 2 2 2 2 2 2 2 2 2 2 2 2 
2 2 2 2 2 2 2 2 2 2 2 2 2 2 2 2 2 2 2 2 2 2 2 2 2 2 2 2 2 2 2 2 2 2 2 2 2 2 2 2 2 2 2 2 2 2 2 2 2 2 2 2 2 2 2 2 2 2 2 2 2 
2 2 2 2 2 2 2 2 2 2 2 2 2 2 2 2 2 2 2 2 2 2 2 2 2 2 2 2 2 2 2 2 2 2 2 2 2 2 2 2 2 2 2 2 2 2 2 2 2 2 2 2 2 2 2 2 2 2 2 2 2 
2 2 2 2 2 2 2 2 2 2 2 2 2 2 2 2 2 2 2 2 2 2 2 2 2 2 2 2 2 2 2 2 2 2 2 2 2 2 2 2 2 2 2 2 2 2 2 2 2 2 2 2 2 2 2 2 2 2 2 2 2 
2 2 2 2 2 2 2 2 2 2 2 2 2 2 2 2 2 2 2 2 2 2 2 2 2 2 2 2 2 2 2 2 2 2 2 2 2 2 2 2 2 2 2 2 2 2 2 2 2 2 2 2 2 2 2 2 2 2 2 2 2 
2 2 2 2 2 2 2 2 2 2 2 2 2 2 2 2 2 2 2 2 2 2 2 2 2 2 2 2 2 2 2 2 2 2 2 2 2 2 2 2 2 2 2 2 2 2 2 2 2 2 2 2 2 2 2 2 2 2 2 2 2 
2 2 2 2 2 2 2 2 2 2 2 2 2 2 2 2 2 2 2 2 2 2 2 2 2 2 2 2 0 0 0 0 0 2 2 2 2 2 2 2 2 2 2 2 2 2 2 2 2 2 2 2 2 2 2 2 2 2 2 2 2 
1 1 1 1 1 1 1 1 1 1 1 1 1 1 1 1 1 1 1 1 1 1 1 1 1 1 1 0 0 0 0 0 0 0 1 1 1 1 1 1 1 1 1 1 1 1 1 1 1 1 1 1 1 1 1 1 1 1 1 1 1 
1 1 1 1 1 1 1 1 1 1 1 1 1 1 1 1 1 1 1 1 1 1 1 1 1 1 0 0 0 0 0 0 0 0 0 1 1 1 1 1 1 1 1 1 1 1 1 1 1 1 1 1 1 1 1 1 1 1 1 1 1 
1 1 1 1 1 1 1 1 1 1 1 1 1 1 1 1 1 1 1 1 1 1 1 1 1 0 0 0 0 0 0 0 0 0 0 0 1 1 1 1 1 1 1 1 1 1 1 1 1 1 1 1 1 1 1 1 1 1 1 1 1 
1 1 1 1 1 1 1 1 1 1 1 1 1 1 1 1 1 1 1 1 1 1 1 1 1 0 0 0 0 0 0 0 0 0 0 0 1 1 1 1 1 1 1 1 1 1 1 1 1 1 1 1 1 1 1 1 1 1 1 1 1 
1 1 1 1 1 1 1 1 1 1 1 1 1 1 1 1 1 1 1 1 1 1 1 1 1 0 0 0 0 0 0 0 0 0 0 0 1 1 1 1 1 1 1 1 1 1 1 1 1 1 1 1 1 1 1 1 1 1 1 1 1 
1 1 1 1 1 1 1 1 1 1 1 1 1 1 1 1 1 1 1 1 1 1 1 1 1 0 0 0 0 0 0 0 0 0 0 0 1 1 1 1 1 1 1 1 1 1 1 1 1 1 1 1 1 1 1 1 1 1 1 1 1 
1 1 1 1 1 1 1 1 1 1 1 1 1 1 1 1 1 1 1 1 1 1 1 1 1 0 0 0 0 0 0 0 0 0 0 0 1 1 1 1 1 1 1 1 1 1 1 1 1 1 1 1 1 1 1 1 1 1 1 1 1 
1 1 1 1 1 1 1 1 1 1 1 1 1 1 1 1 1 1 1 1 1 1 1 1 1 1 0 0 0 0 0 0 0 0 0 1 1 1 1 1 1 1 1 1 1 1 1 1 1 1 1 1 1 1 1 1 1 1 1 1 1 
1 1 1 1 1 1 1 1 1 1 1 1 1 1 1 1 1 1 1 1 1 1 1 1 1 1 1 0 0 0 0 0 0 0 1 1 1 1 1 1 1 1 1 1 1 1 1 1 1 1 1 1 1 1 1 1 1 1 1 1 1 
1 1 1 1 1 1 1 1 1 1 1 1 1 1 1 1 1 1 1 1 1 1 1 1 1 1 1 1 0 0 0 0 0 1 1 1 1 1 1 1 1 1 1 1 1 1 1 1 1 1 1 1 1 1 1 1 1 1 1 1 1 
1 1 1 1 1 1 1 1 1 1 1 1 1 1 1 1 1 1 1 1 1 1 1 1 1 1 1 1 1 1 1 1 1 1 1 1 1 1 1 1 1 1 1 1 1 1 1 1 1 1 1 1 1 1 1 1 1 1 1 1 1 
1 1 1 1 1 1 1 1 1 1 1 1 1 1 1 1 1 1 1 1 1 1 1 1 1 1 1 1 1 1 1 1 1 1 1 1 1 1 1 1 1 1 1 1 1 1 1 1 1 1 1 1 1 1 1 1 1 1 1 1 1 
1 1 1 1 1 1 1 1 1 1 1 1 1 1 1 1 1 1 1 1 1 1 1 1 1 1 1 1 1 1 1 1 1 1 1 1 1 1 1 1 1 1 1 1 1 1 1 1 1 1 1 1 1 1 1 1 1 1 1 1 1 
1 1 1 1 1 1 1 1 1 1 1 1 1 1 1 1 1 1 1 1 1 1 1 1 1 1 1 1 1 1 1 1 1 1 1 1 1 1 1 1 1 1 1 1 1 1 1 1 1 1 1 1 1 1 1 1 1 1 1 1 1 
1 1 1 1 1 1 1 1 1 1 1 1 1 1 1 1 1 1 1 1 1 1 1 1 1 1 1 1 1 1 1 1 1 1 1 1 1 1 1 1 1 1 1 1 1 1 1 1 1 1 1 1 1 1 1 1 1 1 1 1 1 
1 1 1 1 1 1 1 1 1 1 1 1 1 1 1 1 1 1 1 1 1 1 1 1 1 1 1 1 1 1 1 1 1 1 1 1 1 1 1 1 1 1 1 1 1 1 1 1 1 1 1 1 1 1 1 1 1 1 1 1 1 
1 1 1 1 1 1 1 1 1 1 1 1 1 1 1 1 1 1 1 1 1 1 1 1 1 1 1 1 1 1 1 1 1 1 1 1 1 1 1 1 1 1 1 1 1 1 1 1 1 1 1 1 1 1 1 1 1 1 1 1 1 
1 1 1 1 1 1 1 1 1 1 1 1 1 1 1 1 1 1 1 1 1 1 1 1 1 1 1 1 1 1 1 1 1 1 1 1 1 1 1 1 1 1 1 1 1 1 1 1 1 1 1 1 1 1 1 1 1 1 1 1 1 
1 1 1 1 1 1 1 1 1 1 1 1 1 1 1 1 1 1 1 1 1 1 1 1 1 1 1 1 1 1 1 1 1 1 1 1 1 1 1 1 1 1 1 1 1 1 1 1 1 1 1 1 1 1 1 1 1 1 1 1 1 
1 1 1 1 1 1 1 1 1 1 1 1 1 1 1 1 1 1 1 1 1 1 1 1 1 1 1 1 1 1 1 1 1 1 1 1 1 1 1 1 1 1 1 1 1 1 1 1 1 1 1 1 1 1 1 1 1 1 1 1 1 
1 1 1 1 1 1 1 1 1 1 1 1 1 1 1 1 1 1 1 1 1 1 1 1 1 1 1 1 1 1 1 1 1 1 1 1 1 1 1 1 1 1 1 1 1 1 1 1 1 1 1 1 1 1 1 1 1 1 1 1 1 
1 1 1 1 1 1 1 1 1 1 1 1 1 1 1 1 1 1 1 1 1 1 1 1 1 1 1 1 1 1 1 1 1 1 1 1 1 1 1 1 1 1 1 1 1 1 1 1 1 1 1 1 1 1 1 1 1 1 1 1 1 
1 1 1 1 1 1 1 1 1 1 1 1 1 1 1 1 1 1 1 1 1 1 1 1 1 1 1 1 1 1 1 1 1 1 1 1 1 1 1 1 1 1 1 1 1 1 1 1 1 1 1 1 1 1 1 1 1 1 1 1 1 
1 1 1 1 1 1 1 1 1 1 1 1 1 1 1 1 1 1 1 1 1 1 1 1 1 1 1 1 1 1 1 1 1 1 1 1 1 1 1 1 1 1 1 1 1 1 1 1 1 1 1 1 1 1 1 1 1 1 1 1 1 
1 1 1 1 1 1 1 1 1 1 1 1 1 1 1 1 1 1 1 1 1 1 1 1 1 1 1 1 1 1 1 1 1 1 1 1 1 1 1 1 1 1 1 1 1 1 1 1 1 1 1 1 1 1 1 1 1 1 1 1 1 
1 1 1 1 1 1 1 1 1 1 1 1 1 1 1 1 1 1 1 1 1 1 1 1 1 1 1 1 1 1 1 1 1 1 1 1 1 1 1 1 1 1 1 1 1 1 1 1 1 1 1 1 1 1 1 1 1 1 1 1 1 
1 1 1 1 1 1 1 1 1 1 1 1 1 1 1 1 1 1 1 1 1 1 1 1 1 1 1 1 1 1 1 1 1 1 1 1 1 1 1 1 1 1 1 1 1 1 1 1 1 1 1 1 1 1 1 1 1 1 1 1 1 
1 1 1 1 1 1 1 1 1 1 1 1 1 1 1 1 1 1 1 1 1 1 1 1 1 1 1 1 1 1 1 1 1 1 1 1 1 1 1 1 1 1 1 1 1 1 1 1 1 1 1 1 1 1 1 1 1 1 1 1 1 
1 1 1 1 1 1 1 1 1 1 1 1 1 1 1 1 1 1 1 1 1 1 1 1 1 1 1 1 1 1 1 1 1 1 1 1 1 1 1 1 1 1 1 1 1 1 1 1 1 1 1 1 1 1 1 1 1 1 1 1 1 
1 1 1 1 1 1 1 1 1 1 1 1 1 1 1 1 1 1 1 1 1 1 1 1 1 1 1 1 1 1 1 1 1 1 1 1 1 1 1 1 1 1 1 1 1 1 1 1 1 1 1 1 1 1 1 1 1 1 1 1 1 
1 1 1 1 1 1 1 1 1 1 1 1 1 1 1 1 1 1 1 1 1 1 1 1 1 1 1 1 1 1 1 1 1 1 1 1 1 1 1 1 1 1 1 1 1 1 1 1 1 1 1 1 1 1 1 1 1 1 1 1 1 
2 2 2 2 2 2 2 2 2 2 2 2 2 2 2 2 2 2 2 2 2 2 2 2 2 2 2 2 2 2 2 2 2 2 2 2 2 2 2 2 2 2 2 2 2 2 2 2 2 2 2 2 2 2 2 2 2 2 2 2 2 
2 2 2 2 2 2 2 2 2 2 2 2 2 2 2 2 2 2 2 2 2 2 2 2 2 2 2 2 2 2 2 2 2 2 2 2 2 2 2 2 2 2 2 2 2 2 2 2 2 2 2 2 2 2 2 2 2 2 2 2 2 
2 2 2 2 2 2 2 2 2 2 2 2 2 2 2 2 2 2 2 2 2 2 2 2 2 2 2 2 2 2 2 2 2 2 2 2 2 2 2 2 2 2 2 2 2 2 2 2 2 2 2 2 2 2 2 2 2 2 2 2 2 
2 2 2 2 2 2 2 2 2 2 2 2 2 2 2 2 2 2 2 2 2 2 2 2 2 2 2 2 2 2 2 2 2 2 2 2 2 2 2 2 2 2 2 2 2 2 2 2 2 2 2 2 2 2 2 2 2 2 2 2 2 
SCALARS eta_1 double 1
LOOKUP_TABLE default
0.04186546247004666 0.04205222589218549 0.04223978669921722 0.04242814701093913 0.04261730990426211 0.04280727846497915 0.04299805578775884 0.04318964497614333 0.04338204914254653 0.04357527140825086 0.04376931490340304 0.0439641827670119 0.04415987814694331 0.0443564041999164 0.04455376409149916 0.04475196099610269 0.04495099809697685 0.04515087858620371 0.04535160566469214 0.04555318254217121 0.04575561243718336 0.04595889857707728 0.0461630441980007 0.04636805254489232 0.04657392687147356 0.04678067044023974 0.04698828652245216 0.04719677839812697 0.04740614935602681 0.04761640269365035 0.04782754171722139 0.04803956974167765 0.0482524900906605 0.04846630609650231 0.04868102110021431 0.0488966384514743 0.04911316150861333 0.04933059363860286 0.04954893821703978 0.0497681986281332 0.04998837826468916 0.05020948052809571 0.05043150882830637 0.05065446658382671 0.05087835722169412 0.05110318417746317 0.05132895089518783 0.05155566082740477 0.05178331743511073 0.0520119241877503 0.05224148456318976 0.05247200204770303 0.0527034801359478 0.05293592233094532 0.05316933214406095 0.05340371309498107 0.05363906871169081 0.05387540253045182 0.05411271809577848 0.0543510189604114 0.05459030746013639 
0.02282517970710256 0.02292903638227971 0.0230333550079868 0.0231381370054854 0.0232433843305454 0.02334909894625843 0.0234552828230551 0.0235619379387236 0.02366906627842834 0.02377666983472852 0.02388475060759677 0.02399331060443766 0.02410235184010675 0.02421187633692742 0.0243218861247113 0.024432383240775 0.0245433697299594 0.02465484764464749 0.02476681904478232 0.02487928599788592 0.02499225057907673 0.02510571487108777 0.02521968096428418 0.0253341509566828 0.02544912695396739 0.02556461106950918 0.02568060542438238 0.0257971121473835 0.02591413337504758 0.0260316712516668 0.02614972792930752 0.02626830556782779 0.02638740633489417 0.02650703240600018 0.02662718596448201 0.02674786920153697 0.02686908431623966 0.02699083351555939 0.02711311901437651 0.02723594303550025 0.02735930780968433 0.02748321557564427 0.02760766858007341 0.02773266907766047 0.02785821933110443 0.02798432161113197 0.02811097819651311 0.02823819137407774 0.0283659634387309 0.02849429669346995 0.02862319344939872 0.02875265602574499 0.02888268674987462 0.02901328795730774 0.02914446199173464 0.02927621120502986 0.02940853795726873 0.02954144461674139 0.02967493355996832 0.02980900717171339 0.02994366715538157 
0.01233289586830975 0.01238961699092046 0.01244659598682563 0.01250383370756996 0.01256133129736501 0.01261908990520156 0.01267711068486607 0.01273539479495808 0.0127939433989077 0.01285275766499293 0.01291183876635729 0.01297118788102723 0.01303080619192981 0.01309069488691004 0.01315085515874899 0.0132112882051809 0.01327199522891132 0.01333297743763458 0.01339423604405185 0.0134557722658886 0.01351758732591266 0.01357968245195214 0.01364205887691324 0.01370471783879834 0.01376766058072374 0.01383088835093807 0.01389440240283971 0.01395820399499567 0.01402229439115917 0.01408667486028775 0.01415134667656221 0.01421631111940355 0.01428156947349233 0.0143471230287867 0.01441297308054029 0.01447912092932094 0.01454556788102911 0.01461231524691588 0.01467936434360178 0.01474671649309533 0.0148143730228112 0.01488233526558884 0.01495060455971098 0.01501918224892261 0.01508806968244912 0.01515726821501525 0.01522677920686314 0.01529660402377232 0.01536674403707677 0.01543720062368546 0.01550797516609908 0.01557906905243071 0.01565048367642409 0.0157222204374709 0.01579428074063294 0.01586666599665733 0.01593937762199815 0.01601241703883452 0.01608578567508896 0.016159484964446 0.01623351596719749 
0.00663097855801029 0.006661652453485855 0.006692467442892674 0.006723424009249273 0.006754522794073285 0.006785764441706857 0.006817149599327288 0.006848678916959326 0.006880353047486806 0.006912172646664296 0.006944138373129338 0.006976250888413238 0.00700851085695443 0.007040918946109205 0.007073475826164534 0.007106182170349307 0.007139038654847344 0.00717204595880856 0.007205204764362021 0.007238515756627138 0.007271979623726946 0.00730559705679948 0.007339368750010883 0.007373295400567225 0.007407377708726855 0.007441616377813328 0.007476012114227617 0.007510565627460553 0.007545277630105425 0.007580148837870933 0.007615179969593274 0.007650371747249427 0.007685724895969361 0.007721240144049332 0.007756918222964182 0.007792759867380702 0.00782876581517023 0.007864936807421456 0.007901273588454648 0.007937776905832021 0.007974447510374405 0.00801128615617081 0.008048293600593939 0.008085470604312903 0.008122817931306897 0.008160336348875738 0.008198026627657876 0.008235889541639747 0.008273925868170839 0.008312136387977637 0.008350521885176435 0.008389083147285708 0.008427820965243468 0.008466736133415925 0.008505829449615029 0.008545101715110711 0.008584553734644432 0.008624186316443554 0.008664000272236004 0.008703996417260267 0.008744175364480366 
0.003555760873962649 0.003572260437865225 0.003588836372381448 0.003605488943920181 0.003622218504215309 0.003639025406591374 0.003655910005969879 0.003672872658876816 0.003689913723449133 0.003707033559442199 0.00372423252823667 0.003741510992845907 0.003758869317922354 0.003776307869765813 0.00379382701632978 0.003811427127228712 0.003829108573745893 0.003846871728840287 0.003864716967153634 0.003882644665018222 0.003900655200464018 0.003918748953226392 0.00393692630475288 0.003955187638211509 0.003973533338497487 0.003991963792241078 0.004010479387815419 0.004029080515344222 0.004047767566707626 0.0040665409355525 0.004085401017298408 0.004104348209145734 0.00412338291008344 0.0041425055208968 0.004161716444175637 0.004181016084320458 0.004200404847553288 0.004219883141922265 0.004239451377312502 0.004259109965451991 0.004278859319919864 0.004298699856156039 0.004318631991467013 0.004338656145035515 0.004358772737927772 0.00437898219310236 0.004399284935417459 0.004419681391640248 0.004440171990454019 0.004460757162467186 0.004481437340221366 0.004502212958199132 0.004523084452834044 0.004544052262516801 0.004565116827605683 0.004586278590433559 0.004607537995317523 0.004628895488566442 0.004650351518490456 0.004671906535408622 0.004693560880735983 
0.001903988848404635 0.001912838516435584 0.001921729283523874 0.001930661294468272 0.001939634739852157 0.001948649811132795 0.001957706700645241 0.001966805601605948 0.00197594670811731 0.001985130215170865 0.001994356318651986 0.002003625215343884 0.002012937102931025 0.002022292180004035 0.002031690646063151 0.002041132701522307 0.002050618547713756 0.002060148386892073 0.002069722422237702 0.002079340857862166 0.00208900389881086 0.002098711751068712 0.002108464621563511 0.002118262718170423 0.00212810624971639 0.002137995425983836 0.002147930457715701 0.002157911556619542 0.002167938935371103 0.002178012807620191 0.002188133387993733 0.002198300892100396 0.002208515536535432 0.002218777538885094 0.002229087117730446 0.002239444492652701 0.002249849884237045 0.002260303514077147 0.002270805604780342 0.002281356379971516 0.002291956064297872 0.002302604883433419 0.002313303064084179 0.002324050833991592 0.002334848421938691 0.002345696057753124 0.002356593972313533 0.002367542397552781 0.002378541566463466 0.002389591713102791 0.002400693072596531 0.002411845881144588 0.002423050376025723 0.002434306795601759 0.002445615379323248 0.002456976367733762 0.002468390002475015 0.002479856526291778 0.002491376183036481 0.00250294921767475 0.002514575816732634 
0.001018736712358186 0.001023475981250933 0.001028237299298434 0.001033020744593861 0.001037826419755497 0.001042654427875376 0.001047504872521943 0.001052377857741472 0.00105727348806113 0.001062191868490296 0.001067133104523543 0.001072097302142523 0.001077084567817878 0.001082095008512228 0.001087128731681676 0.001092185845278594 0.001097266457753361 0.001102370678057507 0.00110749861564481 0.001112650380474902 0.001117826083014269 0.001123025834239879 0.001128249745640318 0.001133497929219014 0.001138770497496129 0.001144067563511048 0.001149389240824757 0.001154735643522212 0.001160106886214742 0.001165503084042456 0.001170924352676655 0.001176370808322372 0.001181842567720375 0.001187339748150481 0.001192862467432821 0.001198410843931627 0.001203984996556392 0.001209585044765679 0.001215211108568427 0.001220863308527334 0.001226541765760951 0.001232246601946221 0.001237977939321451 0.001243735900688155 0.001249520609414423 0.001255332189436806 0.001261170765263322 0.001267036461975961 0.001272929405233384 0.001278849721273299 0.001284797536915328 0.001290772979563749 0.001296776177209894 0.001302807258434836 0.001308866352412431 0.001314953588911646 0.001321069098299325 0.001327213011543285 0.001333385460214495 0.001339586576489989 0.001345816461243118 
0.0005448543925370871 0.0005473903196877052 0.0005499380563529851 0.0005524976444772451 0.000555069139129493 0.0005576525956339073 0.0005602480695713239 0.00056285561678025 0.0005654752933579519 0.0005681071556618587 0.0005707512603105547 0.0005734076641851391 0.0005760764244304423 0.0005787575984560783 0.0005814512439379379 0.0005841574188190358 0.000586876181311071 0.0005896075898956656 0.0005923517033253377 0.0005951085806249145 0.0005978782810929518 0.0006006608643026682 0.0006034563901034309 0.0006062649186219797 0.0006090865102637494 0.0006119212257140003 0.0006147691259393279 0.0006176302721887354 0.0006205047259951556 0.0006233925491766009 0.0006262938038374737 0.0006292085523700498 0.0006321368574556473 0.0006350787820660063 0.0006380343894646845 0.0006410037432081905 0.0006439869071476517 0.0006469839454300132 0.000649994922499292 0.0006530199030981109 0.0006560589522690707 0.000659112135356027 0.0006621795180054743 0.0006652611661681158 0.000668357146100081 0.0006714675243643501 0.0006745923678323771 0.0006777317436851384 0.0006808857194149744 0.0006840543628266234 0.000687237742039051 0.0006904359254866112 0.0006936489819204725 0.0006968769804104109 0.0007001199903459644 0.0007033780814379315 0.0007066513237200421 0.0007099397875502657 0.0007132435436123688 0.0007165626629172916 0.0007198971997235032 
0.0002913420254929992 0.0002926983703036236 0.0002940610346775467 0.0002954300410938364 0.0002968054190517936 0.0002981871981878028 0.0002995754082758808 0.0003009700792284196 0.0003023712410967237 0.0003037789240717548 0.0003051931584847071 0.0003066139748076498 0.0003080414036542662 0.0003094754757804239 0.0003109162220848927 0.0003123636736098947 0.0003138178615419328 0.0003152788172123783 0.0003167465720980612 0.0003182211578221608 0.0003197026061545838 0.0003211909490129446 0.0003226862184630581 0.0003241884467196833 0.0003256976661471826 0.0003272139092602978 0.0003287372087247406 0.0003302675973580229 0.0003318051081300011 0.0003333497741636882 0.0003349016287359366 0.0003364607052781796 0.0003380270373770363 0.0003396006587752481 0.0003411816033721033 0.0003427699052244907 0.0003443655985473259 0.0003459687177144765 0.0003475792972594978 0.0003491973718762084 0.0003508229764196505 0.000352456145906647 0.0003540969155166285 0.0003557453205924777 0.0003574013966411344 0.000359065179334369 0.000360736704509729 0.0003624160081710134 0.0003641031264893564 0.0003657980958037238 0.0003675009526218838 0.0003692117336210982 0.0003709304756489232 0.0003726572157240016 0.0003743919910368601 0.0003761348389507189 0.0003778857970022241 0.0003796449029023235 0.000381412194537078 0.0003831877099683537 0.0003849714782972812 
0.0001557666793554752 0.0001564919510085835 0.0001572206028132023 0.0001579526468023702 0.0001586880987631396 0.0001594269745559966 0.0001601692901151953 0.0001609150614490979 0.0001616643046405204 0.0001624170358470781 0.0001631732713015333 0.0001639330273121437 0.0001646963202630135 0.0001654631666144454 0.0001662335829032954 0.0001670075857433271 0.0001677851918255691 0.0001685664179186751 0.0001693512808692834 0.0001701397976023787 0.0001709319851216565 0.0001717278605098891 0.0001725274409292913 0.0001733307436218933 0.0001741377859099041 0.0001749485851960916 0.0001757631589641525 0.0001765815247790884 0.0001774037002875843 0.0001782297032183874 0.0001790595513826885 0.000179893262674504 0.0001807308550710624 0.0001815723466331883 0.0001824177555056914 0.0001832670999177589 0.0001841203981833428 0.0001849776687015569 0.000185838929957071 0.0001867042005205083 0.0001875734990488445 0.0001884468442858088 0.0001893242550622855 0.0001902057502967231 0.0001910913489955336 0.0001919810702535065 0.0001928749332542172 0.0001937729572704405 0.00019467516166456 0.0001955815658889938 0.0001964921894866004 0.0001974070520911067 0.000198326173427532 0.0001992495733125975 0.0002001772716551718 0.0002011092884566819 0.0002020456438115546 0.0002029863579076394 0.000203931451026654 0.000204880943544584 0.0002058348510456808 
8.32761092168844e-05 8.366388269565278e-05 8.405346366824801e-05 8.444485857193609e-05 8.483807585114142e-05 8.523312398959094e-05 8.563001151049284e-05 8.602874697671961e-05 8.642933899099322e-05 8.683179619606941e-05 8.723612727492473e-05 8.7642340950943e-05 8.805044598810392e-05 8.846045119117094e-05 8.887236540588151e-05 8.928619751913786e-05 8.970195645919765e-05 9.011965119586653e-05 9.05392907406925e-05 9.096088414715798e-05 9.138444051087646e-05 9.180996896978751e-05 9.223747870435387e-05 9.266697893775975e-05 9.30984789361085e-05 9.353198800862258e-05 9.396751550784464e-05 9.440507082983781e-05 9.484466341438934e-05 9.528630274521285e-05 9.572999835015295e-05 9.617575980139055e-05 9.662359671564952e-05 9.707351875440241e-05 9.752553562407954e-05 9.797965707627852e-05 9.843589290797271e-05 9.88942529617235e-05 9.935474712589176e-05 9.981738533485084e-05 0.0001002821775692006 0.0001007491338559824 0.000101218264268894 0.0001016895789285094 0.0001021630880024928 0.0001026388017058202 0.000103116730300999 0.0001035968840982875 0.000104079273455919 0.0001045639087803251 0.0001050508005263561 0.0001055399591975103 0.0001060313953461577 0.0001065251195737678 0.0001070211425311389 0.0001075194749186256 0.0001080201274863705 0.0001085231110345354 0.0001090284364135357 0.000109536114524259 0.0001100461537055927 
0.000113888726420095 0.0001144018866205711 0.0001149173613825817 0.000115435158514998 0.0001159552884783761 0.0001164777617803733 0.0001170025889759541 0.0001175297806676032 0.0001180593475055388 0.0001185913001879271 0.0001191256494610982 0.000119662406119763 0.0001202015810072308 0.0001207431850156275 0.0001212872290861151 0.0001218337242091123 0.0001223826814245169 0.0001229341118219271 0.0001234880265408657 0.0001240444367710049 0.0001246033537523906 0.0001251647887756704 0.0001257287531823205 0.0001262952583648746 0.0001268643157671528 0.0001274359368844924 0.0001280101332639811 0.0001285869165046878 0.0001291662982578972 0.0001297482902273441 0.0001303329041694505 0.0001309201518935611 0.0001315100452621823 0.0001321025961912209 0.0001326978166502232 0.0001332957186626194 0.0001338963143059611 0.0001344996157121691 0.0001351056350677758 0.0001357143846141703 0.0001363258766478465 0.00013694012352065 0.0001375571376400265 0.0001381769314692746 0.0001387995175277923 0.0001394249083913328 0.000140053116692257 0.0001406841551197883 0.0001413180364202656 0.0001419547733974066 0.0001425943789125567 0.0001432368658849571 0.0001438822472919981 0.0001445305361694835 0.0001451817456118954 0.000145835888772653 0.0001464929788643818 0.0001471530291591776 0.0001478160529888781 0.0001484820637453099 0.000149151071454041 
0.0002130223553089928 0.0002139820964312366 0.0002149461655130316 0.0002159145771472742 0.0002168873508860731 0.000217864506369504 0.0002188460633259946 0.0002198320415727192 0.0002208224610159994 0.0002218173416517019 0.0002228167035656437 0.000223820566933992 0.0002248289520236754 0.0002258418791927847 0.0002268593688909879 0.0002278814416599392 0.0002289081181336909 0.0002299394190391096 0.0002309753651962946 0.0002320159775189923 0.0002330612770150199 0.0002341112847866862 0.0002351660220312173 0.000236225510041182 0.0002372897702049186 0.0002383588240069657 0.0002394326930284961 0.0002405113989477474 0.0002415949635404587 0.0002426834086803101 0.0002437767563393594 0.0002448750285884864 0.0002459782475978349 0.0002470864356372579 0.0002481996150767672 0.0002493178083869813 0.0002504410381395764 0.0002515693270077427 0.0002527026977666367 0.0002538411732938404 0.0002549847765698225 0.0002561335306783974 0.0002572874588071887 0.000258446584248102 0.0002596109303977813 0.0002607805207580886 0.0002619553789365711 0.0002631355286469402 0.0002643209937095394 0.0002655117980518352 0.000266707965708884 0.0002679095208238276 0.0002691164876483666 0.0002703288905432554 0.0002715467539787922 0.0002727701025353023 0.0002739989609036416 0.0002752333538856834 0.0002764733063948318 0.0002777188434564739 0.0002789699838004168 
0.0003984121600738983 0.0004002068135530739 0.0004020095570162421 0.0004038204177102549 0.0004056394321550874 0.000407466637034634 0.0004093020691976186 0.0004111457656583002 0.0004129977635971629 0.0004148581003616843 0.0004167268134670854 0.0004186039405970547 0.0004204895196046087 0.0004223835885126865 0.0004242861855150243 0.0004261973489769126 0.0004281171174358866 0.0004300455296026053 0.0004319826243615189 0.0004339284407717526 0.0004358830180678069 0.0004378463956603711 0.0004398186131371122 0.0004417997102634664 0.0004437897269834306 0.0004457887034203951 0.0004477966798778343 0.0004498136968403271 0.0004518397949740742 0.0004538750151280317 0.0004559193983344312 0.0004579729858098181 0.0004600358189557679 0.0004621079393597388 0.0004641893887959297 0.0004662802092260127 0.0004683804428001548 0.000470490131857674 0.0004726093189280197 0.0004747380467315185 0.000476876358180331 0.0004790242963792303 0.0004811819046264906 0.0004833492264147581 0.0004855263054319071 0.0004877131855619244 0.0004899099108858071 0.0004921165256823432 0.0004943330744292225 0.0004965596018035752 0.0004987961526832079 0.0005010427721472595 0.0005032995054773548 0.0005055663981581873 0.000507843495878654 0.0005101308445326984 0.0005124284902202386 0.0005147364792481381 0.0005170548581309191 0.0005193836735920409 0.0005217229605830506 
0.0007450233924623309 0.0007483781924529922 0.000751748104744303 0.0007551331801270579 0.0007585334867247133 0.0007619490929660401 0.0007653800675862378 0.0007688264796283442 0.0007722883984445998 0.0007757658936979479 0.0007792590353631847 0.0007827678937285671 0.0007862925393970084 0.0007898330432876341 0.0007933894766371924 0.000796961911001301 0.0008005504182560903 0.0008041550705994012 0.0008077759405524957 0.0008114131009611178 0.0008150666249973586 0.0008187365861606871 0.0008224230582798291 0.0008261261155138651 0.0008298458323539011 0.0008335822836244979 0.0008373355444852139 0.000841105690431975 0.0008448927972985738 0.0008486969412583403 0.000852518198825479 0.0008563566468565884 0.0008602123625524037 0.0008640854234589403 0.0008679759074694611 0.0008718838928256523 0.0008758094581194252 0.0008797526822942115 0.0008837136446469057 0.0008876924248291025 0.0008916891028487917 0.0008957037590718751 0.0008997364742239227 0.0009037873293916246 0.0009078564060244148 0.0009119437859361095 0.0009160495513065155 0.0009201737846831181 0.0009243165689824674 0.0009284779874923066 0.0009326581238726099 0.0009368570621576731 0.000941074886757678 0.000945311682460316 0.0009495675344323463 0.0009538425282215402 0.0009581367497582026 0.0009624502853568416 0.0009667832217180026 0.0009711356459298773 0.0009755076230775894 
0.001392759857286776 0.001399027295880992 0.001405322930445577 0.001411646855370017 0.001417999197419868 0.001424380083925529 0.001430789642784656 0.001437228002464652 0.001443695292005064 0.001450191641020557 0.001456717179702809 0.001463272038823237 0.001469856349736016 0.001476470244380076 0.001483113855281666 0.001489787315557691 0.001496490758917225 0.001503224319664982 0.001509988132703405 0.001516782333535722 0.001523607058268324 0.0015304624436132 0.001537348626891135 0.001544265746034025 0.001551213939587738 0.001558193346714504 0.001565204107195964 0.001572246361435747 0.001579320250462337 0.001586425915931482 0.001593563500129379 0.001600733145975132 0.001607934997023512 0.001615169197468083 0.001622435892143676 0.001629735226529324 0.001637067346751064 0.001644432399584803 0.00165183053245922 0.001659261893458388 0.001666726631325046 0.00167422489546308 0.001681756835940685 0.001689322603493328 0.001696922349526404 0.001704556226118236 0.001712224386023305 0.001719926982674916 0.001727664170188243 0.001735436103363385 0.00174324293768817 0.001751084829341674 0.001758961935196546 0.001766874412822598 0.001774822420489416 0.001782806117169949 0.001790825662543187 0.001798881216997212 0.001806972941632689 0.001815100998265385 0.001823265507613301 
0.002602183295237209 0.002613878910319359 0.002625627013325175 0.00263742777866247 0.002649281441139052 0.002661188236597661 0.002673148401921668 0.002685162175038955 0.002697229794926445 0.002709351501614572 0.002721527536191913 0.00273375814080951 0.00274604355868631 0.002758384034112235 0.002770779812454566 0.002783231140160795 0.002795738264765032 0.002808301434891169 0.002820920900258421 0.00283359691168583 0.002846329721097189 0.002859119581525159 0.0028719667471169 0.002884871473137994 0.002897834015977946 0.002910854633154882 0.002923933583319784 0.002937071126262213 0.002950267522914683 0.002963523035357832 0.002976837926824808 0.002990212461706989 0.003003646905558437 0.00301714152510094 0.003030696588229105 0.003044312364015386 0.003057989122715087 0.003071727135771436 0.003085526675820907 0.003099388016697657 0.003113311433439305 0.003127297202292092 0.003141345600715367 0.003155456907387716 0.003169631402211204 0.003183869366317546 0.003198171082072668 0.003212536833082055 0.00322696690419654 0.003241461581517197 0.003256021152400647 0.003270645905464612 0.003285336130593188 0.003300092118942257 0.003314914162944982 0.003329802556317149 0.003344757594062864 0.003359779572479457 0.003374868789163909 0.003390025543017368 0.003405250056275988 
0.004856719558575097 0.004878498712148963 0.004900375161339492 0.00492234922493465 0.004944421334135733 0.004966591922009417 0.00498886142349624 0.005011230275418136 0.005033698916484852 0.005056267787303395 0.005078937330385535 0.005101707990154731 0.005124580212954914 0.005147554447058507 0.00517063114267307 0.005193810751951293 0.005217093728997498 0.005240480529876085 0.005263971612619716 0.005287567437237299 0.005311268465722081 0.005335075162059768 0.005358987992237446 0.00538300742425061 0.005407133928111991 0.005431367975859895 0.005455710041566478 0.005480160601345986 0.005504720133363513 0.005529389117842163 0.005554168037073515 0.005579057375424013 0.005604057619345082 0.005629169257380028 0.005654392780174636 0.0056797286804841 0.00570517745318155 0.005730739595268494 0.005756415605881183 0.005782205986301403 0.005808111239963832 0.00583413187246476 0.005860268391571817 0.005886521307232713 0.005912891131582948 0.005939378378956017 0.005965983565891474 0.005992707211144652 0.006019549835694442 0.00604651196275403 0.006073594117778363 0.006100796828473958 0.006128120624808144 0.00615556603901795 0.006183133605619342 0.006210823861415959 0.006238637345509826 0.006266574599308496 0.006294636166536418 0.006322822593242665 0.00635113428281105 
0.009046872388579283 0.009087270004050905 0.009127846555033245 0.009168602612328604 0.009209538955051019 0.009250656365561386 0.009291955629479631 0.00933343753569903 0.009375102876395969 0.009416952447044952 0.009458987046429147 0.009501207476653051 0.009543614543156418 0.009586209054725427 0.00962899182350614 0.009671963665016612 0.009715125398159699 0.009758477845236086 0.009802021831956309 0.00984575818745514 0.009889687744302196 0.009933811338516764 0.009978129809578858 0.01002264400044428 0.01006735475755546 0.01011226293085651 0.01015736937380438 0.01020267494338336 0.01024818050011674 0.01029388690808183 0.01033979503492156 0.01038590575185839 0.01043221993370701 0.01047873845888881 0.01052546220944395 0.01057239207104535 0.01061952893301149 0.01066687368832113 0.01071442723362513 0.01076219046926102 0.01081016429926612 0.01085834963139141 0.01090674737711498 0.01095535845165517 0.01100418377398533 0.01105322426684611 0.01110248085676077 0.01115195447404742 0.01120164605283389 0.01125155653107147 0.01130168685054809 0.01135203795690279 0.01140261079963982 0.01145340633214176 0.01150442551168485 0.01155566929945149 0.01160713866054589 0.01165883456400687 0.01171075798282274 0.01176290989394455 0.01181529101004165 
0.01679109783923381 0.01686548772474184 0.0169402018836344 0.01701524129807729 0.01709060733315939 0.01716630135924748 0.01724232475200271 0.0173186788923959 0.0173953651667256 0.01747238496663278 0.0175497396891184 0.017627430736559 0.01770545951672402 0.01778382744279116 0.01786253593336366 0.01794158641248649 0.0180209803096627 0.01810071905986989 0.01818080410357691 0.0182612368867601 0.01834201886091984 0.01842315148309712 0.01850463621588994 0.01858647452746989 0.01866866789159861 0.01875121778764425 0.01883412570059816 0.01891739312109126 0.01900102154541059 0.01908501247551591 0.01916936741905599 0.01925408788938551 0.01933917540558137 0.01942463149245907 0.01951045768058941 0.01959665550631535 0.01968322651176776 0.01977017224488275 0.01985749425941714 0.01994519411496663 0.0200332733769806 0.02012173361677944 0.020210576411571 0.02029980334446731 0.02038941600450009 0.02047941598663896 0.02056980489180573 0.02066058432689296 0.02075175590477853 0.02084332124434422 0.02093528197048967 0.02102763971415121 0.02112039611231615 0.02121355280804049 0.02130711145046564 0.02140107369483267 0.0214954412025016 0.0215902156409655 0.02168539868386727 0.02178099201101579 0.02187699681677781 
0.0309573735552233 0.03109253980344003 0.0312282778887873 0.03136458937199409 0.0315014765074687 0.03163894155701509 0.03177698678984247 0.03191561448257712 0.03205482691927406 0.03219462639142428 0.03233501519796969 0.03247599564531069 0.03261757004731738 0.03275974072533971 0.03290251000821751 0.03304588023229164 0.03318985374141031 0.03333443288694396 0.03347962002779071 0.03362541753038623 0.03377182776871557 0.0339188531243204 0.03406649598630656 0.03421475875135666 0.03436364382373581 0.0345131536153002 0.03466329054550848 0.03481405704142575 0.0349654555377359 0.03511748847674552 0.03527015830839459 0.03542346749026318 0.03557741848757909 0.0357320137732248 0.03588725582774469 0.03604314713935254 0.03619969020393648 0.03635688752506909 0.03651474161401025 0.03667325498971561 0.03683243017884267 0.03699226971575528 0.03715277614252996 0.03731395200896284 0.03747579987257268 0.03763832229860803 0.03780152186005153 0.03796540113762528 0.03812996271979252 0.0382952092027676 0.03846114319051415 0.03862776729475403 0.0387950841349679 0.03896309633840024 0.0391318065400631 0.03930121738273674 0.03947133151697736 0.03964215160111528 0.03981368030125977 0.03998592029129843 0.04015887336738273 
0.05638995097526904 0.05662967180687616 0.05687035153024347 0.0571119922307926 0.05735459721830773 0.05759816980947245 0.05784271332784097 0.05808823110381006 0.05833472647459159 0.05858220278418566 0.05883066338334943 0.05908011162957062 0.05933055088703672 0.05958198452660445 0.05983441592577021 0.06008784846863861 0.06034228554589047 0.06059773055475167 0.06085418689895943 0.06111165798873001 0.06137014724072495 0.06162965807801689 0.0618901939300548 0.06215175823262874 0.06241435442783431 0.06267798596403659 0.06294265629583187 0.06320836888401489 0.06347512719553354 0.06374293470345642 0.06401179488693218 0.06428171123115066 0.06455268722729977 0.06482472637252762 0.06509783216990112 0.0653720081283643 0.06564725776269489 0.06592358459346284 0.0662009921469827 0.06647948395527767 0.06675906355602451 0.06703973449251829 0.06732150031361812 0.06760436457370833 0.06788833083264602 0.06817340265571183 0.0684595836135693 0.06874687728221017 0.06903528724290442 0.06932481708215323 0.06961547039163636 0.06990725076816193 0.07020016181361241 0.07049420713489449 0.07078939034388507 0.07108571505737492 0.07138318489701596 0.07168180348927033 0.07198157446534523 0.07228250146113925 0.07258458657096577 
0.1005483426565027 0.1009557021574529 0.1013645281211721 0.1017748222338857 0.1021865882486748 0.1025998299157384 0.1030145509822655 0.1034307551923113 0.1038484462866628 0.1042676280027189 0.1046883040743614 0.1051104782318206 0.1055341542015505 0.1059593357060969 0.1063860264639632 0.1068142301894799 0.1072439505926711 0.1076751913791177 0.108107956249824 0.1085422489010828 0.108978073024333 0.1094154323060263 0.1098543304274879 0.1102947710647731 0.1107367578885313 0.1111802945638577 0.111625384750158 0.112072032101002 0.1125202402639755 0.1129700128805427 0.1134213535858919 0.113874266008793 0.1143287537714505 0.1147848204893502 0.115242469771114 0.1157017052183454 0.1161625304254826 0.1166249489796397 0.1170889644604584 0.1175545804399541 0.1180218004823563 0.1184906281439554 0.1189610669729475 0.119433120509273 0.1199067922844615 0.1203820858214666 0.1208590046345142 0.1213375522289346 0.1218177321009985 0.1222995477377649 0.1227830026169042 0.1232681002065398 0.1237548439650823 0.1242432373410643 0.124733283772968 0.125224986689061 0.1257183495072306 0.1262133756347968 0.1267100684683787 0.1272084313936626 0.1277084652271287 
0.172948755113591 0.1735928255514941 0.174238792521599 0.1748866545514312 0.1755364134150626 0.1761880708585198 0.1768416285995614 0.1774970883274478 0.1781544517027082 0.1788137203569584 0.1794748958926461 0.180137979882835 0.1808029738710061 0.1814698793708151 0.1821386978658681 0.182809430809525 0.1834820796246491 0.184156645703427 0.1848331304071026 0.1855115350657818 0.1861918609782025 0.1868741094115365 0.1875582816011321 0.1882443787503341 0.1889324020302213 0.1896223525794242 0.1903142315038873 0.1910080398766537 0.1917037787317622 0.1924014490875443 0.1931010519111548 0.1938025881418379 0.1945060586848452 0.1952114644171712 0.1959188061635233 0.1966280847318044 0.1973393008891117 0.1980524553674609 0.1987675488635689 0.1994845820386488 0.2002035555181807 0.2009244698917013 0.2016473257125957 0.2023721234978828 0.2030988637279907 0.2038275468465593 0.2045581732602199 0.2052907433383848 0.206025257413035 0.2067617157785168 0.2075001186913233 0.2082404663698909 0.2089827589943889 0.2097269967065113 0.2104731796092745 0.2112213077668029 0.2119713812041309 0.2127233999069968 0.2134773638216355 0.2142332728545654 0.2149911229983127 
0.2811840414205198 0.2820937039264402 0.2830051553074412 0.2839183869490202 0.2848333948141679 0.2857501748141875 0.2866687228086313 0.2875890346052679 0.2885111059600137 0.2894349325769052 0.2903605101080616 0.2912878341536324 0.2922169002617777 0.2931477039286373 0.2940802405982926 0.2950145056627385 0.2959504944618845 0.2968882022834951 0.2978276243632108 0.2987687558845158 0.2997115919787241 0.3006561277249786 0.3016023581502393 0.3025502782292871 0.303499882884726 0.3044511669869767 0.3054041253542828 0.3063587527330898 0.3073127314306095 0.3082706752862239 0.3092302721678366 0.3101915166213585 0.3111544031642862 0.3121212671099727 0.3130874268185375 0.3140552117914172 0.3150246163460243 0.3159956347280163 0.3169682611312014 0.3179424896975895 0.3189183145174176 0.3198957296292278 0.3208747290199163 0.3218553066247823 0.3228374563276102 0.3238211719607128 0.3248064473050234 0.3257932760901536 0.3267816519944727 0.3277715686451876 0.3287630196184232 0.3297559984393204 0.3307504985821034 0.3317465134701786 0.3327440364762563 0.3337430609224016 0.3347435800801858 0.3357455871707549 0.3367490753649616 0.3377540377834437 0.3387604623577193 
0.4225484204006787 0.4236458780454505 0.4247440950686931 0.4258430555432354 0.4269427491047801 0.4280431653603738 0.4291442938887843 0.4302461242408722 0.431348645939985 0.4324518484823118 0.4335557213373237 0.4346602539481092 0.4357654357318015 0.4368712560799419 0.4379777043589153 0.4390847699103089 0.4401924420513415 0.4413007100752314 0.4424095632516444 0.4435189908270646 0.4446289820252191 0.4457395260474732 0.4468506120732742 0.4479622292605152 0.4490743667460048 0.45018701364582 0.4513001590245445 0.4524083838337347 3.873728306745336e-06 1.571845965350783e-06 1.576732976791867e-06 1.581640214252274e-06 3.927434926034744e-06 0.4590997515202332 0.4602219538122756 0.4613390920212539 0.4624566186451938 0.463574522616535 0.4646927928210431 0.4658114181298079 0.4669303873996492 0.4680496894735613 0.4691693131812032 0.4702892473392842 0.4714094807520605 0.4725300022117395 0.4736508004989237 0.4747718643830878 0.4758931826229963 0.4770147439672227 0.4781365371544893 0.4792585509142058 0.4803807739668476 0.4815031950244814 0.4826258027912115 0.4837485859635603 0.4848715332310011 0.4859946332763729 0.4871178747763611 0.4882412464018742 0.4893647310895826 
0.5778503046965455 0.5789467179684339 0.5800423587386678 0.5811372111779713 0.5822312650820813 0.5833245102778226 0.5844169366233459 0.5855085340085975 0.5865992923555093 0.5876892016185449 0.5887782517848515 0.5898664328748154 0.5909537349422298 0.5920401480747058 0.5931256623940291 0.5942102680565251 0.5952939552532478 0.5963767142105085 0.5974585351900022 0.5985394084893287 0.5996193244421512 0.6006982734186365 0.6017762458257024 0.6028532321073249 0.6039292227448896 0.6050042082194333 0.606071299389787 5.397061279181038e-06 2.358813100827446e-11 3.999357892304403e-12 4.011763983292797e-12 4.02427831190935e-12 2.392256284423744e-11 5.474795727085659e-06 0.614625354630483 0.615696723228346 0.6167600377458941 0.6178222363776447 0.6188833101978665 0.6199432502840579 0.6210020477556746 0.6220596937744077 0.6231161795443829 0.6241714963124616 0.6252256353684685 0.6262785880454426 0.627330345719883 0.6283808998119497 0.6294302417857865 0.6304783631496345 0.6315252554561682 0.632570910302663 0.6336153193312775 0.6346584742291324 0.6357003667287229 0.6367409886079884 0.6377803316905545 0.6388183878459643 0.6398551489898682 0.6408906070842013 0.6419247488711864 
0.7191461680790789 0.7200533914724959 0.7209588260405876 0.721862463336345 0.7227642995990414 0.7236643311192891 0.7245625542389453 0.7254589653510196 0.7263535608996472 0.7272463373800013 0.7281372913380931 0.7290264193709026 0.7299137181261313 0.7307991843021424 0.7316828146479502 0.7325646059630017 0.7334445550972408 0.7343226589508282 0.7351989144742263 0.7360733186679151 0.736945868582471 0.7378165613183268 0.7386853940256853 0.7395523639045207 0.7404174681727902 0.7412726230820891 6.869943715092775e-06 3.121154804827228e-11 9.276682530293011e-17 6.770347789164689e-18 6.791258630932661e-18 6.81253521008826e-18 9.404294960002712e-17 3.16309549096628e-11 6.957047903946931e-06 0.7498016040597939 0.7506522705672075 0.7514928944125362 0.7523316192771291 0.7531684431709356 0.7540033641196247 0.7548363801961986 0.7556674895209426 0.7564966902611233 0.7573239806309289 0.758149358891294 0.7589728233497898 0.759794372360368 0.7606140043232941 0.7614317176849198 0.7622475109376348 0.7630613826195274 0.7638733313144089 0.7646833556514919 0.7654914543053488 0.7662976259955814 0.7671018694868644 0.7679041835886238 0.7687045671549014 0.7695030190841368 0.7702995342676355 
0.8272848886738375 0.8279263806452765 0.8285659870075968 0.8292037063741801 0.8298395406658818 0.8304734918301037 0.8311055618407402 0.8317357526979618 0.8323640664278833 0.8329905050823472 0.8336150707388709 0.8342377655002082 0.8348585914943534 0.8354775508741571 0.8360946458171107 0.8367098785252945 0.8373232512249977 0.8379347661665556 0.8385444256240802 0.8391522318954661 0.839758187301789 0.8403622941875333 0.8409645549199359 0.8415649718782539 0.8421592504085403 8.073726134705916e-06 3.802191616493348e-11 1.172008400943315e-16 2.660452717191105e-22 8.578775586896269e-24 8.60505255945155e-24 8.632233091592472e-24 2.694704428653933e-22 1.186279223142362e-16 3.844552265693708e-11 8.153111161439475e-06 0.8491994106390419 0.8497786051291412 0.8503516673042719 0.8509229268699815 0.851492386582251 0.8520600492047551 0.8526259175202434 0.8531899943299518 0.8537522824534923 0.8543127847286358 0.854871504011264 0.8554284431749315 0.8559836051108665 0.8565369927276526 0.8570886089510076 0.857638456723757 0.8581865390054682 0.8587328587723088 0.8592774190167985 0.8598202227478327 0.8603612729901015 0.8609005727842847 0.8614381251866363 0.8619739332687909 0.8625079974035249 
0.8995993659353879 0.9000047348216407 0.900408650276214 0.9008111139890594 0.9012121297266025 0.9016117012574588 0.9020098323522386 0.9024065267833606 0.9028017883250919 0.9031956207532664 0.9035880278453451 0.9039790133800955 0.9043685811377011 0.9047567348994273 0.9051434784476766 0.9055288155658779 0.9059127500382116 0.9062952856497121 0.9066764261859587 0.9070561754331784 0.907434537177929 0.9078115152071872 0.9081871133080698 0.9085613352560742 0.9089295484498502 4.634540784042984e-06 1.179193652283199e-11 1.996190935398005e-17 2.52934808497279e-23 3.426576403730088e-29 8.705109513222249e-30 3.444282322824781e-29 2.541505048810068e-23 2.005785219746132e-17 1.184861157392676e-11 4.656815453746787e-06 0.9132980597233484 0.9136580681734725 0.9140121022760935 0.9143648207572493 0.9147162274030273 0.9150663259861074 0.9154151202774822 0.9157626140464226 0.9161088110602261 0.9164537150842987 0.9167973298820135 0.9171396592146365 0.9174807068412546 0.9178204765186146 0.9181589720011196 0.9184961970407388 0.9188321553869163 0.9191668507865481 0.9195002869837023 0.9198324677198317 0.9201633967335013 0.9204930777603422 0.9208215145330171 0.9211487107811245 0.9214746685754119 
0.9436969482634914 0.9439353686342965 0.9441728403299139 0.9444093654091675 0.9446449471444734 0.94487958880108 0.9451132936372119 0.9453460649039918 0.9455779058454729 0.9458088196984509 0.9460388096926087 0.9462678790504954 0.9464960309873254 0.946723268711152 0.9469495954228544 0.9471750143158622 0.9473995285764797 0.9476231413836319 0.9478458559089403 0.9480676753166488 0.9482886027636634 0.9485086413995666 0.9487277943663799 0.948946064786612 0.9491586150673565 4.839654862389393e-06 1.231378118390423e-11 2.08452080993114e-17 2.64124955809519e-23 2.671950833948365e-29 7.599797054991122e-35 2.679104542528779e-29 2.64832107259459e-23 2.090101773923176e-17 1.23467493199864e-11 4.852612245683066e-06 0.9516998309620166 0.9519109224166246 0.9521163259286395 0.9523208960298067 0.9525246357391747 0.9527275480556027 0.9529296359705227 0.953130902467486 0.9533313505225887 0.9535309831040641 0.9537298031725769 0.9539278136810782 0.9541250175748102 0.954321417791311 0.9545170172604028 0.9547118189041902 0.9549058256370498 0.9550990403655717 0.9552914659887747 0.9554831053977122 0.9556739614758564 0.9558640370988714 0.9560533351346634 0.9562418584433499 0.956429608923934 
0.969091616807394 0.9692260079099716 0.969359833831326 0.9694930961056712 0.9696257969479496 0.9697579385656883 0.9698895231592843 0.9700205529217139 0.9701510300386688 0.9702809566886751 0.9704103350429332 0.9705391672652729 0.9706674555125125 0.9707952019340801 0.9709224086722927 0.9710490778621456 0.9711752116316066 0.9713008121013466 0.9714258813849784 0.9715504215888566 0.9716744348122585 0.9717979231473415 0.9719208886791564 0.9720433334731107 0.9721603020828659 4.956950884858362e-06 1.261227800446579e-11 2.135067078773838e-17 2.705329867597467e-23 5.548436290809638e-29 2.811639274445472e-29 5.552474003014272e-29 2.709290811037386e-23 2.138193120988028e-17 1.263074429022733e-11 4.964208636369111e-06 0.9735836990120943 0.9737040315008978 0.973818910014376 0.9739333000838383 0.9740472036814447 0.9741606227599199 0.9742735592650098 0.974386015135826 0.974497992304624 0.9746094926968112 0.974720518231075 0.9748310708194435 0.9749411523670771 0.9750507647724178 0.9751599099274204 0.9752685897170381 0.9753768060197441 0.9754845607073722 0.9755918556449436 0.9756986926910735 0.9758050736975992 0.9759110005098178 0.9760164749664455 0.9761214988996334 0.9762260736040747 
0.9832358620755975 0.9833098125172566 0.983383442635052 0.9834567533924266 0.9835297461264971 0.9836024221691505 0.9836747828471162 0.9837468294819821 0.9838185633902107 0.9838899858831556 0.9839610982670222 0.984031901843105 0.9841023979074723 0.9841725877512028 0.9842424726602916 0.9843120539158884 0.9843813327939793 0.984450310565571 0.9845189884968727 0.9845873678489228 0.9846554498779947 0.9847232358354456 0.9847907269675662 0.9848579245031573 0.9849198074081797 1.007961240060588e-05 5.143161748897776e-11 1.744935531462117e-16 4.429005782475356e-22 2.779389234144939e-23 2.779331606394184e-23 2.779419619898904e-23 4.42994297595689e-22 1.745452653005464e-16 5.145285909284698e-11 1.008538936057167e-05 0.9857003069964185 0.985768547646483 0.9858314871604884 0.9858941522908641 0.9859565442113117 0.9860186640781299 0.9860805130430318 0.9861420922531591 0.9862034028510993 0.9862644459748995 0.9863252227580824 0.9863857343296071 0.9864459818141038 0.9865059663315041 0.986565688997497 0.9866251509231023 0.9866843532150731 0.986743296975745 0.9868019833028849 0.9868604132900388 0.9869185880263246 0.986976508596503 0.9870341760809378 0.987091591555831 0.9871487558026943 
0.9909677675653182 0.991007922729735 0.9910479011903197 0.9910877035064906 0.9911273304402645 0.9911667827503216 0.9912060611921845 0.9912451665183968 0.9912840994781463 0.9913228608176656 0.9913614512800778 0.9913998716052412 0.9914381225300951 0.9914762047883932 0.9915141191109933 0.9915518662255361 0.9915894468566235 0.9916268617259962 0.9916641115521575 0.9917011970508285 0.991738118934516 0.9917748779129119 0.9918114746926837 0.9918479099775404 0.9918841844297779 0.9919102187575869 1.013444527500253e-05 5.164609151901839e-11 1.750514887117548e-16 2.193516081125201e-17 2.193497592790655e-17 2.193540055403989e-17 1.750737415282936e-16 5.16553975708399e-11 1.013701685224569e-05 0.9922627040949161 0.9923071874786327 0.9923414341329774 0.9923755294622917 0.9924094741630152 0.9924432688901781 0.9924769142962202 0.9925104110307783 0.9925437597407532 0.9925769610702642 0.9926100156608828 0.9926429241513096 0.9926756871775515 0.9927083053730434 0.9927407793685483 0.992773109792 0.9928052972688479 0.9928373424218445 0.9928692458711119 0.9929010082341521 0.9929326301258016 0.9929641121584638 0.9929954549417307 0.9930266590828374 0.9930577251862284 0.9930886536969699 
0.9951511729271101 0.9951728202592317 0.9951943715245565 0.9952158270353794 0.995237187213026 0.9952584524769501 0.9952796232449618 0.9953006999329025 0.9953216829548194 0.9953425727230829 0.9953633696482836 0.9953840741390735 0.9954046866025056 0.9954252074438193 0.9954456370665042 0.995465975872306 0.9954862242612342 0.9955063826315702 0.9955264513798172 0.9955464309009311 0.9955663215879383 0.9955861238323864 0.9956058380239085 0.9956254645506172 0.9956450037989466 0.9956644561020409 0.995673687275566 1.0163906555116e-05 5.176120387664093e-11 1.295755060674898e-11 1.295753396651469e-11 1.295769221425894e-11 5.176504311713481e-11 1.01649925134182e-05 0.9958255430438731 0.9958542839457987 0.9958728054399992 0.9958912444775593 0.9959096014735863 0.9959278767899841 0.9959460707872514 0.9959641838242684 0.9959822162583022 0.9960001684452351 0.9960180407392391 0.9960358334930034 0.9960535470576304 0.996071181782864 0.9960887380167072 0.9961062161058177 0.9961236163953467 0.9961409392287801 0.9961581849482761 0.9961753538944509 0.9961924464064399 0.9962094628219039 0.9962264034770353 0.9962432687065643 0.9962600588437656 0.9962767742204075 0.9962934150824938 
0.9974020549868936 0.997413679491486 0.9974252521755413 0.997436773209782 0.9974482428236467 0.9974596612454011 0.9974710287023075 0.9974823454207951 0.9974936116260772 0.9975048275425427 0.9975159933935943 0.9975271094014867 0.997538175787663 0.997549192772538 0.9975601605755563 0.9975710794151984 0.9975819495089829 0.9975927710734724 0.9976035443242767 0.9976142694760562 0.997624946742528 0.997635576336468 0.9976461584696609 0.997656693353125 0.9976671811967838 0.997677622209637 0.9976880165482607 0.9976882005225041 1.017968765571137e-05 5.092652404353125e-06 5.092667349849779e-06 5.092708057859507e-06 1.01801106251047e-05 0.9977493243495947 0.9977695179317284 0.9977795019862465 0.9977894413980921 0.9977993364171885 0.9978091872409329 0.9978189940658514 0.9978287570876042 0.9978384765009894 0.9978481524998908 0.9978577852775037 0.9978673750260054 0.997876921936782 0.9978864262003189 0.997895888006429 0.9979053075438659 0.9979146850007725 0.99792402056424 0.9979333144207008 0.9979425667557649 0.9979517777540569 0.9979609475995532 0.997970076475419 0.9979791645638439 0.9979882120463804 0.9979972191037242 0.9980061859157733 0.9980151126163348 
0.9986095113337277 0.998615740573367 0.9986219419768286 0.9986281156365235 0.9986342616762307 0.998640380219179 0.9986464713880515 0.9986525353049862 0.998658572091579 0.9986645818688871 0.9986705647574292 0.9986765208771903 0.9986824503475664 0.9986883532875909 0.9986942298156014 0.9987000800494668 0.9987059041064762 0.9987117021035652 0.9987174741569277 0.9987232203824642 0.9987289408953944 0.9987346358104254 0.9987403052419218 0.9987459493035192 0.9987515681085691 0.9987571617696989 0.9987627303992015 0.9987682740700485 0.9987687058577623 0.9987741999826715 0.9987796695460579 0.9987851146318018 0.9987905353750682 0.9988010192052817 0.9988063916017424 0.9988117399158045 0.9988170642934988 0.998822364841754 0.9988276416669675 0.9988328948750648 0.9988381245715002 0.9988433308612598 0.9988485138488623 0.9988536736383629 0.998858810333353 0.9988639240369647 0.9988690148518158 0.9988740828802338 0.9988791282239258 0.9988841509842018 0.9988891512619213 0.9988941291574399 0.9988990847708334 0.9989040182015666 0.9989089295486614 0.9989138189108659 0.9989186863863235 0.9989235320727401 0.998928356067554 0.9989331584675478 0.9989379393450379 
0.99925619231333 0.9992595266399323 0.9992628460474526 0.999266150585601 0.9992694403208324 0.9992727153194707 0.9992759756473789 0.9992792213701807 0.9992824525532076 0.9992856692614439 0.9992888715597507 0.9992920595125334 0.9992952331839103 0.9992983926378791 0.9993015379379873 0.9993046691474972 0.9993077863295562 0.9993108895468638 0.999313978861839 0.9993170543367892 0.9993201160335221 0.9993231640137911 0.9993261983389078 0.9993292190699106 0.9993322262677312 0.9993352199928083 0.9993382003055322 0.9993411672658027 0.9993441209205025 0.9993470613549614 0.9993499886154512 0.9993529027609168 0.9993558038500432 0.9993586919542197 0.9993615671056487 0.9993644293752216 0.9993672788206365 0.9993701154991677 0.9993729394680002 0.9993757507840079 0.9993785495038668 0.9993813356838336 0.9993841093800796 0.999386870648526 0.9993896195446782 0.999392356123959 0.9993950804414897 0.9993977925521441 0.9994004925105526 0.9994031803711561 0.9994058561879866 0.9994085200150007 0.9994111719058588 0.999413811913982 0.9994164400925527 0.9994190564945158 0.9994216611725797 0.999424254179218 0.9994268355666691 0.9994294053869388 0.9994319636788109 
0.9996022381815119 0.9996040218751916 0.9996057975823845 0.9996075653297994 0.9996093251530888 0.9996110770877458 0.9996128211691045 0.9996145574323417 0.999616285912476 0.9996180066443698 0.9996197196627297 0.9996214250021067 0.9996231226968978 0.9996248127813456 0.9996264952895402 0.9996281702554183 0.9996298377127657 0.9996314976952165 0.9996331502362548 0.9996347953692145 0.9996364331272809 0.9996380635434903 0.9996396866507317 0.999641302481691 0.9996429110690747 0.9996445124452766 0.999646106642601 0.9996476936932077 0.9996492736291125 0.9996508464821877 0.9996524122841641 0.9996539710665738 0.9996555228609748 0.9996570676986178 0.9996586056106684 0.9996601366281539 0.9996616607819064 0.9996631781027864 0.9996646886213504 0.9996661923680737 0.9996676893732952 0.9996691796671621 0.9996706632798532 0.9996721402412465 0.9996736105811417 0.999675074329149 0.9996765315149129 0.9996779821677791 0.9996794263169618 0.9996808639917103 0.9996822952209781 0.9996837200336428 0.999685138458399 0.9996865505239778 0.9996879562588163 0.9996893556912243 0.9996907488495504 0.9996921357617958 0.9996935164560575 0.9996948909601403 0.999696259294786 
0.9997873254326329 0.9997882793105088 0.9997892289158402 0.9997901742629153 0.9997911153708766 0.9997920522586143 0.9997929849451007 0.9997939134491677 0.9997948377895619 0.9997957579849477 0.9997966740539044 0.9997975860149285 0.9997984938864342 0.9997993976867524 0.9998002974341326 0.9998011931467975 0.9998020848427225 0.9998029725399679 0.9998038562564585 0.9998047360100379 0.9998056118184709 0.9998064836994417 0.9998073516705561 0.9998082157493404 0.9998090759532431 0.9998099322996334 0.9998107848058043 0.9998116334889697 0.9998124783662677 0.9998133194547588 0.9998141567714275 0.999814990333182 0.9998158201568549 0.9998166462592034 0.9998174686569093 0.9998182873665804 0.9998191024047494 0.9998199137878752 0.9998207215323429 0.9998215256544645 0.9998223261704784 0.999823123096551 0.9998239164487354 0.9998247062431177 0.9998254924956385 0.9998262752221606 0.999827054438491 0.999827830160366 0.9998286024034513 0.9998293711833426 0.9998301365155657 0.9998308984155766 0.9998316568987623 0.9998324119804405 0.9998331636758055 0.999833912000149 0.9998346569685289 0.9998353985959901 0.9998361368975107 0.9998368718880014 0.9998376035785872 
0.9998862972308455 0.9998868072554394 0.9998873149951162 0.9998878204574684 0.9998883236528187 0.9998888245912775 0.999889323282965 0.9998898197379005 0.9998903139662246 0.999890805977811 0.9998912957827107 0.9998917833907084 0.9998922688117657 0.9998927520555788 0.9998932331319661 0.9998937120506467 0.9998941888213521 0.9998946634536028 0.999895135957044 0.9998956063412217 0.9998960746156392 0.9998965407897572 0.9998970048729938 0.9998974668746698 0.9998979268042303 0.9998983846709119 0.9998988404839653 0.9998992942525438 0.9998997459859266 0.9999001956931294 0.9999006433833487 0.9999010890655188 0.9999015327487554 0.9999019744419112 0.9999024141539663 0.9999028518938045 0.9999032876703252 0.9999037214922222 0.999904153368316 0.9999045833073322 0.9999050113179579 0.9999054374088403 0.9999058615885886 0.9999062838657733 0.9999067042489261 0.9999071227464852 0.9999075393670174 0.9999079541188846 0.9999083670104671 0.9999087780500516 0.9999091872460542 0.9999095946066319 0.999910000140126 0.9999104038546196 0.9999108057583805 0.9999112058594187 0.9999116041658737 0.9999120006858486 0.9999123954272443 0.9999127883980922 0.9999131796043339 
0.9999168643964421 0.9999172497216046 0.9999176332629025 0.999918015026668 0.9999183950211378 0.9999187732545102 0.999919149734946 0.9999195244705125 0.9999198974694055 0.9999202687395623 0.9999206382891036 0.9999210061258924 0.99992137225792 0.9999217366930864 0.9999220994392544 0.9999224605041952 0.99992281989581 0.9999231776217422 0.999923533689821 0.999923888107618 0.9999242408828356 0.9999245920230856 0.999924941535944 0.9999252894289524 0.9999256357095609 0.9999259803853527 0.9999263234636532 0.9999266649519759 0.9999270048575781 0.9999273431878493 0.9999276799500894 0.9999280151515645 0.9999283487994517 0.9999286809010612 0.9999290114635033 0.9999293404938546 0.9999296679992701 0.9999299939868721 0.9999303184635835 0.9999306414364606 0.9999309629124724 0.9999312828985556 0.9999316014015589 0.9999319184284657 0.9999322339860056 0.9999325480810983 0.9999328607204105 0.9999331719107433 0.9999334816588114 0.9999337899712984 0.999934096854857 0.999934402316109 0.9999347063616452 0.9999350089979711 0.9999353102317273 0.9999356100693032 0.9999359085172239 0.9999362055819819 0.9999365012698848 0.9999367955873598 0.9999370885392618 
0.9998444961153179 0.9998452168084442 0.9998459341656151 0.9998466481985817 0.9998473589228543 0.9998480663537048 0.9998487705063901 0.9998494713960964 0.9998501690379393 0.9998508634469092 0.9998515546380935 0.9998522426263431 0.9998529274264962 0.9998536090533219 0.9998542875215204 0.9998549628456695 0.9998556350404449 0.9998563041202885 0.9998569700996307 0.9998576329928333 0.9998582928141434 0.9998589495778972 0.9998596032982061 0.9998602539891693 0.9998609016647658 0.9998615463390752 0.999862188025947 0.9998628267392207 0.999863462492617 0.9998640952999595 0.9998647251748407 0.9998653521308465 0.999865976181444 0.9998665973402041 0.9998672156204689 0.9998678310355741 0.9998684435987383 0.9998690533232844 0.9998696602223085 0.9998702643089008 0.9998708655960358 0.9998714640967935 0.9998720598240278 0.9998726527905329 0.9998732430092098 0.9998738304927339 0.9998744152537214 0.9998749973048966 0.9998755766587589 0.9998761533278049 0.9998767273244177 0.9998772986610895 0.9998778673500888 0.9998784334036268 0.9998789968340247 0.9998795576533802 0.9998801158737348 0.999880671507241 0.9998812245658284 0.9998817750613717 0.9998823230030804 
0.9997091494324729 0.9997104972171239 0.9997118387648947 0.9997131740976993 0.9997145032444242 0.9997158262335998 0.9997171430938466 0.9997184538534869 0.9997197585407115 0.999721057183747 0.999722349810468 0.999723636448842 0.999724917126485 0.9997261918711076 0.9997274607100699 0.9997287236708274 0.9997299807804876 0.9997312320662531 0.9997324775549795 0.9997337172736204 0.9997349512487823 0.9997361795071706 0.9997374020751457 0.9997386189791116 0.9997398302453511 0.9997410358998589 0.9997422359687306 0.9997434304777203 0.9997446194526836 0.9997458029191357 0.9997469809026396 0.9997481534286402 0.999749320522298 0.9997504822088243 0.9997516385133131 0.9997527894605759 0.9997539350755317 0.999755075382762 0.9997562104069011 0.999757340172469 0.9997584647037069 0.9997595840249091 0.9997606981602578 0.9997618071336577 0.9997629109690681 0.9997640096902826 0.9997651033210405 0.9997661918848043 0.9997672754050946 0.9997683539053231 0.9997694274086273 0.9997704959382027 0.9997715595170835 0.9997726181682521 0.9997736719144183 0.9997747207783532 0.9997757647826665 0.9997768039499199 0.9997778383024037 0.9997788678624713 0.9997798926471547 
0.9994560644767498 0.9994585844073063 0.9994610926825926 0.9994635893438097 0.9994660744446218 0.9994685480385005 0.9994710101786702 0.9994734609181103 0.9994759003095554 0.9994783284054966 0.9994807452581825 0.9994831509195655 0.9994855454415242 0.9994879288755315 0.9994903012728785 0.999492662684619 0.999495013161516 0.9994973527542638 0.9994996815131573 0.9995019994882588 0.9995043067295655 0.999506603286678 0.9995088892090231 0.9995111645457436 0.9995134293459222 0.9995156836582487 0.9995179275311875 0.9995201610131461 0.9995223841520866 0.9995245969959711 0.9995267995923744 0.9995289919886512 0.9995311742321041 0.9995333463695955 0.9995355084479925 0.9995376605137252 0.9995398026132301 0.9995419347925079 0.9995440570975682 0.9995461695739872 0.9995482722673517 0.9995503652228159 0.9995524484855479 0.9995545221002853 0.9995565861117807 0.9995586405643579 0.9995606855023028 0.9995627209696966 0.9995647470102506 0.9995667636676957 0.9995687709853395 0.9995707690064554 0.9995727577741169 0.9995747373310329 0.9995767077198803 0.9995786689831399 0.9995806211629291 0.9995825643013373 0.9995844984402598 0.9995864236212315 0.9995883398760477 
0.9989829805221782 0.9989876899240253 0.9989923775644778 0.9989970435199083 0.9990016878905408 0.9990063107759172 0.999010912275287 0.9990154924873894 0.9990200515105631 0.9990245894425301 0.9990291063807278 0.9990336024220912 0.999038077663164 0.99904253219988 0.9990469661278981 0.9990513795423813 0.9990557725380554 0.99906014520921 0.9990644976497014 0.9990688299529535 0.9990731422119612 0.9990774345192908 0.9990817069670831 0.9990859596470548 0.9990901926505009 0.9990944060682959 0.9990985999908963 0.9991027745083425 0.9991069297102045 0.9991110656858071 0.9991151825238976 0.9991192803128701 0.9991233591406564 0.9991274190949498 0.9991314602628739 0.9991354827312069 0.9991394865862718 0.9991434719141603 0.9991474388003463 0.9991513873301322 0.9991553175882613 0.9991592296590863 0.9991631236267382 0.9991669995747392 0.9991708575864481 0.9991746977446183 0.9991785201317888 0.9991823248301179 0.9991861119212202 0.9991898814865553 0.9991936336069864 0.9991973683631705 0.9992010858353931 0.9992047861034038 0.9992084692467509 0.9992121353446166 0.9992157844756521 0.9992194167183123 0.9992230321506355 0.9992266308503003 0.9992302128764758 
0.9980992177730318 0.9981080117686458 0.9981167652001447 0.9981254782092696 0.9981341509819294 0.9981427837033495 0.9981513765577443 0.9981599297284864 0.998168443398277 0.9981769177488179 0.9981853529609793 0.9981937492149728 0.9982021066899647 0.9982104255644689 0.9982187060161843 0.9982269482218312 0.9982351523574885 0.9982433185983759 0.9982514471189671 0.9982595380927727 0.9982675916926759 0.9982756080907147 0.9982835874581411 0.9982915299654234 0.9982994357822511 0.9983073050775383 0.9983151380194258 0.998322934775231 0.998330695511672 0.9983384203945387 0.9983461095889178 0.9983537632590856 0.9983613815687333 0.9983689646805818 0.9983765127568289 0.9983840259587654 0.9983915044469424 0.9983989483812882 0.9984063579209994 0.9984137332243779 0.9984210744492225 0.9984283817523886 0.9984356552901793 0.9984428952181278 0.9984501016910545 0.9984572748631273 0.9984644148876418 0.998471521917358 0.998478596104281 0.9984856375997202 0.9984926465542918 0.9984996231179226 0.9985065674398531 0.99851347966864 0.9985203599521038 0.9985272084375547 0.9985340252714625 0.9985408105996803 0.9985475645673384 0.9985542873190681 0.9985609789646994 
0.996450217701651 0.9964666138112449 0.9964829345392989 0.9964991801466443 0.9965153509766409 0.9965314473711205 0.9965474696702081 0.9965634182126626 0.9965792933356602 0.9965950953748027 0.9966108246643454 0.9966264815368698 0.9966420663235138 0.9966575793538663 0.996673020956196 0.9966883914570696 0.9967036911818011 0.9967189204540168 0.9967340795960474 0.996749168928714 0.9967641887714455 0.9967791394420622 0.9967940212571155 0.9968088345316729 0.9968235795793225 0.9968382567124037 0.9968528662416777 0.9968674084765582 0.9968818837250049 0.9968962922937523 0.9969106344879274 0.9969249106114993 0.996939120966842 0.9969532658551282 0.9969673455761694 0.9969813604282551 0.9969953107084917 0.9970091967125868 0.9970230187349105 0.9970367770685006 0.9970504720050695 0.9970641038349544 0.9970776728473444 0.9970911793299538 0.9971046235691946 0.997118005850348 0.9971313264572381 0.9971445856724035 0.9971577837772136 0.9971709210517643 0.9971839977747163 0.9971970142236344 0.9972099706747695 0.9972228674031223 0.9972357046824463 0.997248482785255 0.9972612019828264 0.9972738625452089 0.997286464741227 0.9972990088384299 0.9973114950399277 
0.9933801362679591 0.9934106190209726 0.9934409624903556 0.993471167149287 0.9935012336243355 0.9935311625393195 0.9935609545152633 0.9935906101706288 0.9936201301209393 0.9936495149792351 0.9936787653556395 0.99370788185776 0.993736865090476 0.9937657156560059 0.993794434153919 0.9938230211811446 0.9938514773319296 0.9938798031980697 0.9939079993685329 0.9939360664298582 0.9939640049660003 0.9939918155581737 0.994019498785196 0.9940470552232779 0.9940744854460872 0.9941017900247061 0.994128969527863 0.994156024521609 0.9941829555694968 0.9942097632327001 0.9942364480699145 0.9942630106372012 0.9942894514883297 0.9943157711745666 0.9943419702447411 0.9943680492452555 0.9943940087200394 0.9944198492107831 0.9944455712565571 0.9944711753942682 0.9944966621582245 0.9945220320805339 0.9945472856908929 0.9945724235167064 0.9945974460828203 0.9946223539120875 0.9946471475248218 0.9946718274390841 0.9946963941705835 0.9947208482329077 0.9947451901371437 0.9947694203922768 0.9947935395050335 0.9948175479797242 0.9948414463185865 0.9948652350215715 0.9948889145864099 0.9949124855085654 0.9949359482814657 0.9949593033961802 0.9949825512236329 
0.9876876580327332 0.9877440297701664 0.9878001468851735 0.9878560102126048 0.9879116208713385 0.9879669799755276 0.9880220886348405 0.9880769479541435 0.9881315590336851 0.98818592296928 0.9882400408519358 0.9882939137682598 0.9883475428002539 0.9884009290253853 0.9884540735166054 0.9885069773423646 0.9885596415665745 0.9886120672488463 0.9886642554441185 0.9887162072031183 0.9887679235719333 0.9888194055924165 0.9888706543019813 0.9889216707336724 0.9889724559161837 0.9890230108738722 0.9890733366267767 0.9891234341905771 0.9891733045768329 0.9892229487926109 0.9892723678409449 0.9893215627204083 0.9893705344255185 0.9894192839465297 0.9894678122695066 0.9895161203762824 0.9895642092446982 0.989612079848285 0.9896597331564464 0.9897071701345848 0.9897543917440063 0.98980139894177 0.9898481926810367 0.9898947739108617 0.9899411435762658 0.9899873026181963 0.9900332519737642 0.9900789925758692 0.9901245253536615 0.9901698512321115 0.9902149711324143 0.9902598859717824 0.990304596663516 0.9903491041170196 0.9903934092378153 0.9904375129275589 0.9904814160839989 0.9905251196012133 0.9905686243692366 0.990611931274463 0.9906550409806687 
0.9772124570994273 0.9773156877593789 0.9774184621009456 0.9775207815194897 0.977622647931898 0.9777240632476908 0.9778250293694291 0.9779255481922901 0.9780256216045293 0.9781252514871124 0.9782244397139555 0.9783231881518882 0.9784214986606745 0.9785193730930302 0.9786168132946431 0.9787138211041915 0.9788103983533645 0.9789065468669356 0.9790022684625603 0.9790975649511851 0.9791924381366204 0.9792868898160059 0.9793809217793852 0.9794745358101694 0.9795677336847669 0.9796605171727711 0.9797528880371447 0.9798448480339069 0.9799363989123746 0.9800275424151266 0.9801182802779664 0.9802086142301658 0.980298545994149 0.9803880772857356 0.9804772098141037 0.9805659452818102 0.9806542853848091 0.9807422318124726 0.980829786247664 0.9809169503665373 0.9810037258388878 0.9810901143279513 0.9811761174904771 0.9812617369767496 0.9813469744306059 0.9814318314894569 0.9815163097843607 0.9816004109398215 0.9816841365741404 0.9817674882992152 0.9818504677206128 0.9819330764375901 0.9820153160431134 0.9820971881238773 0.9821786942603242 0.9822598360266642 0.9823406149909494 0.9824210327148716 0.9825010907541151 0.9825807906581523 0.9826601335675323 
0.9582022272364423 0.9583879096603037 0.9585728038142305 0.9587569117856021 0.9589402366036952 0.9591227812889017 0.9593045488526997 0.9594855422977543 0.9596657646177713 0.9598452187975905 0.9600239078133074 0.9602018346319179 0.9603790022117082 0.9605554135020278 0.9607310714433347 0.9609059789672757 0.9610801389965655 0.9612535544451859 0.9614262282180804 0.9615981632114367 0.9617693623126496 0.9619398284001365 0.9621095643435241 0.9622785730037291 0.9624468572325923 0.9626144198733267 0.9627812637602506 0.9629473917188971 0.9631128065659154 0.9632775111092613 0.9634415081480401 0.9636048004725135 0.9637673908642135 0.9639292820959712 0.9640904769317256 0.9642509781267579 0.964410788427421 0.9645699105716031 0.9647283472882006 0.9648861012974782 0.9650431753110402 0.9651995720317254 0.9653552941536151 0.9655103443621537 0.9656647253341581 0.9658184397377162 0.9659714902321969 0.9661238794683709 0.9662756100884201 0.9664266847258391 0.9665771060054427 0.9667268765434894 0.9668759989476924 0.9670244758170626 0.9671723097421435 0.9673195033047997 0.9674660590783944 0.9676119796278024 0.9677572675093095 0.9679019252706252 0.9680459547197992 
0.9245572951221738 0.9248807243802514 0.9252028808864579 0.9255237670460509 0.9258433869153142 0.9261617445458071 0.9264788439842906 0.926794689272654 0.9271092844478679 0.9274226335418453 0.9277347405813947 0.9280456095882903 0.9283552445788956 0.9286636495644441 0.9289708285507743 0.9292767855381989 0.9295815245217151 0.9298850494905524 0.9301873644284874 0.9304884733136114 0.9307883801181042 0.9310870888085027 0.9313846033454195 0.9316809276835383 0.9319760657715527 0.9322700215521096 0.9325627989616946 0.9328544019307965 0.9331448343834636 0.933434100237635 0.9337222034048647 0.9340091477903216 0.9342949372927379 0.934579575804299 0.9348630672107581 0.9351454153912195 0.9354266242181424 0.9357066975572446 0.9359856392676292 0.9362634532014404 0.9365401432040557 0.9368157131140845 0.9370901667629802 0.9373635079753825 0.9376357405687941 0.9379068683537585 0.9381768951336507 0.9384458247046803 0.9387136608558324 0.9389804073688607 0.9392460680183764 0.9395106465714387 0.939774146787854 0.9400365724200807 0.9402979272130814 0.9405582149042824 0.9408174392237044 0.9410756038937033 0.9413327126291552 0.9415887691372269 0.9418437758225169 
0.8675729039552904 0.8681057795481786 0.868636838272091 0.8691660810022106 0.8696935113547274 0.8702191329599597 0.8707429494623522 0.8712649645201743 0.8717851818053284 0.8723036050031791 0.8728202378121616 0.8733350839439747 0.8738481471228948 0.8743594310859225 0.8748689395823962 0.8753766763739362 0.8758826452340487 0.8763868499481474 0.876889294313133 0.8773899821373609 0.8778889172404454 0.8783861034529519 0.8788815446161923 0.8793752445821937 0.8798672072134033 0.880357436382432 0.8808459359720364 0.8813327098747699 0.8818177619927988 0.8823010962378207 0.8827827165309114 0.883262626802086 0.8837408309903936 0.8842173330436233 0.8846921369180807 0.8851652465784177 0.8856366659975834 0.8861063991564628 0.8865744500438427 0.8870408226560867 0.8875055209971584 0.8879685490782468 0.8884299109177564 0.8888896105409367 0.8893476519800486 0.8898040392737275 0.8902587764672517 0.8907118676121318 0.8911633167660225 0.8916131279924752 0.8920613053609268 0.8925078529463762 0.8929527748293018 0.8933960750955419 0.8938377578360454 0.8942778271466925 0.8947162871283073 0.8951531418862756 0.8955883955306131 0.8960220521756423 0.8964541137449087 
0.7778866540506786 0.778688359203067 0.779487995020563 0.7802855568410418 0.7810810441483149 0.7818744564735861 0.7826657933951329 0.7834550545381649 0.7842422395745207 0.7850273482224597 0.7858103802464282 0.7865913354568244 0.7873702137098177 0.7881470149069446 0.788921738995037 0.7896943859659392 0.7904649558562863 0.7912334487471561 0.7919998647639385 0.7927642040760873 0.7935264668968131 0.7942866534828149 0.7950447641342026 0.7958007991940822 0.7965547590483641 0.7973066441255274 0.798056454896364 0.798804191873645 0.7995498556120438 0.8002934467078187 0.8010349657984215 0.8017744135624629 0.802511790719211 0.8032470980287008 0.8039803362910588 0.8047115063465166 0.8054406090751568 0.8061676453965363 0.8068926162694858 0.8076155226917996 0.8083363657001444 0.8090551463696861 0.8097718658136803 0.8104865251835336 0.8111991256683289 0.8119096684946782 0.8126181549262987 0.8133245862638826 0.814028963844967 0.8147312890433064 0.8154315632690354 0.8161297879681192 0.8168259646221023 0.8175200947480759 0.8182121798981933 0.8189022216595208 0.8195902216536693 0.8202761815367209 0.8209601029988031 0.8216419877638823 0.8223218341333844 
0.6518358527375073 0.6528895117823467 0.6539416803573751 0.65499234493382 0.6560414974186566 0.6570891297747647 0.6581352340210332 0.6591798022325606 0.6602228265408592 0.6612642991338785 0.6623042122562768 0.6633425582095859 0.6643793293522046 0.6654145180997021 0.6664481169248645 0.6674801183578652 0.6685105149863436 0.6695392994555943 0.6705664644686501 0.6715920027863689 0.6726159072276218 0.6736381706693183 0.6746587860465597 0.6756777463527608 0.6766950446396494 0.6777106740174655 0.6787246276549911 0.6797368987796137 0.6807474806775016 0.6817563666935338 0.6827635502315299 0.6837690247541811 0.6847727837832165 0.6857748208993762 0.6867751297425586 0.6877737040117843 0.6887705374653007 0.6897656239206207 0.6907589572545436 0.691750531403171 0.6927403403620371 0.6937283781860107 0.6947146389893958 0.6956991169459622 0.696681806288921 0.6976627013109477 0.6986417963642317 0.6996190858603993 0.7005945642706419 0.7015682261256039 0.7025400660154174 0.7035100785897072 0.7044782585575887 0.7054446006875874 0.7064090998076906 0.7073717508053391 0.7083325486272997 0.7092914882797471 0.7102485648281703 0.7112037733973463 0.7121571043199739 
0.5002110990378358 0.5013726107328107 0.5025341135357274 0.5036955889886379 0.5048570245572043 0.5060184077087548 0.5071797259129917 0.508340966642253 0.5095021173724439 0.5106631655832409 0.511824098758634 0.5129849043877424 0.5141455699650758 0.5153060829912949 0.516466430973584 0.5176266014261853 0.5187865818711055 0.5199463598383716 0.521105922866955 0.5222652585048833 0.5234243543101164 0.5245831978508341 0.5257417767061591 0.5269000784665085 0.5280580907342737 0.5292158011243261 0.5303731972644274 0.5315302667958712 0.5326869973739796 0.533843376668618 0.5349993923647242 0.5361550321627648 0.5373102837794307 0.5384651349479262 0.5396195734186634 0.540773586959737 0.5419271633573505 0.5430802904164074 0.5442329559609868 0.5453851478349941 0.5465368539023501 0.5476880620478238 0.5488387601773885 0.5499889362186452 0.5511385781215629 0.5522876738586887 0.5534362114258408 0.554584178842551 0.5557315641524844 0.5568783554240199 0.5580245407507631 0.5591701082518563 0.5603150460726883 0.5614593423851582 0.5626029853883133 0.5637459633088183 0.5648882644012672 0.5660298769488104 0.5671707892635709 0.5683109896871197 0.5694504607846168 
0.3485475099299763 0.3496031953065894 0.3506603624287192 0.3517189975864046 0.3527790923900085 0.3538406383952107 0.3549036271031838 0.3559680499607997 0.3570338983608386 0.3581011636422033 0.3591698370901168 0.3602399099363595 0.3613113733594868 0.3623842184850557 0.3634584363858595 0.3645340180821576 0.365610954541913 0.3666892366810533 0.3677688553636954 0.3688498014024101 0.3699320655584796 0.3710156385421486 0.3721005110128973 0.3731866735797016 0.3742741168013112 0.3753628311865154 0.3764528071944409 0.3775440352348129 0.3786365056682613 0.3797302088066085 0.3808251349131542 0.3819212742029846 0.3830186168432771 0.3841171529536024 0.385216872606237 0.386317765826481 0.387419822592972 0.388523032838008 0.3896273864478821 0.3907328732632041 0.3918394830792349 0.3929472056462326 0.3940560306697808 0.3951659478111459 0.396276946687618 0.3973890168728663 0.3985021478972952 0.3996163292484084 0.4007315503711611 0.40184780066834 0.4029650695009221 0.4040833461884585 0.405202620009445 0.4063228802017039 0.4074441159627761 0.408566316450297 0.4096894707823971 0.4108135680380927 0.4119385972576854 0.413064547443139 0.4141914018082701 
0.2224052707309619 0.2232098019741291 0.2240164092194794 0.2248250876499671 0.2256358364916268 0.2264486549217307 0.2272635420685505 0.2280804970111513 0.2288995187791697 0.2297206063526002 0.2305437586615723 0.231368974586159 0.2321962529561442 0.2330255925508272 0.2338569920988142 0.2346904502778097 0.2355259657144126 0.2363635369839199 0.2372031626101185 0.2380448410650957 0.238888570769029 0.2397343500900102 0.2405821773438364 0.2414320507938275 0.242283968650633 0.2431379290720483 0.2439939301628263 0.2448519699744971 0.2457120465051872 0.2465741576994377 0.2474383014480303 0.2483044755878076 0.249172677901509 0.250042906117595 0.2509151579100748 0.2517894308983505 0.2526657226470478 0.2535440306658531 0.2544243524093547 0.2553066852768931 0.2561910266123963 0.2570773737042363 0.2579657237850742 0.2588560740317182 0.2597484215649737 0.2606427634495044 0.2615390966936942 0.2624374182495088 0.2633377250123571 0.2642400138209706 0.2651442814572614 0.2660505246462082 0.2669587400557209 0.2678689242965315 0.2687810739220654 0.2696951854283329 0.2706112552538161 0.2715292797793573 0.2724492553280566 0.2733711781651526 0.2742950397773719 
0.1326212421254025 0.1331566044774418 0.1336937975989364 0.1342328223207973 0.1347736821789983 0.1353163806938556 0.1358609213698518 0.1364073076954095 0.1369555431426578 0.1375056311671972 0.1380575752079255 0.1386113786867722 0.1391670450084794 0.1397245775604154 0.1402839797122919 0.1408452548159699 0.1414084062052445 0.1419734371955849 0.1425403510839234 0.1431091511484225 0.1436798406482504 0.1442524228233247 0.1448269008941309 0.1454032780614271 0.1459815575060408 0.1465617423886441 0.1471438358495001 0.1477278410082454 0.1483137609636123 0.1489015987932346 0.1494913575533999 0.1500830402787799 0.1506766499822418 0.1512721896545388 0.1518696622641554 0.152469070756976 0.1530704180560952 0.1536737070615682 0.1542789406501603 0.1548861216750835 0.1554952529658055 0.1561063373277137 0.1567193775419567 0.1573343763651507 0.1579513365291524 0.1585702607407701 0.1591911516815582 0.1598140120075762 0.1604388443490661 0.1610656513102791 0.1616944354691854 0.1623251993772312 0.1629579455590967 0.163592676512404 0.1642293947075206 0.1648681025872593 0.1655088025666284 0.1661514970326298 0.1667961883439214 0.1674428788306209 0.1680915674762139 
0.07556058448917653 0.07588575792837671 0.07621221704257539 0.07653996425629908 0.07686900364986733 0.07719933930784223 0.07753097531893946 0.07786391577594913 0.07819816477565129 0.07853372641873671 0.07887060480971943 0.07920880405685519 0.07954832827205482 0.07988918157079714 0.08023136807204342 0.08057489189814647 0.08091975717476645 0.08126596803077596 0.08161352859816894 0.08196244301197569 0.0823127154101613 0.08266434993353773 0.08301735072566724 0.08337172193276798 0.08372746770361446 0.08408459218944413 0.08444309954385586 0.08480299392271359 0.08516427948404334 0.08552696038793124 0.08589104079642686 0.08625652487343216 0.08662341678460353 0.08699172069724495 0.08736144078019885 0.08773258120374437 0.08810514613948454 0.08847913976023941 0.08885456623993618 0.08923142975349753 0.08960973447672965 0.08998948458620892 0.09037068425916793 0.09075333767338016 0.09113744900704629 0.09152302243867257 0.09191006214695611 0.09229857231066557 0.09268855710851884 0.09308002071906439 0.09347296732055785 0.09386740109083774 0.09426332620720222 0.09466074684628499 0.09505966718392615 0.09546009139504737 0.09586202365352067 0.09626546813204279 0.09667042900200007 0.09707691043333547 0.09748491450626326 
SCALARS eta_2 double 1
LOOKUP_TABLE default
0.9581345375299538 0.9579477741078145 0.9577602133007647 0.9575718529890378 0.9573826900957195 0.9571927215350166 0.9570019442122597 0.956810355023851 0.9566179508574315 0.9564247285917702 0.9562306850966201 0.956035817232986 0.9558401218530402 0.9556435958000836 0.9554462359085227 0.9552480390038902 0.9550490019030468 0.9548491214137989 0.9546483943352927 0.9544468174578458 0.9542443875628291 0.9540411014229244 0.9538369558019915 0.9536319474550913 0.9534260731285065 0.9532193295597825 0.9530117134775611 0.9528032216018759 0.9525938506439641 0.9523835973063266 0.9521724582827945 0.9519604302583183 0.9517475099093382 0.951533693903498 0.9513189788998091 0.9511033615485114 0.9508868384913844 0.9506694063614011 0.9504510617829632 0.9502318013718617 0.9500116217352899 0.9497905194719145 0.9495684911716704 0.9493455334161631 0.9491216427782987 0.9488968158225222 0.9486710491048341 0.9484443391725874 0.9482166825648946 0.9479880758122556 0.9477585154368035 0.9475279979523192 0.947296519864034 0.9470640776690364 0.9468306678559607 0.9465962869050091 0.9463609312883071 0.9461245974695368 0.9458872819042384 0.945648981039599 0.9454096925398402 
0.97717482029291 0.9770709636177063 0.9769666449919877 0.9768618629945288 0.9767566156694468 0.9766509010537607 0.9765447171769291 0.9764380620612746 0.976330933721577 0.9762233301652771 0.9761152493924017 0.9760066893955461 0.9758976481599108 0.9757881236630604 0.9756781138752947 0.9755676167592409 0.9754566302700582 0.9753451523553636 0.9752331809552134 0.9751207140021254 0.9750077494209174 0.9748942851289197 0.9747803190357271 0.9746658490433232 0.9745508730460233 0.9744353889305118 0.9743193945756032 0.974202887852612 0.9740858666249474 0.9739683287483167 0.9738502720707092 0.9737316944321556 0.9736125936650998 0.9734929675939932 0.9733728140354989 0.9732521307984746 0.9731309156837353 0.973009166484422 0.9728868809855987 0.9727640569645114 0.9726406921902951 0.9725167844243453 0.9723923314199125 0.9722673309223638 0.9721417806688887 0.9720156783888714 0.9718890218034858 0.9717618086259022 0.9716340365612707 0.971505703306538 0.9713768065506002 0.9712473439742293 0.9711173132501146 0.9709867120426804 0.9708555380082877 0.9707237887949621 0.9705914620427276 0.9704585553832423 0.9703250664400407 0.9701909928283018 0.9700563328446143 
0.9876671041317127 0.9876103830090887 0.9875534040132015 0.9874961662924253 0.9874386687026592 0.9873809100948009 0.9873228893151196 0.9872646052050159 0.9872060566011149 0.9871472423350275 0.9870881612336661 0.9870288121189482 0.9869691938080581 0.986909305113095 0.9868491448412778 0.9867887117948171 0.9867280047710623 0.9866670225623747 0.9866057639559423 0.9865442277340951 0.9864824126740648 0.9864203175480238 0.9863579411230654 0.9862952821611874 0.9862323394192736 0.9861691116490751 0.9861055975971379 0.9860417960050063 0.9859777056088158 0.9859133251397197 0.9858486533234267 0.9857836888805706 0.9857184305265264 0.9856528769712253 0.9855870269194689 0.9855208790706893 0.985454432118986 0.9853876847531078 0.9853206356563787 0.9852532835069012 0.985185626977205 0.9851176647343951 0.9850493954402997 0.9849808177510625 0.9849119303175697 0.984842731784985 0.9847732207931218 0.9847033959762007 0.984633255962943 0.9845627993763286 0.9844920248339124 0.9844209309475812 0.9843495163235915 0.9842777795625508 0.9842057192593425 0.98413333400333 0.9840606223780036 0.9839875829611845 0.9839142143248945 0.9838405150355589 0.9837664840327955 
0.9933690214419886 0.993338347546493 0.9933075325571059 0.9932765759907752 0.9932454772059272 0.9932142355582754 0.993182850400698 0.9931513210830589 0.9931196469525301 0.993087827353357 0.9930558616268468 0.9930237491115786 0.9929914891430591 0.992959081053876 0.9929265241738539 0.9928938178296525 0.9928609613451435 0.9928279540411773 0.9927947952356244 0.9927614842433657 0.9927280203762782 0.9926944029432238 0.9926606312499806 0.9926267045994539 0.9925926222912743 0.9925583836221736 0.992523987885751 0.9924894343725156 0.992454722369874 0.9924198511621177 0.9923848200304104 0.9923496282527751 0.9923142751040264 0.9922787598559236 0.9922430817770473 0.9922072401326197 0.9921712341848251 0.9921350631925743 0.9920987264115481 0.9920622230941828 0.9920255524896036 0.9919887138438318 0.9919517063993832 0.9919145293957002 0.991877182068693 0.9918396636511164 0.9918019733723329 0.9917641104583556 0.9917260741318347 0.991687863612044 0.9916494781148124 0.9916109168527307 0.9915721790347519 0.9915332638665642 0.9914941705504109 0.9914548982849118 0.9914154462653806 0.991375813683534 0.9913359997277563 0.9912960035827514 0.9912558246355316 
0.9964442391260302 0.9964277395621256 0.9964111636276426 0.9963945110560859 0.9963777814957767 0.9963609745933907 0.9963440899940059 0.9963271273410972 0.9963100862765268 0.99629296644054 0.9962757674717556 0.9962584890071606 0.9962411306821024 0.9962236921302258 0.9962061729836885 0.9961885728727646 0.9961708914262266 0.9961531282711711 0.9961352830328456 0.9961173553349727 0.9960993447995228 0.9960812510467606 0.9960630736952384 0.9960448123617884 0.9960264666615155 0.9960080362077333 0.9959895206121803 0.9959709194846773 0.9959522324332885 0.9959334590644222 0.9959145989827151 0.9958956517908552 0.995876617089909 0.9958574944790919 0.9958382835558141 0.9958189839156739 0.9957995951524508 0.9957801168580953 0.9957605486226677 0.9957408900345509 0.9957211406800545 0.9957013001438501 0.9956813680085196 0.9956613438549917 0.9956412272620891 0.9956210178069088 0.9956007150645922 0.9955803186083727 0.9955598280095668 0.9955392428375105 0.9955185626597735 0.9954977870418171 0.9954769155471529 0.995455947737501 0.995434883172392 0.995413721409549 0.9953924620047098 0.9953711045114548 0.9953496484815295 0.9953280934646146 0.9953064391192838 
0.9980960111516219 0.9980871614835806 0.9980782707164909 0.9980693387055478 0.9980603652601675 0.9980513501888927 0.9980422932993332 0.9980331943983833 0.9980240532918855 0.9980148697848478 0.9980056436813293 0.9979963747846583 0.9979870628970944 0.9979777078199916 0.9979683093539609 0.997958867298477 0.9979493814522633 0.997939851613121 0.9979302775777582 0.9979206591421194 0.9979109961012143 0.9979012882489472 0.9978915353784455 0.9978817372818344 0.9978718937502872 0.9978620045740206 0.9978520695422926 0.9978420884433951 0.9978320610646526 0.9978219871923596 0.9978118666120006 0.9978016991079111 0.9977914844634402 0.9977812224611132 0.997770912882293 0.9977605555073433 0.9977501501157896 0.9977396964859274 0.997729194395205 0.9977186436200527 0.9977080439357127 0.9976973951165662 0.9976866969359073 0.9976759491659946 0.997665151578045 0.997654303942231 0.9976434060276738 0.9976324576024405 0.9976214584335388 0.9976104082869114 0.9975993069273769 0.9975881541188464 0.9975769496239857 0.9975656932043776 0.9975543846206826 0.9975430236322459 0.9975316099975369 0.9975201434736999 0.9975086238169378 0.9974970507823407 0.9974854241832775 
0.9989812632876642 0.9989765240187254 0.9989717627007056 0.9989669792553837 0.9989621735802525 0.9989573455721089 0.9989524951274956 0.9989476221422552 0.9989427265119161 0.9989378081315243 0.9989328668954744 0.9989279026978403 0.9989229154322065 0.9989179049914998 0.9989128712683194 0.9989078141547132 0.9989027335422302 0.9988976293219195 0.9988925013843826 0.9988873496195487 0.9988821739170072 0.9988769741657809 0.9988717502543812 0.9988665020708049 0.9988612295025315 0.9988559324364663 0.9988506107591595 0.9988452643564704 0.9988398931137878 0.9988344969159714 0.9988290756473501 0.9988236291916635 0.9988181574322814 0.998812660251869 0.9988071375325501 0.9988015891560722 0.9987960150034696 0.9987904149552287 0.9987847888914515 0.9987791366914642 0.9987734582342594 0.9987677533980488 0.9987620220607055 0.9987562640993167 0.9987504793905703 0.9987446678105848 0.9987388292347412 0.9987329635380131 0.9987270705947421 0.9987211502787456 0.9987152024630933 0.9987092270204362 0.998703223822783 0.9986971927415528 0.9986911336475718 0.9986850464110706 0.9986789309016827 0.9986727869884403 0.9986666145397725 0.998660413423502 0.9986541835387613 
0.9994551456074828 0.9994526096803387 0.9994500619436727 0.9994475023555486 0.9994449308608973 0.9994423474043388 0.9994397519304039 0.999437144383198 0.9994345247066242 0.9994318928443251 0.9994292487396818 0.9994265923358134 0.9994239235755752 0.9994212424015573 0.9994185487560842 0.999415842581157 0.9994131238186753 0.9994103924101015 0.9994076482966837 0.9994048914193969 0.9994021217188869 0.9993993391356916 0.9993965436099058 0.9993937350814033 0.9993909134897228 0.9993880787742901 0.9993852308740832 0.9993823697277976 0.9993794952740113 0.9993766074508509 0.9993737061961564 0.9993707914476465 0.999367863142529 0.9993649212179431 0.9993619656105143 0.9993589962567969 0.999356013092829 0.9993530160545746 0.9993500050774787 0.9993469800969096 0.9993439410477138 0.9993408878646582 0.9993378204819858 0.9993347388338566 0.9993316428539033 0.9993285324756185 0.9993254076321867 0.9993222682563153 0.999319114280568 0.9993159456371951 0.9993127622579669 0.9993095640745048 0.9993063510180571 0.9993031230196097 0.9992998800096621 0.9992966219185592 0.9992933486762672 0.9992900602124277 0.9992867564564131 0.999283437337101 0.9992801028002491 
0.9997086579745075 0.9997073016296744 0.9997059389653344 0.9997045699588969 0.9997031945809737 0.9997018128018171 0.9997004245917093 0.9996990299207927 0.9996976287589053 0.9996962210759116 0.9996948068415359 0.9996933860251951 0.9996919585963312 0.9996905245242435 0.9996890837779226 0.9996876363263814 0.9996861821384336 0.9996847211828037 0.999683253427903 0.9996817788421647 0.9996802973938184 0.999678809051002 0.9996773137815389 0.9996758115532698 0.9996743023338301 0.9996727860907609 0.9996712627912855 0.9996697324026412 0.9996681948918591 0.9996666502258156 0.9996650983712895 0.9996635392947384 0.9996619729626314 0.9996603993412251 0.9996588183966207 0.9996572300947614 0.9996556344014322 0.9996540312822592 0.9996524207027641 0.9996508026281422 0.9996491770235943 0.9996475438541033 0.9996459030844896 0.9996442546794108 0.9996425986033597 0.9996409348206644 0.9996392632954875 0.9996375839918251 0.9996358968735062 0.9996342019041917 0.9996324990473739 0.9996307882663759 0.9996290695243494 0.9996273427842763 0.9996256080089662 0.9996238651610552 0.9996221142030074 0.9996203550971112 0.9996185878054812 0.9996168122900551 0.9996150285216979 
0.9998442333206284 0.9998435080490058 0.9998427793971937 0.9998420473531974 0.9998413119012295 0.9998405730254297 0.999839830709864 0.9998390849385324 0.9998383356953816 0.9998375829641694 0.9998368267287091 0.9998360669726931 0.9998353036797371 0.9998345368333805 0.9998337664170871 0.9998329924142424 0.9998322148081559 0.9998314335820587 0.9998306487191044 0.9998298602024231 0.9998290680149006 0.9998282721395093 0.999827472559087 0.9998266692563917 0.9998258622141015 0.9998250514148131 0.9998242368410433 0.9998234184752267 0.9998225962997169 0.999821770296785 0.9998209404486199 0.9998201067373274 0.9998192691449305 0.9998184276533684 0.9998175822444958 0.9998167329000842 0.9998158796018194 0.9998150223313023 0.9998141610700477 0.9998132957994859 0.9998124265009591 0.9998115531557241 0.9998106757449501 0.9998097942497181 0.9998089086510222 0.9998080189297671 0.9998071250667697 0.9998062270427318 0.9998053248383115 0.9998044184340912 0.9998035078104981 0.9998025929478982 0.9998016738265667 0.999800750426687 0.99979982272835 0.9997988907115543 0.9997979543562056 0.9997970136421159 0.999796068548948 0.9997951190564371 0.9997941651489416 
0.9999167238908035 0.9999163361172808 0.9999159465363459 0.9999155551414315 0.9999151619241486 0.9999147668760137 0.9999143699885032 0.9999139712529992 0.9999135706610097 0.9999131682037811 0.9999127638727415 0.9999123576590566 0.9999119495540177 0.9999115395488203 0.9999111276346185 0.9999107138024702 0.9999102980435579 0.999909880348801 0.9999094607092437 0.999909039115832 0.9999086155594705 0.9999081900310216 0.9999077625213048 0.999907333021041 0.9999069015210755 0.9999064680119883 0.9999060324844818 0.9999055949291606 0.9999051553365848 0.9999047136972703 0.9999042700016342 0.9999038242402151 0.9999033764032854 0.9999029264812395 0.9999024744643704 0.9999020203429271 0.9999015641071124 0.9999011057470282 0.9999006452528972 0.9999001826146742 0.999899717822434 0.9998992508661497 0.9998987817357476 0.9998983104210516 0.9998978369120054 0.9998973611982825 0.9998968832696762 0.9998964031158765 0.9998959207265248 0.9998954360912151 0.9998949491994923 0.9998944600407975 0.999893968604634 0.9998934748804073 0.9998929788574454 0.9998924805250693 0.9998919798725219 0.9998914768889474 0.9998909715636065 0.9998904638854874 0.9998899538463029 
0.9998861112735894 0.9998855981133946 0.9998850826386371 0.9998845648415124 0.9998840447115043 0.9998835222382162 0.9998829974110377 0.9998824702193104 0.9998819406524958 0.999881408699805 0.9998808743505408 0.9998803375938594 0.999879798419008 0.9998792568149834 0.9998787127708997 0.999878166275767 0.9998776173186007 0.9998770658881999 0.999876511973481 0.9998759555632544 0.9998753966462243 0.9998748352112109 0.9998742712468178 0.9998737047416522 0.9998731356842148 0.999872564063121 0.9998719898667132 0.999871413083503 0.9998708337017284 0.9998702517097966 0.99986966709584 0.999869079848105 0.9998684899547289 0.999867897403796 0.9998673021833367 0.9998667042813277 0.9998661036856915 0.9998655003842959 0.9998648943649545 0.9998642856153703 0.9998636741233584 0.9998630598764553 0.999862442862365 0.999861823068513 0.9998612004824912 0.9998605750916124 0.9998599468833002 0.999859315844865 0.9998586819635608 0.9998580452265837 0.9998574056210724 0.999856763134108 0.9998561177527127 0.999855469463851 0.9998548182543726 0.9998541641112356 0.9998535070211159 0.9998528469708529 0.9998521839470031 0.9998515179362309 0.9998508489285256 
0.9997869776446946 0.9997860179035933 0.9997850538344639 0.9997840854228378 0.9997831126491075 0.9997821354936328 0.9997811539366854 0.999780167958448 0.999779177538959 0.999778182658333 0.9997771832964294 0.9997761794330716 0.9997751710479927 0.9997741581208343 0.9997731406310922 0.9997721185583351 0.9997710918818734 0.9997700605809803 0.9997690246347801 0.9997679840224702 0.9997669387229876 0.9997658887152293 0.9997648339779432 0.9997637744899474 0.9997627102297981 0.9997616411760109 0.9997605673069488 0.999759488601045 0.999758405036468 0.9997573165913443 0.999756223243646 0.9997551249714135 0.9997540217524211 0.9997529135643435 0.9997518003849217 0.9997506821916294 0.9997495589618396 0.99974843067299 0.9997472973022501 0.9997461588266866 0.9997450152234304 0.9997438664693419 0.9997427125411777 0.9997415534157574 0.9997403890696287 0.9997392194792342 0.9997380446210773 0.9997368644713335 0.9997356790062932 0.9997344882019737 0.9997332920342843 0.9997320904791926 0.9997308835123363 0.9997296711094655 0.999728453245999 0.9997272298974674 0.9997260010390928 0.9997247666461122 0.9997235266936289 0.9997222811565379 0.9997210300161963 
0.9996015878399525 0.9995997931864736 0.9995979904429618 0.9995961795822752 0.9995943605678383 0.9995925333629672 0.9995906979308132 0.9995888542343619 0.9995870022363776 0.9995851418996238 0.9995832731865294 0.9995813960594113 0.9995795104804158 0.999577616411465 0.9995757138144761 0.999573802651028 0.9995718828825836 0.9995699544703762 0.9995680173756328 0.9995660715592387 0.9995641169819592 0.9995621536043285 0.9995601813868695 0.9995582002897615 0.9995562102730049 0.9995542112965876 0.9995522033200949 0.9995501863031531 0.9995481602050404 0.9995461249848528 0.999544080601669 0.9995420270142165 0.9995399641810387 0.9995378920606591 0.9995358106111921 0.9995337197907874 0.9995316195571838 0.9995295098681531 0.9995273906810546 0.9995252619532787 0.9995231236418031 0.9995209757036331 0.99951881809536 0.9995166507736023 0.9995144736945605 0.9995122868144621 0.9995100900891151 0.9995078834742959 0.9995056669255824 0.9995034403981868 0.999501203847342 0.9994989572278579 0.9994967004945082 0.9994944336018641 0.9994921565041257 0.9994898691554541 0.9994875715098053 0.9994852635207613 0.9994829451418631 0.9994806163263871 0.9994782770393908 
0.9992549766075537 0.9992516218075708 0.9992482518952754 0.9992448668198896 0.9992414665132896 0.9992380509070471 0.9992346199324268 0.9992311735203855 0.9992277116015708 0.9992242341063201 0.9992207409646586 0.999217232106298 0.9992137074605796 0.9992101669566957 0.9992066105233538 0.9992030380889984 0.9991994495817534 0.9991958449294208 0.9991922240594239 0.999188586899028 0.9991849333750056 0.9991812634138572 0.9991775769416982 0.9991738738844811 0.9991701541676591 0.999166417716352 0.9991626644555113 0.9991588943095856 0.9991551072026856 0.9991513030587491 0.9991474818011509 0.9991436433531452 0.9991397876374203 0.9991359145765413 0.999132024092504 0.9991281161071776 0.9991241905418592 0.9991202473177163 0.9991162863553412 0.9991123075751931 0.9991083108971535 0.9991042962409111 0.9991002635257966 0.9990962126706121 0.9990921435939638 0.9990880562140375 0.9990839504487092 0.9990798262153203 0.9990756834310099 0.9990715220124903 0.9990673418761011 0.9990631429378641 0.9990589251132576 0.9990546883175498 0.9990504324655738 0.9990461574717818 0.9990418632502435 0.9990375497146445 0.9990332167782841 0.9990288643540741 0.999024492376908 
0.9986072401426981 0.9986009727041062 0.9985946770695517 0.9985883531446391 0.998582000802603 0.9985756199160574 0.9985692103572151 0.9985627719975542 0.9985563047079786 0.9985498083589855 0.998543282820272 0.9985367279611773 0.9985301436502367 0.9985235297556221 0.9985168861446962 0.9985102126844531 0.9985035092410729 0.9984967756803619 0.9984900118673062 0.9984832176664586 0.9984763929417128 0.9984695375564119 0.9984626513731241 0.9984557342539733 0.9984487860604137 0.9984418066532827 0.9984347958927988 0.9984277536385587 0.9984206797495336 0.9984135740840678 0.9984064364998753 0.9983992668540368 0.9983920650029975 0.9983848308025085 0.9983775641078458 0.9983702647734751 0.9983629326532704 0.9983555676004 0.9983481694675466 0.9983407381065147 0.9983332733686727 0.9983257751045616 0.9983182431640572 0.9983106773964797 0.9983030776504794 0.998295443773867 0.9982877756139988 0.9982800730173307 0.9982723358298028 0.9982645638966151 0.9982567570623354 0.9982489151706736 0.9982410380648123 0.9982331255871821 0.9982251775795131 0.9982171938828327 0.9982091743374616 0.9982011187830118 0.9981930270583826 0.9981848990017584 0.9981767344924042 
0.9973978167047554 0.9973861210896923 0.9973743729866799 0.9973625722213388 0.9973507185588619 0.9973388117634056 0.9973268515980869 0.9973148378249778 0.997302770205046 0.9972906484983721 0.9972784724638121 0.9972662418592148 0.9972539564413059 0.9972416159659061 0.9972292201875378 0.997216768859864 0.9972042617352397 0.9971916985650968 0.9971790790997156 0.9971664030883328 0.9971536702789139 0.9971408804184814 0.9971280332528883 0.997115128526869 0.9971021659840338 0.997089145366865 0.9970760664166558 0.9970629288737277 0.9970497324770928 0.9970364769646152 0.9970231620731722 0.9970097875383174 0.9969963530944409 0.9969828584748769 0.9969693034117857 0.9969556876359841 0.9969420108772726 0.9969282728642075 0.9969144733241528 0.9969006119833297 0.9968866885665337 0.9968727027976858 0.9968586543992705 0.9968445430926096 0.9968303685978009 0.9968161306336574 0.9968018289179238 0.9967874631669393 0.9967730330957978 0.996758538418509 0.9967439788476055 0.9967293540945248 0.996714663869383 0.9966999078810796 0.9966850858370707 0.9966701974436957 0.9966552424059507 0.9966402204275383 0.9966251312108616 0.996609974456964 0.9965947499437376 
0.9951432804414004 0.9951215012878555 0.9950996248386765 0.9950776507750423 0.9950555786658626 0.9950334080780143 0.995011138576502 0.9949887697245599 0.9949663010835323 0.9949437322127022 0.9949210626696134 0.9948982920098419 0.9948754197870442 0.9948524455529481 0.9948293688573451 0.9948061892480279 0.994782906271003 0.9947595194701504 0.994736028387382 0.9947124325627444 0.9946887315343 0.9946649248379517 0.9946410120077681 0.9946169925757542 0.9945928660718966 0.9945686320241576 0.9945442899584087 0.9945198393986475 0.9944952798666532 0.9944706108821469 0.9944458319629486 0.9944209426245804 0.9943959423806467 0.9943708307426035 0.9943456072198059 0.9943202713194985 0.9942948225468078 0.9942692604047327 0.9942435843941366 0.9942177940136825 0.9941918887600472 0.9941658681275222 0.9941397316084517 0.994113478692777 0.994087108868418 0.994060621621041 0.9940340164341068 0.9940072927888601 0.9939804501643216 0.9939534880372229 0.9939264058822204 0.9938992031715512 0.9938718793751931 0.9938444339609648 0.9938168663944055 0.9937891761386001 0.9937613626545033 0.9937334254007062 0.9937053638334854 0.9936771774067353 0.9936488657171787 
0.9909531276113976 0.9909127299959744 0.9908721534449529 0.9908313973876794 0.9907904610449291 0.9907493436344523 0.9907080443705172 0.9906665624642871 0.9906248971235843 0.9905830475529354 0.990541012953557 0.9904987925233442 0.9904563854568573 0.9904137909452551 0.9903710081765021 0.9903280363349695 0.9902848746018652 0.9902415221547777 0.9901979781680517 0.9901542418125525 0.9901103122557109 0.9900661886615075 0.9900218701904062 0.9899773559995626 0.9899326452424231 0.9898877370691548 0.9898426306261895 0.9897973250565989 0.989751819499859 0.9897061130918929 0.9896602049650579 0.9896140942481312 0.9895677800662978 0.9895212615411366 0.9894745377905522 0.989427607928972 0.9893804710669974 0.9893331263116745 0.9892855727663626 0.9892378095307242 0.9891898357007217 0.9891416503686044 0.9890932526228943 0.9890446415483379 0.988995816226011 0.9889467757331794 0.9888975191432436 0.9888480455259409 0.9887983539471439 0.9887484434689268 0.9886983131494717 0.988647962043074 0.9885973892003472 0.9885465936678604 0.9884955744883376 0.9884443307005408 0.9883928613394769 0.988341165435996 0.9882892420171651 0.9882370901060328 0.9881847089899548 
0.9832089021607636 0.9831345122752477 0.983059798116369 0.9829847587019421 0.9829093926668219 0.9828336986407529 0.982757675248018 0.9826813211075909 0.9826046348332841 0.9825276150333454 0.9824502603108851 0.9823725692634152 0.9822945404832772 0.9822161725571827 0.9821374640666389 0.9820584135874901 0.9819790196903441 0.9818992809401121 0.9818191958964364 0.9817387631132293 0.9816579811391013 0.9815768485169006 0.9814953637840846 0.9814135254725369 0.9813313321083849 0.9812487822123714 0.9811658742993941 0.9810826068789325 0.9809989784545888 0.9809149875244587 0.9808306325809487 0.9807459121105931 0.9806608245944259 0.9805753685075207 0.980489542319417 0.9804033444936614 0.9803167734882335 0.9802298277551419 0.9801425057405739 0.9800548058850448 0.9799667266229943 0.9798782663832126 0.9797894235884366 0.979700196655554 0.9796105839954768 0.9795205840133475 0.9794301951081879 0.9793394156731058 0.9792482440952223 0.9791566787556565 0.9790647180295081 0.978972360285841 0.9788796038876675 0.9787864471919663 0.9786928885495472 0.9785989263051618 0.9785045587974761 0.9784097843590384 0.9783146013161077 0.9782190079889811 0.978123003183217 
0.9690426264447769 0.9689074601965408 0.9687717221112241 0.9686354106280297 0.9684985234925479 0.9683610584429748 0.9682230132101554 0.9680843855174081 0.967945173080734 0.9678053736085848 0.9676649848020192 0.9675240043546923 0.9673824299526779 0.9672402592746809 0.9670974899918061 0.9669541197677127 0.9668101462586067 0.9666655671130627 0.9665203799722039 0.9663745824696329 0.9662281722312838 0.9660811468756841 0.9659335040136778 0.9657852412486382 0.9656363561762444 0.9654868463846947 0.9653367094544757 0.9651859429585765 0.9650345444622587 0.9648825115232696 0.9647298416916139 0.9645765325097171 0.9644225815124441 0.9642679862267638 0.9641127441722367 0.9639568528606486 0.9638003097960548 0.9636431124749386 0.9634852583859843 0.9633267450102907 0.9631675698211454 0.9630077302842396 0.9628472238574886 0.9626860479910591 0.9625242001274206 0.9623616777013765 0.9621984781399472 0.9620345988623555 0.961870037280192 0.9617047907972431 0.9615388568094888 0.9613722327052624 0.9612049158650275 0.9610369036615947 0.9608681934599521 0.9606987826172624 0.9605286684830258 0.9603578483988997 0.9601863196987523 0.9600140797087161 0.9598411266326421 
0.9436100490247367 0.9433703281931454 0.9431296484697493 0.9428880077692102 0.9426454027816848 0.9424018301905448 0.9421572866721798 0.9419117688961927 0.9416652735254259 0.9414177972158244 0.9411693366166298 0.9409198883704093 0.9406694491129755 0.9404180154734149 0.9401655840742306 0.9399121515313736 0.9396577144541065 0.9394022694452587 0.9391458131010367 0.9388883420112795 0.9386298527592689 0.9383703419219878 0.9381098060699312 0.9378482417673637 0.9375856455721858 0.9373220140359846 0.9370573437041589 0.9367916311159675 0.9365248728044625 0.9362570652965263 0.9359882051130448 0.9357182887688495 0.9354473127726883 0.9351752736274678 0.9349021678301205 0.9346279918716466 0.9343527422373237 0.9340764154065266 0.9337990078529971 0.9335205160447035 0.9332409364439765 0.932960265507463 0.9326784996863666 0.9323956354262766 0.932111669167363 0.9318265973442778 0.9315404163864142 0.9312531227177797 0.9309647127571041 0.9306751829178288 0.9303845296083857 0.9300927492318548 0.9297998381864082 0.9295057928650835 0.929210609656115 0.9289142849426161 0.9286168151029953 0.9283181965107307 0.928018425534651 0.927717498538854 0.9274154134290313 
0.8994516573434882 0.8990442978425524 0.8986354718788316 0.8982251777660983 0.897813411751321 0.8974001700842436 0.8969854490177316 0.8965692448076775 0.8961515537133471 0.8957323719972858 0.8953116959256262 0.8948895217681662 0.894465845798455 0.8940406642939136 0.8936139735360265 0.8931857698105189 0.8927560494073117 0.8923248086208788 0.8918920437501603 0.8914577510989204 0.8910219269756633 0.8905845676939931 0.8901456695725298 0.8897052289352174 0.8892632421114638 0.8888197054361375 0.888374615249825 0.8879279678990154 0.8874797597360082 0.8870299871194393 0.8865786464141078 0.886125733991206 0.8856712462285368 0.8852151795106328 0.8847575302289057 0.8842982947816395 0.8838374695744974 0.883375051020368 0.8829110355395543 0.8824454195600425 0.8819781995176584 0.8815093718560554 0.8810389330270393 0.880566879490724 0.8800932077155267 0.8796179141785474 0.8791409953655067 0.8786624477710747 0.8781822678989794 0.8777004522622197 0.877216997383085 0.8767318997934627 0.8762451560349305 0.8757567626589442 0.8752667162270198 0.8747750133109459 0.8742816504927833 0.8737866243652037 0.8732899315316032 0.8727915686063314 0.8722915347728714 
0.8270512448864055 0.8264071744484969 0.8257612074783961 0.8251133454485688 0.8244635865849341 0.8238119291414664 0.8231583714004148 0.8225029116725799 0.8218455482973108 0.8211862796430602 0.8205251041073582 0.819862020117151 0.8191970261290089 0.8185301206291928 0.8178613021341458 0.8171905691904612 0.8165179203753252 0.8158433542965629 0.8151668695928778 0.8144884649342182 0.8138081390217878 0.8131258905884841 0.8124417183988411 0.8117556212496747 0.8110675979697888 0.8103776474205573 0.8096857684961127 0.8089919601233602 0.8082962212552645 0.8075985508994823 0.8068989480758721 0.8061974118451892 0.8054939413021817 0.8047885355828118 0.80408119383646 0.8033719152681956 0.8026606991108697 0.8019475446325252 0.8012324511364449 0.8005154179613679 0.799796444481816 0.7990755301083078 0.7983526742874066 0.7976278765020993 0.7969011362720125 0.7961724531534563 0.7954418267397998 0.7947092566616271 0.7939747425869708 0.7932382842214751 0.7924998813086614 0.7917595336301121 0.7910172410055956 0.790273003293504 0.789526820390721 0.7887786922331993 0.7880286187958672 0.7872766000930179 0.7865226361783831 0.7857667271454207 0.7850088770016881 
0.7188159585794998 0.7179062960735594 0.7169948446925515 0.7160816130509708 0.7151666051858424 0.7142498251858165 0.713331277191371 0.7124109653947395 0.7114888940399771 0.7105650674230851 0.7096394898919366 0.708712165846373 0.7077830997382295 0.7068522960713691 0.705919759401717 0.7049854943372541 0.7040495055381155 0.703111797716516 0.7021723756367783 0.7012312441154842 0.7002884080212842 0.6993438722750298 0.6983976418497704 0.6974497217707148 0.6965001171152645 0.6955488330130231 0.6945958746457156 0.6936412472279904 0.6926821697341863 0.6917242258526253 0.6907646289710125 0.6898033845174903 0.6888404980005092 0.6878787328511077 0.6869125731814574 0.6859447882085756 0.6849753836539693 0.6840043652719936 0.6830317388688028 0.6820575103024201 0.6810816854825779 0.6801042703707697 0.6791252709800852 0.678144693375208 0.6771625436723897 0.6761788280392846 0.6751935526949819 0.6742067239098463 0.6732183480055273 0.6722284313548123 0.6712369803815769 0.6702440015606853 0.6692495014179026 0.6682534865298112 0.6672559635237437 0.6662569390776037 0.6652564199198154 0.6642544128292378 0.6632509246350384 0.6622459622165563 0.6612395376422836 
0.577451579599349 0.5763541219545496 0.5752559049313055 0.5741569444567647 0.5730572508952345 0.5719568346396123 0.5708557061112207 0.5697538757591202 0.5686513540600125 0.567548151517691 0.5664442786626762 0.5653397460518771 0.5642345642681903 0.5631287439200529 0.5620222956410661 0.5609152300896983 0.5598075579486578 0.558699289924763 0.557590436748353 0.5564810091729354 0.5553710179747806 0.554260473952511 0.5531493879267438 0.5520377707394781 0.5509256332540176 0.5498129863541572 0.5486998409235628 0.5475814185218028 6.323947190874193e-06 3.527030703015391e-06 3.522130718450344e-06 3.51723645411391e-06 6.270240571584778e-06 0.5408900508353042 0.5397780461358315 0.5386609079787245 0.5375433813548325 0.5364254773834918 0.5353072071789389 0.5341885818702033 0.5330696126003482 0.5319503105264595 0.5308306868187969 0.5297107526607227 0.5285905192479436 0.5274699977882507 0.5263491995010763 0.52522813561694 0.5241068173770037 0.5229852560327773 0.5218634628455178 0.5207414490858205 0.519619226033177 0.5184968049755188 0.5173741972087608 0.5162514140364119 0.5151284667690011 0.514005366723627 0.5128821252236666 0.5117587535981194 0.5106352689104162 
0.422149695303456 0.4210532820315383 0.4199576412613181 0.4188627888220389 0.4177687349179298 0.416675489722189 0.4155830633766482 0.4144914659914076 0.413400707644485 0.4123107983814638 0.4112217482151416 0.4101335671251836 0.4090462650577794 0.4079598519252997 0.4068743376059579 0.405789731943475 0.4047060447467452 0.4036232857895034 0.4025414648100014 0.4014605915106805 0.4003806755578475 0.399301726581358 0.3982237541742992 0.3971467678926799 0.3960707772551094 0.3949957917286739 0.3939185029657504 4.800588272085062e-06 2.830469427074037e-11 8.974029609682943e-12 8.961535673176825e-12 8.949109190078015e-12 2.797026243477738e-11 4.722853824180443e-06 0.3853644477250543 0.3843032767197611 0.3832399622541144 0.3821777636223473 0.3811166898021279 0.380056749715942 0.3789979522443254 0.3779403062255999 0.3768838204556241 0.3758285036875447 0.3747743646315314 0.373721411954555 0.3726696542801184 0.3716191001880443 0.3705697582142241 0.3695216368503741 0.3684747445438386 0.3674290896973286 0.36638468066873 0.3653415257708645 0.3642996332712695 0.3632590113920161 0.3622196683094542 0.361181612154045 0.3601448510101397 0.3591093929157979 0.3580752511288089 
0.2808538319209211 0.2799466085275041 0.2790411739594016 0.2781375366636522 0.2772357004009587 0.2763356688807163 0.2754374457610663 0.2745410346489835 0.2736464391003437 0.2727536626200111 0.2718627086619067 0.2709735806290974 0.2700862818738784 0.2692008156978591 0.2683171853520596 0.2674353940369925 0.2665554449027619 0.2656773410491661 0.2648010855257832 0.2639266813320839 0.263054131417532 0.2621834386816845 0.2613146059743081 0.2604476360954819 0.2595825317882901 0.2587171792734482 3.327705836173324e-06 2.068121134633839e-11 8.292504497016093e-17 1.519162296568729e-17 1.517040602931552e-17 1.514943554476375e-17 8.164892067306398e-17 2.02618044849479e-11 3.240601647319172e-06 0.2501881982957432 0.2493477293938731 0.2485071055874675 0.2476683807228647 0.2468315568290645 0.2459966358803844 0.2451636198037942 0.2443325104790563 0.2435033097388808 0.2426760193690741 0.2418506411086974 0.2410271766502099 0.2402056276396354 0.2393859956767163 0.2385682823150734 0.2377524890623686 0.236938617380461 0.2361266686855847 0.2353166443484997 0.2345085456946673 0.2337023740044185 0.2328981305131247 0.2320958164113625 0.2312954328450981 0.2304969809158634 0.2297004657323923 
0.1727151113261529 0.1720736193547328 0.1714340129924171 0.1707962936258199 0.170160459334132 0.1695265081699029 0.1688944381592319 0.1682642473020104 0.1676359335721166 0.1670094949176529 0.166384929261143 0.1657622344997918 0.1651414085056466 0.1645224491258568 0.1639053541828893 0.1632901214746915 0.1626767487750022 0.1620652338334582 0.1614555743758922 0.1608477681045339 0.1602418126981971 0.1596377058124806 0.1590354450800641 0.1584350281087729 0.1578356507562565 2.123949362913626e-06 1.38709091140814e-11 5.849103017875963e-17 1.791850803460374e-22 1.924908908426447e-23 1.922208020610029e-23 1.91956315795683e-23 1.757599091997546e-22 5.706394795885495e-17 1.344730262207777e-11 2.044564336180056e-06 0.1507954905257538 0.1502213948578856 0.149648332695742 0.1490770731299909 0.1485076134177767 0.147939950795231 0.1473740824797309 0.1468100056700342 0.14624771754652 0.1456872152713529 0.1451284959887357 0.1445715568250527 0.1440163948891197 0.1434630072723473 0.1429113910489786 0.1423615432762197 0.141813460994518 0.1412671412276923 0.14072258098318 0.1401797772521829 0.1396387270099124 0.1390994272157292 0.13856187481338 0.1380260667311949 0.1374920025964818 
0.1004006340645844 0.09999526517837429 0.09959134972379095 0.09918888601095877 0.09878787027340558 0.09838829874253856 0.09799016764777049 0.09759347321663736 0.09719821167491149 0.09680437924671838 0.09641197215465384 0.09602098661989457 0.09563141886231322 0.09524326510058886 0.09485652155231876 0.09447118443413 0.09408724996178706 0.09370471435030259 0.09332357381404147 0.09294382456683196 0.0925654628220694 0.09218848479282087 0.09181288669193319 0.09143866473095273 0.09106535268899879 4.643358843231917e-07 1.18145097915536e-12 2.000061400871923e-18 2.534383821432833e-24 2.203653293836655e-29 1.944549426059505e-29 2.185947374741964e-29 2.412814183060046e-24 1.904118557390648e-18 1.124775928060584e-12 4.420612146193891e-07 0.0866968414155008 0.08634193181355419 0.08598789772390132 0.08563517924276377 0.08528377259699063 0.08493367401390248 0.08458487972250624 0.08423738595358726 0.08389118893979171 0.08354628491571721 0.08320267011798815 0.0828603407853479 0.08251929315874172 0.08217952348139115 0.08184102799888622 0.08150380295925791 0.08116784461306258 0.08083314921346024 0.08049971301629108 0.08016753228015672 0.07983660326649422 0.07950692223965368 0.0791784854669727 0.07885128921885946 0.07852533142458049 
0.05630305173652463 0.05606463136571137 0.05582715967009663 0.055590634590825 0.05535505285553984 0.05512041119893765 0.05488670636279461 0.05465393509598803 0.05442209415452118 0.05419118030154326 0.05396119030737187 0.05373212094951423 0.05350396901268694 0.05327673128883876 0.05305040457716707 0.05282498568414064 0.05260047142351545 0.05237685861635701 0.05215414409105472 0.0519323246833431 0.05171139723631658 0.0514913586004492 0.05127220563360829 0.05105393520041596 0.05083628607149209 2.592088328528196e-07 6.59518472565401e-13 1.116456560936805e-18 1.414637184599975e-24 1.431095434333662e-30 1.873644920682983e-35 1.359558348529514e-30 1.343922039605949e-24 1.060646921016435e-18 6.265503364832282e-13 2.462514495591484e-07 0.04829507017683225 0.04808907757040216 0.0478836740713695 0.04767910397017333 0.04747536426083296 0.04727245194437851 0.04707036402948905 0.04686909753250361 0.04666864947742796 0.04646901689594446 0.04627019682741885 0.04607218631890888 0.04587498242517241 0.04567858220867232 0.04548298273958633 0.04528818109581094 0.04509417436296933 0.04490095963441684 0.04470853401124587 0.04451689460229249 0.04432603852414035 0.04413596290112607 0.04394666486534333 0.04375814155665039 0.04357039107606337 
0.03090838319261826 0.03077399209004665 0.03064016616865403 0.03050690389430583 0.03037420305206211 0.0302420614343029 0.03011047684071826 0.02997944707829538 0.02984896996130788 0.0297190433113022 0.02958966495708625 0.02946083273471682 0.02933254448748688 0.02920479806591306 0.02907759132772318 0.02895092213784357 0.02882478836838545 0.02869918789863306 0.02857411861502986 0.02844957841116562 0.02832556518776337 0.02820207685266591 0.02807911132082256 0.02795666651391607 0.02783459905598338 1.419257835078138e-07 3.611094975215703e-13 6.112999671136161e-19 7.745659951861051e-25 8.179340675710652e-31 3.421102936260626e-32 7.775569455247585e-31 7.349565607869457e-25 5.800395449717608e-19 3.426432117600454e-13 1.34668031997071e-07 0.02641120212675498 0.02629596848612922 0.02618108998564751 0.02606669991617417 0.025952796318546 0.02583937724009478 0.02572644073497521 0.02561398486415132 0.02550200769538104 0.02539050730320168 0.02527948176891378 0.02516892918056773 0.02505884763294796 0.02494923522755691 0.02484009007260153 0.02473141028297662 0.02462319398025076 0.02451543929265002 0.02440814435504298 0.02430130730892513 0.02419492630240366 0.0240889994901824 0.02398352503354476 0.02387850110034067 0.02377392639590521 
0.01676413792437826 0.01669018748272001 0.01661655736497264 0.01654324660759155 0.01647025387351667 0.0163975778308606 0.01632521715289439 0.0162531705180303 0.01618143660980574 0.016110014116867 0.0160389017329537 0.0159680981568815 0.01589760209252774 0.01582741224881293 0.01575752733968736 0.01568794608411167 0.01561866720604461 0.01554968943442394 0.01548101150315171 0.01541263215107832 0.01534455012198585 0.01527676416457295 0.01520927303243803 0.01514207548386944 0.01507509375661552 1.180630970136477e-07 4.61207790037089e-13 1.198317126879334e-18 2.329773817612266e-24 3.397232971136683e-26 3.381670161002132e-26 3.366847217170559e-26 2.236054469458552e-24 1.146604972544655e-18 4.399661861678437e-13 1.122861370478593e-07 0.01429459416837762 0.0142314523405439 0.01416851283951095 0.01410584770912368 0.01404345578866836 0.01398133592184619 0.01391948695694443 0.01385790774682096 0.01379659714888873 0.01373555402510045 0.01367477724193341 0.01361426567037345 0.01355401818590077 0.01349403366847344 0.01343431100251304 0.01337484907688907 0.01331564678490384 0.01325670302427717 0.0131980166971313 0.01313958670997606 0.01308141197369321 0.0130234914035219 0.01296582391904346 0.01290840844416728 0.01285124419731315 
0.009032232434667794 0.008992077270287648 0.008952098809705558 0.008912296493486885 0.00887266955972639 0.008833217249687995 0.008793938807794202 0.008754833481611893 0.008715900521842462 0.008677139182309191 0.008638548719943774 0.008600128394776923 0.008561877469925639 0.008523795211579891 0.00848588088899363 0.008448133774469842 0.008410553143351597 0.008373138274009167 0.008335888447828583 0.008298802949198873 0.008261881065503088 0.008225122087103904 0.008188525307334871 0.00815209002248656 0.008115815531302334 0.008079583597950166 6.320427626357854e-08 2.466678755923299e-13 6.403815613361805e-19 2.680994359999699e-20 2.668873234162342e-20 2.657020081208705e-20 6.181287447974003e-19 2.373618237707711e-13 6.063269902041678e-08 0.007727098260621159 0.007692812482447812 0.007658565867024392 0.00762447053769014 0.00759052583700788 0.007556731109836021 0.007523085703790522 0.007489588969234438 0.007456240259267192 0.00742303892971363 0.007389984339113529 0.007357075848710763 0.007324312822442687 0.007291694626930053 0.007259220631465447 0.007226890208003879 0.007194702731151718 0.007162657578156042 0.007130754128895019 0.007098991765866632 0.007067369874178869 0.007035887841539359 0.007004545058245036 0.006973340917171584 0.006942274813764272 0.006911346303029643 
0.004848827072870711 0.004827179740762374 0.004805628475441322 0.004784172964626384 0.004762812786991776 0.0047415475230291 0.004720376755038678 0.004699300067123759 0.004678317045181475 0.004657427276897207 0.004636630351735417 0.004615925860933397 0.00459531339749396 0.004574792556176667 0.004554362933493051 0.004534024127696598 0.004513775738778262 0.004493617368456455 0.004473548620172415 0.004453569099081373 0.004433678412045708 0.004413876167628732 0.004394161976087137 0.004374535449362813 0.004354996201077413 0.004335543846066259 0.004316115079971343 3.374299615010519e-08 1.316214023738963e-13 1.583689523836927e-14 1.576568995492907e-14 1.569528772841435e-14 1.277821618799839e-13 3.265703784790034e-08 0.004164259311662721 0.004145716002308501 0.004127194559993868 0.004108755522421298 0.004090398526440998 0.004072123210038601 0.004053929212770758 0.004035816175757155 0.004017783741675723 0.003999831554754427 0.003981959260766049 0.003964166507021263 0.003946452942362193 0.003928818217156409 0.003911261983289179 0.003893783894158703 0.003876383604668898 0.003859060771223467 0.003841815051719241 0.003824646105540075 0.003807553593550588 0.00379053717808985 0.00377359652296579 0.003756731293447719 0.00373994115626157 0.003723225779583105 0.003706584917503662 
0.002597945013116194 0.002586320508511793 0.002574747824472602 0.002563226790195767 0.002551757176352903 0.002540338754623355 0.002528971297689102 0.002517654579231979 0.002506388373927829 0.002495172457443011 0.002484006606430303 0.002472890598524254 0.002461824212336736 0.002450807227453641 0.002439839424429795 0.002428920584785134 0.002418050491000722 0.002407228926514002 0.002396455675715361 0.002385730523943956 0.002375053257483217 0.002364423663556759 0.002353841530324749 0.00234330664687988 0.002332818803242695 0.002322377790358471 0.002311983399846545 0.002301601833033466 1.798784190815103e-08 6.22426401305083e-09 6.196345392432749e-09 6.168610506671481e-09 1.756487251482696e-08 0.002240478005942511 0.002230482016378744 0.002220498013747798 0.002210558601899766 0.002200663582803101 0.002190812759061195 0.002181005934147949 0.002171242912402521 0.002161523499027474 0.002151847500082973 0.002142214722485288 0.002132624974000771 0.002123078063244314 0.002113573799674211 0.002104111993588927 0.002094692456123867 0.002085314999247061 0.002075979435756094 0.002066685579274362 0.002057433244247338 0.002048222245939 0.002039052400428882 0.002029923524607323 0.002020835436173298 0.002011787953630083 0.00200278089628198 0.001993814084230934 0.001984887383685597 
0.001390488666287351 0.001384259426627967 0.001378058023161914 0.001371884363464045 0.001365738323755879 0.001359619780807851 0.001353528611937599 0.001347464695006819 0.001341427908419389 0.001335418131118519 0.001329435242585053 0.001323479122834416 0.001317549652414557 0.001311646712403959 0.001305770184408531 0.00129991995056007 0.0012940958935135 0.001288297896444593 0.001282525843047982 0.001276779617534582 0.00127105910462931 0.001265364189569039 0.001259694758100357 0.001254050696476995 0.001248431891457928 0.001242838230305057 0.001237269600781069 0.001231725891031703 0.001226195307032725 0.001220701156177624 0.001215231592790998 0.001209786507047455 0.001204365789727061 0.001198980755798667 0.001193608398233079 0.001188260084218471 0.001182935706517642 0.0011776351582576 0.001172358333040359 0.001167105124940866 0.001161875428504588 0.001156669138745758 0.001151486151145312 0.001146326361648522 0.001141189666663163 0.001136075963057798 0.001130985148159093 0.001125917119750243 0.001120871776068863 0.001115849015804835 0.001110848738098814 0.001105870842539422 0.001100915229162075 0.00109598179844646 0.00109107045131499 0.001086181089130533 0.001081313613694496 0.001076467927245334 0.001071643932455864 0.001066841532431983 0.001062060654978602 
0.0007438076866952063 0.0007404733600795438 0.0007371539525665827 0.0007338494144263032 0.0007305596791486934 0.0007272846805203394 0.0007240243526232938 0.0007207786298334485 0.0007175474468194374 0.0007143307385412953 0.0007111284402491573 0.0007079404874819232 0.0007047668160661891 0.0007016073621145452 0.0006984620620248913 0.0006953308524785387 0.0006922136704395657 0.0006891104531530208 0.0006860211381440768 0.0006829456632165447 0.0006798839664517618 0.0006768359862073252 0.0006738016611158596 0.0006707809300838055 0.0006677737322901453 0.0006647800071854149 0.0006617996944901067 0.0006588327341938734 0.0006558790665243478 0.0006529386320650781 0.0006500113715756069 0.0006470972261095758 0.0006441961369836866 0.0006413080458056306 0.000638432894356405 0.0006355706247642246 0.0006327211793863258 0.0006298845008374435 0.0006270605319882807 0.0006242492159645403 0.0006214504961459071 0.0006186643161647399 0.0006158906199050165 0.0006131293515011621 0.0006103804553370937 0.0006076438760449033 0.0006049195585039602 0.0006022074478396002 0.0005995074894222108 0.0005968196288661095 0.0005941438120283366 0.0005914799850076519 0.000588828094143645 0.0005861880860153327 0.0005835599074403039 0.0005809435054736206 0.0005783388274066959 0.0005757458207664117 0.0005731644333139016 0.000570594613043601 0.0005680363211681097 
0.000397761818489309 0.0003959781248360259 0.000394202417638072 0.0003924346702185928 0.0003906748469250837 0.000388922912264543 0.0003871788309025884 0.0003854425676629433 0.0003837140875265906 0.0003819933556311878 0.0003802803372702504 0.0003785749978925746 0.0003768773031014312 0.0003751872186539586 0.0003735047104604509 0.0003718297445836764 0.0003701622872381922 0.0003685023047896739 0.000366849763754211 0.0003652046307977428 0.0003635668727352059 0.0003619364565300275 0.0003603133492934381 0.0003586975182837295 0.0003570889309057086 0.0003554875547099386 0.0003538933573921327 0.0003523063067926091 0.0003507263708954609 0.0003491535178279799 0.0003475877158601535 0.0003460289334038347 0.0003444771390121831 0.0003429323013790994 0.0003413943893384971 0.0003398633718637328 0.0003383392180670089 0.000336821897198651 0.000335311378646593 0.0003338076319357305 0.0003323106267273102 0.000330820332818317 0.0003293367201408959 0.0003278597587616453 0.0003263894188811764 0.000324925670833408 0.0003234684850849935 0.0003220178322347078 0.0003205736830129409 0.0003191360082809883 0.0003177047790305954 0.0003162799663832482 0.0003148615415896887 0.0003134494760293328 0.00031204374120961 0.0003106443087654842 0.0003092511504588477 0.0003078642381779577 0.0003064835439368717 0.0003051090398748939 0.0003037407052017148 
0.0002126745673604664 0.0002117206894780093 0.0002107710841395456 0.0002098257370577874 0.0002088846291457082 0.0002079477414017545 0.000207015054909472 0.0002060865508371291 0.0002051622104373337 0.00020424201504666 0.0002033259460852715 0.0002024139850565472 0.0002015061135467082 0.00020060231322445 0.0001997025658405721 0.000198806853227611 0.0001979151572994738 0.000197027460051077 0.0001961437435579811 0.0001952639899760316 0.0001943881815409998 0.0001935163005682258 0.0001926483294522622 0.0001917842506665181 0.0001909240467629098 0.0001900677003715088 0.0001892151942001883 0.0001883665110342827 0.0001875216337362315 0.0001866805452452458 0.0001858432285769539 0.0001850096668230673 0.0001841798431510368 0.0001833537408037151 0.0001825313430990181 0.0001817126334295901 0.0001808975952624713 0.0001800862121387606 0.0001792784676732883 0.0001784743455542842 0.0001776738295430519 0.0001768769034736382 0.000176083551252509 0.0001752937568582269 0.0001745075043411281 0.0001737247778230011 0.0001729455614967644 0.0001721698396261521 0.0001713975965453978 0.0001706288166589122 0.0001698634844409786 0.0001691015844354327 0.0001683431012553564 0.0001675880195827662 0.0001668363241683017 0.0001660879998309258 0.0001653430314576114 0.0001646014040030417 0.0001638631024893025 0.0001631281120056024 0.0001623964214220051 
0.0001137027691649955 0.0001131927445769336 0.0001126850049059689 0.0001121795425068523 0.0001116763471680472 0.0001111754087237794 0.0001106767170538382 0.0001101802620833741 0.0001096860337826937 0.00010919402216706 0.0001087042172964881 0.0001082166092755467 0.0001077311882531584 0.0001072479444224007 0.0001067668680203079 0.0001062879493276755 0.0001058111786688626 0.0001053365464115981 0.0001048640429667859 0.0001043936587883113 0.0001039253843728491 0.000103459210259672 0.0001029951270304587 0.0001025331253091053 0.0001020731957615355 0.0001016153290955134 0.0001011595160604535 0.0001007057474472379 0.0001002540140880267 9.980430685607718e-05 9.935661666555478e-05 9.89109344713556e-05 9.846725126891917e-05 9.802555809404901e-05 9.758584602273209e-05 9.714810617095758e-05 9.671232969453904e-05 9.627850778893517e-05 9.584663168907184e-05 9.541669266916659e-05 9.498868204255253e-05 9.45625911615012e-05 9.413841141705015e-05 9.371613423882875e-05 9.329575109488519e-05 9.287725349151519e-05 9.246063297308819e-05 9.204588112187948e-05 9.163298955790069e-05 9.122194993872618e-05 9.081275395933195e-05 9.040539335192139e-05 8.999985988576284e-05 8.959614536702217e-05 8.919424163859639e-05 8.879414057995103e-05 8.839583410695502e-05 8.799931417171829e-05 8.760457276242702e-05 8.721160190319419e-05 8.682039563964455e-05 
8.31356035642713e-05 8.275027841135387e-05 8.236673709900048e-05 8.198497332601545e-05 8.160497885566596e-05 8.122674548936915e-05 8.085026506652002e-05 8.047552946431629e-05 8.010253059758255e-05 7.97312604185976e-05 7.936171091691873e-05 7.899387411921146e-05 7.86277420890763e-05 7.826330692687837e-05 7.790056076957682e-05 7.753949579055594e-05 7.718010419945584e-05 7.682237824200546e-05 7.646631019985454e-05 7.611189239040832e-05 7.575911716666061e-05 7.540797691703057e-05 7.505846406519884e-05 7.471057106994176e-05 7.436429042497133e-05 7.401961465877365e-05 7.367653633444519e-05 7.333504804953629e-05 7.299514243588804e-05 7.265681215947713e-05 7.232004992025344e-05 7.198484845198752e-05 7.165120052211014e-05 7.131909893155898e-05 7.098853651462178e-05 7.06595061387827e-05 7.033200070456926e-05 7.000601314539805e-05 6.968153642742274e-05 6.935856354938338e-05 6.903708754245521e-05 6.871710147009753e-05 6.839859842790507e-05 6.808157154345926e-05 6.776601397617986e-05 6.745191891717783e-05 6.713927958910788e-05 6.682808924602262e-05 6.651834117322875e-05 6.6210028687139e-05 6.590314513513238e-05 6.559768389540659e-05 6.529363837683836e-05 6.499100201884064e-05 6.468976829121944e-05 6.438993069403594e-05 6.409148275746415e-05 6.37944180416529e-05 6.349873013658439e-05 6.320441266194623e-05 6.291146075378042e-05 
0.0001555038846587844 0.0001547831915685824 0.0001540658344060289 0.0001533518013923364 0.0001526410771285137 0.000151933646286853 0.0001512294936106076 0.0001505286039136654 0.0001498309620802215 0.0001491365530644534 0.0001484453618901963 0.0001477573736506226 0.0001470725735079206 0.0001463909466929752 0.0001457124785050498 0.0001450371543114711 0.0001443649595473138 0.0001436958797150874 0.0001430299003844236 0.0001423670071917674 0.0001417071858400668 0.0001410504220984661 0.0001403967018019989 0.0001397460108512837 0.0001390983352122212 0.0001384536609156922 0.0001378119740572556 0.0001371732607968519 0.0001365375073585019 0.0001359047000300148 0.0001352748251626886 0.0001346478691710204 0.0001340238185324107 0.000133402659786875 0.0001327843795367531 0.0001321689644464198 0.0001315564012420017 0.000130946676711086 0.0001303397777024407 0.0001297356911257297 0.0001291344039512324 0.0001285359032095613 0.000127940175991384 0.0001273472094471453 0.0001267569907867924 0.0001261695072794969 0.0001255847462533818 0.0001250026950952482 0.000124423341250308 0.0001238466722219049 0.0001232726755712565 0.0001227013389171765 0.0001221326499358158 0.0001215665963603936 0.0001210031659809315 0.0001204423466439972 0.0001198841262524356 0.0001193284927651136 0.0001187754341966555 0.0001182249386172028 0.0001176769969330692 
0.0002908505675293873 0.0002895027828663259 0.0002881612351185933 0.0002868259022817438 0.0002854967555807948 0.0002841737663738731 0.000282856906151534 0.0002815461465361869 0.0002802414592815212 0.0002789428162718363 0.0002776501895214378 0.0002763635511741187 0.0002750828735024527 0.0002738081289072834 0.0002725392899171019 0.0002712763291874628 0.0002700192195004187 0.0002687679337638335 0.0002675224450109603 0.0002662827263997833 0.0002650487512123617 0.0002638204928543907 0.0002625979248546306 0.0002613810208641787 0.0002601697546560642 0.0002589641001246622 0.0002577640312850721 0.000256569522272572 0.0002553805473421028 0.0002541970808677057 0.0002530190973419837 0.0002518465713754857 0.0002506794776962068 0.0002495177911491334 0.0002483614866955384 0.0002472105394125243 0.0002460649244925724 0.0002449246172428183 0.0002437895930847126 0.0002426598275533723 0.0002415352962971239 0.0002404159750769106 0.0002393018397658539 0.000238192866348698 0.0002370890309212498 0.0002359903096899438 0.0002348966789712967 0.0002338081151913925 0.0002327245948853575 0.0002316460946969288 0.0002305725913778721 0.0002295040617875257 0.0002284404828922968 0.0002273818317651645 0.0002263280855851719 0.0002252792216369836 0.0002242352173103353 0.0002231960500995942 0.0002221616976032738 0.0002211321375235247 0.0002201073528667254 
0.0005439355232436518 0.0005414155927198448 0.000538907317381321 0.0005364106561680781 0.0005339255553606734 0.0005314519614874978 0.0005289898213238444 0.0005265390818905686 0.0005240996904531657 0.0005216715945204404 0.0005192547418435404 0.0005168490804148503 0.000514454558466661 0.0005120711244704507 0.0005096987271354004 0.0005073373154075259 0.0005049868384685257 0.0005026472457347049 0.0005003184868558365 0.0004980005117142545 0.0004956932704236213 0.0004933967133279181 0.0004911107910003292 0.0004888354542423533 0.0004865706540825623 0.0004843163417756446 0.0004820724688014035 0.0004798389868636621 0.0004776158478892106 0.0004754030040268848 0.0004732004076464134 0.0004710080113375037 0.0004688257679087874 0.0004666536303868223 0.0004644915520150873 0.0004623394862529805 0.0004601973867748332 0.0004580652074688898 0.0004559429024363747 0.0004538304259905172 0.000451727732655499 0.0004496347771655499 0.0004475515144639664 0.0004454778997021473 0.0004434138882386358 0.0004413594356381671 0.0004393144976706858 0.0004372790303104605 0.0004352529897351525 0.0004332363323248013 0.0004312290146608952 0.0004292309935255834 0.0004272422259005763 0.0004252626689663042 0.0004232922801010766 0.000421331016879997 0.0004193788370742306 0.0004174356986499751 0.0004155015597676666 0.0004135763787810057 0.0004116601239616161 
0.001017019477795614 0.001012310075956586 0.001007622435536525 0.001002956480084212 0.0009983121094866425 0.00099368922409123 0.0009890877247034011 0.0009845075125848382 0.0009799484894512758 0.0009754105574705569 0.0009708936192601194 0.0009663975778856615 0.0009619223368584894 0.0009574678001337667 0.0009530338721083701 0.0009486204576190463 0.0009442274619401747 0.0009398547907819992 0.0009355023502883609 0.0009311700470351499 0.0009268577880277456 0.000922565480699591 0.0009182930329099654 0.000914040352942099 0.0009098073495011796 0.0009055939317125982 0.0009014000091198394 0.0008972254916825589 0.0008930702897750163 0.0008889343141836295 0.0008848174761055913 0.0008807196871468137 0.0008766408593198702 0.0008725809050424772 0.0008685397371354201 0.0008645172688207575 0.0008605134137199223 0.0008565280858521936 0.0008525611996324129 0.0008486126698695108 0.0008446824117646517 0.0008407703409093438 0.0008368763732837448 0.0008330004252548461 0.0008291424135747121 0.0008253022553786626 0.0008214798681836761 0.000817675169886486 0.0008138880787618637 0.0008101185134609505 0.0008063663930095364 0.000802631636806359 0.000798914164621257 0.0007952138965935836 0.0007915307532306346 0.0007878646554056632 0.0007842155243565644 0.0007805832816837604 0.000776967849349117 0.0007733691496737288 0.000769787123516461 
0.001900782226981791 0.001891988231347304 0.001883234799857974 0.001874521790744546 0.001865849018043382 0.001857216296639493 0.001848623442263458 0.001840070271486852 0.001831556601719485 0.001823082251204412 0.001814647039015343 0.001806250785052072 0.001797893310037126 0.001789574435512089 0.001781293983833877 0.001773051778170897 0.001764847642499469 0.001756681401600463 0.00174855288105524 0.001740461907242476 0.001732408307334149 0.001724391909292389 0.001716412541865475 0.001708470034584569 0.001700564217760391 0.001692694922479197 0.001684861980599602 0.00167706522474908 0.001669304488320307 0.00166157960546811 0.001653890411105527 0.001646236740900885 0.001638618431274018 0.001631035319392861 0.001623487243170422 0.001615974041261253 0.001608495553057785 0.001601051618687543 0.001593642079009485 0.001586266775610757 0.001578925550803454 0.001571618247621267 0.001564344709816267 0.001557104781855629 0.001549898308918642 0.00154272513689316 0.001535585112372408 0.001528478082652013 0.001521403895726759 0.001514362400287345 0.001507353445717448 0.001500376882090071 0.001493432560165126 0.001486520331385883 0.00147964004787596 0.001472791562436182 0.001465974728541806 0.001459189400339049 0.001452435432642482 0.00144571268093173 0.001439021035310602 
0.003549782298345221 0.00353338618874575 0.003517065460708999 0.003500819853347093 0.003484649023337995 0.00346855262890525 0.003452530329812853 0.003436581787357696 0.003420706664363033 0.003404904625171639 0.00338917533563975 0.003373518463129847 0.00335793367650402 0.003342420646117868 0.003326979043813917 0.003311608542914506 0.003296308818216117 0.003281079545981874 0.003265920403936585 0.003250831071258844 0.003235811228575501 0.003220860557954969 0.003205978742901526 0.003191165468347894 0.003176420420649835 0.003161743287579687 0.003147133758319999 0.003132591523457632 0.003118116274977108 0.003103707706254858 0.003089365512053141 0.00307508938851349 0.003060879033151083 0.003046734144848797 0.003032654423850508 0.003018639571755719 0.003004689291513424 0.002990803287416125 0.002976981265093929 0.002963222931508613 0.002949527994947822 0.002935896165019154 0.002922327152644137 0.002908820670053102 0.002895376430778743 0.002881994149650389 0.002868673542788858 0.00285541432759994 0.002842216222769647 0.002829078948257508 0.002816002225291804 0.002802985776363789 0.002790029325221492 0.00277713259686493 0.002764295317540397 0.002751517214734541 0.002738798017169235 0.002726137454796035 0.002713535258790713 0.002700991161547808 0.002688504960047654 
0.006619863732036086 0.00658938097900571 0.006559037509621717 0.006528832850694843 0.006498766375656269 0.006468837460687466 0.006439045484709295 0.006409389829370665 0.006379869879036778 0.006350485020778804 0.006321234644362148 0.006292118142235211 0.006263134909518002 0.006234284343992328 0.006205565846089335 0.006176978818879014 0.006148522668059424 0.006120196801945448 0.006092000631458563 0.006063933570114807 0.006035995034015468 0.00600818444183467 0.0059805012148104 0.005952944776732033 0.0059255145539315 0.005898209975270861 0.005871030472133551 0.005843975478412377 0.00581704443049939 0.005790236767276214 0.005763551930102445 0.005736989362806513 0.005710548511673782 0.005684228825438231 0.005658029755270257 0.005631950754767611 0.005605991279944913 0.005580150789223681 0.005554428743421724 0.005528824605743117 0.005503337841769157 0.005477967919447321 0.005452714309081077 0.005427576483321045 0.005402553917154474 0.005377646087895404 0.005352852475174424 0.005328172560930637 0.005303605829399041 0.005279151767103553 0.005254809862845601 0.005230579607695917 0.005206460494982942 0.005182452020285339 0.005158553681421408 0.005134764978439868 0.005111085413609688 0.005087514491412176 0.005064051718529837 0.005040696603838906 0.005017448776392311 
0.01231234196725122 0.01225597022983767 0.01219985311482976 0.01214398978740193 0.01208837912867709 0.0120330200244463 0.01197791136515275 0.01192305204587433 0.01186844096630687 0.01181407703074717 0.01175995914807637 0.01170608623174243 0.01165245719974406 0.01159907097461352 0.01154592648339981 0.01149302265765262 0.01144035843340457 0.01138793275115555 0.01133574455585609 0.01128379279689 0.01123207642805887 0.01118059440756495 0.01112934569799517 0.01107832926630431 0.01102754408379933 0.01097698912612261 0.01092666337323533 0.01087656580940221 0.01082669542317492 0.0107770512073759 0.01072763215908178 0.01067843727960835 0.01062946557449427 0.01058071605348437 0.01053218773051499 0.01048387962369667 0.01043579075529951 0.0103879201517373 0.01034026684355079 0.01029282986539293 0.01024560825601339 0.01019860105824177 0.01015180731897305 0.01010522608915231 0.01005885642375766 0.01001269738178704 0.009966748026240637 0.009921007424107344 0.009875474646348038 0.009830148767881457 0.009785028867568173 0.00974011402819519 0.009695403336462684 0.0096508958829662 0.009606590762183318 0.009562487072458449 0.009518583915988093 0.009474880398804082 0.009431375630761577 0.009388068725523157 0.009344959019353354 
0.02278754290056061 0.02268431224061982 0.02258153789904507 0.02247921848048662 0.02237735206811394 0.02227593675229641 0.02217497063058394 0.02207445180768857 0.02197437839546597 0.02187474851289488 0.0217755602860595 0.02167681184813021 0.02157850133934359 0.02148062690698363 0.02138318670536282 0.0212861788958026 0.02118960164661457 0.02109345313308072 0.02099773153743398 0.02090243504884027 0.02080756186337734 0.02071311018401692 0.02061907822060424 0.02052546418984005 0.02043226631525972 0.02033948282721506 0.02024711196285424 0.02015515196610275 0.02006360108764372 0.01997245758489889 0.01988171972200856 0.01979138576981289 0.01970145400583192 0.01961192271424616 0.0195227901858776 0.01943405471816952 0.01934571461516765 0.01925776818750063 0.0191702137523601 0.01908304963348165 0.01899627416112523 0.0189098856720556 0.01882388250952301 0.01873826302324343 0.01865302556937965 0.01856816851052136 0.01848369021566558 0.0183995890601975 0.01831586342587125 0.01823251170078957 0.01814953227938549 0.01806692356240197 0.01798468395687308 0.01790281187610437 0.01782130573965324 0.01774016397330984 0.01765938500907756 0.01757896728515373 0.01749890924590991 0.01741920934187372 0.0173398664324589 
0.04179777276356998 0.04161209033971092 0.04142719618576392 0.04124308821438137 0.04105976339628998 0.04087721871109833 0.04069545114729715 0.04051445770226053 0.0403342353822442 0.04015478120238482 0.03997609218669836 0.03979816536807869 0.03962099778829452 0.03944458649798907 0.03926892855667518 0.03909402103273549 0.03891986100341568 0.03874644555482539 0.03857377178193033 0.03840183678855207 0.03823063768736158 0.03806017159987592 0.03789043565645415 0.037721426996291 0.03755314276741296 0.03738558012667273 0.03721873623974336 0.03705260828111213 0.03688719343407654 0.03672248889073608 0.03655849185198477 0.03639519952750756 0.03623260913577134 0.03607071790401931 0.03590952306826001 0.03574902187326497 0.03558921157255698 0.03543008942840367 0.03527165271180878 0.03511389870250483 0.03495682468894243 0.03480042796828374 0.03464470584639295 0.03448965563782436 0.03433527466581875 0.03418156026228698 0.03402850976780575 0.03387612053160505 0.03372438991155767 0.03357331527417028 0.03342289399457312 0.03327312345650703 0.03312400105231561 0.03297552418293181 0.0328276902578683 0.03268049669520565 0.03253394092158042 0.03238802037217472 0.03224273249070187 0.03209807472939905 0.03195404528021248 
0.07544270487781232 0.07511927561973264 0.0747971191135447 0.07447623295395904 0.0741566130846968 0.07383825545420118 0.07352115601570962 0.07320531072733476 0.07289071555212967 0.07257736645816484 0.07226525941859489 0.07195439041173046 0.07164475542110364 0.07133635043554303 0.07102917144923253 0.07072321446178426 0.07041847547830196 0.07011495050944387 0.06981263557149042 0.06951152668640651 0.0692116198819023 0.06891291119149602 0.06861539665457668 0.0683190723164597 0.06802393422845383 0.06772997844791194 0.06743720103829352 0.06714559806922069 0.06685516561653529 0.06656589976235516 0.06627779659512574 0.06599085220968015 0.06570506270728506 0.06542042419570013 0.06513693278923048 0.06485458460876968 0.06457337578186086 0.06429330244274026 0.06401436073238831 0.06373654679857793 0.06345985679592485 0.0631842868859281 0.06290983323702656 0.06263649202463527 0.06236425943119726 0.06209313164622451 0.06182310486634315 0.06155417529533606 0.0612863391441869 0.0610195926311189 0.06075393198164074 0.06048935342858197 0.06022585321213757 0.05996342757990492 0.0597020727869219 0.05944178509570734 0.05918256077629666 0.0589243961062794 0.05866728737083476 0.05841123086277282 0.05815622417748025 
0.1324270960447373 0.1318942204518226 0.1313631617279266 0.1308339189977768 0.1303064886452726 0.1297808670400379 0.1292570505376384 0.1287350354798124 0.1282148181946578 0.1276963949968412 0.1271797621878169 0.1266649160560271 0.1261518528771052 0.1256405689140815 0.1251310604175899 0.1246233236260674 0.1241173547659469 0.1236131500518704 0.1231107056868832 0.1226100178626276 0.1221110827595445 0.1216138965470692 0.1211184553838223 0.1206247554178079 0.1201327927866012 0.1196425636175489 0.1191540640279464 0.118667290125241 0.1181822380072113 0.1176989037621576 0.1172172834690883 0.1167373731979044 0.1162591690095846 0.1157826669563665 0.11530786308193 0.1148347534215786 0.1143633340024162 0.1138936008435312 0.1134255499561679 0.1129591773439082 0.1124944790028425 0.1120314509217489 0.1115700890822622 0.1111103894590471 0.110652348019974 0.1101959607262789 0.1097412235327442 0.109288132387855 0.1088366832339757 0.1083868720075093 0.107938694639065 0.1074921470536176 0.1070472251706761 0.1066039249044413 0.1061622421639645 0.1057221728533083 0.1052837128717052 0.1048468581137143 0.1044116044693754 0.1039779478243716 0.1035458862550943 
0.2221133459493294 0.2213116407969138 0.2205120049794205 0.2197144431589552 0.2189189558516861 0.2181255435264259 0.217334206604874 0.2165449454618411 0.2157577604254856 0.2149726517775452 0.2141896197535686 0.2134086645431562 0.2126297862901894 0.2118529850930733 0.2110782610049713 0.2103056140340494 0.2095350441437105 0.20876655125284 0.2080001352360471 0.2072357959239067 0.2064735331032048 0.2057133465171839 0.2049552358657848 0.2041992008059009 0.2034452409516158 0.2026933558744595 0.2019435451036545 0.2011958081263616 0.2004501443879358 0.1997065532921754 0.1989650342015688 0.1982255864375585 0.1974882092807743 0.1967529019713131 0.1960196637089594 0.1952884936534756 0.1945593909248293 0.1938323546034584 0.193107383730528 0.1923844773081931 0.1916636342998318 0.1909448536303322 0.1902281341863283 0.189513474816462 0.1888008743316449 0.1880903315053262 0.1873818450737283 0.1866754137361074 0.185971036155047 0.1852687109566798 0.1845684367309507 0.1838702120319043 0.1831740353779028 0.1824799052519241 0.1817878201018067 0.181097778340493 0.1804097783463241 0.1797238184632653 0.179039897001183 0.1783580122361266 0.1776781658666255 
0.3481641472624911 0.3471104882176534 0.3460583196426248 0.3450076550661813 0.3439585025813433 0.3429108702252408 0.3418647659789737 0.3408201977674314 0.3397771734591499 0.3387357008661318 0.3376957877437141 0.3366574417904211 0.3356206706477961 0.3345854819002978 0.3335518830751291 0.3325198816421348 0.3314894850136491 0.3304607005443969 0.3294335355313502 0.3284079972136311 0.3273840927723867 0.3263618293306881 0.3253412139534331 0.3243222536472418 0.3233049553603493 0.3222893259825322 0.3212753723450148 0.3202631012203786 0.3192525193225058 0.3182436333064638 0.31723644976847 0.3162309752458166 0.3152272162167866 0.3142251791006196 0.3132248702574414 0.3122262959882157 0.3112294625346949 0.310234376079374 0.3092410427454629 0.3082494685968258 0.3072596596379655 0.3062716218139911 0.3052853610106001 0.3043008830540283 0.3033181937110713 0.3023372986890443 0.3013582036357699 0.3003809141395913 0.2994054357293491 0.2984317738743945 0.2974599339845786 0.2964899214102849 0.2955217414424158 0.2945553993124199 0.2935909001923052 0.2926282491946617 0.2916674513727004 0.2907085117202486 0.2897514351718269 0.2887962266026537 0.2878428956800404 
0.4997889009621597 0.498627389267183 0.4974658864642725 0.4963044110113621 0.4951429754427957 0.4939815922912452 0.4928202740870361 0.4916590333577192 0.4904978826275284 0.4893368344167868 0.4881759012413937 0.4870150956122855 0.4858544300349242 0.4846939170086773 0.483533569026416 0.4823733985737869 0.4812134181289108 0.4800536401616014 0.4788940771330449 0.4777347414951087 0.4765756456898836 0.4754168021491659 0.4742582232938687 0.4730999215334914 0.4719419092657035 0.4707841988756551 0.4696268027355515 0.4684697332041011 0.4673130026259927 0.4661566233313676 0.4650006076352771 0.4638449678372352 0.4626897162205765 0.4615348650520738 0.4603804265813171 0.459226413040263 0.4580728366426536 0.4569197095836129 0.4557670440390001 0.4546148521650267 0.4534631460976584 0.4523119379521793 0.4511612398226289 0.4500110637813368 0.4488614218784311 0.4477123261413002 0.4465637885741394 0.4454158211574497 0.4442684358475221 0.4431216445759631 0.4419754592492373 0.4408298917481437 0.4396849539273262 0.4385406576148492 0.4373970146116715 0.4362540366911817 0.4351117355987456 0.433970123051205 0.4328292107364319 0.43168901031288 0.4305495392153555 
0.6514524900700429 0.6503968046934141 0.6493396375712719 0.6482810024135851 0.6472209076099915 0.6461593616047825 0.6450963728968123 0.6440319500392088 0.6429661016391617 0.6418988363578054 0.6408301629098808 0.6397600900636383 0.6386886266405235 0.6376157815149495 0.6365415636141384 0.6354659819178522 0.6343890454580771 0.6333107633189472 0.6322311446363017 0.6311501985975845 0.6300679344415299 0.628984361457852 0.6278994889871128 0.6268133264202894 0.6257258831986867 0.6246371688134773 0.6235471928055649 0.6224559647651834 0.6213634943317424 0.6202697911934011 0.6191748650868566 0.6180787257970244 0.6169813831567287 0.6158828470464007 0.6147831273937659 0.6136822341735266 0.6125801774070333 0.611476967161986 0.6103726135521198 0.6092671267368027 0.6081605169207572 0.6070527943537775 0.6059439693302309 0.6048340521888436 0.6037230533123723 0.6026109831271406 0.6014978521026977 0.6003836707515886 0.5992684496288487 0.5981521993316501 0.5970349304990779 0.5959166538115543 0.5947973799905563 0.5936771197982834 0.5925558840372318 0.5914336835496916 0.5903105292176027 0.5891864319619016 0.5880614027423196 0.5869354525568695 0.58580859819173 
0.7775947292690243 0.7767901980258785 0.7759835907805113 0.775174912350048 0.7743641635083824 0.7735513450782874 0.7727364579314517 0.7719195029888346 0.7711004812208404 0.7702793936473882 0.7694562413384317 0.7686310254138558 0.7678037470438727 0.766974407449164 0.7661430079012007 0.7653095497222052 0.7644740342855808 0.763636463016079 0.7627968373898651 0.7619551589349097 0.7611114292309821 0.7602656499099976 0.7594178226561608 0.7585679492061563 0.7577160313493687 0.7568620709279661 0.7560060698371894 0.7551480300255057 0.7542879534948067 0.7534258423005493 0.7525616985519625 0.7516955244121916 0.750827322098478 0.7499570938824075 0.749084842089921 0.7482105691016533 0.7473342773529537 0.7464559693341386 0.7455756475906402 0.7446933147231189 0.7438089733876069 0.7429226262957603 0.7420342762149252 0.7411439259682938 0.7402515784350192 0.7393572365504861 0.7384609033063178 0.7375625817504965 0.7366622749876428 0.735759986179027 0.7348557185427499 0.7339494753537813 0.7330412599442766 0.7321310757034734 0.7312189260779407 0.7303048145716732 0.7293887447461918 0.7284707202206531 0.7275507446719423 0.7266288218348473 0.7257049602226282 
0.8673787578746128 0.8668433955225449 0.866306202401076 0.8657671776792027 0.8652263178210178 0.8646836193061305 0.8641390786301357 0.8635926923045767 0.8630444568573282 0.8624943688328019 0.8619424247920883 0.8613886213132271 0.8608329549914948 0.8602754224395984 0.859716020287706 0.859154745184008 0.8585915937947767 0.858026562804429 0.8574596489160882 0.8568908488515914 0.8563201593517773 0.8557475771766615 0.8551730991058902 0.8545967219385866 0.8540184424939731 0.8534382576113616 0.8528561641504998 0.8522721589917545 0.8516862390364015 0.8510984012067548 0.8505086424465932 0.8499169597212339 0.849323350017772 0.8487278103454335 0.8481303377358703 0.8475309292430235 0.8469295819439024 0.8463262929384555 0.8457210593498259 0.8451138783248887 0.8445047470342076 0.843893662672314 0.843280622458071 0.8426656236348631 0.8420486634708477 0.8414297392592576 0.8408088483184278 0.8401859879924352 0.8395611556509616 0.8389343486897071 0.8383055645308146 0.8376748006227827 0.8370420544408894 0.8364073234876098 0.8357706052924795 0.8351318974127406 0.8344911974333716 0.8338485029673425 0.8332038116560925 0.832557121169399 0.8319084325237966 
0.9244394155108409 0.9241142420716372 0.9237877829574079 0.9234600357437075 0.9231309963501528 0.9228006606921713 0.9224690246810783 0.9221360842240518 0.9218018352243496 0.9214662735812503 0.9211293951902699 0.9207911959431235 0.9204516717279556 0.9201108184292027 0.9197686319279454 0.9194251081018716 0.9190802428252239 0.918734031969227 0.9183864714018286 0.9180375569880098 0.9176872845898307 0.9173356500664523 0.9169826492743411 0.9166282780672181 0.9162725322963682 0.9159154078105711 0.9155569004561476 0.915197006077304 0.9148357205159445 0.9144730396120595 0.9141089592035728 0.9137434751265545 0.9133765832153758 0.9130082793027561 0.9126385592198014 0.9122674187962448 0.9118948538604967 0.9115208602397777 0.9111454337600638 0.9107685702465148 0.9103902655232747 0.9100105154138048 0.9096293157408255 0.9092466623266375 0.9088625509929323 0.9084769775613479 0.9080899378530261 0.9077014276893489 0.9073114428914629 0.9069199792809557 0.9065270326794362 0.9061325989091712 0.9057366737928106 0.9053392531537019 0.9049403328160589 0.9045399086049608 0.9041379763464786 0.9037345318679719 0.9033295709979974 0.9029230895666637 0.9025150854937575 
